ID;msg
abraxisreborn ;where in wi ?
beckibillybob ;milw , u ?
abraxisreborn ;like a half hour north of milwaukee
beckibillybob ;kewl a/s ?
abraxisreborn ;/m
beckibillybob ;what town u in im on tha north side , suburb
abraxisreborn ;hartford , u ?
beckibillybob ;im in menomonee falls , small world lol
abraxisreborn ;rad
beckibillybob ;so whats up ?
abraxisreborn ;not much , chillin , u ?
beckibillybob ;same same , bored outta my head lol
abraxisreborn ;lol same here
beckibillybob ;so what do u do fer a livin ?
abraxisreborn ;carpenter
beckibillybob ;neat , i go to school lucky me , /f ( Just for the record . . . ) , ugh
abraxisreborn ;lol , its better than work though
beckibillybob ;if u say so , u have a very kewl goatee , lol
abraxisreborn ;lol thanx , i shaved it off for awhile but im gonna start regrow in it , very nic epic btw ( She looks twelve . Ugh . )
beckibillybob ;thats kewl , u think so ? , im a dork lol
abraxisreborn ;lol but so am i
beckibillybob ;hey kewl we can be dorks get her then
abraxisreborn ;rad
beckibillybob ;that lil devil is cute lol
abraxisreborn ;lol we're talkin about the smiley right
beckibillybob ;lol ur funny
abraxisreborn ;u got a bf ?
beckibillybob ;no i just got dumped , it sucks
abraxisreborn ;awww sorry to hear that , any thing i can do to make u feel better ? ( Testing the waters . . . )
beckibillybob ;aww ur sweet , its just nice talk a boy thats not a jerk , he was mean
abraxisreborn ;there's a lot of them out htere
beckibillybob ;he said that he found another gf , at least he was honest lol
abraxisreborn ;well thats still shitty of him
beckibillybob ;i spose , eh hes dumb
abraxisreborn ;lol , |u mind im ? ( WHY WOULD SHE MIND , LUCAS ? ARE YOU DOING SOMETHING WRONG , PERHAPS ? ) |
beckibillybob ;no im not mean
abraxisreborn ;lol not mean ? , so what are u into ?
beckibillybob ;i like music an i skate
abraxisreborn ;rad , i cant skate lol
beckibillybob ;its ok i fall alot , lol , i got br uses on my butt rite now from a wicked spill lol
abraxisreborn ;|i like metal , punk and metalcore| , lol
beckibillybob ;im into like alkaline trio an green day an that stuff . . . i guess im not hardcore lol
abraxisreborn ;|i should really help those heal ( Oh , you are teh witty . . . loser . ) |
beckibillybob ;how do u help a bruse heal mom sez they just gotta go away on their own
abraxisreborn ;lol thats ok , everyone is entitled to like what they like
beckibillybob ;hey thanks
abraxisreborn ;lol im not sure , im sure i could find a way
beckibillybob ;u keep winkin r u hittin on me ? lol
abraxisreborn ;hmmmmm maybe ( Or you could not hit on kids . . . just a thought . )
beckibillybob ;aww tahst so kewt
abraxisreborn ;lol , lol
beckibillybob ;whatchu laffin about ?
abraxisreborn ;idk , just laughin i guess
beckibillybob ;u seem like a lot of fun
abraxisreborn ;lol as long as i can get outta hartford , hartford sucks the fun out a everything
beckibillybob ;me no falls is tha same
abraxisreborn ;gotta be better than this hick town though
beckibillybob ;um . . . no . . . its meno falls , lol , we have a fleet farm , hello z
abraxisreborn ;lol yea well we have a kmart
beckibillybob ;milw has a kmart , WE have a fleet farm , tres lame
abraxisreborn ;we're not big enough for a fleet farm otherwise we'd have a couple
beckibillybob ;lol , so do u kno meno falls ?
abraxisreborn ;not all that well lol , i know where the fleet farm is lol
beckibillybob ;lol , i forgive u
abraxisreborn ;but thats cause i go to neu's
beckibillybob ;o ok , i will let it pass this time , tho fleet farm has wicked dickies , for less than hot topic
abraxisreborn ;lol yup
beckibillybob ;so im sorry if im babblin if ur busy i can leave ya alone
abraxisreborn ;lol im not busy at all , im have in a good time chattin with u
beckibillybob ;aww ty
abraxisreborn ;my pleasure
beckibillybob ;aww u gave me a flower
abraxisreborn ;lol yup , and it didnt even cost me much
beckibillybob ;LOL
abraxisreborn ;( kissing emoticon )
beckibillybob ;aww and a kiss ? , whadda guy
abraxisreborn ;lol yea
beckibillybob ;so whatchu wanna talk about ?
abraxisreborn ;idk anything u want , anything u wanna know about me ?
beckibillybob ;um . . . ur a carpenter rite ?
abraxisreborn ;yup
beckibillybob ;i need new carpet mine is brown and yucky , lol
abraxisreborn ;lol , so rip it out , i could always learn to lay carpet with u
beckibillybob ;u mean i can learn with u rite ?
abraxisreborn ;lol yup
beckibillybob ;cuz i dont kno jack bout that stuff , lol
abraxisreborn ;"|id lay ur carpet anytime ( Gee , jokes about ""laying carpet"" with a thirteen year-old are HILARIOUS ! Fuckstain . ) |"
beckibillybob ;wow now i kno ur hittin on me
abraxisreborn ;lol , there's a high likelyhood ( Color ME surprised . . . )
beckibillybob ;aww ty
abraxisreborn ;anytime
beckibillybob ;i like u
abraxisreborn ;really
beckibillybob ;ya ur real nice me and dont treat me like a kid
abraxisreborn ;why tha x
beckibillybob ;most guys treat me like a baby
abraxisreborn ;well i dont like to treat any one like that
beckibillybob ;thx i preci ate it
abraxisreborn ;especially a girl that i find attractive ( How you can find a kid attractive is beyond me . )
beckibillybob ;wow no1 sez that stuff me , i mth a flat dork with glasses lol
abraxisreborn ;i love glasses and i like small hehe ( Yuck . )
beckibillybob ;no guy likes small boob erz lol
abraxisreborn ;well i do ( Of COURSE you do . ) , so are u sayin im not a guy ? lol
beckibillybob ;lol ok i belive u
abraxisreborn ;good , so what kinda guys u like ?
beckibillybob ;ones that r nice and funny and like have fun not mean or borin lol
abraxisreborn ;rad , im nice and funny and im not mean lol ( And I'll feel free to disagree . . . )
beckibillybob ;u dont want me fer a gf tho im just a lame kid ( Don't say I didn't give Lucas EVERY chance to walk away from this one . . . )
abraxisreborn ;no ur not , u seem pretty cool to me
beckibillybob ;aww ty
abraxisreborn ;no need to thank me
beckibillybob ;what do u wanna kno bout me ?
abraxisreborn ;hmmmm
beckibillybob ;u shuld add me so we dont get lost lol
abraxisreborn ;what sur biggest pet pieve
beckibillybob ;um peeps who r mean for no reason and teachers lol
abraxisreborn ;rad , i may become a teacher someday lol ( Oh HELLZ no . )
beckibillybob ;uh oh , r u goin school ?
abraxisreborn ;not anymore , lol , but i may go back someday
beckibillybob ;where did u go ?
abraxisreborn ;platteville . . . . boo lol
beckibillybob ;o jeez i just noticed i dont kno ur name lol , im becki
abraxisreborn ;Lucas , nice to meet ya becki
beckibillybob ;u , so what else u wanna kno ? > , do u have ne more pics ?
abraxisreborn ;tryin to send ya one lol
beckibillybob ;hm doesnt look like its work in , can u email it ? , . com
abraxisreborn ;it may work in a second
beckibillybob ;whats ur email ill trade with ya
abraxisreborn ;i gotta upload it
beckibillybob ;o ok
abraxisreborn ;. com but i have troubles with it right now , is it workin ? , |oh hey how was vegas ? ( I commented in my profile that I had just gotten back from Vegas . Guess he saw another place where it said I was , eh ? ) |
beckibillybob ;haha ya , it was hell a fun , i got pix of that
abraxisreborn ;rad , lol i should just stop over sometime ( Oh REALLY ? You want to MEET this kid ? You don't SAY . . . )
beckibillybob ;u wanna ? what wuld we do ? , im hells of bored here
abraxisreborn ;"lol idk , |im sure ur parents would love that ( ""Mom , just an FYI . . . I have a year-old coming over to molest me . . . hope you don't mind . . . "" ) |"
beckibillybob ;watch dvds play xbox what do u like do ? , mom z at work tonite an to mar own it e like , am
abraxisreborn ;dvds and xbox sound fun , it would almost have to be on a weekend though cause i gotta go to work at for a couple weeks here
beckibillybob ;o no thats no good , mom dont work weekends
abraxisreborn ;or if its gonna rain i might be able to cum over ( SO WITTY . . . CUM=COME . . . HAHA . . . )
beckibillybob ;thad be kewl call in sick tom a row lol , im so mean
abraxisreborn ;lol i gotta work this week but maybe next week i will
beckibillybob ;nope im mad now , lol
abraxisreborn ;lol , u have a cam ?
beckibillybob ;nope mom sez no til ( Just another reminder that SHE'S A KID . . . ) , shes lame
abraxisreborn ;lol , thats ok
beckibillybob ;dammit i gotta be bored now tom a row , xbox by urself sux , u there ?
abraxisreborn ;lol yea im here , was just talkin to my roommate
beckibillybob ;o sorry lol
abraxisreborn ;|hmm well ill see when i get off work and ill come online , depending on how tired i am i may cum down |
beckibillybob ;o neat
abraxisreborn ;u have no reason to be sorry
beckibillybob ;it wuld have to be after is that ok its when she leaves
abraxisreborn ;we'll see
beckibillybob ;if not its ok , can i call u an say hi real quick b4 dinner ?
abraxisreborn ;idk lol my voice is shot from the game yesterday
beckibillybob ;i forgive ya lol
abraxisreborn ;u can have my number if u want though
beckibillybob ;kewl , im gettin a pencil hang on
abraxisreborn ;ok
beckibillybob ;k shoot
abraxisreborn ;edit
beckibillybob ;do u want me call now or mebbe later ?
abraxisreborn ;later would be better
beckibillybob ;k what time
abraxisreborn ;i gotta charge my phone , idk like ish
beckibillybob ;k i can do that
abraxisreborn ;cool , |so u got any other pics ? ( Gee , WHAT FOR ? Not a chance , Spanky McSpanksalot . ) |
beckibillybob ;ya but they mostly look like tha i have on my prof
abraxisreborn ;lol ok
beckibillybob ;back before mom took tha cam lol
abraxisreborn ;lol why d she take it
beckibillybob ;she said she herd on tha news that its not good fer peeps my age to have em , stupid carol meekins on channel
abraxisreborn ;lol , i though she busted u or somethin lol ( Not that Lucas was hoping for naughty webcam stories from a kid or anything . . . )
beckibillybob ;o jeez no i mean i made faces an took screen grabs a lot but nobody wants see that stuff lol
abraxisreborn ;screengrabs ? ( Yeah . Keep dreaming . )
beckibillybob ;ya like pics like on my prof
abraxisreborn ;oh ok lol , ur mom work every tues and weds ?
beckibillybob ;nah it changes depend in on her sched
abraxisreborn ;ic ic , she ever work on fridays lol ?
beckibillybob ;not realy i guess she mostly has em off
abraxisreborn ;ic ic , than ill just have to make it down there during the week some time lol
beckibillybob ;ok then , tomarow is good . . . , lol
abraxisreborn ;lol thats what i hear
beckibillybob ;ok mebbe thurs i let cha but thats it , u cant let me end this week bored !
abraxisreborn ;so how am i gonna stop the boredom ? ( And . . . begin trying to make the kid talk about sex . Neato ! )
beckibillybob ;um by huggin me till i stop bein bored , cuz i mla me and like hug
abraxisreborn ;doesnt sound like that bad of an idea , as long as u dont freak if a tent pops up lol ( Crude and disgusting . . . par for the course . )
beckibillybob ;omg stop it , im not that cute i promise
abraxisreborn ;yea u are
beckibillybob ;ok then tom a row it is , lol , im just play in
abraxisreborn ;lol , play in with what lol , j/k
beckibillybob ;o that was dirty , lol
abraxisreborn ;perhaps lol
beckibillybob ;i forgive ya again
abraxisreborn ;lol thanx
beckibillybob ;yay hugs !
abraxisreborn ;just for u
beckibillybob ;ur so sweet !
abraxisreborn ;nah
beckibillybob ;u r , aww another kiss ur much ! lol , i like it
abraxisreborn ;hehe , well i like u
beckibillybob ;yay i like u
abraxisreborn ;rad
beckibillybob ;now what , lol
abraxisreborn ;what ? , i gotta go eat in a bit but ill be back later
beckibillybob ;i mite be here i gotta eat , talk to u then
abraxisreborn ;|peace and love sexy ( Blah , nothing sexy about a kid . That is just icky . ) |
beckibillybob ;aww im not sexy , but thanks
abraxisreborn ;yes u are
beckibillybob ;still want me call u at ?
abraxisreborn ;sure , if u want
beckibillybob ;k ill talk to u then
abraxisreborn ;u live in town or outside of town ?
beckibillybob ;its where they r build in tha new houses off of appleton
abraxisreborn ;hmmmm . . . .
beckibillybob ;hm ?
abraxisreborn ;ill have to get directions from u before id come down lol
beckibillybob ;ya lol i can do that
abraxisreborn ;rad , ill talk to u later though ok sexy
beckibillybob ;im not great with em but ill try my best lol , ok
abraxisreborn ;lol im sure ur best will be good enough
beckibillybob ;aww ty
abraxisreborn ;peace babe
beckibillybob ;i only moved here like mos ago , lol , ok sorry ill shut up
abraxisreborn ;dont be sorry , ill be back ina bit ok ( l ) hehe
beckibillybob ;ok , bye
abraxisreborn ;hey sexy
beckibillybob ;hi lol , i thout u fergot bout me
abraxisreborn ;how could i do that , ive been work in hour days
beckibillybob ;awww im sorry
abraxisreborn ;so what are u up to ?
beckibillybob ;im sorry messenger is be in dumb
abraxisreborn ;lol it usually is
beckibillybob ;what were u say in
abraxisreborn ;i said im work in hour days
beckibillybob ;awww , poor d00d
abraxisreborn ;|lol i need a massage ( Can it be with blunt objects , and not like a massage at all ? I'll volunteer . . . ) |
beckibillybob ;i never gave i dont kno if id be good lol
abraxisreborn ;im sure ud be good
beckibillybob ;ur sweet
abraxisreborn ;( kissing emoticon )
beckibillybob ;aww ty for tha kiss
abraxisreborn ;i wish i could give ya one in person ( Lovely . Or not . )
beckibillybob ;i tried call u but u dident come back an all , can i call u mebbe now ?
abraxisreborn ;i gotta shower pretty soon lol
beckibillybob ;i was gonna get in tha shower in a few
abraxisreborn ;i hate the phone lol
beckibillybob ;id just be say in hi lol
abraxisreborn ;well maybe we should just showerr to gether ( Or we could skip it . )
beckibillybob ;lol , i got ur id just say hello how r u then be done , i just wanna make sure ur not liek , lol
abraxisreborn ;well i guess its ok lol
beckibillybob ;i only got mins left on my callin card ne how , o i was tellin u b4
abraxisreborn ;what were u tellin me ?
beckibillybob ;i moved here bout mos ago so dont make fun of my accent lol
abraxisreborn ;lol i wont , where u from ?
beckibillybob ;texas
abraxisreborn ;rad
beckibillybob ;im gonna pee then call , edit , rite ?
abraxisreborn ;ok , |southern accents are hot ( And thirteen year-olds are NOT . . . I'll get my advice on what's hot and what's not from someone with a clue , kthx . ) |
beckibillybob ;wait thats many
abraxisreborn ;yup
beckibillybob ;haha no its not , i cant read
abraxisreborn ;lol yea erase one of the two s , edit
beckibillybob ;o jeez im rite , lol , ok im back
abraxisreborn ;|i love the accent ( AND the fact that she sounds twelve , I'm sure . Thanks for the great verify , Stormy ! ) |
beckibillybob ;haha whatevs
abraxisreborn ;im serious
beckibillybob ;aww ty
abraxisreborn ;so u think ur mom will be workin tomorrow ? ( Now he REALLY wants to meet . )
beckibillybob ;im not sure i got the schedule on tha fri ge , hang on
abraxisreborn ;ok
beckibillybob ;im back she works at like pm , til am , then off for tha weekend
abraxisreborn ;rad
beckibillybob ;yep
abraxisreborn ;what movie would u wanna see ? ( Let's make SPECIFIC plans . . . )
beckibillybob ;i dunno where do u wanna go what movies like mayfair ?
abraxisreborn ;lol idk , i dont really know that area very well so u'd be the tour guide
beckibillybob ;lol ok , i kinda wanted see robots
abraxisreborn ;cool
beckibillybob ;so what do u wanna do
abraxisreborn ;i dont care , whatever u wanna do ( winking emoticon )
beckibillybob ;what u wink in at , that means flirt in
abraxisreborn ;lol perhaps
beckibillybob ;im no dummy u r lol , i ment u r flirtin , lol
abraxisreborn ;lol perhaps
beckibillybob ;ya the rest had evil u total yr
abraxisreborn ;lol yup
beckibillybob ;so is this like a date ?
abraxisreborn ;idk is it ? , i have to see if i can cum down yet though ( Cum=come . . . brilliant ! )
beckibillybob ;lol ya with tha movie an all lol , o ok , i got movies here if u jus wanna stay in
abraxisreborn ;which ever u want
beckibillybob ;im kewl with orderin a pizza an stayin in an whuppin u on tha xbox , lol
abraxisreborn ;lol , sounds cool
beckibillybob ;is there any thin else u wanted knob out me i feel liek we talked a lot bout u lol , thast ok , but i wanna share if u wanna k no more
abraxisreborn ;tell me anything ur willing to
beckibillybob ;no u gotta ask me ill tell lol
abraxisreborn ;u ever date anyone older ? ( Testing the waters again . . . )
beckibillybob ;um ya , tha one that dumped me
abraxisreborn ;well he's an asshole , lol
beckibillybob ;y a pretty much lol , totaly , lol
abraxisreborn ;yup , |may i ask how far u've gone ? ( NO YOU MAY NOT . . . and yet , you shall . *sigh* ) | , j/w
beckibillybob ;sure i mean i made out an some touch in an stuff , never went all tha way , is that lame ?
abraxisreborn ;nope , not at all
beckibillybob ;i got close twice with my x but i was a littel scared , i herd it hurts
abraxisreborn ;eya the first time but it feels good too though ( Don't they ALL say this ? )
beckibillybob ;ya i herd that lol
abraxisreborn ;hehe
beckibillybob ;i think im tha only from my friends here that dident do it yet
abraxisreborn ;hmmmm
beckibillybob ;i just nod like i kno whats goin on lol , hm ? , whatchu think in bout dirty boy lol
abraxisreborn ;lol idk
beckibillybob ;ya mmhmm , lol , what else u wanna kno ? , im an open book lol
abraxisreborn ;|hmmmm lol do u shave ? ( Signed , sealed delivered . . . PERV . ) |
beckibillybob ;u mean liek my legs an stuff ? i dont realy gotta yet ( haha ) , i dont got much shave lol
abraxisreborn ;cool
beckibillybob ;weird question lol
abraxisreborn ;lol i wasnt a skin about ur legs though , ol ( He uses this little sign for her private parts a few times in this chatlog . . . ugh . )
beckibillybob ;omg u meant my . . . . o jeez , no i dont but i dont got nothin lol ( BECAUSE SHE'S A KID . . . )
abraxisreborn ;|nice ( No , most definitely NOT nice . ) |
beckibillybob ;u think ?
abraxisreborn ;hell yea
beckibillybob ;i thout that made me like a woman an stuff when i get that lol
abraxisreborn ;i wish i could see it lol ( I'm sure you do . . . sick asstart . )
beckibillybob ;ud wanna see that ? , eh its not all that kewl lol
abraxisreborn ;|lol well i bet i would think otherwise hehe ( Ugh , you are so fired from the human race . Buh-bye now . ) |
beckibillybob ;haha , funny boy , what else u wanna kno ?
abraxisreborn ;hmmm idk , u ever finger ?
beckibillybob ;what u mean ?
abraxisreborn ;like play with urself ? ( Thanks for breaking it down into kid terms . LOVE that . )
beckibillybob ;o no well i tried it once it dident do nothin fer me lol ( Kid is sexually awkward and clueless . Think that slows Lucas down ? HELLZ no . ) , i dont think i do it rite
abraxisreborn ;hmmm i could always help ya out lol
beckibillybob ;u can help me do that dont i gotta be alone ? lol
abraxisreborn ;lol no u dont
beckibillybob ;see i dont kno jack
abraxisreborn ;i could watch lol ( You want to watch a child masturbate . Fucking disgusting . )
beckibillybob ;lol , |i cant belive ud wanna see that lol ( Yeah , I really can't . ) |
abraxisreborn ;hell yea i do
beckibillybob ;lol
abraxisreborn ;im gettin excited just thinkin about it lol ( GAG )
beckibillybob ;wow u r ? , im not that xc it in , like i said i havent done much so i dont kno a lot bout it
abraxisreborn ;yea u are , well ur exciting me
beckibillybob ;hey what does ur sn mean ? i was wonderin that
abraxisreborn ;abraxis is the latin god of balance . . . . its from a book
beckibillybob ;what book ? , i read a lot
abraxisreborn ;dame an , i dont think i spelt that right lol
beckibillybob ;|demian ? ( Oops , almost gave up my year-old status , but if it's a book that you created your SN on , you'd think you'd know how to SPELL it . . . Lucas = moronosaurus rex . ) |
abraxisreborn ;by hermann hesse , possibly lol
beckibillybob ;lol , i never read it , is that ur fave book ?
abraxisreborn ;not my fav but its pretty good
beckibillybob ;kewl
abraxisreborn ;whats ur favorite movie ?
beckibillybob ;um i gotta say prob . . . dont laff . . . i loved finding nemo
abraxisreborn ;im not laugh in
beckibillybob ;it was sooo good , but of all time i just watched good will hunting that was sooo very good , they swore a lot lol
abraxisreborn ;very good movie , lol yup
beckibillybob ;but i realy liked it , hm what else do u wanna kno bout me be4 i go get clean an go to bed ?
abraxisreborn ;|mmm i wish i could help ya get clean lol ( Can't let a sentence go by without innuendo , can ya ? ) | , hmmmm . . . .
beckibillybob ;lol omg id feel funny if there was another person in tha shower lol
abraxisreborn ;"|lol i wouldnt mind makin ya feel ""funny"" ( Oh , I'm SURE you wouldn't . ) |"
beckibillybob ;haha , well i hope c u tomarow then i gues unless u wanted keep talkin bout somethin . . . , im gettin sleepy tho lol
abraxisreborn ;than u should go get some sleep sexy
beckibillybob ;im so not sexy , lol
abraxisreborn ;yea u are
beckibillybob ;if u say so man
abraxisreborn ;u better believe it
beckibillybob ;do u like wanna realy do this stuff with me or is this like on tha comp stuff ?
abraxisreborn ;"i really would like to do ""stuff"" with u ( Just checking . . . thanks . )"
beckibillybob ;kewl , well then mebbe ill c ya marow
abraxisreborn ;b>
beckibillybob ;what does that mean ? , u keep do in it
abraxisreborn ;what does this look like ( l )
beckibillybob ;um like a piec of rice lol
abraxisreborn ;its a part of ur body
beckibillybob ;OH my special place lol
abraxisreborn ;he hey up
beckibillybob ;o jeez i feel dumb
abraxisreborn ;dont feel dumb
beckibillybob ;ok whast tha smiley got ta do with it
abraxisreborn ;its the tongue smiley , b> , what does it look like he s do in
beckibillybob ;|hes stickin out his tongue at it ( Keep playing dumb , Baroness , maybe he won't go there . . . ) |
abraxisreborn ;|lol what if the tongue was closer ( Yeah , he went there . ) |
beckibillybob ;OH , one of my friend z was talkin bout that , i get it
abraxisreborn ;yummy ( That is most definitely NOT fucking yummy . Cake ? Yummy . Thirteen year-old ? SO NOT YUMMY ! )
beckibillybob ;o u do that ?
abraxisreborn ;yup
beckibillybob ;she said its like tha best thing evar , idk if she sly in or not so i agreed lol
abraxisreborn ;most girls love it
beckibillybob ;o ok , i trust u u did it i never did lol , dont tell my friend z lol
abraxisreborn ;|have u ever given oral ? ( Gee , Lucas . . . why do you want to know ? ) |
beckibillybob ;ya once , idk if i was any good at it
abraxisreborn ;did he cum ?
beckibillybob ;i am about to sound totaly lame im sorry , |does that mean tha white stuff ? ( Come ON , how can a sexually ignorant kid be appealing ? ) |
abraxisreborn ;yup , u dont sound lame
beckibillybob ;then ya he did
abraxisreborn ;cool , did u spit or swallow ? ( Fucking repulsive . )
beckibillybob ;he told me swalow it was that rite ?
abraxisreborn ;yea
beckibillybob ;o ok , thats tha most ive done
abraxisreborn ;cool
beckibillybob ;ok shower time
abraxisreborn ;u should try some personal time in there hehe ( Or . . . you could try some personal time reflecting on how sick you are for wanting to screw a kid . Either way . )
beckibillybob ;nah im just no good at it lol
abraxisreborn ;lol well we could work on that
beckibillybob ;go take ur shower an get clean dirty boy lol
abraxisreborn ;lol ill try
beckibillybob ;ill talk to u marow ?
abraxisreborn ;when will u be on ?
beckibillybob ;um after soccer so like or ?
abraxisreborn ;cool
beckibillybob ;ok talk to u then , i cant wait c u then ! , i hope u can make it
abraxisreborn ;hehe , me too
beckibillybob ;did u still wanna come over ?
abraxisreborn ;hell yea
beckibillybob ;ok kewl , cya then !
abraxisreborn ;if u want me to that is
beckibillybob ;ya i do silly
abraxisreborn ;cool
beckibillybob ;bye
abraxisreborn ;peace and love sexy
beckibillybob ;whoa u got a webcam ?
abraxisreborn ;yea lol didnt i tell u that ?
beckibillybob ;no lol , lemme c d00d
abraxisreborn ;lol i got a cam
beckibillybob ;o i cant c u good
abraxisreborn ;its a shitty cam
beckibillybob ;lol
abraxisreborn ;u should find ur cam and steal it back lol
beckibillybob ;nah i think she got rid of it it was like mos ago
abraxisreborn ;lol ic ic
beckibillybob ;|come closa so i can c u lol ( And get screengrabs . . . thanks , Lucas ! ) |
abraxisreborn ;i gotta shave
beckibillybob ;its ok lol , ok shower dammit , us top distract in me , what is that ?
abraxisreborn ;lol nothin , |lol thats what happened when i thnk of u ( And this is where Lucas shows me what may be the stumpiest , ugliest penis I have ever seen . And that's saying something . ) |
beckibillybob ;what did i miss ? , i dident realy c what it was u took tha cam away , |omg is that ur thing ? lol ( Haha , that was the only word I could think of to describe it . Seriously , ugly , squat penis . Beef looked over my shoulder and burst into gales of laughter . It was THAT bad . I have a screenshot of it , check the Follow-up Forums . ) |
abraxisreborn ;hehe
beckibillybob ;lol wow it looks big me ( Or not . Dear lord . I just can't get over how bad it is ! )
abraxisreborn ;u can see it in person if u want ( OH DEAR GOD NO . )
beckibillybob ;wow i wuldnt kno what do with it lol , ill wave at it , *waves* , lol
abraxisreborn ;lol ill show u
beckibillybob ;aww ty , u dont treat me like a kid thast so kewl
abraxisreborn ;lol i would never do that
beckibillybob ;thanks , aww ty for tha flower , ok shower time me
abraxisreborn ;ok sexy
beckibillybob ;g nite
abraxisreborn ;peace , ill be thinkin of u ( While you spank the fat midget ? Awesome ! That should take all of three seconds . . . )
beckibillybob ;awww , thats sweet
