ID;msg
alonzo403 ;so9 what r u into tonight , , , , , ,
bushsucksgrrl ;not much its boring , , , , , ,
alonzo403 ;r u there , , , , , ,
bushsucksgrrl ;yah im here , , , , , ,
alonzo403 ;same here , , , , , ,
bushsucksgrrl ;whats your asl ? , , , , , ,
alonzo403 ;do u really want to know , , , , , ,
bushsucksgrrl ;thats why i asked lol , , , , , ,
alonzo403 ;iam m greenfeild ohio and u , , , , , ,
bushsucksgrrl ;im /f and im in greenville ! , , , , , ,
alonzo403 ;i guess iam to old , , , , , ,
bushsucksgrrl ;lol i dunno are you cool ? , , , , , ,
alonzo403 ;u bet , , , , , , , y , , , , , ,
bushsucksgrrl ;i dunno as long as your cool , , , , , ,
alonzo403 ;iam bored , , , , , ,
bushsucksgrrl ;yah me too , , , , , , , i hate small town living lol , , , , , ,
alonzo403 ;me to where greenville , , , , , ,
bushsucksgrrl ;outskirts of it really , , , , , ,
alonzo403 ;where , , , , , ,
bushsucksgrrl ;huh ? , , , , , ,
alonzo403 ;iam hr south of columbus , , , , , , , what the biggest town close to u , , , , , ,
bushsucksgrrl ;im like thirty miles northwest of dayton , , , , , ,
alonzo403 ;not far from here , , , , , ,
bushsucksgrrl ;yah its real close , , , , , ,
alonzo403 ;so iam drinking what r u doing , , , , , ,
bushsucksgrrl ;im just sitting bored , , , , , , , friday night in the boonies lol , , , , , ,
alonzo403 ;on a friday night , , , , , ,
bushsucksgrrl ;yah it sucks , , , , , ,
alonzo403 ;|well to bad u cant drink ( That's right , ply me with your booze , old man ) | , , , ,
bushsucksgrrl ;lol yah i never drink nothing , , , , , ,
alonzo403 ;see good , , , , , ,
bushsucksgrrl ;i was being joking , , , , , ,
alonzo403 ;"oh , , , , , , , |where is your parent and what will they think u chatting with me ( The \""Is the coast clear\"" moment , there's always one ) | , , , , ,"
bushsucksgrrl ;lol my dad is in chitown and my mom is dead , , , , , ,
alonzo403 ;sorry to here that , , , , , , , what would your dad think , , , , , ,
bushsucksgrrl ;lol i dunno and i dont care ? , , , , , , , if i cared i wouldnt be on here and i wouldnt have the few pics i got left , , , , , ,
alonzo403 ;so y r u here , , , , , ,
bushsucksgrrl ;just to meet cool ppl but all i get are kinda lamers , , , , , ,
alonzo403 ;yea i know what u mean , , , , , , , |what pics u got ( Because we can't be having sex with ugly year olds , right ? ) | , , , , ,
bushsucksgrrl ;i got two more left but thats it , , , , , , , dad found the rest lol , , , , , ,
alonzo403 ;where r they , , , , , ,
bushsucksgrrl ;let me find the link , , , , , ,
alonzo403 ;k , , , , , ,
bushsucksgrrl ;*Link removed* , , , , , ,
alonzo403 ;care if i look , , , , , ,
bushsucksgrrl ;lol feel free thats why i linked u , , , , , ,
alonzo403 ;|u r very pretty ( Oooo , compliments ! ) | , , , , ,
bushsucksgrrl ;thank u very much , , , , , ,
alonzo403 ;so y does your dad leave u alone looking the way u do , , , , , ,
bushsucksgrrl ;lol its the middle of nowhere kinda , , , , , ,
alonzo403 ;so whats that mean , , , , , ,
bushsucksgrrl ;theres no trouble to get ito here , , , , , ,
alonzo403 ;i see , , , , , , , |to bad u cant drink ( Yes , use your approach again ) | , , , , ,
bushsucksgrrl ;lol why cant i ? , , , , , ,
alonzo403 ;cause your dad will get mad , , , , , ,
bushsucksgrrl ;yah like id tell him , , , , , ,
alonzo403 ;"he has to come home ( Another \""coast is clear ? \"" moment ) , , , , , ,"
bushsucksgrrl ;yah monday , , , , , ,
alonzo403 ;|if u could ill give u a drink ( Aww , what a sweet guy ) | , , , , ,
bushsucksgrrl ;lol why couldnt i ? i know how to drink liquid , , , , , ,
alonzo403 ;yea whats your favorite , , , , , ,
bushsucksgrrl ;|lol i like propel ( I actually do love Propel , Kiwi-strawberry is pretty tasty . It's not alcoholic either ) | , , , , ,
alonzo403 ;|good taste ( He doesn't even know it's not alcohol . Time to exercise more and booze less , budro ) | , , , , ,
bushsucksgrrl ;yah its tasty , , , , , ,
alonzo403 ;to bad u cant get out , , , , , ,
bushsucksgrrl ;lol yah thatd be a bit of a walk dude , , , , , , , i got fredom here though , , , , , ,
alonzo403 ;i like to party i guess that y iam here to see if there is a party or somebody who wants to party , , , , , ,
bushsucksgrrl ;yah thatd be better than othing , , , , , ,
alonzo403 ;"i got a car ( He latches onto my \""stuck\"" statement as expected ) , , , , , ,"
bushsucksgrrl ;thats cool i dont got one i cant drive yet , , , , , ,
alonzo403 ;see that y i can find the partys , , , , , ,
bushsucksgrrl ;yah i wish i could , , , , , , , better than sitting here alone lol , , , , , ,
alonzo403 ;well y cant leave , , , , , ,
bushsucksgrrl ;um where would i go ? theres nothing here to go to , , , , , ,
alonzo403 ;i dont know u liove there i dont , , , , , ,
bushsucksgrrl ;yah if u saw this place ud know , , , , , ,
alonzo403 ;"do u want to party , , , , , , , |if so just ask ( Here starts his \""I'm too smart to be caught , I'll let the kid say what the kid wants that way I know it's not police\"" act . I know this one by heart ! ) | , , , , ,"
bushsucksgrrl ;id rather be having fun than sitting around online lol , , , , , ,
alonzo403 ;ask , , , , , ,
bushsucksgrrl ;ask if youd like to party ? , , , , , ,
alonzo403 ;no do u think u could get out , , , , , ,
bushsucksgrrl ;get out where ? theres nobody here , , , , , ,
alonzo403 ;do u want to party with me iam sure between the two of us we culd find a party , , , , , ,
bushsucksgrrl ;lol maybe but i dont think there are parties in this town , , , , , ,
alonzo403 ;well how far r u willing to go out of yourtown to party , , , , , ,
bushsucksgrrl ;lol im not wlaking out of town , , , , , ,
alonzo403 ;ill pick u up if u want , , , , , ,
bushsucksgrrl ;hmm , , , , , , , |how do i know ur not a serial killer ? lol ( Good question , will he react how I expect him to ? ) | , , , , , , ooo look i stumped u on that one , , , , , ,
alonzo403 ;|okay how about this here my phone number call me to see i iam liget edit ( That's so money , right on the button ) | , , , , ,
bushsucksgrrl ;lol okay one second lemme go find the phone , , , , , ,
alonzo403 ;"cool , , , , , , , |if u dont call i know u r a wimp ( Utterly shameless attempt to \""challenge\"" me to call , as if that will make a year old want him more ) | , , , , ,"
bushsucksgrrl ;lol ill call i gotta find the phone brb , , , , , ,
alonzo403 ;ill wait , , , , , ,
bushsucksgrrl ;heya yah , , , , , ,
alonzo403 ;so let me try and find u , , , , , ,
bushsucksgrrl ;lol so whatta u want to do ? , , , , , ,
alonzo403 ;do u really want to do this , , , , , ,
bushsucksgrrl ;what all we doin i gotta know what to prepare for , , , , , ,
alonzo403 ;|well partying i said i hate to drink olne ( Ironically , he wasn't alone . See the conviction file for details ) | , , , , ,
bushsucksgrrl ;|lol i havent gotten drunk before ( truth , I don't drink . And people say we lie in these things . I love propel and I never have gotten drunk . See ? Total honesty except that he thinks I'm a minor , of course ) | , , , ,
alonzo403 ;and if u say u haveto be home at a certian time u will be ther , , , , , ,
bushsucksgrrl ;not really i mean my dads gone until monday , , , , , ,
alonzo403 ;well dont get drunk for me , , , , , ,
bushsucksgrrl ;lol id like to itd be fun , , , , , ,
alonzo403 ;well how do i reach u , , , , , , , if i leave now to guide me , , , , , ,
bushsucksgrrl ;can u mapquest ? what do i need to bring ? , , , , , ,
alonzo403 ;u how do i map quest , , , , , ,
bushsucksgrrl ;you go to mapquest . com once i give u the addy , , , , , ,
alonzo403 ;give me a minute , , , , , ,
bushsucksgrrl ;oh okay what do i need to bring ? , , , , , ,
alonzo403 ;nothing but your friendship , , , , , ,
bushsucksgrrl ;lol u want me to walk out naked ? , , , , , ,
alonzo403 ;est . com , , , , , ,
bushsucksgrrl ;est . com ? , , , , , ,
alonzo403 ;iamm looking , , , , , , , were clothes , , , , , , , |i wantu asc a friend okay ( Oo , tricky perv thinks this means he won't get arrested . We're used to these tactics , my friend ) | , , , ,
bushsucksgrrl ;huh ? , , , , , ,
alonzo403 ;|what do u want ( That's right , make the kid say it because cops won't do that , Alonzo . He's been reading the predator handbook , section , I believe ) | , ,
bushsucksgrrl ;i dunno i want to have fun lol , , , , , , , i just wanna know what to expect u no ? , , , , , , , like upfront , , , , , ,
alonzo403 ;i want to party , , , , , ,
bushsucksgrrl ;lol yah but that could mean a lotta differnet stuff u no ? , , , , , ,
alonzo403 ;tell u what gie me . 5 hour to find u can i haveyour phone number to call u and find u , , , , , ,
bushsucksgrrl ;huh ? , , , , , ,
alonzo403 ;dontu want to , , , , , ,
bushsucksgrrl ;yah but i gotta know what to expec tu no ? , , , , , ,
alonzo403 ;friends nothing more , , , , , ,
bushsucksgrrl ;|lol oh i dont need a condom or nothin ? ( Good question , me ) | , , , , ,
alonzo403 ;|no u dont want that do u ( Check and see if that coast is clear , pally ) | , , , , ,
bushsucksgrrl ;i dunno your cool and your not treatinme like a baby , , , , , ,
alonzo403 ;i wont , , , , , ,
bushsucksgrrl ;lol yah i just wanna kno what to expect thats all , , , , , ,
alonzo403 ;well iam not a nice girl ( That makes two of us ) , , , , , , , |guy*** ( Oh , nice typo and no , you are not ) | , , , ,
bushsucksgrrl ;lol yah u had me confused , , , , , , , i just wanna know what to expect so just be honest k ? , , , , , ,
alonzo403 ;well iam going to go now if u give me a phone number , , , , , ,
bushsucksgrrl ;lol dude i gotta know whats up tho , , , , , , , please dont sketch me out k ? , , , , , , , like i wanna have fun but yknow i wanna knowwhats up , , , , , ,
alonzo403 ;party we will stay in your are if u want , , , , , ,
bushsucksgrrl ;lol cool but party how like i wanna fresh up if were doin stuff y know ? , , , , , ,
alonzo403 ;well dont worry , , , , , , , |unless u make the first move but i dont exspect nothing but friend ship ( Ahhh , the first move verbiage , he knows he wants it , I know he wants it but he's afraid to say it . Tsk . Should have been afraid the whole way , Alonzo , and not even tried to talk to an underage female ) | ,
bushsucksgrrl ;lol iiiiiiii think u want something but are shy , , , , , ,
alonzo403 ;iam not shy if i wanted it ill tell u , , , , , ,
bushsucksgrrl ;lol oh im ugly ? , , , , , ,
alonzo403 ;well if u r then it dosent matter , , , , , ,
bushsucksgrrl ;lol i got a pic on prof , , , , , , , and two in my album , , , , , ,
alonzo403 ;i know i looked and u r not , , , , , ,
bushsucksgrrl ;look dude your like the only guy that message that wasnt all sketch but u gotta be honest , , , , , , , cuz i gota know what to expect u no ? , , , , , ,
alonzo403 ;\nothingb unless u want to , , , , , ,
bushsucksgrrl ;well i dont wanna get preggers u no ? , , , , , ,
alonzo403 ;be sides caller i d *removed* so do u beleive me , , , , , ,
bushsucksgrrl ;lol its not about that its just id like to no what to expect u no ? like im cool but i dont know if your cool or like what , , , , , ,
alonzo403 ;iam cool but u have to decide to meet , , , , , ,
bushsucksgrrl ;yah id like to meet but i gotta no whats up like if i get all drunk and a little turned on are u like gonna be weird like your being now ? , , , , , ,
alonzo403 ;no ill respect u iam not that way i dont take advantage of people , , , , , ,
bushsucksgrrl ;lol thats what i mean , , , , , , , thats weird dude , , , , , ,
alonzo403 ;good now do u want to meet , , , , , ,
bushsucksgrrl ;lol its good that your being weird ? , , , , , ,
alonzo403 ;lol , , , , , , , do u wamnt to meet , , , , , ,
bushsucksgrrl ;if u stop being weird , , , , , , , like weird doesnt work for me be blunt lol , , , , , ,
alonzo403 ;i promise , , , , , ,
bushsucksgrrl ;u gotta stop being weird before i give u my addy tho , , , , , ,
alonzo403 ;cool , , , , , , , ill get to greenville ill call u then u decide , , , , , ,
bushsucksgrrl ;lol u crazy u cant call here my dad will catch the number if he checks when he returns , , , , , , , and u gotta stop being weird u wanna talk about it on the phone now ? , , , , , ,
alonzo403 ;erase , , , , , ,
bushsucksgrrl ;he bought a good one it dont let me erase , , , , , ,
alonzo403 ;then u r just trying to get me to drive there and then say no , , , , , ,
bushsucksgrrl ;lol no im tryin to get u to be honest , , , , , , , like what do u want to do ? im down for whatever , , , , , , , but i gotta know what whatever is and that u aint all weird , , , , , ,
alonzo403 ;what ever u want but ill respect u ( How romantic ) , , , , , ,
bushsucksgrrl ;lol what does that mean ? ? , , , , , ,
alonzo403 ;i mean do u want me to come there or not , , , , , ,
bushsucksgrrl ;i might if u tell me what to expect cauz if gotta get ready if were going to do stuff , , , , , ,
alonzo403 ;do u want to , , , , , ,
bushsucksgrrl ;i think i might yah , , , , , , , |i will if u want to be intemate ( Now he knows I'm not a cop . . . wait , well , I'm not a cop , so he was right . Good for you , Alonzo , you're one of those SMARRRRTTTTT pervs that thinks police can't talk about sex if you're being obvious yet vague about it , asshole . ) |
alonzo403 ;|well to be honest i want to ( Yeah , that was only obvious the entire time ) | , , , , ,
bushsucksgrrl ;oh so should i clean good and are u gonna bring condoms ? , , , , , ,
alonzo403 ;either iam clean , , , , , , , orb , , , , , ,
bushsucksgrrl ;yeah but i dont want babies yknow ? , , , , , ,
alonzo403 ;both , , , , , , , |iam fixed ( ten bucks says this is a lie , by the way ) | , , , , ,
bushsucksgrrl ;oh wow really thats cool ! , , , , , , , so like u can do whatever and no babies ? , , , , , ,
alonzo403 ;thats right , , , , , ,
bushsucksgrrl ;oh wow so we dont even gotta worry about that , , , , , , , u hould have just told me that lol , , , , , ,
alonzo403 ;no , , , , , ,
bushsucksgrrl ;i was all worried about preggers ! , , , , , ,
alonzo403 ;i cant have babies , , , , , ,
bushsucksgrrl ;awesome wow thats neat that saves us money lol , , , , , , , lemme give u my addy and u can mapquest k ? , , , , , ,
alonzo403 ;so r u going to tell me to be there or not , , , , , ,
bushsucksgrrl ;yah you can come but u need my address , , , , , ,
alonzo403 ;cool , , , , , ,
bushsucksgrrl ;*Address removed* mapquest it on mapquest . com , , , , , , , when u gonna be here what kinda car u got so i know what to look for ? , , , , , , , u can park anywhere but come in thru the back k ? front door is too public , , , , , ,
alonzo403 ;ok , , , , , ,
bushsucksgrrl ;awesome how far of a drive did mapquest say and what kinda car u got ? , , , , , , , hello ? , , , , , ,
alonzo403 ;ioam here , , , , , ,
bushsucksgrrl ;oh cool what did mapquest say and what kinda car should i look for ? , , , , , ,
alonzo403 ;iam on my way , , , , , ,
bushsucksgrrl ;what kinda car should i look for and what time will u get here ? , , , , , ,
alonzo403 ;ford tempo , , , , , , , |1 . 5 hours what do u want me to bring ( You already know you brought up alcohol , why play coy at this point ? Silly ) | , , , , ,
bushsucksgrrl ;u said u got drinks ? , , , , , ,
alonzo403 ;yea what do u want , , , , , ,
bushsucksgrrl ;um whats your fav ? , , , , , ,
alonzo403 ;dont worry ill have mine what do u want , , , , , ,
bushsucksgrrl ;um id like mikes if u got it , , , , , ,
alonzo403 ;|hard lemonde ( Yet he did not bring hard lemonade , he brought Raspberry . It's bad enough to be a year old wanting sex with a year old female , but RASPBERRY ? C'mon , that's even worse ! ) | , , ,
bushsucksgrrl ;awesome yah , , , , , ,
alonzo403 ;well iam on my way , , , , , ,
bushsucksgrrl ;Awesome cool see u soon , , , , , ,
alonzo403 ;call u , , , , , , , k , , , , , ,
bushsucksgrrl ;dont do that ill call u k ? , , , , , ,
alonzo403 ;ok , , , , , ,
bushsucksgrrl ;the phone just goes to voice and dad checks the caller id , , , , , , , ill call u when u get close k ? , , , , , ,
