ID;msg
atonomous2000 ;how are you ?
lil_rachel_mi ;im fine how r u
atonomous2000 ;im ok , so what you up to tonight ? , by the way whats your name ?
lil_rachel_mi ;jus chat n with som friends , im rachel , what is ur name
atonomous2000 ;lol , ray
lil_rachel_mi ;yeah lol , i get that a lot
atonomous2000 ;where in michigan you from ?
lil_rachel_mi ;det on the e side , where r u
atonomous2000 ;oh really ?
lil_rachel_mi ;yeah
atonomous2000 ;you know where sparling is or farmount ?
lil_rachel_mi ;sparling yea
atonomous2000 ;i used to live there
lil_rachel_mi ;kewl
atonomous2000 ;so knowing you live on the east side are you like daddies girl ?
lil_rachel_mi ;|lol , no , dad is in nebraska|
atonomous2000 ;cool , how old are you ?
lil_rachel_mi ;im an u , kewl
atonomous2000 ;so what you into ? , oh have you ever been to port huron ?
lil_rachel_mi ;|umm , lots of stuff , music , skatin and stuff|
atonomous2000 ;ever gone snowboarding ?
lil_rachel_mi ;wanted to but havnt
atonomous2000 ;you ever been in port huron before ?
lil_rachel_mi ;|no , usually go to royal oaks to hang out|
atonomous2000 ;want to , lol
lil_rachel_mi ;|sure , why|
atonomous2000 ;well tht depends are you a good girl ?
lil_rachel_mi ;|lol , sure|
atonomous2000 ;"|or you down to have some fun ? ( gee , wonder what he means by \""fun\"" ) |"
lil_rachel_mi ;|im down , what u wana do|
atonomous2000 ;|come get you and bring you back to my place for the night maybe do some drinkin and just chill ? ( get me drunk , hmmmm ) |
lil_rachel_mi ;wow rely
atonomous2000 ;yeah
lil_rachel_mi ;no way r u for real
atonomous2000 ;sure how about i log off here and you call me
lil_rachel_mi ;ok , what is ur digits
atonomous2000 ;edit , give it like five min , cool
lil_rachel_mi ;ok i will , hey whut is ur name , |nm , i saw it| , |sry I cant call back , mom got up , lol u here| , u ever come back
atonomous2000 ;u there ?
lil_rachel_mi ;hi yeah
atonomous2000 ;so can i pick you up or is it to late
lil_rachel_mi ;tomorrow wuld be good
atonomous2000 ;alright , do you have to go to school today ?
lil_rachel_mi ;umm tuesday u mean
atonomous2000 ;wel tuesday is today really , but yeah
lil_rachel_mi ;lol , i culd be ummm sick , lol
atonomous2000 ;do you have any other pics ?
lil_rachel_mi ;what u wana do , no i dont , sry
atonomous2000 ;|whta you think girl ( don't ask what I think , k ) |
lil_rachel_mi ;what evr is fine with me
atonomous2000 ;sucks that you can't come out tonight
lil_rachel_mi ;yeah sry
atonomous2000 ;did you mom here you calling somone ?
lil_rachel_mi ;|i duno , i think she jus got up|
atonomous2000 ;what did she say to you , ?
lil_rachel_mi ;|go to bed , lol|
atonomous2000 ;lol , so what scholl you go to ? , school
lil_rachel_mi ;harper woods
atonomous2000 ;cool , so are you still a virgin ?
lil_rachel_mi ;yeah
atonomous2000 ;thats cool , hey what time do you have to be at school today ?
lil_rachel_mi ;i leave here at
atonomous2000 ;you think your mom will buy you being sick ?
lil_rachel_mi ;|yeah , she will |
atonomous2000 ;what time dies she go to work ? , does , lol
lil_rachel_mi ;she will leave bout same time
atonomous2000 ;will anyone be home after she leaves ? ( asks the usual questions )
lil_rachel_mi ;nope
atonomous2000 ;cool , so are you ready for me to make you a bad girl ? , and you can stay my good girl ?
lil_rachel_mi ;|bad sounds like more fun , lol|
atonomous2000 ;you don't have a webcam do you ?
lil_rachel_mi ;no sry
atonomous2000 ;thats ok , so what will happen if your not there when your parents get home ?
lil_rachel_mi ;|i duno , mom is usually out late n e way|
atonomous2000 ;oh yeah ? , out late doing what ?
lil_rachel_mi ;|i duno , lol|
atonomous2000 ;|so what if i decide i want to keep you here all day ? ( it's ok to keep dogs or cats , not little kids ) |
lil_rachel_mi ;then i gues i stay all day lol
atonomous2000 ;cool , it cool if i want you to go down on me ?
lil_rachel_mi ;yeah i culd do that
atonomous2000 ;sweet , |damn girl im going to have you coming or drinking all day ( damn d00d , you're gonna have me puking all day ) |
lil_rachel_mi ;|lol , kewl|
atonomous2000 ;so is there anything in particular you fan it is ies about , fant is ies
lil_rachel_mi ;think about sex alot , lol
atonomous2000 ;what were you going to say ?
lil_rachel_mi ;|i duno , wonder what it wuld gfeel like|
atonomous2000 ;what would u do if i wanted tocum in you ?
lil_rachel_mi ;tha wuld b ok
atonomous2000 ;you cool with making this a regular thing then ?
lil_rachel_mi ;if u r nice to me yea
atonomous2000 ;i could pick you up on a friday and keep you till sunday that night , oh ill be nice
lil_rachel_mi ;why wait tha long
atonomous2000 ;oh no im not saying that i just mean like every weekend i could just snatch you up
lil_rachel_mi ;|ok , lol|
atonomous2000 ;but im still on for today after your mom leaves
lil_rachel_mi ;ok what time
atonomous2000 ;what music do you listen to ?
lil_rachel_mi ;i like linkin park a lot , and puddle of mud
atonomous2000 ;ever heard of clutch ?
lil_rachel_mi ;no they good
atonomous2000 ;oh hell yeah they're better then linkin park could ever hope to be
lil_rachel_mi ;kewl bring the cd
atonomous2000 ;why don't you call me after your mom takes off for work and ill let you know if i can come pick you up right away , cuase ill have to call in sick to work , and i will bring the cd , what were you goingt ot say ?
lil_rachel_mi ;can u jus come at like :30 , tha wuld be best , tha way i know she isnt comin home for lunch
atonomous2000 ;cool , so how tall are you ?
lil_rachel_mi ;im like w
atonomous2000 ;can i ask your weight ?
lil_rachel_mi ;sure
atonomous2000 ;damn your thin
lil_rachel_mi ;lol
atonomous2000 ;i dunno my cock might not fit in you lol ( thanks for that info )
lil_rachel_mi ;why sth a
atonomous2000 ;cuase your so small and its like inchs high and an inch around ? , sure it will fit in your mouth honey ?
lil_rachel_mi ;lol i thin so
atonomous2000 ;you want me to go down on you and lick that clit girl ?
lil_rachel_mi ;that wuld be kewl
atonomous2000 ;so do you drink liquor or beer ?
lil_rachel_mi ;i have had beer b
atonomous2000 ;you ever had a mixed drink ?
lil_rachel_mi ;nope
atonomous2000 ;and what did you think of the taste iof beer ?
lil_rachel_mi ;i like it makes me silly
atonomous2000 ;youll love liquor then
lil_rachel_mi ;kewl
atonomous2000 ;ill mix a drink for you when i bring you over ( all this and get me drunk as well )
lil_rachel_mi ;can u come today at , t has kewl thnx
atonomous2000 ;yeah , ill have to see if my work will buy me being sick
lil_rachel_mi ;u sure u will
atonomous2000 ;but it should be all good , hell yeah girl
lil_rachel_mi ;cuz im stay in home
atonomous2000 ;i will trust me
lil_rachel_mi ;what if they don let u
atonomous2000 ;then ill come get you tomorrow cuase tomorrow i know i can it has to do with what manger is working
lil_rachel_mi ;ok
atonomous2000 ;will you give me a call around ?
lil_rachel_mi ;yeah i will
atonomous2000 ;can you talk on the phone now ?
lil_rachel_mi ;cant miss a lot of school tho
atonomous2000 ;oh thats why i was talking about the weekends
lil_rachel_mi ;i cant now she is watch in tv in her room so im be in quiet
atonomous2000 ;ah , your mom an insomniac ?
lil_rachel_mi ;i gues so lol
atonomous2000 ;im going to make you come all day long
lil_rachel_mi ;kewl
atonomous2000 ;better not let your mom get a hold of those panties shell probably be able to smell cum all over em and think somethings up ( THAT was totally uncalled for )
lil_rachel_mi ;lol
atonomous2000 ;in fact just dont wear any lol
lil_rachel_mi ;ok lol
atonomous2000 ;so could i ask a favor of you tomorrow ?
lil_rachel_mi ;sure
atonomous2000 ;do you have any really short skirts and really small tops ?
lil_rachel_mi ;i have a short leather skirt
atonomous2000 ;hell yeah where it plz , i love that stuff
lil_rachel_mi ;ok i will , so what do i call later
atonomous2000 ;u gonna cuddle up to me on the drive there ?
lil_rachel_mi ;sure will
atonomous2000 ;do you still have the one ?
lil_rachel_mi ;|give it me again , i closed the window|
atonomous2000 ;edit
lil_rachel_mi ;|k , thas kewl|
atonomous2000 ;so what grade are you in ?
lil_rachel_mi ;|9th ( yeah , he knows ) | , |hey brb , got to get my cat|
atonomous2000 ;ok , lemme know when your back , u still there ?
lil_rachel_mi ;sory y yeah , stupid damn cat
atonomous2000 ;what happened ?
lil_rachel_mi ;|he wanted in then ran , lol| , had chase him
atonomous2000 ;lol
lil_rachel_mi ;i bet r go an get some sleep
atonomous2000 ;so is the east side of detroit still nice or does it all look like trash now
lil_rachel_mi ;its nice
atonomous2000 ;alright talk to you later today them
lil_rachel_mi ;when should i call , |ok will do , nite hun|
atonomous2000 ;nite baby girl
lil_rachel_mi ;nite
