ID;msg
awaltherslong ;your hot ! ! ! , but young , u like older guys , ? ? ? ?
decoy name ;id kw at sur asl
awaltherslong ;m mi , more pics ?
decoy name ;yeah
awaltherslong ;may i see
decoy name ;k , u got any
awaltherslong ;wow , you r so hot , im at work not on this pc , but i am good looking , i can email u pics tomarrow
decoy name ;ty , kewl
awaltherslong ;so what you doing in here with all the pervs , lol
decoy name ;pervs
awaltherslong ;r guys hitting on you
decoy name ;not really
awaltherslong ;wow , u have a bf
decoy name ;nope
awaltherslong ;where in mi u at
decoy name ;southeast , near detroit , u
awaltherslong ;grand rapids
decoy name ;kewl
awaltherslong ;your eyes r hot
decoy name ;ty
awaltherslong ;sexy as hell
decoy name ;thanx
awaltherslong ;yw , ive always had a thing for younger girls , but afraid of trouble , lol
decoy name ;trouble like wat
awaltherslong ;nice lips to , lol , going to jail if we had sex , lol
decoy name ;wat , y is that
awaltherslong ;its illegal how old r u , yeah
decoy name ;illegal me do that r u shur , i nvr heard that
awaltherslong ;lol with a guy my age , lol
decoy name ;o , really
awaltherslong ;yes
decoy name ;i didnt know that
awaltherslong ;wow
decoy name ;so u can b on the puter at work
awaltherslong ;eah
decoy name ;kewl
awaltherslong ;im working late , taking a break
decoy name ;wat u do
awaltherslong ;sell yachts
decoy name ;kewl , who buys them at nite lol
awaltherslong ;no one im catching up on paperwork , lol
decoy name ;o
awaltherslong ;what r u doing
decoy name ;chatting with u now
awaltherslong ;lol , u all alone ?
decoy name ;yeah
awaltherslong ;really , in your room
decoy name ;yeah
awaltherslong ;cool , getting ready for bed ? , more pics ?
decoy name ;no not really were off school this week mid winter break so i can stay up later
awaltherslong ;nice , so why no bf ?
decoy name ;i had but he had move cuz his dad got a job up north
awaltherslong ;ic , i wouldnt let u go , ~
decoy name ;lol
awaltherslong ;id treat you special , massages trips all that good stuff , lol
decoy name ;kewl
awaltherslong ;so u been with a guy yet ? , lol , i shouldnt ask that none of my bussiness , sorry
decoy name ;huh i just told u i had a bf
awaltherslong ;did you have sex with him , ?
decoy name ;o , no
awaltherslong ;lol , sorry
decoy name ;bout wat
awaltherslong ;asking about that , dont want to be pushy , im just curious
decoy name ;k
awaltherslong ;does it bother u
decoy name ;no its ok
awaltherslong ;k , its just been a while for me , lol , i miss a womans touch , lol , and having someone to talk to
decoy name ;dont u have a gf
awaltherslong ;no , im a busy guy
decoy name ;busy a gf lol
awaltherslong ;yeah right now , trying to make lots of money , lol
decoy name ;lol thats kewl
awaltherslong ;I want to spoil my girl
decoy name ;thought u didnt have
awaltherslong ;i dont but when i do get one , lol
decoy name ;k lol
awaltherslong ;I travel alot so its hard to have a gf right now
decoy name ;o , kewl where u travel
awaltherslong ;all over , I just got back from france last month
decoy name ;o wow really
awaltherslong ;yeah
decoy name ;awesome
awaltherslong ;its fun , I did meet a younger girl over there , lol , its not against the law over there to have sex with younger girls , lol
decoy name ;really
awaltherslong ;they are laid back
decoy name ;kewl
awaltherslong ;so r u a virgin ?
decoy name ;yeah
awaltherslong ;really
decoy name ;yeah
awaltherslong ;wow , you ever see a guys thing in person , lol
decoy name ;no
awaltherslong ;or felt one , damn , poor gurl
decoy name ;lol
awaltherslong ;you must masturbate alot ? , lol
decoy name ;no , wat
awaltherslong ;not feeling the urges yet huh ?
decoy name ;didnt say that
awaltherslong ;lol , you ever watch porn
decoy name ;no
awaltherslong ;hmmmm m
decoy name ;wat
awaltherslong ;you r so hot it turns me on , lol , the things i could show you girl , lol
decoy name ;""">"
awaltherslong ;~ , so whats your stats
decoy name ;stats
awaltherslong ;height weight bra size , etc . . . . . , lol , jean size
decoy name ;o lol , im lbs b
awaltherslong ;mmmm mmmm mm
decoy name ;so wats ur name
awaltherslong ;andy
decoy name ;*decoy name* , nice meet u andy
awaltherslong ;u to , *decoy name* ?
decoy name ;yeah
awaltherslong ;im feeling frisky now , lol
decoy name ;frisky
awaltherslong ;horny , lol
decoy name ;o
awaltherslong ;sorry
decoy name ;lol
awaltherslong ;so u have never seen a mans you know before ? , want to ? , lol
decoy name ;a mans u know
awaltherslong ;dick , am i to bad for u
decoy name ;n open vr seen
awaltherslong ;wow , want to ?
decoy name ;idk
awaltherslong ;sorry , so what r u wearing now , do u shave down there ? , ? ? ? ? ?
decoy name ;pjs
awaltherslong ;want to play a bit
decoy name ;play wat
awaltherslong ;never mind , may i add you
decoy name ;k
awaltherslong ;i dont want to be a pushy asshole
decoy name ;lol
awaltherslong ;r u on here alot
decoy name ;yeah
awaltherslong ;cool
decoy name ;u
awaltherslong ;yeah , hold on phone
decoy name ;kewl , k
awaltherslong ;k im back , it was the boss
decoy name ;kewl
awaltherslong ;lol
decoy name ;o lol
awaltherslong ;telling me to go home
decoy name ;lol
awaltherslong ;ive been here since am
decoy name ;omg
awaltherslong ;im gonna go home and soak in the jacuzzi , lol , wanna join me , ~ , lol
decoy name ;lol
awaltherslong ;id put bubble bath in for you and rub you out , lol , sexy girl
decoy name ;i luv bubble bath
awaltherslong ;yeah , i bet you look hot in bubbles , lol , probably got a hot ass dont you , lol
decoy name ;idk lol
awaltherslong ;lol , get me a pic of it , lol , kidding
decoy name ;lol
awaltherslong ;no im not , lol
decoy name ;lol
awaltherslong ;id be gentle , lol
decoy name ;huh
awaltherslong ;nothing , im just saying id handle you like a fine peice of crystal , lol , if you were mine
decoy name ;"aww "">"
awaltherslong ;:x
decoy name ;":x"">"
awaltherslong ;lol
decoy name ;lol
awaltherslong ;so did it hurt ? , when you fell from heaven
decoy name ;aww
awaltherslong ;does god know one of his angels is ms sing , lol
decoy name ;how sweet u r
awaltherslong ;ty , how sweet you r
decoy name ;ty
awaltherslong ;yw , so I see you like dolphins huh ?
decoy name ;yep
awaltherslong ;i have sailed across the at alantic ocean times and each time we had pods of dolphins visit us every day out there
decoy name ;wow kewl
awaltherslong ;playing in the wake of the boat , the only reason they are on earth is to have fun
decoy name ;i think ur rite , they r awesome
awaltherslong ;yeah
decoy name ;wow ur so lucky
awaltherslong ;I also have seen wild loggerhead turtles off the north coast of africa , they are so pretty , I will have to dig through my pics and show you some
decoy name ;o kewl , wow u been africa
awaltherslong ;just sailed by it , I used to sail big boats from france to the US evry year for my job
decoy name ;wow kewl
awaltherslong ;ive been around a bit , lol , got some miles on me , lol
decoy name ;lol
awaltherslong ;but in all my travels have never seen such a gorgeous set of eyes like yours , they say ravage me mr ! , lol
decoy name ;""">ty"
awaltherslong ;bedroom eyes , id like to show you the pleasures of the bed room , lol
decoy name ;""">really"
awaltherslong ;oh yeah , can you say ORGASM ! , lol , <ding> , ~
decoy name ;""">"
awaltherslong ;sorry , im getting rude again
decoy name ;not really
awaltherslong ;im a very sexual person , cant help it , i have a passion for life , and i love women
decoy name ;k
awaltherslong ;lol
decoy name ;lol
awaltherslong ;especially gorgeous women , lol , so what u do for fun
decoy name ;swimming hanging out with my friends movies tv , u
awaltherslong ;sailing hiking fishing sex , lol , sex
decoy name ;lol
awaltherslong ;and sex , did i mention sex , lol
decoy name ;lol yeah i think u did
awaltherslong ;oh ok , lol
decoy name ;lol
awaltherslong ;I must admit im talented in that area , lol , especially in the oral side of it , if you know what i mean
decoy name ;yeah i know wat it is
awaltherslong ;lol , if you didnt you would when i was done with you , lol , i have to go home soon i have not had dinner yet , and i have to be back at work at am
decoy name ;w wow
awaltherslong ;im in the process of selling a boat this week lots of work , |when you trying to collect , frm someone|
decoy name ;dollars
awaltherslong ;yeah
decoy name ;wow , must b sum boat
awaltherslong ;yeah its nice
decoy name ;i bet , u there
awaltherslong ;yeah , thats the boat
decoy name ;k
awaltherslong ;i have another pic if your curious about that man part , lol
decoy name ;lol , o wow that is an awesome boat
awaltherslong ;yeah , i have to go soon , want a pic to think about tonight , lol
decoy name ;"k , "">"
awaltherslong ;u like
decoy name ;yeah
awaltherslong ;cool , im sure it would love you , lol
decoy name ;""">"
awaltherslong ;so u have some more pics
decoy name ;couple
awaltherslong ;u shave yourself down there ? , may i see them , give me something to think about , lol , so your telling me mine is the first you have seen ?
decoy name ;yeah
awaltherslong ;wow , whats it make you think , just curious , ? ? , u there , did i offend you hun , im sorry , thats what i like , lol , <ding> , i have to go so on its been nice chatting i will stay on for a few in case u got booted , <ding> , good night
decoy name ;sry i got booted
awaltherslong ;ok
decoy name ;kewl
awaltherslong ;i wanted to show you what i like
decoy name ;k
awaltherslong ;lol
decoy name ;who is that
awaltherslong ;a friend i used to date
decoy name ;o
awaltherslong ;cute butt , lol
decoy name ;yeah lol
awaltherslong ;ill take it off
decoy name ;k
awaltherslong ;sorry , im tired as hell , lol
decoy name ;i bet
awaltherslong ;you tired , you need a bubble bath , lol
decoy name ;lol
awaltherslong ;ill run one for you
decoy name ;k lol
awaltherslong ;get those pjs off cut tie
decoy name ;lol
awaltherslong ;~ , can you get me some nice pics , not naked or anything just sexy
decoy name ;idk i broke my digi
awaltherslong ;show me what your working with , lol , like to see the bumps , >
decoy name ;bumps , o lol
awaltherslong ;lady lumps , lo vly lady bumps
decoy name ;lol
awaltherslong ;fergie is hot
decoy name ;yeah
awaltherslong ;id fuck her , lol
decoy name ;lol
awaltherslong ;wouldnt you , lol
decoy name ;ummm no , lol
awaltherslong ;your cute
decoy name ;ty
awaltherslong ;clean soul , i like it
decoy name ;wats that mean
awaltherslong ;you just seem un corupted , you know , never mind im talking shit im tired , lol
decoy name ;lol , i know , like a good grl
awaltherslong ;I know , lol , sharpe too , :x
decoy name ;:x
awaltherslong ;im in love , wish you were years older , id come and snag you for my own
decoy name ;aww , u wuld
awaltherslong ;well yeah , could bring you to meet my mom , lol
decoy name ;kewl bet shes nice
awaltherslong ;but i know theres a little devil in there right , one i could hide , in my fucked up mind , lol
decoy name ;lol
awaltherslong ;am i too blunt for you or do you appreciate honesty , i speak my mind
decoy name ;i like ppl who r honest
awaltherslong ;cool , I could talk to you for ever but I really do have to go home soon , I hope your on tomarrow ?
decoy name ;shur thing
awaltherslong ;I have to drive an hour to get home
decoy name ;o yuk
awaltherslong ;yeah
decoy name ;hope u dont fall asleep when ur drivin
awaltherslong ;no ill roll the window down
decoy name ;brrrr r cold
awaltherslong ;Ill soak when i get home ill see if your around at am , if i dont go to bed after bath
decoy name ;k , if i dont fall asleep lol
awaltherslong ;yeah , do you float when you sleep ? , lol
decoy name ;float , i dont think so lol
awaltherslong ;yes like an angel
decoy name ;awww , how sweet
awaltherslong ;""">"
decoy name ;ur really nice
awaltherslong ;ty , I try , I can be an asshole , lol
decoy name ;no way
awaltherslong ;its hard to say bye to you for some reason , lol , weird man
decoy name ;lol
awaltherslong ;ill be on for sure to marrow around or after hours at work , |but ill fire up my laptop when i get home , so if you fall asleep goodnight , sweeet dreams . . . . . . . . . |
decoy name ;k
awaltherslong ;nice talking to you *decoy name*
decoy name ;u
awaltherslong ;thanks for letting me be me , lol
decoy name ;yw
awaltherslong ;:-*
decoy name ;:-* , hi where ya been , well ttyl , hi
awaltherslong ;hey , u there
decoy name ;u at work or sumthin u must b busy ttyl
awaltherslong ;hey you
decoy name ;hey
awaltherslong ;how r u sweetie
decoy name ;good , where u been
awaltherslong ;working
decoy name ;o
awaltherslong ;went out of town
decoy name ;o where did u go
awaltherslong ;south carolina
decoy name ;o kewl
awaltherslong ;what you been doing
decoy name ;we were off school last week mid winter break
awaltherslong ;cool
decoy name ;yep
awaltherslong ;what u doing tonight
decoy name ;not much
awaltherslong ;why not
decoy name ;idk lol , wat u doin
awaltherslong ;chillin
decoy name ;kewl , u dont gotta work nite like last time
awaltherslong ;no im home
decoy name ;kewl
awaltherslong ;im tired , its been a long weekend
decoy name ;aww
awaltherslong ;need a massage , and bath
decoy name ;aww , wat u do all weekend
awaltherslong ;looked at boats , went to a bunch of corporate parties
decoy name ;wat r corporate parties
awaltherslong ;ass kissing parties , lol , all work
decoy name ;u work at a party
awaltherslong ;well yeah its like networking with people in the industry , it was a meeting for the brand of boats i sell at the factory where they are built
decoy name ;dont sound like a very fun party
awaltherslong ;no , lots of good food and stuff though
decoy name ;thats good
awaltherslong ;no hotties like you either , lol
decoy name ;sounds kinda boring
awaltherslong ;yeah
decoy name ;lol
awaltherslong ;id rather slam my dick in a door , lol
decoy name ;wat
awaltherslong ;nothing , I would have rather stayed home , lol
decoy name ;kk , hey b back in a bit
awaltherslong ;k , hey gorgeous , u alone tonight
decoy name ;yeah
awaltherslong ;where is everyone
decoy name ;every who
awaltherslong ;mom dad
decoy name ;dad is here , i dont got a mom remember
awaltherslong ;oh yeah , how r u
decoy name ;good
awaltherslong ;good , i just got home
decoy name ;kewl
awaltherslong ;gotta shower in a min , lol
decoy name ;k
awaltherslong ;so whats on your mind tonight , lol
decoy name ;nothing
awaltherslong ;nothing ?
decoy name ;no lol
awaltherslong ;lol , r u staring at the wall , lol , drooling , lol
decoy name ;no at the puter screen
awaltherslong ;ahh
decoy name ;lol
awaltherslong ;Im all stressed , rough day at work
decoy name ;aww
awaltherslong ;I need a vacation , mexico or something , perhaps jamaica mon
decoy name ;o wow , kewl
awaltherslong ;wanna go , lol , ~
decoy name ;o kewl
awaltherslong ;id settle for just you , lol , a bottle of wine and a tube of massage oil
decoy name ;hmm
awaltherslong ;hmmm ? , to much , lol
decoy name ;idk wat is a tube of massage oil
awaltherslong ;lol , oil to rub you all over , lol
decoy name ;o kewl
awaltherslong ;~ , :-*
decoy name ;:-*
awaltherslong ;you r hot , lol , id eat you up
decoy name ;y u hungry LOL
awaltherslong ;in a nice way that is , lol , look at yourself , lol , you look so tasty , yummy
decoy name ;lol
awaltherslong ;lol , so no guy has had the pleasure of your taste yet huh ?
decoy name ;huh
awaltherslong ;lol , orally satisfy you , lol , eat it , lol
decoy name ;""">o , no"
awaltherslong ;lol , dont blush , you dont hae to be shy with me
decoy name ;k
awaltherslong ;i want you to tell me all , lol , what do you want to try with a guy , if you could tell a guy to do anything to you what would it be
decoy name ;hmm
awaltherslong ;what have you always wondered about
decoy name ;everything
awaltherslong ;lol , tell me
decoy name ;idk just everything
awaltherslong ;what is the one thing , lol , that makes you horny thinking about it
decoy name ;idk
awaltherslong ;ok
decoy name ;lol
awaltherslong ;I have been thinking naughty thoughts of you , lol , sorry
decoy name ;o
awaltherslong ;just what it would be like to be with someone so hott , lol
decoy name ;""">"
awaltherslong ;I bet you would love all the new things i could show you , and the feelings that go along with it , when you masturbate do you have orgasms ? , you dont have to tell me but i am curious
decoy name ;i dont do that
awaltherslong ;really , why ?
decoy name ;idk its kinda wierd
awaltherslong ;it can be very nice , I could help you , by telling you how to do it , I am quite talented in that area of a woman , lol , you have never put a finger up there ?
decoy name ;noooo
awaltherslong ;you should try some time , its whats so hot about being a gorgeous wo an
decoy name ;really
awaltherslong ;yeah , want to try
decoy name ;no
awaltherslong ;dont be shy now , lol , want see how i do
decoy name ;huh
awaltherslong ;i have cam , will show u
decoy name ;k
awaltherslong ;really , what u want to see me do
decoy name ;idk lol
awaltherslong ;tell me , your wish is my command
decoy name ;i just want c wat u look like
awaltherslong ;|u want me to cum for you , have you ever seen a man cum|
decoy name ;"no i havnt"">"
awaltherslong ;u want to
decoy name ;"k"">"
awaltherslong ;kewl , will you play too , I want you to do it to and tell me how it feels
decoy name ;no i dont think i want
awaltherslong ;u still want to see
decoy name ;yeah , up u
awaltherslong ;k , u like
decoy name ;woa
awaltherslong ;what
decoy name ;close up lol
awaltherslong ;lol , u like
decoy name ;i guess
awaltherslong ;u on
decoy name ;yeah
awaltherslong ;how r u
decoy name ;good
awaltherslong ;what u doing
decoy name ;nothing much
awaltherslong ;me either jsut got home , i have a little buzz on , lol
decoy name ;huh
awaltherslong ;ive had a few drinks
decoy name ;o lol
awaltherslong ;sorry if i offended you the other night
decoy name ;hmmm i dont remember , lol
awaltherslong ;my cam , lol
decoy name ;o yeah
awaltherslong ;i miss having a woman around , did you like
decoy name ;"yeah"">"
awaltherslong ;yeah ? , you want more , lol , ~
decoy name ;umm not really
awaltherslong ;to bad I would like to coach you on the finer points of masturbating , lol , would you like to lick mine , i would for sure lick the hell out of u , lol
decoy name ;""">"
awaltherslong ;i bet you taste so good
decoy name ;""">"
awaltherslong ;i would love a sample
decoy name ;""">really"
awaltherslong ;oh yeah , im getting hard thinking about you , lol
decoy name ;""">o"
awaltherslong ;lol , will you slide your panties down for me i want ti lick it for you , lol
decoy name ;wat
awaltherslong ;take your cloths off baby , lol
decoy name ;i dont think so
awaltherslong ;lol , did u see me cum the other night
decoy name ;"yeah"">"
awaltherslong ;|u like it , have you ever wanted to taste|
decoy name ;taste ?
awaltherslong ;yes , eat it , i have a big load right now do you want to see me pop
decoy name ;i dkk
awaltherslong ;i will rub that sweet sticky cum all over my cock and balls for you or what ever you want me to do just tell me
decoy name ;""">"
awaltherslong ;? ? ? ? ?
decoy name ;idk
awaltherslong ;dont be shy if you like it tell me its ok
decoy name ;yeah
awaltherslong ;tell me what u want to see and i will do whatever u want , i like that
decoy name ;w/e u want k
awaltherslong ;yeah ?
decoy name ;yeah
awaltherslong ;so will you feel your self for me while im on cam ?
decoy name ;nooo
awaltherslong ;why
decoy name ;cuz i wuld feel wierd
awaltherslong ;why i cant see you but i wish i could i would help you , lol , so how many pics u have , any sexy ?
decoy name ;not many , no lol
awaltherslong ;lol , u all alone
decoy name ;in my room but dad downstairs
awaltherslong ;cool , u ready
decoy name ;wat
awaltherslong ;my cock , lol
decoy name ;"o""> , k"
awaltherslong ;u like , want me to put some lube on it
decoy name ;wats that
awaltherslong ;lotion
decoy name ;o
awaltherslong ;make it nice an slippery , lol
decoy name ;o , y
awaltherslong ;it feels good
decoy name ;o , hi , u here
awaltherslong ;hey
decoy name ;yeah
awaltherslong ;hey how r you
decoy name ;ok
awaltherslong ;just ok
decoy name ;im good
awaltherslong ;good , did u like watching me cum , i shaved it for u , lol , ~
decoy name ;wat
awaltherslong ;my cock i shaved it for u
decoy name ;y
awaltherslong ;so its nice and smooth , it feels good
decoy name ;kk
awaltherslong ;want to see , lol
decoy name ;no
awaltherslong ;u busy ?
decoy name ;no
awaltherslong ;you r so hot
decoy name ;ty
awaltherslong ;yw , u make me so horny all the time , lol
decoy name ;really
awaltherslong ;yeah , would love to be your first
decoy name ;st wat
awaltherslong ;could pleasure you soooo oo good , first fuck , lol
decoy name ;o
awaltherslong ;or guy to eat you , ~
decoy name ;wow
awaltherslong ;wow ? , first guy to lick your hot ass , lol
decoy name ;surprize u say that
awaltherslong ;why
decoy name ;idk , shur wuld like c wat u look like
awaltherslong ;why ?
decoy name ;idk mayb ur sum reallllly old nasty ugly guy
awaltherslong ;you like the way my cock looks , im not , lol
decoy name ;then how come u dont let me c u , cept that other
awaltherslong ;idk , i want to keep u guessing , lol
decoy name ;dont like guessing , u there
awaltherslong ;yeah
decoy name ;so
awaltherslong ;so ?
decoy name ;idk lol
awaltherslong ;lol , hello , lol
decoy name ;lol
awaltherslong ;im just chillin u know
decoy name ;oooo o , k
awaltherslong ;u like watching me cum ?
decoy name ;i guess
awaltherslong ;u think u would like to taste it ? , lol
decoy name ;taste it ?
awaltherslong ;my cum , or dick , lol
decoy name ;wats it taste like
awaltherslong ;sweet so ive been told
decoy name ;really
awaltherslong ;close to what a girls pussy taste like , u ever taste your self ?
decoy name ;no lol
awaltherslong ;u should try , lol
decoy name ;sounds kinda wierd me
awaltherslong ;lots of girls do it
decoy name ;really
awaltherslong ;yeah
decoy name ;i dont know any
awaltherslong ;lol they dont tell you , silly , lol
decoy name ;yeah i guess ur rite
awaltherslong ;lol
decoy name ;nvr heard of that
awaltherslong ;u have a cam ?
decoy name ;no
awaltherslong ;you should get one
decoy name ;i asked b4 and my dad said no y u want and he say ppl get in trble wit those things
awaltherslong ;ic
decoy name ;not shur wat he meant but o well
awaltherslong ;lol , would you show me all of you if you had one ? , lol
decoy name ;all of me
awaltherslong ;yes , all
decoy name ;i guess idk can u c whole person on there
awaltherslong ;yeah , lol , would love to see your ass , lol
decoy name ;""">"
awaltherslong ;what size jeans u wear ? , bra ?
decoy name ;bra b , jeans
awaltherslong ;wow , hot , bra ? , nice little waist , id love to hold it tight
decoy name ;really
awaltherslong ;nice little boobies , yes
decoy name ;yeah little lol
awaltherslong ;yummy , id love to kiss your nipple are they big or small ?
decoy name ;small i guess
awaltherslong ;love little nipples
decoy name ;y
awaltherslong ;i just do , more than a mouth full is a waste , lol , are they dark or pink nipples
decoy name ;umm pink i guess , not dark
awaltherslong ;mmmm mmmm mmm , id love to lick them , and rub my cock in between them
decoy name ;""">"
awaltherslong ;u there
decoy name ;yeah , im here
awaltherslong ;u want to watch
decoy name ;i guess if u let me c wat u look like
awaltherslong ;ill show u after i cum
decoy name ;k , ur not lieing r u
awaltherslong ;no
decoy name ;k
awaltherslong ;u gonna accept
decoy name ;where is it , i dont c it , u send it ?
awaltherslong ;does it say i invited u
decoy name ;dont c nothin , k well i guess ttyl
awaltherslong ;u see , u like
decoy name ;yeah
awaltherslong ;tel me what to do
decoy name ;how do i know
awaltherslong ;what u want to see , u like my balls
decoy name ;yeah i guess so , u promis i culd c wat u look like , i hate liars , >
awaltherslong ;asl ?
decoy name ;f mi , you ?
awaltherslong ;wow your yung n , im old lol , your cute though , what u doing
decoy name ;how old is old ?
awaltherslong ;( He was at the time of his arrest . )
decoy name ;thats cool
awaltherslong ;what brings you on this late
decoy name ;chatting , and its not late
awaltherslong ;cool
decoy name ;im decoy name
awaltherslong ;cool , im john
decoy name ;nice to meet you john
awaltherslong ;i like your name , sexy
decoy name ;thanks
awaltherslong ;yw
decoy name ;can i add you ?
awaltherslong ;what u like to do decoy name , for fun
decoy name ;well i like l site ning to music and hanging out and sometimes watching tv but i dont do that a lot and i like chatting on here and camping and fishing is fun , what do you like to do ?
awaltherslong ;camp fish sail fuck and fight but not in that order , lol
decoy name ;lol , can i add you ?
awaltherslong ;yeah i guess , u like me huh ? , lol
decoy name ;your funny , lol
awaltherslong ;ty , are a bunch of really old guys asking you for pics , lol
decoy name ;no , most guys wont talk to me
awaltherslong ;what r you doing in the woods with the big bad wolfs , lol
decoy name ;i didnt see any big bad wolfs
awaltherslong ;lol , where the parents
decoy name ;my mom lives in state and my dad is watching tv
awaltherslong ;ic u in your room ?
decoy name ;yea
awaltherslong ;so what do yo gurls do at night in their rooms on the net ? , lol
decoy name ;chat , listen to music
awaltherslong ;about , u have a bf
decoy name ;i had one but i broke up with him
awaltherslong ;ic
decoy name ;you have a gf ?
awaltherslong ;u have more pics
decoy name ;yea
awaltherslong ;no gf
decoy name ;do you ?
awaltherslong ;i have a cam
decoy name ;dad wont let me have a cam
awaltherslong ;why
decoy name ;he says i dont need one
awaltherslong ;r u an exobitionist ?
decoy name ;whats that ?
awaltherslong ;someone who likes to show off if you know what i mean , lol , pretty eyes
decoy name ;oh no i dont show off , do you ?
awaltherslong ;very pretty , if im asked nicely , lol
decoy name ;lol
awaltherslong ;only if the person watching truly enjoys , lol
decoy name ;lol
awaltherslong ;your cute gurl
decoy name ;thanks
awaltherslong ;yw , your petite , i like that
decoy name ;thanks , what do you look like ?
awaltherslong ;"im \""7 dark hair med build"
decoy name ;cool
awaltherslong ;so you hangin out in your undies getting ready for bed ? , lol
decoy name ;lol , i have pajamas on
awaltherslong ;ahhhh h
decoy name ;you ?
awaltherslong ;me ?
decoy name ;pajamas ?
awaltherslong ;no boxers , lol
decoy name ;lol , you going to add me or not ? , thanks
awaltherslong ;yw , hmmmm mm
decoy name ;hmmm ?
awaltherslong ;just thinking
decoy name ;about what ?
awaltherslong ;asking myself if you have ever cybered , lol , just think your sexy
decoy name ;thanks
awaltherslong ;lol , more pics ? , i like them , nice , sexy tummy i want to see it
decoy name ;you have any ?
awaltherslong ;no just cam
decoy name ;oh ok
awaltherslong ;does your dad ever bother you in your room
decoy name ;no , why ?
awaltherslong ;"just wondering , you should get comfortable , "">"
decoy name ;what do you mean ?
awaltherslong ;never mind
decoy name ;ok
awaltherslong ;r u a virgin or is that a bad thing to ask
decoy name ;no im not a virgin
awaltherslong ;wow really , how you like it ? , sex thT IS
decoy name ;it was ok
awaltherslong ;just ok you poor gurl , lol
decoy name ;lol
awaltherslong ;you dont mind talking about it
decoy name ;no i dont mind , you like talking about it ?
awaltherslong ;hmmmm m , yes , im a guy , lol
decoy name ;lol
awaltherslong ;you have some nice hips , u look tight
decoy name ;thanks
awaltherslong ;yw , so you taking those jam as off yet , lol
decoy name ;no lol
awaltherslong ;you should , tell me what u like
decoy name ;i like music a lot
awaltherslong ;i mean sexually , lol
decoy name ;oh lol , i dont know
awaltherslong ;u masturbate alot ? , more pics
decoy name ;no i dont like to touch myself down there , do you do it ?
awaltherslong ;yes , why dont you like it
decoy name ;just feels weird is all
awaltherslong ;you do it though right , its nice , i think gurl parts are hot
decoy name ;no i dont , you do ?
awaltherslong ;yes
decoy name ;why do you think they are hot ?
awaltherslong ;so soft wet warm and tasty , love to lick , you like touching a guy ?
decoy name ;yea its ok
awaltherslong ;u ever seen a guy shoot cum up close you ever give head ?
decoy name ;yea
awaltherslong ;u like , you swallow
decoy name ;it was ok tasted kinda weird though
awaltherslong ;lol , r u shaved down there
decoy name ;no but i dont have a lot down there
awaltherslong ;u have a pic of your butt , take one form epl zzz zzzz zzz zzzz
decoy name ;no sorry
awaltherslong ;~
decoy name ;i dont have a cam
awaltherslong ;your camera , that you took your pics with
decoy name ;that was my moms
awaltherslong ;oh , so want me to tell you what you can do to really enjoy masturbating , all you have to do is what i tell you too and i bet you wi kl cumm hard , i will do it on cm for u , cam
decoy name ;you mean cyber ?
awaltherslong ;yeah
decoy name ;thats so lame , i dont want to do that
awaltherslong ;you want to watch me
decoy name ;ok i will watch you but i wont do anything
awaltherslong ;k , u like big ones
decoy name ;i dont know , my bf wasnt big i dont think
awaltherslong ;u like
decoy name ;looks real big ! , what ?
awaltherslong ;inches
decoy name ;oh ok , wow that is big
awaltherslong ;so tell me what u want to see me do
decoy name ;whatever you want to do
awaltherslong ;is it making you a little wet ?
decoy name ;i dont know
awaltherslong ;check
decoy name ;im not touching myself
awaltherslong ;how bout your nip pies , lol , u do that right
decoy name ;no
awaltherslong ;u like
decoy name ;yea
awaltherslong ;really
decoy name ;yea really
awaltherslong ;what would you do with it
decoy name ;whatever you wanted me to
awaltherslong ;u lke my balls
decoy name ;yea
awaltherslong ;id love for you to sit on it
decoy name ;for real ?
awaltherslong ;yes
decoy name ;i never did that before
awaltherslong ;so i could see your cute ass bouncing up and down on it
decoy name ;ok
awaltherslong ;id love to have you moving up and down on it , you are getting horny yet
decoy name ;may be
awaltherslong ;hey u , u enjoy watching me the other night
decoy name ;yea , why ?
awaltherslong ;wondered , u want more , ? ? ? ?
decoy name ;yea but wait a minute
awaltherslong ;ok what u doing
decoy name ;a friend im , im here now
awaltherslong ;cool , so u like my man parts , lol
decoy name ;yea
awaltherslong ;did it make u a little wet watching ?
decoy name ;not really
awaltherslong ;so why u like it then
decoy name ;i dont know 3 , just did
awaltherslong ;|so you going to direct the action this time tell me what you want to see me do , ill do whatever u want|
decoy name ;no i just want to watch
awaltherslong ;u want to see me squirt
decoy name ;if you want to
awaltherslong ;gee eeee ez
decoy name ;what ?
awaltherslong ;i wish you were more interactive , lol
decoy name ;oh , i dont want to cyber
awaltherslong ;k sorry , |so whats up , ill get my cam in a min| , if you want to see
decoy name ;ok
awaltherslong ;you just want to see it huh . you want to see it get from soft to hard
decoy name ;ok
awaltherslong ;then ill blow a big one for you
decoy name ;k
awaltherslong ;who else you talkin too ?
decoy name ;no one right now , why ?
awaltherslong ;just wondering , ill have your full attention ?
decoy name ;yea
awaltherslong ;so the last time we talked you said you never sat right on one before huh ? , its hot , goes nice and deep
decoy name ;no i never did that
awaltherslong ;feels so good , what have u done
decoy name ;had sex with him on top and i did oral to him
awaltherslong ;was he big
decoy name ;i didnt think so
awaltherslong ;lol , what about me
decoy name ;yea yours looked big
awaltherslong ;i bet your tight , would love to push it in you nice and slow
decoy name ;for real ?
awaltherslong ;mmmm mmm
decoy name ;mmmm mmmm isnt a answer lol
awaltherslong ;lol , yes hell yes , lol , did that guy lick you
decoy name ;no he didnt
awaltherslong ;you should have made him , i love to lick it
decoy name ;you do ?
awaltherslong ;yes ssss , very sweet and juicy
decoy name ;k
awaltherslong ;u like
decoy name ;yea
awaltherslong ;what u think
decoy name ;looks really big
awaltherslong ;think you could get it in u
decoy name ;may be lol
awaltherslong ;id make u suck it first to get it wet , lol
decoy name ;lol
awaltherslong ;id get you nice and wet by licking you real good , even your ass
decoy name ;you would ?
awaltherslong ;yes , u would like it , u like those
decoy name ;yea
awaltherslong ;im so hard , see the pre cum , u like
decoy name ;yea
awaltherslong ;id like to rub this up and down your ass crack then work it to your tight little pussy , would u likr that
decoy name ;no one ever did that to me before
awaltherslong ;i would , i would rub your pussy juice all over my hard cock then slide it up to your tiny ass hole just tease u , would u like that , u horny yet
decoy name ;yahoo booted me , hi , hi
awaltherslong ;how r u
decoy name ;hi
awaltherslong ;hey
decoy name ;how are you ?
awaltherslong ;good u , u know me , lol
decoy name ;im ok
awaltherslong ;good , in the mood to watch ?
decoy name ;ok
awaltherslong ;ok ?
decoy name ;yea if you want me to
awaltherslong ;u like my stuff ? , lol , what do u like about it
decoy name ;i dont know , just do
awaltherslong ;lol , do u have a hot body
decoy name ;i guess so
awaltherslong ;where u go ?
decoy name ;yahoo booted me , im back
awaltherslong ;u like porn ?
decoy name ;i dont know , i never really looked at any , why ?
awaltherslong ;im watching some
decoy name ;oh , what kind
awaltherslong ;girl on girl
decoy name ;oh
awaltherslong ;u ever touch a girl
decoy name ;no , i dont really like girls that way
awaltherslong ;cool , u like
decoy name ;yea
awaltherslong ;whay u wearing
decoy name ;pajama pants and a tank top
awaltherslong ;bra on
decoy name ;no
awaltherslong ;nice how big r they
decoy name ;my boobs ?
awaltherslong ;yes
decoy name ;b , small
awaltherslong ;nice , u like my cock
decoy name ;yea
awaltherslong ;would u suck it
decoy name ;for real ?
awaltherslong ;yes
decoy name ;yea if you wanted me to
awaltherslong ;yes , i would suck u too
decoy name ;?
awaltherslong ;u have undies on
decoy name ;yes
awaltherslong ;i would like to suck u through y or panties
decoy name ;really ?
awaltherslong ;yes
decoy name ;ok
awaltherslong ;pinch your nipples for me , lol , tell me how it feels
decoy name ;i dont want to do that
awaltherslong ;what u want me to do for u
decoy name ;what do you want to do ?
awaltherslong ;tell me , want to see me rub lotion on it
decoy name ;ok
awaltherslong ;like it
decoy name ;yea
awaltherslong ;hey
decoy name ;hi !
awaltherslong ;want to see
decoy name ;ok
awaltherslong ;u like
decoy name ;yea , kinda dark
awaltherslong ;better
decoy name ;yea a little
awaltherslong ;want me to cum for u
decoy name ;ok
awaltherslong ;i would love to rub it on your tight butt
decoy name ;for real ?
awaltherslong ;yeah , and all over your wet pussy
decoy name ;ok
awaltherslong ;would u like me to suck u
decoy name ;suck me ?
awaltherslong ;your pussy ass and tits
decoy name ;for real ?
awaltherslong ;yeah
decoy name ;ok
awaltherslong ;id li9ke my tongue in your ass while i finger your pussy
decoy name ;no one ever did anything like that to me
awaltherslong ;i would , u think u would like it
decoy name ;it doesnt hurt ?
awaltherslong ;no baby not my tongue
decoy name ;ok
awaltherslong ;i would lay u on your tummy and spread that tight ass for me while i lick it
decoy name ;k , it stopped
awaltherslong ;hey you u like watching the other night
decoy name ;yea
awaltherslong ;did it make u wet
decoy name ;not really
awaltherslong ;you r hard to get horny why
decoy name ;i dont why
awaltherslong ;should play with yourself more learn to please yourself good , i could help
decoy name ;i dont want to cyber
awaltherslong ;i know that
decoy name ;i like it real not fake
awaltherslong ;so why do u watch me
decoy name ;cause i never watched anyone do that before
awaltherslong ;really
decoy name ;yea
awaltherslong ;u think my cock is nice , would u suck it
decoy name ;yea if you wanted me to for real
awaltherslong ;cool , where u live
decoy name ;west michigan , you ?
awaltherslong ;west mi , where in west mi , muskegon here
decoy name ;not real far from you
awaltherslong ;how far ? , u ever meet for that sort of thing
decoy name ;i never met anyone from online before
awaltherslong ;cool , i would lick your tight little pussy and ass for ever baby , till u came on my face , what city u in
decoy name ;you really want to do that ?
awaltherslong ;yes , u want me too
decoy name ;yea
awaltherslong ;your age again , wow your young , id get in trouble
decoy name ;i wouldnt tell
awaltherslong ;no , you have more pics to show me , would u let me fuck your ass if i was gentle
decoy name ;i have some
awaltherslong ;may i see
decoy name ;i dont want to do anything that hurts
awaltherslong ;i would be nice and gentle baby , so cute
decoy name ;thanks
awaltherslong ;yw , i would lick you so oooo good
decoy name ;you have any pics ?
awaltherslong ;i would want you to hold that tight little thing open while i suck it , just cam
decoy name ;k
awaltherslong ;so we should hook up
decoy name ;that would be cool , maybe some time when my dad is gone
awaltherslong ;so where do you live
decoy name ;i will tell you when dad is gone , i dont want you showing up and getting me in trouble
awaltherslong ;i wont i just wondered what city in michigan not your adress silly , lol
decoy name ;dad goes to the casino with his gf sometimes
awaltherslong ;cool , how far from muskegon , tell me that
decoy name ;about an hour
awaltherslong ;north or south ?
decoy name ;lol , i will tell you later , he has nt been to the casino for about a month
awaltherslong ;when u think we could hook up
decoy name ;he should be going soon
awaltherslong ;do you trust me
decoy name ;i think so , do you trust me>
awaltherslong ;lol , i think so
decoy name ;lol
awaltherslong ;i could get in big trouble
decoy name ;i wont tell , i promise , you wont tell anyone will you ?
awaltherslong ;no , who would i tell , would you like to sit on my face and let me eat it
decoy name ;i never did that before
awaltherslong ;its so hot , you could rock your hips back and fourth on my face , get my face all juicy , more pics , nice , i would love to rub my cock on your lips
decoy name ;you would ?
awaltherslong ;yes , would u like that
decoy name ;yea
awaltherslong ;would u like to
decoy name ;i never did that
awaltherslong ;its hot , u on top , sucking my cock and balls me on bottom licking and sucking your pussy and ass
decoy name ;k
awaltherslong ;i cum a lot u like to eat it
decoy name ;i guess so
awaltherslong ;u ever taste it
decoy name ;yea
awaltherslong ;do you have a nice small ass
decoy name ;yea
awaltherslong ;i will cup it in my hands as i lick your pussy
decoy name ;ok
awaltherslong ;tell me how much u want my cock
decoy name ;lol , lots if you really want to do it
awaltherslong ;yes i do , i want you to ride it fast
decoy name ;ok
awaltherslong ;u see me cum
decoy name ;yea , then you signed off
awaltherslong ;had to clean off , unless u want to see me rub it all over my hard cock , so u could lick it off
decoy name ;you want me to do that ?
awaltherslong ;yes u want too , i want to rub it on your nip pl res
decoy name ;ok
awaltherslong ;then lick your nipples , r your nip pies big or small
decoy name ;ok , um kind a small
awaltherslong ;nice and perky and pink
decoy name ;yea i guess so
awaltherslong ;lol , im so fuckin horny talking to you
decoy name ;for real ?
awaltherslong ;yes , i just want to suck you from your clit to your ass hole
decoy name ;ok
awaltherslong ;u want that
decoy name ;well no one ever did that to me
awaltherslong ;why , i would , i love to eat pussy
decoy name ;ok
awaltherslong ;would u spread it for me , so i can get my tongue deep in it
decoy name ;i guess so
awaltherslong ;id lick your wet fingers too , then stick one of your fingers in while i suck it , you would want me to cum to your house , so we could do it in your room
decoy name ;if you want to
awaltherslong ;i would like to do it out side
decoy name ;out side ?
awaltherslong ;if its nice , or in your shower
decoy name ;i never did ti out side
awaltherslong ;its hot , id like to put you on the hood of my truck
decoy name ;k , i never did anything in the shower either
awaltherslong ;i love it in the shower , two wet naked bodies rubbing together , yum
decoy name ;ok
awaltherslong ;i want to stick my tongue up your ass to get it nice and wet then try to slip the tip of my cock into it
decoy name ;wont that hurt ?
awaltherslong ;no ill get you ready for it
decoy name ;k
awaltherslong ;lick it get it juicy and even cum on it and rub the cum up in there to get it slippery , then slide my whole lenght in nice and slow for u , while u reach back and squeeze my balls and pull me into u
decoy name ;k
awaltherslong ;u like that
decoy name ;i never did anything like that
awaltherslong ;u want to , what have u done
decoy name ;just sex and did oral
awaltherslong ;what kind of sex , with who
decoy name ;my old bf
awaltherslong ;did he eat u
decoy name ;just with him on top , and i gave him bhs , bjs
awaltherslong ;did he play with your pussy while u sucked him
decoy name ;no
awaltherslong ;i would , id play with your clit , and suck it
decoy name ;k
awaltherslong ;what u wearing
decoy name ;pajama pants and a tshirt
awaltherslong ;describe how your ass feels it it soft or firm , can u cup it in your hands
decoy name ;i guess , why ?
awaltherslong ;i like small asses
decoy name ;ok
awaltherslong ;that r firm
decoy name ;k , well its not fat
awaltherslong ;they look nice while fucking doggie style
decoy name ;k
awaltherslong ;u want to watch again
decoy name ;ok
awaltherslong ;really
decoy name ;yea if you want to do it
awaltherslong ;i do
decoy name ;ok
awaltherslong ;would u like me to rub it on your ass
decoy name ;i guess
awaltherslong ;u have a bra on
decoy name ;no , i dont like to wear it when i am sleeping
awaltherslong ;nice , u like my big nuts
decoy name ;yea
awaltherslong ;will u suck them
decoy name ;i never did that before
awaltherslong ;it feels good , they r big though
decoy name ;ok
awaltherslong ;i wish i was there in bed with u , i would make u cum
decoy name ;you would ?
awaltherslong ;oh yeah , u like watching me stroke it hard
decoy name ;yea
awaltherslong ;imagine my balls slapping your ass ass i fuck u hard and fast
decoy name ;k
awaltherslong ;would u suck my cock after i pull it out of you , suck your juice of it
decoy name ;i dont know , i never did that before
awaltherslong ;it would taste like my big cock and your sweet hot pussy , yum , want me to cum again
decoy name ;ok
awaltherslong ;het u
decoy name ;hi
awaltherslong ;how r u
decoy name ;im ok , you ?
awaltherslong ;ok , u know , wanna see
decoy name ;ok
awaltherslong ;what u wearing
decoy name ;pajama pants and a tshirt
awaltherslong ;any undies , bra ?
decoy name ;panties
awaltherslong ;u like
decoy name ;yea
awaltherslong ;see the ring on my cock
decoy name ;yea , what is that for ?
awaltherslong ;makes the veins pop out and keeps it hard as steel , lol
decoy name ;k
awaltherslong ;wanna hear me jerk off
decoy name ;hear ?
awaltherslong ;ill call your pc u answer and listen while i jack off
decoy name ;that boots me off yahoo , i dont want to
awaltherslong ;answer , i want you to sit on my cock
decoy name ;for real ?
awaltherslong ;yes , when can we hook up
decoy name ;may be when dad goes to the casino
awaltherslong ;u think about my cock a lot now that you see it
decoy name ;may be
awaltherslong ;lol , how it would feel in your tight pussy , lol
decoy name ;hi
awaltherslong ;hey you
decoy name ;how are you ?
awaltherslong ;good u
decoy name ;im ok
awaltherslong ;cool , what u doing
decoy name ;just chatting with you
awaltherslong ;thats it ?
decoy name ;yea
awaltherslong ;u like watching me huh ?
decoy name ;yea
awaltherslong ;u think about me
decoy name ;yea , you think about me ?
awaltherslong ;yeah , i always end up cumming when i do , i wish you liked to play on here more , i could teach you how to pleasure yourself
decoy name ;oh , i dont want to cyber though
awaltherslong ;i know , u alone tonight
decoy name ;dads home but he is watching tv , why ?
awaltherslong ;just wondered
decoy name ;he might be gone next week though
awaltherslong ;really
decoy name ;yea he might be going to the casino with his gf , you there ?
awaltherslong ;yes im here
decoy name ;k
awaltherslong ;id like to see u
decoy name ;for real ?
awaltherslong ;love to rub your hot tight body all over , like to get u in the shower , get u all wet and soapy
decoy name ;ok , i never did that before
awaltherslong ;id love to feel your soapy wet ass
decoy name ;for real ?
awaltherslong ;yes , and have you rub soap all over my rock hard cock
decoy name ;k
awaltherslong ;have you rub mine on yours , u in your jammies
decoy name ;not yet
awaltherslong ;u should be neked , lol
decoy name ;lol
awaltherslong ;|i justwant to lick your pussy for like an hour , I want you to fuck my face hard and fast|
decoy name ;wow , ok
awaltherslong ;ride my tongue then ride my cock like a cow gurl , then sit on my face again so i can lick your sweet asshole
decoy name ;k , i never did that
awaltherslong ;youll like it it goes in nice and deep all the way to my balls
decoy name ;k
awaltherslong ;what city u live in , ? ? , u there
decoy name ;sorry dad yelled , brb
awaltherslong ;k
decoy name ;sorry
awaltherslong ;k
decoy name ;i will tell you in a few days when i know he is going for sure , ok ? , as soon as i know he is going for sure
awaltherslong ;k , im afraid of getting caught , cuz my age
decoy name ;i dont want to get in trouble , i wont tell anyone , i just want to make sure dad will be gone
awaltherslong ;k , he leaves u alone overnight
decoy name ;yea
awaltherslong ;how would we get started , id love you to be naked when u answer the door
decoy name ;lol
awaltherslong ;or just wait in the shower for me to join u
decoy name ;ok , like watch for you and as soon as i see you pull up get in the shower and wait ?
awaltherslong ;yes
decoy name ;ok
awaltherslong ;sound hot ?
decoy name ;fun
awaltherslong ;when i walk in i want you rubbing your pussy getting it nice and juicy for me , im getting hard thinking about it , lol , tell me what u want me to do to you
decoy name ;whatever you want
awaltherslong ;what have u always wanted to try , dont be shy , i want to know so i can please u
decoy name ;all i ever did was oral and sex with him on top
awaltherslong ;u want to try anal with me i will be gentle so it does not hurt
decoy name ;ok if it doesnt hurt
awaltherslong ;it hurts a little bit but not for long after a min it feels good , ill be good , lol
decoy name ;ok
awaltherslong ;its just when it first goes in it pops a bit but its so hot
decoy name ;k
awaltherslong ;while i fuck your ass you can play with your pussy
decoy name ;k
awaltherslong ;i want to lay u on your tummy and have u spread your ass cheecks for me so i can lick your tight ass for u , get it nice and ready for me
decoy name ;k
awaltherslong ;want to watch
decoy name ;ok
awaltherslong ;u like
decoy name ;yea
awaltherslong ;u want to lick it
decoy name ;if you want me to
awaltherslong ;yes , sorry
decoy name ;that ok , you get booted ?
awaltherslong ;yeah , see it ok
decoy name ;i did , its not on now
awaltherslong ;look big enough for u
decoy name ;yea
awaltherslong ;u want to ride it
decoy name ;ok
awaltherslong ;u like
decoy name ;yea
awaltherslong ;hey baby
decoy name ;hi ! , how are you ?
awaltherslong ;ok u
decoy name ;im ok , a little bore but better now that im chatting with you , bored
awaltherslong ;""">"
decoy name ;:-*
awaltherslong ;u like it last night
decoy name ;yea
awaltherslong ;what u wearing
decoy name ;sorry yahoo booted me , my computer froze and i had to reboot
awaltherslong ;ok , u in your undies
decoy name ;no , are you ?
awaltherslong ;yes , lol , just t shirt
decoy name ;oh
awaltherslong ;did u see it squirt last night
decoy name ;i think so , but you signed off fast
awaltherslong ;u wanted to see me rubit all over huh ? , lol
decoy name ;lol , you would do that ?
awaltherslong ;if you wanted me to
decoy name ;up to you
awaltherslong ;anything you asked i would do , what would you want to see me do
decoy name ;i dont know
awaltherslong ;i cant stop thinking about rubbing your cute ass , makes me hard to think about it
decoy name ;really ?
awaltherslong ;yes , so what makes u hot
decoy name ;i dont know , i like kissing and cuddling and stuff
awaltherslong ;nice , id like to hold your naked body close to mine well we kiss i will car ress your nice little butt
decoy name ;ok
awaltherslong ;and you can squeeze my cock and stroke it
decoy name ;k
awaltherslong ;do u have big or small nipples
decoy name ;they are little , why ?
awaltherslong ;i like em little , do they poke out
decoy name ;not really
awaltherslong ;are they pink or dark
decoy name ;kinda pink
awaltherslong ;yummy , i would lick them till they were nice and hard
decoy name ;you would ?
awaltherslong ;yes , then when they were nice wet and juicy i would rub the tip of my cock on them
decoy name ;k
awaltherslong ;your dad in bed ?
decoy name ;watching tv
awaltherslong ;i wish u would get naked for me
decoy name ;why ?
awaltherslong ;just would be hot to know your naked when we talk
decoy name ;oh , i dont want to do that
awaltherslong ;i know , u only talkin to me
decoy name ;yea , i was in a chat but no one talks to me , you only talking to me ?
awaltherslong ;yeah , i just got out of the shower when u came on
decoy name ;oh
awaltherslong ;u like
decoy name ;yea
awaltherslong ;see the veins
decoy name ;yea
awaltherslong ;u like
decoy name ;yea
awaltherslong ;i want you to lick them
decoy name ;do you want me to ? , crap i hit the wrong thing and it closed
awaltherslong ;yes , strip to your undies
decoy name ;no
awaltherslong ;u like that
decoy name ;tea , yea
awaltherslong ;i cant wait to feed you my cock baby , how bad do u want it
decoy name ;lol , i dont know , looks real big
awaltherslong ;ill be gentle , it almost
decoy name ;k
awaltherslong ;thats why i want u on top so you can fuck me as fast or slow as u want
decoy name ;k
awaltherslong ;r u tight
decoy name ;i guess so
awaltherslong ;how many fingers can fit in u
decoy name ;i dont know
awaltherslong ;u ever suck a guys balls
decoy name ;no
awaltherslong ;will u suck mine
decoy name ;i guess if you want me to
awaltherslong ;yes , r u going to want me to tell u what to do
decoy name ;probably , is that ok ?
awaltherslong ;yes , im so hard right now it hurts , lol
decoy name ;im watching
awaltherslong ;what do u think
decoy name ;that it looks really big
awaltherslong ;u want me to cum for u now
decoy name ;ok
awaltherslong ;u like
decoy name ;yea
awaltherslong ;is this making u wet at all
decoy name ;hi , :-* , hi , you there ?
awaltherslong ;hey
decoy name ;how are you ?
awaltherslong ;ok u ?
decoy name ;im ok
awaltherslong ;good what u doing
decoy name ;nothing much , what are you doing ?
awaltherslong ;nothing , relaxing
decoy name ;cool
awaltherslong ;so what u think about all this
decoy name ;about what ?
awaltherslong ;u like cammin huh ?
decoy name ;i dont have one , watching is ok real is better
awaltherslong ;i hear ya
decoy name ;you like doing things on cam ?
awaltherslong ;yeah
decoy name ;what else you like ?
awaltherslong ;what u mean ?
decoy name ;you like doing stuff thats not on cam ?
awaltherslong ;hobbies ? , lol
decoy name ;lol , so how are you relaxing tonight ?
awaltherslong ;u know , lol
decoy name ;lol
awaltherslong ;lol
decoy name ;what ?
awaltherslong ;i find myself thinking of u a lot
decoy name ;you do ?
awaltherslong ;yes
decoy name ;what do you think about ?
awaltherslong ;about how hot it would be to lie naked and sweaty with you in bed
decoy name ;for real ?
awaltherslong ;yeah
decoy name ;that might be fun
awaltherslong ;could be , lol
decoy name ;what else do you think about ?
awaltherslong ;licking you from head to toe
decoy name ;lol ok , no one ever did that to me before
awaltherslong ;i would , lol , id go back to your sweet c roth though , lol
decoy name ;lol , what else ?
awaltherslong ;trying to fit my large meat in your tight butt , lol
decoy name ;that might hurt
awaltherslong ;what have u been thinking about , i would be very very gentle
decoy name ;i think it might be fun if you really wanted to , do you ?
awaltherslong ;yes
decoy name ;did i tell you my dad is going to the casino this weekend ?
awaltherslong ;really
decoy name ;yea
awaltherslong ;so what u think
decoy name ;what do you think ?
awaltherslong ;im kinda scared to meet u
decoy name ;why ?
awaltherslong ;dont want trouble
decoy name ;im not going to tell , are you ?
awaltherslong ;he going all weekend ?
decoy name ;yea
awaltherslong ;cool
decoy name ;him and his gf
awaltherslong ;so what u want to do
decoy name ;up to you
awaltherslong ;what city u in ?
decoy name ;*edited*
awaltherslong ;what part ?
decoy name ;i will tell you when i know dad is gone for sure
awaltherslong ;k
decoy name ;you close to *edited* ?
awaltherslong ;yes
decoy name ;cool
awaltherslong ;u gonna answer the door naked when i come over , lol
decoy name ;lol , when you coming over ?
awaltherslong ;actually i want you naked in the shower when i show up
decoy name ;ok
awaltherslong ;when will he be leaving
decoy name ;he is leaving friday , i think he said he is leaving around
awaltherslong ;cool , when ever u want me there
decoy name ;friday lol , what time ?
awaltherslong ;up to you
decoy name ;do you have to work ?
awaltherslong ;yes
decoy name ;what time you get off work ? , how about ?
awaltherslong ;sure
decoy name ;cool , :-*
awaltherslong ;what u want me to do to you fist
decoy name ;i dont know , what do you want to do ?
awaltherslong ;i want to suck u
decoy name ;k
awaltherslong ;i want to watch u play with yourself for a bit will u do that for me
decoy name ;ok but i never did that before
awaltherslong ;cool , will u swallow my loads
decoy name ;if you want me to
awaltherslong ;yes every drop
decoy name ;ok , i dont want to get pregnant
awaltherslong ;i hear ya , so you have to clean it up , or i can cum in your tight ass if you like
decoy name ;it wont hurt ?
awaltherslong ;no baby , i promise , a little at first but then it feels good , ill be nice
decoy name ;ok
awaltherslong ;what makes you want to meet a stranger for sex ? , lol
decoy name ;lol , i dont know , fun
awaltherslong ;lol
decoy name ;why do you want to ?
awaltherslong ;im a man , lol
decoy name ;lol
awaltherslong ;will u shave it clean for me
decoy name ;yea if you want
awaltherslong ;yes
decoy name ;k
awaltherslong ;so when i show up i want to walk in on you in the shower shaving your pussy clean for me
decoy name ;ok , i will leave the door unlocked
awaltherslong ;do you want me to get naked and climb in with you
decoy name ;ok , never took a shower with a guy before
awaltherslong ;i want to soap u up
decoy name ;ok
awaltherslong ;mmmm nice , u have any friends that want to join ? , lol
decoy name ;lol , i dont have any friends like that
awaltherslong ;lol , have u ever been fucked really hard and fast
decoy name ;no , why ?
awaltherslong ;i want to give it to you deep and fast then deep and slow , lol
decoy name ;lol ok
awaltherslong ;i want you to get on top and ride it as hard and fast as you can take it
decoy name ;k
awaltherslong ;how many times have u been fucked
decoy name ;a lot , my old bf really liked it
awaltherslong ;he didnt do it hard and fast
decoy name ;not really
awaltherslong ;did u want him too
decoy name ;may be
awaltherslong ;? ? ? lol
decoy name ;does it feel better that way
awaltherslong ;yes , more intense , you get to breathing heavy and sweating all over each other its hot
decoy name ;ok
awaltherslong ;u talk dirty when u fuck
decoy name ;no , do you ?
awaltherslong ;sometimes , lol
decoy name ;lol , like what do you say ?
awaltherslong ;you like that big cock in your juicy pussy , suck that cock , lick my balls
decoy name ;lol
awaltherslong ;fuck me
decoy name ;ok
awaltherslong ;lol , whatever cums to mind i guess
decoy name ;ok
awaltherslong ;i think its hot when chicks do it though , lol
decoy name ;lol
awaltherslong ;will u suck my cock after i pull it out of you , when im cumming
decoy name ;i guess so
awaltherslong ;or do you want me to shoot it all over your tits , and face
decoy name ;i dont know
awaltherslong ;i wish i could fuck you now , lol , im so hard right now , what u wearing tonight
decoy name ;pajama pants and a tshirt , you ?
awaltherslong ;nuttin , lol , no bra ?
decoy name ;no bra
awaltherslong ;what size r u again
decoy name ;b , small
awaltherslong ;yum
decoy name ;really ?
awaltherslong ;yes , i like that
decoy name ;ok
awaltherslong ;u like my big cock
decoy name ;sorry dad yelled , yes i do like it , :-*
awaltherslong ;you thought about what u want to do with it
decoy name ;back , may be
awaltherslong ;like what i want to hear , plzzz
decoy name ;i will show you when i see you
awaltherslong ;im cumming baby , i cum a lot i hope u like to eat it , i want to cum on your ass and rub it all over
decoy name ;ok , you home yet ?
awaltherslong ;hey
decoy name ;:-* , hi , how was work ?
awaltherslong ;long
decoy name ;aww
awaltherslong ;what u doing
decoy name ;talking with you now
awaltherslong ;cool
decoy name ;still want to come over ? , dad is gone
awaltherslong ;is he
decoy name ;yep , he left about
awaltherslong ;im still afraid of getting in trouble
decoy name ;im not going to tell
awaltherslong ;just me i guess
decoy name ;you going to tell anyone ?
awaltherslong ;no
decoy name ;well then no trouble , right ? , its up to you
awaltherslong ;i probably cant until late tonight , is that ok
decoy name ;ok , what time ?
awaltherslong ;after 11
decoy name ;ok , why after ?
awaltherslong ;i have some stuff to do , how do i get to you
decoy name ;im in grand rapids
awaltherslong ;where
decoy name ;you want the address ?
awaltherslong ;yes , pl zz zzz zzzz zzzz
decoy name ;* edited * , what kind of car you have ?
awaltherslong ;dr car , black
decoy name ;ok , i will watch for you , i will be online , if you want to talk later
awaltherslong ;k what u doing now
decoy name ;just talking to you , what are you doing now ?
awaltherslong ;eating , lol
decoy name ;lol , what kind of stuff do you have to do ?
awaltherslong ;|clean car and house a bit , feed animals|
decoy name ;ok , will it take all night to clean and feed the animals ?
awaltherslong ;no , i also have a bit of work to finish up
decoy name ;ok
awaltherslong ;what if you dont like me
decoy name ;i know i will like you
awaltherslong ;or are you to the point of just wanting to have some sex
decoy name ;i like talking with you on here
awaltherslong ;cool
decoy name ;and i like watching you
awaltherslong ;yeah , even though imolder ?
decoy name ;yea even though your older
awaltherslong ;when is your dad going to be home ?
decoy name ;sunday night
awaltherslong ;cool , you think your ready for me huh ?
decoy name ;i think so , are you ready for me ?
awaltherslong ;of course , i want you shaved nice and smooth
decoy name ;ok , still want me in the shower ?
awaltherslong ;yes , u down for that
decoy name ;yes , i will way ch for you and when i see you go get in the shower , how is that ?
awaltherslong ;good , then what ?
decoy name ;whatever you want
awaltherslong ;im nervous u may be the police
decoy name ;i am way to cute to be a cop
awaltherslong ;lol , so do u have a camera
decoy name ;no , do you ?
awaltherslong ;yes , |i would feel better if you had a camera to snap me a pic , to see more of you then i would feel better|
decoy name ;oh , sorry
awaltherslong ;camera phone ?
decoy name ;no dad wont get me a cell , hurry up and clean
awaltherslong ;lol , u getting horny
decoy name ;may be
awaltherslong ;maybe ?
decoy name ;lol
awaltherslong ;tell me one thing you really want to try , or me to do to you or you do to me
decoy name ;i only ever did it with him on top
awaltherslong ;so what position u want to try
decoy name ;i dont know , what do you think is best ?
awaltherslong ;u on top riding me like a cow gurl , lol forward and reverse
decoy name ;ok , done cleaning yet ?
awaltherslong ;no , lol
decoy name ;lol
awaltherslong ;when i get in the shower with you are you going to give me head
decoy name ;if you want me to i will
awaltherslong ;once i get in i want you to go to your knees grab my dick and do what u want
decoy name ;ok
awaltherslong ;you almost sound to good to be true
decoy name ;that is so sweet , im just me , done cleaning ?
awaltherslong ;u live in a big house
decoy name ;its sort a big
awaltherslong ;whats your dad do
decoy name ;electrical maintenace stuff , he is like a manager
awaltherslong ;ic
decoy name ;are you done cleaning yet
awaltherslong ;not yet , what u doing baby
decoy name ;waiting for you to finish cleaning
awaltherslong ;thats what i want , u like
decoy name ;who is that ?
awaltherslong ;an old gf
decoy name ;ok
awaltherslong ;u like that pic , u there , u busy
decoy name ;im here
awaltherslong ;i want to watch u do that , u like those pics , what u doing baby
decoy name ;looking , what are you doing ?
awaltherslong ;ui just pulled it out
decoy name ;oh
awaltherslong ;lol
decoy name ;so your not coming over ?
awaltherslong ;im hard , yes , i am , i can cum a lot
decoy name ;ok
awaltherslong ;will u rub your self for me like that pic
decoy name ;maybe if you ever come over , done cleaning yet ?
awaltherslong ;work in on it
decoy name ;are you coming over or not ?
awaltherslong ;yes
decoy name ;when ?
awaltherslong ;by , why r u anxious
decoy name ;may be
awaltherslong ;you ready to cum baby
decoy name ;just hope you are nt just playing games with me
awaltherslong ;have your hot pussy licked like never before
decoy name ;no one ever did that to me
awaltherslong ;i will , i will suck on your clit til it is hard , and sticking right out of you , then ill suck it some more till you start fucking my face , will u do that
decoy name ;if you come over
awaltherslong ;can i call u
decoy name ;why ?
awaltherslong ;id feel more comfortable
decoy name ;you just playing games ? , whats your real name ? , well ? , are you there ? , how do i know it is you when you call if you dont tell me your name ?
awaltherslong ;im just nervous u ever see that one show on tv where they bust guys meeting younger gurls
decoy name ;i heard about it but i never seen it , im not a cop , do you want to call ?
awaltherslong ;yes
decoy name ;well what is your name ?
awaltherslong ;its john
decoy name ;you told me before but a long time , Ok . , you going to call me now ?
awaltherslong ;yes
decoy name ;* edited * , you there ?
