ID;msg
balin79 ;hiya liz or beth , , , , , , how r u doing tonight , , , , ,
bchism1992 ;hi ya , , , , , , im ok , , , , ,
balin79 ;that is good , , , , , , myname is eric , , , , , , how about who i am talking with , , , , ,
bchism1992 ;hi eric duh you kinda already know , , , , ,
balin79 ;yes kinda , , , , , , hheehe , , , , , , hey u look so hot in ur picture ( bet you say that to all the year old girls . ) , , , , , , on ur profile , , , , ,
bchism1992 ;u lie , , , , ,
balin79 ;i do not lie , , , , , , should i call u liz , , , , , , or beth , , , , , , which one would u perfer , , , , ,
bchism1992 ;either is fine with me , , , , ,
balin79 ;cool , , , , , , flowers for u , , , , ,
bchism1992 ;f and u aint got a pic in ur prof cheater , , , , ,
balin79 ;i sent u sum pics of me , , , , ,
bchism1992 ;can u email them to me so i can v check htem gotta be safe on the net , , , , ,
balin79 ;sure thing baby , , , , ,
bchism1992 ;<email address removed> dont send it to yahoo dad checks that acct , , , , ,
balin79 ;alright it is sending u should receive it within the next seconds , , , , ,
bchism1992 ;hey i got it . . . cute , , , , ,
balin79 ;thanx , , , , , , i have a cam too just in case if u want to c , , , , , , nothing perverted of course ( For now anyway . ) , , , , ,
bchism1992 ;dad wont let me have a cam , , , , ,
balin79 ;really , , , , , , it is alright , , , , , , i completely understand , , , , , , u never know who is watchin u , , , , , , u know wut i mean , , , , , , but i trust ur judgement and positivity for being a nice cute sweetheart ( Awww shucks . ) , , , , , , u still there cutie pie , , , , , , sweetness , , , , ,
bchism1992 ;yes gotting bot attacked , , , , ,
balin79 ;for real , , , , , , dang , , , , ,
bchism1992 ;u didnt give me ur asl , , , , ,
balin79 ;that sucks , , , , , , /m/fl , , , , , , ur from fort meyers i c , , , , , , wut part of ft . meyers , , , , , , i am from jupiter florida , , , , , , actually from boca raton florida , , , , , , palm beach county , , , , , , u want to c my cam , , , , , , maybe i can show u another pic before i let u c my cam , , , , ,
bchism1992 ;k , , , , ,
balin79 ;any other chickitas with u ( Smooooooth ) , , , , ,
bchism1992 ;sorry its slow trying to do email and my firned keeps im ing me , , , , ,
balin79 ;it is alright , , , , , , is it a dude friend or a chickita friend , , , , ,
bchism1992 ;chickita what the hell is that , , , , ,
balin79 ;"a girlfriend , , , , , , sorry that is my lingo ( That's lame-o lingo . ) , , , , , , kinda boring ahe , , , , , , hhehhe , , , , , , there we r , , , , , , now we r friends for life ( I'm not really seeing \""best buds\"" in our future ) , , , , , , kinda sorta , , , , ,"
bchism1992 ;pic moves slow ha , , , , ,
balin79 ;i know it totally does , , , , , , sorry about that , , , , , , let me let u view again , , , , ,
bchism1992 ;it died ha thats ok , , , , ,
balin79 ;no i really died , , , , ,
bchism1992 ;says its nto avail , , , , ,
balin79 ;it is now available , , , , , , i think , , , , , , slow computer , , , , , , runs like a snail , , , , , , hehe , , , , ,
bchism1992 ;now its running slow , , , , ,
balin79 ;r u viewing , , , , ,
bchism1992 ;i htink my compute ris clogged up ha , , , , ,
balin79 ;yeah same here , , , , , , i have a dell laptop , , , , , , and it is slower than a snail , , , , , , i think molasses moves faster than my computer , , , , ,
bchism1992 ;hey im gonna crash ill catch u tmr if thats ok , , , , ,
balin79 ;it is cool , , , , , , luv ya , , , , , , kisses , , , , ,
bchism1992 ;cool latr , , , , ,
balin79 ;and hugs galore , , , , ,
bchism1992 ;good mornin hwo u doing u gonna be online later , , , , ,
balin79 ;hey sweety , , , , , , long time no talk , , , , , , sorry i have been outta town , , , , ,
bchism1992 ;hey yeah how r u , , , , ,
balin79 ;to visit family , , , , , , good hun , , , , ,
bchism1992 ;cool where did u go , , , , ,
balin79 ;so wut is new tonight , , , , , , boca raton , , , , , , south bound -95 , , , , ,
bchism1992 ;well didnt matter u werent here i was grounded dad just gave me my keyboard back today ha , , , , ,
balin79 ;really sweet , , , , , , awesome , , , , ,
bchism1992 ;i snuck access a cpl times at school adn friends but cant really talk anywya , , , , ,
balin79 ;i mean not that u were grounded , , , , , , really why so , , , , , , hey before u go i have something to show u , , , , , , if that is ok , , , , ,
bchism1992 ;sure thats cool i got groudned cuz me a nd a friend got cuaght drinkin her moms beer , , , , ,
balin79 ;really that is totally not right , , , , , , i mean drinking a beer , , , , , , not even a full one , , , , ,
bchism1992 ;well i am and we did drink mor ehtan ha , , , , ,
balin79 ;i want to show u something personal , , , , ,
bchism1992 ;sure what , , , , ,
balin79 ;oh really , , , , , , well it is something underneath my pants ( Your chair ? ) , , , , , , unless if u do not want to c it , , , , ,
bchism1992 ;ha i dont care , , , , ,
balin79 ;"i know u would die if someone found out u viewed it ( \""Die\"" \""Make fun of\"" . . . whatever ) , , , , , , ok i will show it too u , , , , , , it starts with a p and ends in s ( Pimples ? Pustules ? ) , , , , ,"
bchism1992 ;im not duh , , , , ,
balin79 ;yes i know , , , , , , duh , , , , ,
bchism1992 ;peopel do that on the web all the time ( No seriously . . . ALL THE FRIGGIN TIME ! ! ! ! ) , , , , ,
balin79 ;i know , , , , ,
bchism1992 ;guess thats y dad wont give me ha , , , , ,
balin79 ;it doesn't bug ya does it , , , , , , yeah for real , , , , , , i know wut he means , , , , , , crazy people and weird people , , , , , , i guess to a certain point , , , , , , and that is there life style , , , , ,
bchism1992 ;nope its cool with me , , , , ,
balin79 ;ok cool , , , , ,
bchism1992 ;it popped up then said not availabel , , , , , , brb , , , , ,
balin79 ;ok hunny will be waiting , , , , ,
bchism1992 ;had to go bthroom , , , , ,
balin79 ;that is cool , , , , , , u r back anyways righ , , , , ,
bchism1992 ;yeah , , , , ,
balin79 ;u like baby , , , , ,
bchism1992 ;its dark i just see shadow , , , , , , imean i know what it is btu its darik , , , , ,
balin79 ;can u c the bathroom clearly , , , , ,
bchism1992 ;yeah thats brite , , , , , , ha go take a shower ha , , , , ,
balin79 ;u want to take one with me hunny ( I suspect you will experience enough group showers in your future ) , , , , ,
bchism1992 ;sure u gonna come over , , , , ,
balin79 ;sure where is ur house , , , , , , heheh , , , , ,
bchism1992 ;nto now duh my dads home , , , , ,
balin79 ;remember i live in florida , , , , , , hehe , , , , ,
bchism1992 ;i know i live there , , , , ,
balin79 ;i mean later , , , , ,
bchism1992 ;oh yeah , , , , ,
balin79 ;wut part of florida , , , , , , forgot , , , , ,
bchism1992 ;ok , , , , ,
balin79 ;fort meyers right if my mind is correct , , , , ,
bchism1992 ;yeah where r u , , , , ,
balin79 ;boca raton , , , , , , palm beach county , , , , , , hehe , , , , ,
bchism1992 ;how far is that , , , , ,
balin79 ;yeppie , , , , , , like hours west of me ( And he drove the entire way . ) , , , , ,
bchism1992 ;no how far r u from me , , , , ,
balin79 ;it is directly accross from u , , , , , , about miles , , , , , , depending on route alternations , , , , ,
bchism1992 ;cool , , , , , , so wt u doing this wkened , , , , ,
balin79 ;well i have to run for an interview on friday in cocoa beach ( Wonder how the interview went . ) , , , , , , and then saturday i am free , , , , , , u want me to spend the night saturday night , , , , ,
bchism1992 ;wow realy or r u playin me , , , , ,
balin79 ;i am serious , , , , ,
bchism1992 ;hey i gotta turn off hte cma its making my computer run slow , , , , ,
balin79 ;"my options r opened this weekend , , , , , , ok , , , , , , wut did u think of my penis anways ( Well the entire nation was glad Dateline pixilized it . Can you call \""1 pixil\"" pixilization ? ) , , , , , , u like or dislike baby , , , , ,"
bchism1992 ;well if ur serious talk me tmr so i knwo ur not foolin it was cool , , , , ,
balin79 ;here let me give u my cell number , , , , , , -222-6247 . . . u can call me anytime , , , , , , i will pick up the phone , , , , ,
bchism1992 ;i dont remember ur name , , , , ,
balin79 ;eric thornton , , , , ,
bchism1992 ;oh ok well i cant now cuz dad might here me on the phoen plus im abt to crash i got to get up for school , , , , , , ill be on tmw , , , , ,
balin79 ;ok i will too , , , , , , talk to you then , , , , ,
bchism1992 ;cool nite , , , , ,
balin79 ;u have my cell number right , , , , , , byes baby , , , , ,
bchism1992 ;-222-6247 right , , , , ,
balin79 ;yes , , , , , , that is right , , , , ,
bchism1992 ;nite , , , , , , hey there , , , , , , cam man hahah , , , , ,
balin79 ;yes i am the cam man , , , , , , ur the wonderful sexy chickita , , , , , , u want to c my cam and me masterbating baby , , , , , , hehe , , , , ,
bchism1992 ;if u want to , , , , ,
balin79 ;cool , , , , , , i will do , , , , ,
bchism1992 ;where u at , , , , , , hey u want me to call u whts ur number agin , , , , , , where did u go , , , , ,
balin79 ;i am still here , , , , , , had a phone call from one of my friends in orlando , , , , , , if i was coming up to see them tomarrow night , , , , , , u still there hunny bunny ( Still here freaky deaky ) , , , , ,
bchism1992 ;im here r u goin , , , , ,
balin79 ;yes i am to orlando tomarrow , , , , , , how about u hunny , , , , ,
bchism1992 ;just scool did u want me to call u , , , , ,
balin79 ;sure , , , , , , absolutely , , , , ,
bchism1992 ;wht was ur numebr ha i lost it , , , , ,
balin79 ;-222-6247 , , , , , , u still want me to come to fort meyers tomarrow , , , , , , on saturday , , , , ,
bchism1992 ;if ur serious , , , , ,
balin79 ;sorry , , , , , , yes totally , , , , , , i want to totally meet u liz , , , , ,
bchism1992 ;that woudl be cool , , , , ,
balin79 ;yes it would , , , , , , wut would we do , , , , , , if i may ask , , , , ,
bchism1992 ;let me go get the phoen utrn on ur cam so i can see u , , , , ,
balin79 ;ok sounds good , , , , , , let me load it up for you , , , , , , wut do u want to c tonight ( Got any evidence ) , , , , , , anything in particular , , , , , , is dad there ( Check out the danger ) , , , , , , just curious ( Yeah . . . right ) , , , , , , u sound so hot over the phone , , , , ,
bchism1992 ;thanks u too dad is sleepin , , , , ,
balin79 ;alright , , , , ,
bchism1992 ;but didnt wnat to talk long cuz he mightw ake up , , , , ,
balin79 ;is there anything u want to c tonight , , , , ,
bchism1992 ;brb , , , , ,
balin79 ;true true , , , , , , ok , , , , ,
bchism1992 ;ok back . , , , , ,
balin79 ;cool hun , , , , , , so how is life treating u , , , , ,
bchism1992 ;ok u wanna come voer sat nite huh , , , , ,
balin79 ;saturday night , , , , , , sure , , , , , , wut would we do on saturday night baby , , , , ,
bchism1992 ;wht u want to do , , , , ,
balin79 ;"i want to make love to you ( You sweat talker . ) , , , , , , just kidding that is of course a possibility ( The \""just kidding . . . . . but if you want to\"" ploy . ) , , , , ,"
bchism1992 ;well i never done it b4 but only because no one wanted to , , , , ,
balin79 ;hey it is cool , , , , , , we can make love all night long ( All night = seconds ) , , , , , , i want to for u , , , , ,
bchism1992 ;that might be cool i heard it hurts the frist time , , , , ,
balin79 ;yes it does , , , , , , u mean sex , , , , ,
bchism1992 ;yeah , , , , ,
balin79 ;or just making out , , , , , , yes it does , , , , , , i would love to have sex with u hun ( Well I promise you will get screwed . ) , , , , ,
bchism1992 ;tht doesnt sound foun , , , , ,
balin79 ;yes it does , , , , , , we will just c wut happens . . . and how it goes along , , , , ,
bchism1992 ;how long does it take for u dirve here , , , , ,
balin79 ;probably like hours from jupiter , , , , , , is that south of tampa , , , , ,
bchism1992 ;ha i dont know , , , , ,
balin79 ;let me check mapquest . com , , , , , , i want to c my shlong ( You mean your Shlort ? ) , , , , , , just playin , , , , ,
bchism1992 ;well if ur here i guess i might , , , , ,
balin79 ;yes , , , , , , totally , , , , ,
bchism1992 ;so what time can u come over , , , , ,
balin79 ;well if i leave here by pm i can get there by pm , , , , , , unless if i stay in orlando , , , , , , it would probably take me like hours anyways , , , , , , but i am going to have to sleep at your place , , , , , , and not drive back , , , , , , hey hun , , , , , , u want to see my penis , , , , , , so u know wut ur dealing with on saturday night ( I already know I'm dealing with a dick . ) , , , , ,
bchism1992 ;i already saw it , , , , , , but if u want , , , , ,
balin79 ;sure , , , , , , u like it baby , , , , , , u want show u it shoot white stuff if that is ok , , , , ,
bchism1992 ;if u want , , , , , , ur invis , , , , , , ha , , , , ,
balin79 ;yes i am , , , , , , i am here behind my cam , , , , , , one sec hun , , , , , , u want to c me shoot white stuff hunny , , , , , , so u know how much protection i will have to show u wut will be in the condom , , , , ,
bchism1992 ;its dark i only see shadow , , , , , , go backk in the bathroom so i can see u , , , , , , better wow , , , , ,
balin79 ;hey lizzy wut would u do to my cock on saturday if u have a chance ( Cut it off . ) , , , , ,
bchism1992 ;i dont knwo what to do with it , , , , ,
balin79 ;well for beginners u can actually put ur hand around it while kissing me , , , , ,
bchism1992 ;ok , , , , , , u werent there so i turned it off we can just talk now , , , , ,
balin79 ;hun i am about ready cum , , , , , , u want to see it , , , , , , please hun , , , , ,
bchism1992 ;ok , , , , ,
balin79 ;ok cool hunny , , , , , , did u c it , , , , ,
bchism1992 ;not really dark , , , , ,
balin79 ;shoot well it was a load of glory ( *Places face in hand and just shakes head ) , , , , , , hehe , , , , , , stupid me talking all perverted ( Oh you haven't hit the height of your stupidity yet . ) , , , , , , hey any movies coming out on saturday u want to go and c , , , , ,
bchism1992 ;id rather watch dvd at the house , , , , ,
balin79 ;yeah same here , , , , , , any good movies , , , , ,
bchism1992 ;i dont know u have any good movies u can bring , , , , ,
balin79 ;i only have surf videos , , , , , , only one , , , , , , that is all , , , , ,
bchism1992 ;oh ok well maybe u can pick one up , , , , , , hey do u drink , , , , ,
balin79 ;do u have a blockbuster video somewhere , , , , , , yes wut would u like to drink , , , , , , is dad going to be home ( Why does this matter Mr . Honorable . ) , , , , , , or is he going to be away on business , , , , ,
bchism1992 ;i told u dad and his gf are going to orlando for the wkend , , , , , , i tht i id nayway , , , , ,
balin79 ;cool , , , , , , right on , , , , , , sorry for not paying attention , , , , ,
bchism1992 ;so what do u like to drink , , , , ,
balin79 ;anything , , , , , , u name it , , , , , , southern comfort , , , , , , jack daniels , , , , ,
bchism1992 ;idont like hard stuff i liek coolers , , , , ,
balin79 ;coolers r cool , , , , ,
bchism1992 ;i can drink more ha , , , , ,
balin79 ;cool , , , , , , how many should we get , , , , , , they come in packages of , , , , , , i love this one hard liquor called grey goouse , , , , , , vodka , , , , , , mixed with fruit punch , , , , ,
bchism1992 ;does it burn i dont like it to burn bad , , , , , , hey i thth of somethign u know how to get here to my house ha , , , , ,
balin79 ;well if u do like /4 cup fruit punch and /4 grey goouse and about half filled with ice then drink it up with a slice of orange , , , , , , yeah totally , , , , , , hey hold on one sec , , , , , , i am back , , , , , , sorry for the delay , , , , ,
bchism1992 ;np where did u go , , , , ,
balin79 ;i had to call one of the people that was on my caller id , , , , , , ok location of the house , , , , , , by the way when is ur b-day , , , , , , i have to send u a card , , , , , , mine is april , , , , ,
bchism1992 ;-Aug , , , , ,
balin79 ;oh that is right i remember , , , , ,
bchism1992 ;oh happy late bday , , , , ,
balin79 ;thank u sweety . . . kisses and hugs , , , , , , so back to the location at ur house , , , , , , u live in ft . meyers , , , , , , do u have the address , , , , ,
bchism1992 ;duh i live here , , , , ,
balin79 ;i live at n . highway a1a , , , , , , |jupiter , florida| , , , , , it is called ocean parks , , , , ,
bchism1992 ;{BUST HOUSE ADDRESS REMOVED} , , , , ,
balin79 ;oh what the heck am i talking about , , , , ,
bchism1992 ;i have no idea ha is htat ur addres s u can mapquest ot mine let me give u zip and stuff , , , , , , ft myers , , , , , , got it , , , , ,
balin79 ;yep i am loading it up right now , , , , , , hey it looks like hours exactly with traffic , , , , , , you r only like miles away from me , , , , ,
bchism1992 ;cool what do u drive so i can look for u , , , , ,
balin79 ;a blue honda element , , , , , , i drive a box car , , , , ,
bchism1992 ;ha ive seen those their cool , , , , ,
balin79 ;yes they r , , , , ,
bchism1992 ;do they go fast , , , , ,
balin79 ;so on saturday afternoon give me a call . . . at around pm and then call me at around pm to let me know that ur waiting for me , , , , , , and then by around to :15pm i will call u and let u know i am at ur house , , , , , , unless if u want me to call u earlier , , , , ,
bchism1992 ;sure will do wait r u gonna be here at or , , , , ,
balin79 ;unless if u want me there earlier , , , , , , depending on u , , , , , , i have nothing to do the whole day , , , , ,
bchism1992 ;i dont care but i need to make sure im home in case i go visit a freind , , , , ,
balin79 ;well u have a cell phone correct , , , , ,
bchism1992 ;yeah but i can only call out dad has some code that only he can call in so peopel done waste his minutes , , , , ,
balin79 ;TRUE , , , , , , wut time do u want me at ur door , , , , ,
bchism1992 ;but if u say hten thats ok we will have longer , , , , , , is fine , , , , ,
balin79 ;u sure , , , , , , not earlier or later , , , , , , i mean i want u spend some time with ur friends , , , , ,
bchism1992 ;not friends they might tell my dad , , , , ,
balin79 ;oh it is cool , , , , , , well i will plan on being there at around pm , , , , , , or so , , , , ,
bchism1992 ;ok cool well i better get bed im gonna be tired in school tmr , , , , , , cant wait till sat ill talk u tmr nite , , , , ,
balin79 ;yes mam , , , , ,
bchism1992 ;hahah g nite , , , , ,
balin79 ;ok sounds good , , , , , , good nite . . . . luv u , , , , ,
bchism1992 ;nite , , , , ,
balin79 ;i luv u baby , , , , , , u love me , , , , , , hey hun , , , , , , how u doin , , , , ,
bchism1992 ;ha there , , , , ,
balin79 ;yes i am definitely coming to c u tomarrow , , , , , , i am leaving here at pm , , , , ,
bchism1992 ;doing good hung out wth friend today cool ic ant wati see u , , , , , , yeah be here at right , , , , ,
balin79 ;i know hunny , , , , , , i want to be with u tomarrow totally , , , , ,
bchism1992 ;hey u want me to cook somethign or u wanna bring a pizza cuz ill be hungry aat that time , , , , ,
balin79 ;well it is up to u , , , , , , r u in the mood for me to bring something , , , , , , i mean if there is nothing around the house , , , , , , what time do u usually eat dinner , , , , ,
bchism1992 ;eat at abt btu i can wait till if u bring sometihg i can pay for mine wn u get here , , , , ,
balin79 ;alright , , , , , , is there a pizza joint somewhere close to u , , , , ,
bchism1992 ;yeah but i normally just have them delvier , , , , ,
balin79 ;oh that is cool , , , , , , i can use my credito cardo ( Good you can use it to pay your bailo and court costo's . ) , , , , , , credit card , , , , ,
bchism1992 ;thats cool wish i had , , , , ,
balin79 ;u want mine . . . just playing , , , , , , my thing is how much plastic can u get into a wallet , , , , , , without tearing it at the seam . . . hmmmmm , , , , ,
bchism1992 ;ha u must have a lot , , , , ,
balin79 ;well let just say i do not carry any dollar bills with me at all ( Ahh a strip club freeloader . ) , , , , ,
bchism1992 ;ok cool hey i know u probably think this is silly but do u ever do those quizzes on line , , , , ,
balin79 ;quizzes , , , , , , u mean for school , , , , ,
bchism1992 ;my fiend sent me one abt if u were a disney ride what wd it be and u answer questinso nad it tells u kind of stupid but fun , , , , ,
balin79 ;yeah i have done those , , , , , , i have done probably every single quizz online , , , , , , even those that you have to pay for , , , , , , even though it is a pop-up , , , , , , |love , sex , puzzles , question answer thingies| , , , cosmos , , , , ,
bchism1992 ;didnt knwo u had to pay for any i tht they were all free here is one i did {REMOVED QUIZ LINK} i wanna see if we are the smae or not , , , , , , take it and ill tell u what i was and see if its the same ro wt , , , , , , btw if i go offline im prolly still here my fiend is spending the night na dsleeping if she wkas up i dont want her to see who im talkin to , , , , , , u done yet , , , , ,
balin79 ;yes wow that was awesome , , , , , , i am goofy , , , , ,
bchism1992 ;i know but what who are you , , , , , , hahahaha , , , , ,
balin79 ;|it says always willing to help others , not worried about embarrasing urself , so you are one who is more willing to try new things| , , , , what r u hunny , , , , , , goofy ? , , , , ,
bchism1992 ;i was micky mouse , , , , ,
balin79 ;really sweet , , , , , , that is so cute , , , , , , of course mickey is cute , , , , , , but ur even more adorable and cute and sweet and even sexier than him , , , , , , even though it is a disney character , , , , , , hey did u know that i was in the disney college program , , , , , , for about months then i dropped out because i was in hospitality school , , , , ,
bchism1992 ;no cool wt did u do , , , , , , you work at a hospital , , , , ,
balin79 ;i was working with the disney golf school , , , , , , |hospitality management . . that is like customer service , tourism management , sales for airline , car transportation , golf course management , and attractions development|
bchism1992 ;oh ha i feel dum , , , , ,
balin79 ;why hun , , , , , , ur not dumn . . . ur simply intelligent in ur own way and i luv people for who they are inside , , , , , , that is why i am goofy but a goofy who is willing to help each person out that i possibly can , , , , ,
bchism1992 ;no i meant dum because i thot it meant hospital , , , , ,
balin79 ;u know that is actually true with the phrases underneath the disney characters name , , , , , , oh , , , , , , well hospitals u can do alot of stuff in , , , , , , |such as food and beverage , event planner for medical events , and stuff like that| , , , , also transportation to a local hotel to car extravaganza , , , , , , i am like a concerige at a hotel , , , , , , actually i am a hotelier but with a concerige background , , , , ,
bchism1992 ;cool u work in hotel now , , , , ,
balin79 ;nope actually i am unemployed but trying to get back into the hotel industry , , , , , , |hopefully i can work at either ritz carlton , or the real upscaled hotels like the waldorf historia| , , , ,
bchism1992 ;oh ir emembere d somethign iw anted to ask u what car did u say udrive , , , , ,
balin79 ;a honda element . . . color blue atomic metalic , , , , , , not that crappy purple blue , , , , , , a cool blue , , , , , , it stands out of everything , , , , , , even the most luxurious restaurants want to pull my car upfront , , , , ,
bchism1992 ;thats wht i tht but ur profile said a scion is that the same kind , , , , ,
balin79 ;well it is a little bit different , , , , , , the scion is made by toyota and is a smaller version of a smaller box type vehicular mobile , , , , ,
bchism1992 ;buyt ur profile says you have did u used to have one and trade it in , , , , ,
balin79 ;yes i did used to have one , , , , , , |i had a gray scion xb . . a small box version . . and yes u r correct , but i got into an accident with the scion xb| , , , , , it was totalled , , , , ,
bchism1992 ;i home u didnt get hurt , , , , ,
balin79 ;well a knock on the head and a pulled left leg muscle , , , , ,
bchism1992 ;im sorry , , , , , , im looking at ur profile now ha u dont work at walgreens now , , , , ,
balin79 ;nothing serious though , , , , , , nope , , , , , , i worked there for about year , , , , , , and then they fired me , , , , , , about a week ago , , , , ,
bchism1992 ;huh wha for , , , , ,
balin79 ;|they said that i was terminated on the premises that there was a monetary issue of shortages every day , and the paper work was correct but the computer work was wrong| , , , , , i was over dollars for an accounting error , , , , , , for total cash taken in , , , , ,
bchism1992 ;u got fired fo $27 , , , , ,
balin79 ;yep , , , , , , that is how tough they are on there employees , , , , ,
bchism1992 ;they wont just take the money back , , , , ,
balin79 ;i never took it , , , , ,
bchism1992 ;i know but they didnt even offer , , , , ,
balin79 ;nope , , , , , , they put on the write up that i was going to be terminated on the premises that the overage was dollar in an accounting error of computer work , , , , , , they never even offered me anything in return , , , , , , the district manager was an african american ( He WAS African American ? What is he now ? ) , , , , , , and he was watching me like a hawk , , , , ,
bchism1992 ;oh , , , , ,
balin79 ;|he was so concerned about sales that he even put in parenthesis , also he was insubordinate , as well as low sales increases| , , , , it was not my fault , , , , ,
bchism1992 ;gee what a jerk , , , , ,
balin79 ;i was totally respectful to bosses who worked in the same area , , , , , , i know for real , , , , , , he would not even talk to me face to face on how i am doing with my career with walgreens , , , , ,
bchism1992 ;that sucks , , , , ,
balin79 ;|i know he is in charge of stores , but get real he was such a moron that he never even tried to explain that i was not cut out for the job| , , , ,
bchism1992 ;ok im gonna go to bed u want me to call u when u leave tmr at , , , , ,
balin79 ;and now i am going to loose my health insurance if i do not get my unemployment fees , , , , , , sure baby , , , , , , i would totally love to call u , , , , , , or u call me another words , , , , , , wish i can sleep with u tonight , , , , ,
bchism1992 ;ok cool im gonna be with my firend tmr so then i can hav e a reason to come home so if I dont call right at u will still be on ur way right , , , , ,
balin79 ;i luv u baby , , , , ,
bchism1992 ;cool , , , , ,
balin79 ;yes totally , , , , , , i live u hun , , , , , , do u luv me , , , , ,
bchism1992 ;well i dont know u enug to luv u but I like ur an dur really cool , , , , ,
balin79 ;thanx baby , , , , , , good nite sleep tight and do not let the bed bugs bite , , , , ,
bchism1992 ;nite , , , , ,
