ID;msg
ballsac49829 ;ya y
decoy ;idk cos i dont think i know u
ballsac49829 ;u want to trade some pics
decoy ;idk asl ?
ballsac49829 ;/m/mi bi married u
decoy ;f mi not bi not married , lol
ballsac49829 ;u got any pics to trade
decoy ;yeah
ballsac49829 ;send one , nice , what kind ya want
decoy ;idc , is that ur wife ?
ballsac49829 ;no just someone i traded with , ill show wife next
decoy ;how old is she ?
ballsac49829 ;not sure , your turn
decoy ;|well if ure not going to send pics of u , y do i want pics ? |
ballsac49829 ;thats y i asked what kind ya wanted
decoy ;well y do i want a pic of some girl ? , especially if u dont even know who she is
ballsac49829 ;sorry ill send one of wife
decoy ;shes pretty how old is she ?
ballsac49829 ;thanks
decoy ;u dont have any of u ?
ballsac49829 ;ya some of me wearing wifes panties , your turn , your hott , u
decoy ;thats not such a great pic of me , lol
ballsac49829 ;like the faces your making , so what ya want wife or me
decoy ;u
ballsac49829 ;nice pic
decoy ;how come ur wife didnt take the pictures ?
ballsac49829 ;she dont know i share them on here
decoy ;good reason , lol , how come ?
ballsac49829 ;never told her , u
decoy ;me what ?
ballsac49829 ;turn
decoy ;where in mi do u live ?
ballsac49829 ;upper peninsula
decoy ;i live a hour from kalamazoo
ballsac49829 ;north or south
decoy ;idk i just know it takes a hour to get to my grampa s
ballsac49829 ;i c so your about to hours away from me
decoy ;if u say so
ballsac49829 ;more pics , any in swimsuit or something like that
decoy ;not on this computer
ballsac49829 ;you got a cell phone
decoy ;my mom took it cos i was talkng on it too much , that and cos she sux , lol
ballsac49829 ;more pics please
decoy ;gonna add me ?
ballsac49829 ;your so sexy
decoy ;u think so ?
ballsac49829 ;ya , keep sending , last one of me
decoy ;u dont have any of ur face ?
ballsac49829 ;no sorry , got any of your butt , or full body pics , very nice , send more please , any of butt or more body
decoy ;im a goof
ballsac49829 ;nice , keep sending , oh ya i like that one in bed , more please
decoy ;y ?
ballsac49829 ;i like you your hot
decoy ;ty vm
ballsac49829 ;anymore
decoy ;not on this computer , ill have ot get them
ballsac49829 ;u into phone at all
decoy ;what do u mean ?
ballsac49829 ;want to talk on the phone and get dirty
decoy ;that sf a key f a key
ballsac49829 ;not really i love it
decoy ;may be when i get my phone back i guess
ballsac49829 ;k , you got me all horny and hard
decoy ;how did i do that ?
ballsac49829 ;just by your pics your hott
decoy ;heh thanks , i have to go , i have to take get ready for tomorrow . , ttys
ballsac49829 ;k
decoy ;boo , uve been gone for a while
ballsac49829 ;asl
decoy ;f mi
ballsac49829 ;ya its been awhile , got any pics to share
decoy ;i gave u a bunch of pics
ballsac49829 ;any new one , ones
decoy ;not yet
ballsac49829 ;send a couple to remind me please , u there , lets share some pics please , <ding> , hello , want to see some hot pics of my wife
decoy ;last time u said that u sent me a pic of some girl u didnt even kno
ballsac49829 ;send me one of you and ill send ones of wife , left or right , ? ?
decoy ;left
ballsac49829 ;very nice i like , send more , hello , u there
decoy ;y more ?
ballsac49829 ;cause your hott i like , please , pretty please , thank u , u want more of wife , send more please , <ding>
decoy ;y do i want to see ur wife
ballsac49829 ;not sure what ya want to see
decoy ;well ive already seen u in ur red undies
ballsac49829 ;i got more of other guys and boys , well ?
decoy ;boys ? like my age ?
ballsac49829 ;sure
decoy ;like the kind of u in ur undies
ballsac49829 ;some most nude though , well , u there
decoy ;yeah sorry , my mom came in cos shes packing to go to windsor
ballsac49829 ;k sorry i got booted also
decoy ;and i didnt want her to know i was chatting
ballsac49829 ;lets trade some more , no prob
decoy ;shes going to wind so , windsor , have u been there ?
ballsac49829 ;no , i have to close ill be right back on puter is messing up
decoy ;kay'
ballsac49829 ;send another , nice , so what ya want
decoy ;a pic of u
ballsac49829 ;all i have are the ones of me in red panties
decoy ;u dont have more ? , u should take more , lol
ballsac49829 ;i know i havent had time , but i got others of guys and boys , well ? , ? ?
decoy ;boys r boring
ballsac49829 ;how about some blow job pics
decoy ;idk that sf a key f a key
