ID;msg
blindsey_01 ;same got out of the shower not to long ago i was unpacking all day , , , ,
Nahtasha ;lol cool whats ur asl ? , , , ,
blindsey_01 ;male milledgeville , , , ,
Nahtasha ;cool why u unpackin ? , , , ,
blindsey_01 ;well i was in the airforce in kansas moved back here a month ago been waitin till to day to get my stuff , , , ,
Nahtasha ;oh okay lol kansas , , , ,
blindsey_01 ;yea but im from ga , , , ,
Nahtasha ;cool i bet u happy to be back in ga kansas would suck , , , ,
blindsey_01 ;actually theres alot less bordem there but your right to flat and no trees , , , ,
Nahtasha ;i dunno nothing about that but i like ga ive lived here forever only place i liked more was jamaca but then thats the only other place i went to , , , ,
blindsey_01 ;i liked england pretty well , , , ,
Nahtasha ;lool that seems stuffy , , , , , like tea all day and the queen and shit probs aint no black people notwheres , , , ,
blindsey_01 ;yes there is and they party almost as hard as a georgan , , , ,
Nahtasha ;wow thats cool , , , ,
blindsey_01 ;so wht part of ga you in , , , ,
Nahtasha ;im no of columbus , , , ,
blindsey_01 ;im north of macon , , , ,
Nahtasha ;cool i aint been there yet , , , ,
blindsey_01 ;wht macon , , , ,
Nahtasha ;yeah my mom dont let me go nowhere , , , ,
blindsey_01 ;and your how old , , , ,
Nahtasha ;im , , , ,
blindsey_01 ;well that be why , , , ,
Nahtasha ;nah thats not why , , , ,
blindsey_01 ;humm then i dont know but the pic on your profile you look more like , , , ,
Nahtasha ;lol thanks but i guess thats bad for when im cause then ill look real old , , , , , she just dont want me ending up like my dad hes in jail so she thinks the cities are the devil you know , , , ,
blindsey_01 ;hell im and everone thinks im ( Thankfully photographical evidence disproves this ) , , , ,
Nahtasha ;thats cool that slucky for you i guess , , , ,
blindsey_01 ;not when your trying to hook up and they say im lieing about my age , , , ,
Nahtasha ;lol u dont gotta id ? , , , ,
blindsey_01 ;yea and i show them but they still dont believe me , , , ,
Nahtasha ;wow they dumb then like u gonna get a fakers to make you look u know ? , , , ,
blindsey_01 ;yea they are dumb around here cuz when i do eventually hook up they tease me then leave me hanging , , , ,
Nahtasha ;lol thats cold girls can suck , , , ,
blindsey_01 ;yea and some that i hook up will tell me there older and want to but tell me at the last min , , , ,
Nahtasha ;lol what does that matter ? , , , ,
blindsey_01 ;to risky cuz they be under and that is robin the cradle , , , ,
Nahtasha ;lol whatever im not a baby so stfu , , , ,
blindsey_01 ;but they can also come back and say rape to and theres no statue of limitations on it , , , ,
Nahtasha ;any girl can say that . , , , ,
blindsey_01 ;yea but under is alot harder on judgment if found guilty but if a guy does it right they wont do that unless there just mean ( And there goes any indication that he might not be a predator ) , , , ,
Nahtasha ;lol itd have to be a real mean girl for that thatd be crazy , , , , , i coldnt ever do that my mom would kill me for even saying rape u know shed be all why u with that boy i know better , , , ,
blindsey_01 ;yea used to be the parents would resolve these things but now the government got to get involved but now i have been close to not caring about the age and getin closer been that long scince i had it , , , ,
Nahtasha ;i dont know nothing bout that junk but thats cool i guess , , , ,
blindsey_01 ;i take it you a virgin , , , ,
Nahtasha ;lol no but im no ho , , , ,
blindsey_01 ;well my last wasent a ho she was just a sexaholic , , , ,
Nahtasha ;lol i dont see what u complaning about then , , , ,
blindsey_01 ;well she was in kansas now im in ga , , , ,
Nahtasha ;yeah but your all like oh oh its been so long its been so long but u just moved back so i think your the sexolholic guy lol , , , ,
blindsey_01 ;oh i am but i been back a month and i was going so much hell it was a wounder i got my stuff packed in the first place , , , ,
Nahtasha ;oh that sucks sorry to hear that , , , ,
blindsey_01 ;so if your going that much and then nothing it sucks , , , ,
Nahtasha ;yah i guess so i dunno , , , ,
blindsey_01 ;but now i done gave you the impression im a perv ( Oh silly me ) , , , ,
Nahtasha ;lol honest is honest i dont care , , , ,
blindsey_01 ;well im not a perv im just very open about sex , , , ,
Nahtasha ;thats cool i dont care , , , ,
blindsey_01 ;god i want to get out with someone right now , , , ,
Nahtasha ;lol u all wild crazy , , , ,
blindsey_01 ;|not really just bored and im better in person i like to make people laugh and i talk a lot ( Lord , does he talk a lot . A LOT . ) | , , ,
Nahtasha ;thats cool laughin is fun , , , ,
blindsey_01 ;and i like to go muddin , , , ,
Nahtasha ;lol thats dirty , , , ,
blindsey_01 ;true but fun , , , ,
Nahtasha ;lol i aint done that , , , ,
blindsey_01 ;nothin to it just drive through the mud with four whell drive and slide around a bit kinda like lying drag , , , ,
Nahtasha ;lol i dont drive , , , ,
blindsey_01 ;well when you do youll probably atleast once floor it and try to smoke some tire , , , ,
Nahtasha ;lol maybe depends what kinda car i got i probs wont have no truck , , , ,
blindsey_01 ;i have a jeep but once i get the job in albany then ill have my truck , , , ,
Nahtasha ;cool , , , ,
blindsey_01 ;and thats bucks an hour and it hours days aweek , , , ,
Nahtasha ;lol wow what u do to make that kinda money ? , , , ,
blindsey_01 ;im ex military i was an aircraft mechanic , , , ,
Nahtasha ;that sounds like hard work man im gettin tired , , , ,
blindsey_01 ;i aint happy unless im working hard helps my slim figure , , , ,
Nahtasha ;lol cool , , , ,
blindsey_01 ;even though i dont have that much of one now , , , ,
Nahtasha ;that dont matter too skinn is ugs , , , , , im tired im gonna go to bed talk to you later if u see me online cool ? , , , ,
blindsey_01 ;ok goodnight , , , , , hey wht up ( See ? ) , , , ,
Nahtasha ;not much u ? , , , ,
blindsey_01 ;same trying to figure somthing to do , , , ,
Nahtasha ;that sucks i hate being bored too , , , ,
blindsey_01 ;hell i would go off to the riverbridge if i could find some one to go with , , , ,
Nahtasha ;lol thats cool prbs better than inside , , , ,
blindsey_01 ;yea but no one wants to go , , , ,
Nahtasha ;thats too bad that would be more fun , , , ,
blindsey_01 ;to bad you cant go , , , ,
Nahtasha ;yeah i cant get out today , , , ,
blindsey_01 ;your mom , , , ,
Nahtasha ;yeah shes home today , , , ,
blindsey_01 ;and your also probably not to close to milledgeville , , , ,
Nahtasha ;i dunno even where thats at whats it by ? , , , ,
blindsey_01 ;macon , , , ,
Nahtasha ;im no of columbus , , , ,
blindsey_01 ;how far from maco , , , , , macon , , , ,
Nahtasha ;i dont think its that far i dunno tho never been there , , , ,
blindsey_01 ;if you got to go south then your not far from me , , , ,
Nahtasha ;im north of columbus , , , , , georgia aint that big it aint like texas or somethin , , , ,
blindsey_01 ;i know but i ment if you had to go south to macon then your not far from here , , , ,
Nahtasha ;oh i gotcha i didnt know what u were sayin , , , , , is macon cool ? , , , ,
blindsey_01 ;it ok if you like big city and driven almost mins to get from one place to another , , , ,
Nahtasha ;i dunno nothin about that but i bet its got all sorts of cool stuff to do , , , ,
blindsey_01 ;its ok i guess i usually go to the mall , , , ,
Nahtasha ;thats cool thatd be fn , , , ,
blindsey_01 ;it takes me an hour to get there , , , ,
Nahtasha ;thats not so bad if u like goin there , , , , , im gonna go make food , , , , , ill be back a little later , , , ,
blindsey_01 ;ok , , , , , hey wht up ( SEEEEEEE ? ) , , , ,
Nahtasha ;not much just getting tired u ? , , , ,
blindsey_01 ;same got to do somthing tomorrow or im gonna go nuts , , , ,
Nahtasha ;yeah no doubt , , , , , i think im goinna go to bed here in a sec wanna chat more tomorrow ? ( Third time I've blown him off . THIRD TIME ) , , , ,
blindsey_01 ;sure im feeling a bit hungrey to , , , , , ill chat tomorrow , , , ,
Nahtasha ;thats too bad u should find something to eat , , , , , okay talk to you tomorrow , , , ,
blindsey_01 ;|hey wht up ( I hate you , Blindsey ) | , , ,
Nahtasha ;not much what up with u ? , , , ,
blindsey_01 ;just downloading my pics from my digital camra , , , ,
Nahtasha ;oh cool , , , ,
blindsey_01 ;thats one of them , , , ,
Nahtasha ;that never works can u email it to me ? , , , ,
blindsey_01 ;oh ok , , , ,
Nahtasha ;i gotta firewall so it screws it up , , , , , Nahtasha . com , , , ,
blindsey_01 ;ok i sent it so wht u up to today or you just going crazy , , , ,
Nahtasha ;im just bored like usual , , , , , cool ill check my email , , , ,
blindsey_01 ;|yea i going to mud on my own today cuz im tired of not being able to find anyone to go and if i dont get out ill explaos ( Fucking mudding . Call me a Northerner , but seriously people . . . c'mon ) | , , , , expload ( Still got it wrong ) , , , ,
Nahtasha ;lol that sucks , , , , , oh wow cute baby , , , , , you look tough in the uni , , , ,
blindsey_01 ;but i aint or atleast i dont like to think so , , , ,
Nahtasha ;oh your not tough u a big softy ? , , , ,
blindsey_01 ;to babys and women , , , ,
Nahtasha ;lol cool , , , ,
blindsey_01 ;lol i just took one of those intermet test and it says im best suited to be an adult film acter , , , ,
Nahtasha ;lol oh yeah why is that ? , , , ,
blindsey_01 ;it asked alot of sexual questions and based it of my answeres even though i cant remeber the questions or answeres ( Scintillating conversation ) , , , ,
Nahtasha ;lol thats cool then u gotta link ? , , , ,
blindsey_01 ;it was through yahoo one of my contacts sent me a match test , , , ,
Nahtasha ;oh cool , , , ,
blindsey_01 ;they took it and it revealed them to be a nudest , , , ,
Nahtasha ;lol is that compat with an adult film star guy ? , , , ,
blindsey_01 ;i dont know probably because everyone walks around nude on the sets , , , ,
Nahtasha ;lol probably thatd be crazy , , , ,
blindsey_01 ;yea but i couldnt do that , , , ,
Nahtasha ;why not ? , , , ,
blindsey_01 ;too many people looking at my endowment , , , ,
Nahtasha ;lol thatd bother u ? , , , ,
blindsey_01 ;yep , , , ,
Nahtasha ;why ? , , , , , One second bathroom , , , ,
blindsey_01 ;ok , , , ,
Nahtasha ;back so why woudl that bother u ? , , , ,
blindsey_01 ;cuz i beleave that only the person im gonna be around has the right to see it and no one else ( What a true man of the millenium ) , , , ,
Nahtasha ;oh okay thats nobel i guess , , , ,
blindsey_01 ;besides it make me nervus tor , , , ,
Nahtasha ;lol it wouldnt make me nervuous i like attencion , , , ,
blindsey_01 ;now if i was comfortable with them all and i was making alot of money and stayed single i could do it , , , ,
Nahtasha ;lol thats more honest , , , ,
blindsey_01 ;but to many problems doing that while in a relation ship to much room for jelosy , , , ,
Nahtasha ;probably yeah i guess if the person is all freaked by it , , , ,
blindsey_01 ;but on a diferent note thats where i got alot of my skills and positions from , , , ,
Nahtasha ;huh ? , , , ,
blindsey_01 ;watching adult films , , , ,
Nahtasha ;they like teach u ? i havent seen one yet , , , ,
blindsey_01 ;only if you have a imagination like mine that also blocks out the idea that women arent just sex idols , , , ,
Nahtasha ;lol nothing wrong with being idolzed , , , ,
blindsey_01 ;true as long as it doesent go so far as to you think thats all women are good for , , , ,
Nahtasha ;yeah no doubt but to have guys like u is good , , , ,
blindsey_01 ;i guess so i have both a freaky side but gental and sincere , , , ,
Nahtasha ;thats good , , , , , a mix is good , , , ,
blindsey_01 ;now i do have a mean side if i am mistreated or misled to a certain point i dont mind being used for sex as long as it doesent hurt me in the process , , , ,
Nahtasha ;yeah i dont like being played either but otherwise all good , , , ,
blindsey_01 ;hang on i got to pull my jeep out of the drive way before my sis gets home and blocks me , , , ,
Nahtasha ;cool , , , ,
blindsey_01 ;ok im back , , , ,
Nahtasha ;that was fast , , , ,
blindsey_01 ;im fast in everything i do , , , ,
Nahtasha ;lol i dunno if THAT is a good thing , , , ,
blindsey_01 ;well in the bad ones i make up for in volume and other things ( I don't even know what this means ) , , , ,
Nahtasha ;lol cool ( See ? ) , , , ,
blindsey_01 ;beleave it or not theres one thing i like to do more than sex , , , ,
Nahtasha ;whats that ? , , , ,
blindsey_01 ;|well i like to eat pussy more than penitration ( For a while , I figured that he'd just talk about his boring ass life and then bore me to death the entire conversations we had . Then he decided to go crazy-go-nuts and land himself in jail . I was relieved . ) | , , ,
Nahtasha ;wow i never had that , , , ,
blindsey_01 ;never had a guy go down on you , , , ,
Nahtasha ;no , , , ,
blindsey_01 ;you dont know wht you were missing and nether do they , , , ,
Nahtasha ;lol him not they , , , , , and yeah i guess thats what every1 says , , , ,
blindsey_01 ;its one of the things if done right can make a girl reach extacy to the point of almost passing out , , , ,
Nahtasha ;lol yeah right no way , , , ,
blindsey_01 ;but its not wise to do that to that point if you intend to do more and i havent quit masterd it to that point any way i can make a woman cumm and very well lubrcated and more sensitive , , , ,
Nahtasha ;wow thats cool that sounds hot , , , ,
blindsey_01 ;yea and its one thing a guy can do and have no doubt that he is or isnt pleasing a woman to the fulist , , , ,
Nahtasha ;thats cool that sounds nice , , , ,
blindsey_01 ;dont tell me your geting a bit excited , , , ,
Nahtasha ;lol i like the sound of it yah , , , ,
blindsey_01 ;|god then if you were to ever get with me i dont know how many things i could do that you have never experianced ( Yeah , like muddin' ) | , , ,
Nahtasha ;lol prob a lot , , , , , , , , ,
blindsey_01 ;and heres the other thing have you ever had a white boy , , , ,
Nahtasha ;no just my ex omar , , , ,
blindsey_01 ;theres a diference in our erection , , , ,
Nahtasha ;whats the diff ? , , , ,
blindsey_01 ;we are a bit fermer and we can maintain it a little longer ( I don't know or want to know why he thinks he knows this . ) , , , ,
Nahtasha ;really ? wow i didnt know that , , , ,
blindsey_01 ;in fact we are hard as a rock , , , ,
Nahtasha ;whys it different ? , , , ,
blindsey_01 ;cuz ours dosent give as much it dosent bend or as flexable at the full erection ( Tell your local science teacher today ) , , , ,
Nahtasha ;oh wow thats crazy i neer new that , , , , , sounds like whte guys are better then ? , , , ,
blindsey_01 ;well i dont know if i would go that far you would have to see for your self cuz everywoman is different in wht they prefer , , , ,
Nahtasha ;oh yeah i would prob huh ? , , , , , i dunno the guy i was with was lazy so nething is prbs better than that , , , ,
blindsey_01 ;true but i have had your type before and they liked it better , , , ,
Nahtasha ;thats cool it sounds better if that strue , , , ,
blindsey_01 ;souds like you want to try it in away , , , ,
Nahtasha ;"lol it dont sound bad :""> , , , ,"
blindsey_01 ;to bad you so far away then , , , ,
Nahtasha ;lol i aint that far u crazy , , , , , georgia aint that big its not like texas omg , , , ,
blindsey_01 ;well wht city you in , , , ,
Nahtasha ;im no of columbus , , , , , small place u probs aint heard of it , , , ,
blindsey_01 ;i may have i used to travel all through the state working constrution and small jobs , , , ,
Nahtasha ;oh cool , , , ,
blindsey_01 ;from here it take me two hours to get to columbusmaby less to get to you depending on wht city you are in , , , ,
Nahtasha ;im in fortson , , , ,
blindsey_01 ;its about the same , , , ,
Nahtasha ;cool thats not far , , , ,
blindsey_01 ;nope id go through macon and waner robins and then id have to worry if i got the gas to get back ( Winner ) , , , ,
Nahtasha ;huh ? , , , ,
blindsey_01 ;id have to worry once i got there if i had the gas to get back to milledgeville i have a gas guzler and no money to put gas back in it , , , ,
Nahtasha ;my moms gotta gas card she usual leaves around , , , , , but i mean if u dont wanna thats your thing , , , ,
blindsey_01 ;i do but id have to wait till i know ill have the money for gas on the way back and if your mom sees me around wht would she do , , , ,
Nahtasha ;lol kill me but shes not always here so it dont matter i watch the house a lot , , , ,
blindsey_01 ;cool but wht all would we do if i was to come there ( THERE IS AN A IN WHAT ) , , , ,
Nahtasha ;i dunno depends on what u wanna do im down for w/e , , , ,
blindsey_01 ;and you got no problem me being , , , ,
Nahtasha ;age is just a numbah and color is just a shade , , , ,
blindsey_01 ;same here cut me i bleed the same coler ( I hate Blindsey ) , , , ,
Nahtasha ;lol yeah thats what matters , , , ,
blindsey_01 ;|god if i had about bucks i would come get you and bring you back here and go muddin ( I really , really hate Blindsey ) | , , ,
Nahtasha ;lol thats a big trip for muddin , , , , , lol so u can use gas to go thru mud but not to see me wow , , , ,
blindsey_01 ;nope its not that its just if i go there tonight then i cant get wht i got to do tomorrow done and it might be better for me to come tomorrow any way cuz i could leave a little earlier that way i may not be coming back at night , , , ,
Nahtasha ;you cant come tonight anyways my mom is home till fri , , , ,
blindsey_01 ;wht about sat , , , ,
Nahtasha ;yeah shes gone til early mon , , , ,
blindsey_01 ;ok maby i can do it this weekend then i should be able to come up with some money , , , ,
Nahtasha ;wwo thatd be cool i thogth i was gonna be bored all weekend , , , ,
blindsey_01 ;now if shes gone all weekend and i could get my sister out for the weekend i could possibly bring you back here and if things go to late youd be able to spend the night , , , ,
Nahtasha ;i guess but we gotta big house , , , , , so its cool either way , , , ,
blindsey_01 ;ok so just how horny did you get during or conversation , , , ,
Nahtasha ;lol a bit yeah , , , , , its nice to have a guy like me that way , , , ,
blindsey_01 ;let me ask has your ex asked you to give him head and did you , , , ,
Nahtasha ;he didnt ask no he just wanted reg and then i came back from vacay and he broke up with me so he wont visit , , , , , but its cool im over him now he was lazy anyays , , , ,
blindsey_01 ;|so you never sucked dick right ( I said it too fancy for him , I think ) | , , ,
Nahtasha ;no not yet , , , ,
blindsey_01 ;i have had it and i dont really like it , , , ,
Nahtasha ;what oral ? , , , ,
blindsey_01 ;yea cuz they were sucking it and then bit down and said i thought thats wht you soposed to do , , , ,
Nahtasha ;omg they bit ? , , , , , wow your not posed to do that , , , ,
blindsey_01 ;yep needles to say they didnt get none from me and scince then ive had girls try it but i wont let them cuz of that , , , ,
Nahtasha ;thats weird well i guess if u dont let them try youll never have good then , , , ,
blindsey_01 ;i might eventually but as long as they let me caoch them , , , ,
Nahtasha ;lol yeah thatd make it easier i think , , , ,
blindsey_01 ;not to give the impression that i have a big ego but how bad are you wanting it now , , , ,
Nahtasha ;lol u got me goin a bit yeah , , , ,
blindsey_01 ;tell you this is how i usually start i give a message starting from the neck and shoulders down and if i get the raction i usually get ill undo the pants and bra with my mouth then ill suck on the niples and lick the breast working my way down to your pussy slowly and lick the clit till your wet enough for me to slide my tung inside i wiggle it around till you cumm several times or im grabed and told to put it in , , , ,
Nahtasha ;oh wow youd really do that to me ? , , , ,
blindsey_01 ;yep i very rarly just go at it , , , ,
Nahtasha ;thats awesome thats not lazy at all , , , ,
blindsey_01 ;im not lazy when it comes to sex and its hard to get me on bottem and even then ill wrape my arms around you and thrust from the bottem , , , ,
Nahtasha ;lol thats cool that seems considerete , , , ,
blindsey_01 ;and then after i cumm ill eat pussy till im ready to go again , , , ,
Nahtasha ;lol wow , , , ,
blindsey_01 ;usually half to all night thing , , , ,
Nahtasha ;wow that sounds crazy , , , ,
blindsey_01 ;its not worth it to me to only go once , , , ,
Nahtasha ;thats cool i never done that but it sounds good , , , ,
blindsey_01 ;now ive also done anal too but its a little diferent and even today some people still frown on it , , , ,
Nahtasha ;it would probs be painful i dont like pain , , , ,
blindsey_01 ;it is for both at first wich is why i very rarly do it , , , ,
Nahtasha ;yeah i dont like pain , , , ,
blindsey_01 ;but its not all its crack up to be really you have to do too much to losen it up and mostly whiite girls are into it , , , ,
Nahtasha ;oh weird i dunno i would if the guy was like supernice but i dont see the point really , , , ,
blindsey_01 ;i only do it if asked cuz i really dont like doing it but if a woman asks me to do somthing in a sexuall way to them as long as its not sedistic or gross ill do it cuz my job is to please them first , , , ,
Nahtasha ;thats very sweet , , , ,
blindsey_01 ;and scince i get off by that its more mutual pleasure , , , , , than most , , , ,
Nahtasha ;yeah that sounds better to me , , , ,
blindsey_01 ;every woman that i have been with said if i was beeing paid for doing that id have a lot of returning customers ( Probably because that's the only time they could get him to stop talking about himself and his boring life and his boring thoughts on his boring everything ) , , , , , and a lot of money , , , ,
Nahtasha ;lol i dont got much money , , , ,
blindsey_01 ;i dont charge for it not right , , , ,
Nahtasha ;lol good , , , ,
blindsey_01 ;and i have made them to the point that when they get up to go to the bathroom its hard to walk for them if they can , , , ,
Nahtasha ;lol what ? , , , ,
blindsey_01 ;|there nerv respnses are throun off balance and they kinda have to wait till they get more stable legs week in the knees basically ( I started coding this log hours ago , but I hate this log and him so much that it's taken me many hours later before I truly sat down and coded this thing . I hated having this conversation with him , he is so boring and cliche and fucking trite that it is even painful , now , to relive it . ) |
Nahtasha ;lol id have to see that to beleve it , , , ,
blindsey_01 ;it ussually only happons if its been a while for them and its usually after the intercourse in a row , , , ,
Nahtasha ;lol oh okay , , , ,
blindsey_01 ;somtimes it happons and somtimes it dont id have to hit the nerv cluster just right inside to make it happon and they have to be really sensitive to do it , , , ,
Nahtasha ;oh okay that sounds cool , , , ,
blindsey_01 ;yea but when i hit it it usually makes them have to pee and they hate me cause they need help to get to the bathroom , , , ,
Nahtasha ;lololol what ! u crazy , , , ,
blindsey_01 ;telll me about it but if you ever get that week you will defenently get a good rest and wake up brand new cuz there will be no muscil tention in your body its all lose and relaxed , , , ,
Nahtasha ;lol that sounds like big talk to me , , , ,
blindsey_01 ;now i cant do that everytime its just ocasionally that t happons and thats not that often , , , ,
Nahtasha ;lol ooo backtrackin ! , , , ,
blindsey_01 ;ive only done it twice with that efect cuz like i said its hard to hit the spot just right , , , ,
Nahtasha ;oh okay , , , ,
blindsey_01 ;yep but i have never had a complant except why cant you stay longer , , , ,
Nahtasha ;lol , , , ,
blindsey_01 ;but i had to work the next day and i usaully had to bring my uniform with me and go straight to work , , , ,
Nahtasha ;that makes sense , , , ,
blindsey_01 ;|yep and somtimes i didnt have enough time to take a shower and still they could not tell i had sex allnight cuz for some reason the smell of sex just dont stick to me ( Oh fucking superman , aren't you ) | , , ,
Nahtasha ;thats weird , , , ,
blindsey_01 ;sometimes it does but becuz i shave down there there not much for it to stick to it slides right off , , , ,
Nahtasha ;um okay ( Sting weekend couldn't come fast enough for me ) , , , ,
blindsey_01 ;guess you never seen a shved pubic area , , , ,
Nahtasha ;yeah no , , , ,
blindsey_01 ;so you would not have a preferance then , , , ,
Nahtasha ;i dont care , , , ,
blindsey_01 ;i prefer trimed or shaven scince i like to eat pussy cuz if it is trimed or shaven the hair doesent get in the teeth , , , ,
Nahtasha ;i keep it trimmed , , , ,
blindsey_01 ;by the way sorry i was taking a while to respond i was filling an application , , , ,
Nahtasha ;its fine , , , ,
blindsey_01 ;hang on im got a call from my dad , , , ,
Nahtasha ;okay ill be here , , , ,
blindsey_01 ;im still on the phone with him but now hes just blabin his mouth , , , ,
Nahtasha ;thats cool take your time ill be around , , , ,
blindsey_01 ;yea hes just talkin about bullshit , , , , , ok im off the phone , , , ,
Nahtasha ;cool ( This is what happens when you're so boring that you bore even a PeeJ contributor ) , , , ,
blindsey_01 ;so wht you thinking about ( Never talking to you again ) , , , ,
Nahtasha ;i dunno not much , , , ,
blindsey_01 ;oh not like me i got pussy on the brain , , , ,
Nahtasha ;lol thats not bad , , , ,
blindsey_01 ;i just want to eat it lick it slide my tung in side it then pund it , , , ,
Nahtasha ;lol okay , , , ,
blindsey_01 ;have you ever had it pounded , , , ,
Nahtasha ;not yet , , , ,
blindsey_01 ;damn that not only gets the gspot but its stimulates the clit to , , , ,
Nahtasha ;cool , , , ,
blindsey_01 ;have you ever been camping or wanted to go and maby skiny didpin , , , ,
Nahtasha ;ive gone camping and no i havent done that but it sounds neat , , , ,
blindsey_01 ;yea its fun to go swiming naked if your with the right person , , , ,
Nahtasha ;lol i bet , , , ,
blindsey_01 ;at least its wht ive herd ive never done it , , , ,
Nahtasha ;oh thats too bad , , , ,
blindsey_01 ;yea well if i got you here we could try it , , , ,
Nahtasha ;that sounds like fun maybe , , , , , youd probs steal my clothes lol , , , ,
blindsey_01 ;by the way not to sound perverted you got any more pics you can send me , , , ,
Nahtasha ;i just got the ones on myspace i dont got nothing more , , , , , im gonna go for an hour or two ill be back in a bit ( FOURTH TIME I've ended the chat prematurely . BORING ! ) , , , ,
blindsey_01 ;ok ( You're boring ! ) , , , ,
Nahtasha ;hey how are u did u come online ? , , , ,
blindsey_01 ;yep , , , ,
Nahtasha ;oh cool it showed u online and then it showed you off i was like wow thats weird , , , ,
blindsey_01 ;i went invisable to keep someone out in kansas from seeing me online , , , ,
Nahtasha ;ooooooohhhhh , , , ,
blindsey_01 ;yea they want leave me alone , , , ,
Nahtasha ;that sucks u should tell her to stfu , , , ,
blindsey_01 ;i did , , , ,
Nahtasha ;good mov , , , ,
blindsey_01 ;but i did go down to the river but not to mudin ( Jesus ) , , , ,
Nahtasha ;oh , , , ,
blindsey_01 ;i ended up going river walkin , , , ,
Nahtasha ;cool , , , ,
blindsey_01 ;yea it was fun but not as much as it could of been , , , ,
Nahtasha ;aww whys that ? , , , ,
blindsey_01 ;cuz i was bymyself , , , ,
Nahtasha ;oh good point , , , ,
blindsey_01 ;yea and there was hardly any mud ( . . . . . . . . . ) , , , ,
Nahtasha ;lol u like your mud , , , ,
blindsey_01 ;yea i did go through one good mud puddle but it didnt put any on my driver side but my passenger was coverd , , , ,
Nahtasha ;lol okay , , , ,
blindsey_01 ;by the way i saw your pics , , , ,
Nahtasha ;oh you like them ? , , , ,
blindsey_01 ;yep you look more like though , , , ,
Nahtasha ;oh thanks i guess , , , ,
blindsey_01 ;thats not bad for a year old , , , ,
Nahtasha ;lol u think im cute ? , , , ,
blindsey_01 ;hell yea , , , ,
Nahtasha ;cool , , , ,
blindsey_01 ;if you were here right now and wanted to i would not deny you , , , ,
Nahtasha ;lol thats very sweet most guys on here are kinda mean to me so its nice to hear nice things like that , , , ,
blindsey_01 ;god i wish i could get sex off the brain for five min , , , ,
Nahtasha ;lol dont be so worried about it its no big deal just means youuuuuuu likkkeeeeee meeee , , , ,
blindsey_01 ;i got to find so more porn cuz ive seen about all of them that dont fuck up my computer , , , ,
Nahtasha ;lol thats a lot of porn then , , , ,
blindsey_01 ;yep been porrn adict scince i havent had it in a while , , , ,
Nahtasha ;lol yeah its just not the sam etho , , , ,
blindsey_01 ;but when im getin it i dont watch it , , , , , unless its with the person i fuck , , , ,
Nahtasha ;lol yeah thats good , , , ,
blindsey_01 ;i consider it cheating , , , , , sorry my messenger froze , , , ,
Nahtasha ;|oh that sucks ( No , actually it was the greatest fifteen minutes of my life ) | , , ,
blindsey_01 ;had to rboot , , , ,
Nahtasha ;thats never fun , , , ,
blindsey_01 ;nope its not , , , ,
Nahtasha ;>< , , , ,
blindsey_01 ;aww i need , , , ,
Nahtasha ;lol u sound like it , , , ,
blindsey_01 ;need mnore than that , , , ,
Nahtasha ;lol oh yeah ? i dont think they got icons for that , , , ,
blindsey_01 ;nope , , , , , i wish they did though , , , ,
Nahtasha ;lol oh yeah ? youd be using those huh ? , , , ,
blindsey_01 ;maby , , , ,
Nahtasha ;lol maybe just be honest , , , ,
blindsey_01 ;i dont know really , , , ,
Nahtasha ;dont know what ? , , , ,
blindsey_01 ;dont know if i would depends on wht they be like , , , ,
Nahtasha ;lol what about me ? , , , ,
blindsey_01 ;yea i would , , , ,
Nahtasha ;lol cool i dont care what youd do with others just what youd do with me , , , ,
blindsey_01 ;wht would you want me to do with you right now , , , ,
Nahtasha ;hold me and be nice to me , , , ,
blindsey_01 ;i could give you a shoulder and neck message , , , ,
Nahtasha ;thatd be nice , , , , , but your not here lol , , , ,
blindsey_01 ;do you wish i was , , , ,
Nahtasha ;itd be nice youve been talkin a lot and making me a lil hot sometimes , , , ,
blindsey_01 ;well hope i havent mad you wet , , , ,
Nahtasha ;lol why do u hope that ? , , , ,
blindsey_01 ;cuz i havent let all i can do out , , , ,
Nahtasha ;lol oh that makes sence , , , , , |im gonna go afk for like an hour or so talk to u later night or morrow cool ? ( Yet again , I needed a break from this boring , boring man ) | , ,
blindsey_01 ;god i want to fuck your brains out i cant help it , , , ,
Nahtasha ;lol wow , , , , , , , , , , i like that , , , ,
blindsey_01 ;and honestly you are hot , , , ,
Nahtasha ;thanks , , , , , i think your pretty cute too , , , ,
blindsey_01 ;have you seen the pic of wht i look like now , , , ,
Nahtasha ;yeah , , , ,
blindsey_01 ;i thought you only saw mw in my bdus , , , ,
Nahtasha ;nah i saw your prof pic , , , ,
blindsey_01 ;oh , , , ,
Nahtasha ;yep , , , , , anyways im gonna go afk for like an hour ill talk to u later cutie , , , ,
blindsey_01 ;ok , , , , , hey wht does afk mean , , , ,
Nahtasha ;oh lol away from keyboard , , , ,
blindsey_01 ;oh ok i cnat remember all the short words any more , , , ,
Nahtasha ;its cool yeah it can be tough , , , ,
blindsey_01 ;by the way i going to send you a private photo and let you judge the difference from site ok , , , ,
Nahtasha ;oh okay , , , , , that dont work can you email to my yahoo addy ? , , , ,
blindsey_01 ;yea sorry for got , , , ,
Nahtasha ;its okay , , , ,
blindsey_01 ;ok i sent it , , , ,
Nahtasha ;cool ill check in a sec , , , ,
blindsey_01 ;ok by the way looking at your pics you look like almost mixed , , , ,
Nahtasha ;nah im just light tone so is my momma , , , ,
blindsey_01 ;cool , , , , , god i have looked all over the net for some porn that will sow me ass and pussy shots i cant find one that will show ether for more than sec , , , ,
Nahtasha ;lol u lookin for other girls than me ? , , , , , thats kinda lame , , , ,
blindsey_01 ;|no im trying to find a naked vid or pic that shows me close to wht i want to see i want to see you naked but ill have to find somthing close wich is being hard ( Romance , it lives ) | , , ,
Nahtasha ;lol okay thats exceptable , , , ,
blindsey_01 ;unless you got away to put some of you up and send them to me im about dead on that one , , , ,
Nahtasha ;lol i wish i had some model shots , , , ,
blindsey_01 ;have you goten that pic yet , , , ,
Nahtasha ;checkin now , , , ,
blindsey_01 ;ok , , , ,
Nahtasha ;oh wow thats big :-> , , , ,
blindsey_01 ;you ex must have been smaller but that ones only alittle past /4 hard , , , ,
Nahtasha ;wow thats cool , , , ,
blindsey_01 ;but can you see the difference between the too different ones , , , ,
Nahtasha ;yeah its a lot diff , , , ,
blindsey_01 ;now you tell me wht diff you see and if you can tell wich youd prefer , , , ,
Nahtasha ;lol its white and a lil bigger , , , ,
blindsey_01 ;ok lol but in the erection can you tell that one gets harder then the other and if so would you prefer the harder one , , , ,
Nahtasha ;i like u so i prefer u , , , ,
blindsey_01 ;to bad i cant see yours , , , ,
Nahtasha ;lol i dont gotta penis silly , , , ,
blindsey_01 ;lol i know to bad i cant see your pussy , , , ,
Nahtasha ;yeah u cant tonight but mebbe if your niceeeeee , , , ,
blindsey_01 ;oh i can be nice i can do wht ever you want to you , , , ,
Nahtasha ;lol i dunno what i want but the stuff youve been saying all day is cool , , , ,
blindsey_01 ;cool i can do more if i told you id make you hoter , , , ,
Nahtasha ;i dunno what else u wanna do to me ? , , , ,
blindsey_01 ;i want to suck your clit in my mouth while i got a finger in your pussy and the other had massaging your chest , , , ,
Nahtasha ;oh wow , , , ,
blindsey_01 ;i can multi task , , , ,
Nahtasha ;thats cool , , , ,
blindsey_01 ;and ill kiss you puyying my tung on you mouyj wraping your tung with mine , , , , , i ment tung in your moth and wraping it , , , ,
Nahtasha ;cool i guess if u were seruous , , , ,
blindsey_01 ;yep and i can slide my tung in your pussy almost to the gspot , , , , , till you have had any of that done to you you want know how much youd want it , , , , , ya there , , , ,
Nahtasha ;yeah whats up ? , , , ,
blindsey_01 ;not much i was just lookin at some stuff and i cant control my horny level , , , ,
Nahtasha ;lol sounds like u , , , ,
blindsey_01 ;ive jacked off twice it hasent helped , , , ,
Nahtasha ;wow u must really like me > , , , ,
blindsey_01 ;yep , , , ,
Nahtasha ;thats cool i like u too , , , ,
blindsey_01 ;|and part of it is i cant visulize the parts of you i want to cuz i havent seen them and i have a photographic mem ( Yeah , you're a regular genius , blindsey ) | , ,
Nahtasha ;wow so like if u saw me in person youd have likek a photo of me ? , , , ,
blindsey_01 ;in my head i can remeber every physical detail , , , ,
Nahtasha ;lol oh , , , , , that sounds kind a dangeruos , , , , , like u could blackmale me lol , , , ,
blindsey_01 ;no but id lnow you by the look if you ever did porn and i saw you , , , ,
Nahtasha ;lol i wouldnt be able to do that then lololol , , , ,
blindsey_01 ;do wht , , , ,
Nahtasha ;lol porn ud be like i have a photo memroy and then ud tell my mom ! , , , ,
blindsey_01 ;no i wouldnt unless i wanted to be dead too , , , ,
Nahtasha ;lol good point , , , ,
blindsey_01 ;yea so if i saw you naked or a pic only we would know , , , ,
Nahtasha ;lol cool , , , ,
blindsey_01 ;i wish i could imagine wht your pussy realy looks like , , , ,
Nahtasha ;lol well if u wanna know u gotta do somethin about that lol , , , ,
blindsey_01 ;yea i know cuz you think if you send me a pic if you can then i wouldnt come , , , ,
Nahtasha ;lol i dunno if youd actully come cause i dunno if u like me that much , , , ,
blindsey_01 ;ive seen enough of you to know that id come over as long as i got the time to do it , , , ,
Nahtasha ;lol got the time u that busy ? , , , , , u got time to muddin u got time for puddin lol , , , ,
blindsey_01 ;i mean while my mom isnt here she might be here this weekend and if she is i wont be going any where cuz shell have me busy , , , ,
Nahtasha ;lol oh thats such alame excuse lololololol , , , ,
blindsey_01 ;i know but its true and scince shes paying my bills till my job can take over she has the right to keep me here with in reason ( Just . . . stop . . . talking ) , , , , , i hope she dont come though , , , ,
Nahtasha ;lol she wont want u the whole time thats a pritty lame excuse , , , , , i guess your just not that into me ho hum , , , ,
blindsey_01 ;i am and ill find away its just going to complicate it cuz if she dont come i can leave during the morning but if she does ill have to wait till late afternoon and try to be home before she gets up so i wont have to explain where i been , , , ,
Nahtasha ;thats cool if u like me u will , , , , , thats how ill know , , , ,
blindsey_01 ;ok but ill have to get directions on how to get there cuz i never been to your house , , , ,
Nahtasha ;cool ill give them to u tomorrow night if it looks like your for real and want to come , , , ,
blindsey_01 ;ok , , , , , are you right or left handed , , , ,
Nahtasha ;im a righty , , , ,
blindsey_01 ;same here my moms a lefty and picks on me for being right , , , ,
Nahtasha ;cool rightys rule , , , ,
blindsey_01 ;i remeber when i fucked up my right hand couple weeks ago and couldnt jack off for a week cuz i try my left it dont work , , , ,
Nahtasha ;lol thats weird , , , ,
blindsey_01 ;i just dont have the corordination with my left , , , ,
Nahtasha ;thats too bad u should work on that , , , ,
blindsey_01 ;but i can shoot a bow with ether hand and a handgun , , , ,
Nahtasha ;thats cool , , , ,
blindsey_01 ;i used to compete for bow marksmanship , , , ,
Nahtasha ;neat i bet that was hard , , , ,
blindsey_01 ;only when the cord scrapes your arm on release from time to time it feels like your muscle gets shave off , , , ,
Nahtasha ;ouch , , , ,
blindsey_01 ;ive bled once from it and my bow was set at pound drow back its like picking up pounds and holding it when most are , , , ,
Nahtasha ;wow thats crazy sounding dangerous , , , , , |i think im gettin tired tho ( And we all know why , you boring idiot ) | , , , , im gonna go to bed , , , , , u gonna be on morrow ? , , , ,
blindsey_01 ;ok good night and i should be , , , ,
Nahtasha ;sweet talk to u then ! , , , ,
blindsey_01 ;ok , , , , , hey wht up ( Yep ) , , , ,
Nahtasha ;hey there u are , , , , , what u up to ? , , , ,
blindsey_01 ;got my drivers license redown and it dont expire till , , , , , and it was free , , , ,
Nahtasha ;wow awesome , , , ,
blindsey_01 ;cuz im a vet is way , , , ,
Nahtasha ;oh neat good perk , , , ,
blindsey_01 ;|yep and my education is free ( And we can tell , Blindsey , we can tell ) | , ,
Nahtasha ;thats cool , , , ,
blindsey_01 ;found out my moms not coming this weekend , , , ,
Nahtasha ;oh wow awesome , , , ,
blindsey_01 ;now i got to try and get some gas so i can come , , , ,
Nahtasha ;thats cool that should be easy i mean u dont need tons and my mom usual forgets her gas card unless she goes on big trips , , , ,
blindsey_01 ;yea but i burned up alot of gas today runing up to the va and drivers place , , , ,
Nahtasha ;well if u dont want to thats your decison just be honest , , , ,
blindsey_01 ;i want to i just have to make sure i got the gas to atleast get there so i dont get stranded , , , ,
Nahtasha ;cool get some gas then , , , ,
blindsey_01 ;i gonna do all i can , , , ,
Nahtasha ;cool youll make it happen , , , ,
blindsey_01 ;i honestly hope hope so , , , ,
Nahtasha ;cool , , , ,
blindsey_01 ;so wht you been doing today , , , ,
Nahtasha ;just bored chillin on the puter , , , ,
blindsey_01 ;|yea i been out all day in the heat and im having to redo an application cuz i fucked it up ( Oh , but what mistake could he have made ? ) | , , ,
Nahtasha ;that sucks , , , ,
blindsey_01 ;yea i checked yes on one box that asks if i have ever been in jail and i havent and the other was if i had a drug history which i dont ( SOOTHSAYER ! He doth see the future ) , , , ,
Nahtasha ;lol thats a big mistake , , , ,
blindsey_01 ;yep and i had to print another one out and i cant find my other , , , ,
Nahtasha ;weird , , , ,
blindsey_01 ;yea cuz i didnt have to redo the whole thing and its like four pages , , , ,
Nahtasha ;yeah thats a lot of pages , , , ,
blindsey_01 ;hey got to go im about to get in an argument with my sis so ill be back on later ok , , , ,
Nahtasha ;oh okay , , , ,
blindsey_01 ;hey wht up , , , ,
Nahtasha ;heya hows you ? , , , ,
blindsey_01 ;just remembering my deployment and wht it felt like being that far from family , , , ,
Nahtasha ;oh okay , , , , , that sounds sad , , , ,
blindsey_01 ;it was but the worst part was my little girl , , , ,
Nahtasha ;yeah i bet that was sad , , , ,
blindsey_01 ;and now i got to fight the system to get her back thats why i devorced my wife ( I'm very proud to know that this chat-log will ensure that he never has that kid again ) , , , ,
Nahtasha ;that makes sense , , , ,
blindsey_01 ;and i havent been able to see her in two months , , , ,
Nahtasha ;thats very sad , , , ,
blindsey_01 ;yep thats why im listnig to lacunacoil to get my mind of it , , , ,
Nahtasha ;thats a good idea , , , ,
blindsey_01 ;yep its a group out of italiy that came to the US to start singing and the vocals are like opera but the music is metal , , , ,
Nahtasha ;oh cool , , , ,
blindsey_01 ;if you want to look up our truth its one of there new songs on yahoo music , , , ,
Nahtasha ;thats cool but my mom is stil home so if she hears weird music shell wonder wtf so ill check laters , , , ,
blindsey_01 ;ok thats why i bought there new cd karmacode out in kansas a few months back , , , ,
Nahtasha ;thats cool i never heard nothin like it so i was curuous , , , , , mebbe u can bring it sat , , , ,
blindsey_01 ;ever herd evanesance , , , ,
Nahtasha ;yeah theyre kind acreepy tho , , , ,
blindsey_01 ;its a little like them harder music softer vocals , , , ,
Nahtasha ;|cool ( And here begins my regimen of disinterested responses , let's see if he notices ! ) | , , ,
blindsey_01 ;oh and loaded with bass , , , ,
Nahtasha ;oh neat , , , ,
blindsey_01 ;yep to bad i have no radio or bass system in my jeep anymore , , , ,
Nahtasha ;yeah thats too bad , , , , , whathappend ? , , , ,
blindsey_01 ;it got stolen a week before i came back to ga , , , ,
Nahtasha ;oh wow kansas sucks , , , ,
blindsey_01 ;its crazy out there , , , ,
Nahtasha ;i bet , , , ,
blindsey_01 ;cost more for auto insurence there to by almost hundred dollers , , , ,
Nahtasha ;wow ouch , , , ,
blindsey_01 ;yep god i havent herd this song in awhile its wooden crosses , , , ,
Nahtasha ;cool ( Hasn't noticed yet . . . ) , , , ,
blindsey_01 ;yea i got a little bit of everything on my media player , , , ,
Nahtasha ;cool , , , ,
blindsey_01 ;i took and uploaded my chamilionar cd and some of my others so i could make one cd with all the songs i like , , , ,
Nahtasha ;wow neat u should bring it sat , , , ,
blindsey_01 ;yea and took me forever to find rature cuz that was in the cd player that got stolen , , , ,
Nahtasha ;wow , , , ,
blindsey_01 ;yea i downloaded it off the net instead of waiting till i could buy the cd again cuz i bought it once not going to again this soon , , , ,
Nahtasha ;yeah that makes sence , , , , , u could show me how to dl i dont know how yet if u come sat , , , ,
blindsey_01 ;its eay it just take time for your pc to do it , , , ,
Nahtasha ;cool ( Hasn't noticed yet . . . ) , , , ,
blindsey_01 ;but its not to good to do it cuz you can get virusis on your comuter , , , ,
Nahtasha ;oh thats bad , , , ,
blindsey_01 ;"|yep ( And I just couldn't take it anymore . I didn't respond . In fact , I refused to respond . Thankfully , he didn't pester me with more requests to talk . ) | , , , |hey wht up ( When I'm on my deathbed , I'll see ""Hey wht up"" in my mind when I think about all the time on earth I could have been doing other things . I shall think of Blindsey . For he is boring . So boring . So very boring . ) | , , ,"
Nahtasha ;not much just gettin tired u ? , , , ,
blindsey_01 ;my sister decided to take me out , , , ,
Nahtasha ;oh cool , , , ,
blindsey_01 ;|yea and i almost got attacked by a girl there but i said sorry i cant right now ( Oh good lord , get off it . ) | , , ,
Nahtasha ;lol crazy , , , ,
blindsey_01 ;crazy for turning an offer down or crazy situation , , , ,
Nahtasha ;crazy situaton , , , , , cool that u turned her down mebbe u really do like me , , , ,
blindsey_01 ;yea i do even if i did do anything with her as long as i got the gas id still come but and not to sound like i only have just sex on the brain but if i did with her my chances with you would decrease to nothing , , , ,
Nahtasha ;lol yah , , , , , i hope u can come get the gas ! , , , , , my mom leaves me money for food too so its all good and i got lots of food , , , ,
blindsey_01 ;ok well im gettin my sis to leave me some money for food and cigs ill use the food for gas but i got to have cigs ( Nice to see a man with his priorities straight ) , , , ,
Nahtasha ;oh cool , , , , , i got food its all good , , , , , sounds like a plan , , , , , its close to im gonna go to bed i think ( AKA . . . YOU'RE BORING ME TO A SLOW DEATH BY BORING TO DEATH ME ARGH ) , , , , , talk to u morrow ? , , , ,
blindsey_01 ;but ill have to make sure i get the money and ok ttyt , , , ,
Nahtasha ;okay talk to u tomorrow bout it , , , ,
blindsey_01 ;|hey wht up ( Yeah , rather anti-climatic , I know ) | , ,
Nahtasha ;not much u ? , , , ,
blindsey_01 ;same just bored , , , ,
Nahtasha ;i hear that , , , ,
blindsey_01 ;but a good wrench got thrown in the works , , , ,
Nahtasha ;huh ? , , , ,
blindsey_01 ;i get to finially spend time with my little girl , , , ,
Nahtasha ;oh cool , , , ,
blindsey_01 ;yea but i dont know for how long yet , , , ,
Nahtasha ;when u seein her ? , , , ,
blindsey_01 ;tomorrow , , , ,
Nahtasha ;oh , , , , , well congrats i guess , , , ,
blindsey_01 ;yea but it may not be all day , , , ,
Nahtasha ;oh okay , , , , , well lemme know , , , ,
blindsey_01 ;but although im not sure if ill have the visitation with her i hope so , , , ,
Nahtasha ;well when u know whats up lemme know , , , ,
blindsey_01 ;sorry i was on the phone with mom and im not going to be able to see ann marie and i will have the gas money to get there but i have to makes sure some things are done here first , , , ,
Nahtasha ;oh cool , , , , , that makes me excited , , , ,
blindsey_01 ;but i cant make any promises cuz if i do and cant come then ill have broken it , , , ,
Nahtasha ;well just find out so i know whats up k ? , , , ,
blindsey_01 ;ok , , , ,
Nahtasha ;i know u aint online but i just wante dto say im thinkin of you , , , , , oh hey how are u ? , , , ,
blindsey_01 ;not much checkin my offlines saw yours and want to know in wht way were you thinkin about me , , , ,
Nahtasha ;lol in the guy way u kno , , , ,
blindsey_01 ;oh you mean sexually , , , ,
Nahtasha ;lol kinda yeah , , , ,
blindsey_01 ;yea well isa thinkin the same about you , , , ,
Nahtasha ;wow awesome really ? , , , ,
blindsey_01 ;yep so wht you been thinkin , , , ,
Nahtasha ;just that itll be nice to meet u lol , , , ,
blindsey_01 ;cool well i hope if i get the chance i wont dissapoint you cuz im not all that skinny just husky , , , ,
Nahtasha ;thats cool thatll make u tough , , , ,
blindsey_01 ;i ment im heavy set but not fat except in my stumach , , , ,
Nahtasha ;cool , , , ,
blindsey_01 ;by the wa wht type of person are you like , , , ,
Nahtasha ;what type ? what u mean ? , , , ,
blindsey_01 ;like they way you are personnaly wht you lke to do wht you wanno do , , , ,
Nahtasha ;im just funny i think , , , ,
blindsey_01 ;ok no erotic side , , , ,
Nahtasha ;yeah i got one i think but i aint done much u kno that , , , ,
blindsey_01 ;but your wanting to let more of it out though , , , ,
Nahtasha ;thats be nice , , , ,
blindsey_01 ;well tell me some of the things you have thought about being done to you and doing to sombady else , , , ,
Nahtasha ;i dunno just the stuff u dont know none of stuff ? lol , , , ,
blindsey_01 ;the stuff i dont know about huh lol , , , ,
Nahtasha ;lol u know physical stuff all the stuff u said , , , ,
blindsey_01 ;oh ok sounds like you need someone to shake lose your imagination on sex , , , ,
Nahtasha ;lol thats what u said , , , ,
blindsey_01 ;lol how do i know i wouldnt get into trouble with you , , , ,
Nahtasha ;huh ? , , , ,
blindsey_01 ;with some of the things that i would do to to you if you wanted me to , , , ,
Nahtasha ;why would it be trouble i aint gonna tell my mom , , , ,
blindsey_01 ;oh i know i ment me with you , , , ,
Nahtasha ;why would i get u in trouble ? , , , ,
blindsey_01 ;if you got mad at me i wasent talkin about statutory rape , , , ,
Nahtasha ;i aint gonna get mad at you , , , ,
blindsey_01 ;cool so any way how tall are you , , , ,
Nahtasha ;foot , , , ,
blindsey_01 ;im and pounds , , , ,
Nahtasha ;cool u can probably lift me lol , , , ,
blindsey_01 ;i dunno how much you wiegh , , , ,
Nahtasha ;about , , , ,
blindsey_01 ;yep i could defenatly through you and if your moma wasent home i could come over tonight , , , ,
Nahtasha ;lol my mom aint home tonight what u talkin bout ? , , , ,
blindsey_01 ;thought she was leavin sat mornin , , , ,
Nahtasha ;nah today mornin at one pm she left already , , , ,
blindsey_01 ;cool well if had your street adress then i can print some directions out and be on my way in a few , , , ,
Nahtasha ;realy ? are u serusou ? , , , , , omg thats cool , , , , , u want my addy ? , , , ,
blindsey_01 ;yep and scince i have the house here to my self if you wanted to come and see wht its like here i can bring you back , , , ,
Nahtasha ;*removed* map it and tell me how long it take , , , , , wow cool , , , , , u gonna bring those cds too ? , , , ,
blindsey_01 ;if i can get them all together and it says hours min but it probably be closer to four unless i took a shower there , , , ,
Nahtasha ;u can shower here why not ? , , , , , we gotta nice shower lol , , , ,
blindsey_01 ;ok so now do you want to stay there or possibly come back here , , , ,
Nahtasha ;up to u we gotta nice place tho so u can decide when u see it , , , ,
blindsey_01 ;ok can i have your phone number so i can call you , , , ,
Nahtasha ;all we got is a cell itll show on the bill u gotta cell i can call while u drive , , , ,
blindsey_01 ;yea its , , , ,
Nahtasha ;you want me to call u while u drive ? , , , ,
blindsey_01 ;sure you can call me now too , , , ,
Nahtasha ;ill call u when u drive that way u can get here quicker lol , , , ,
blindsey_01 ;i got a head set i can talk to you while i get my stuff together , , , ,
Nahtasha ;cool u do that and tell me when u loggin off to go into the car and then ill call when u in the car cool ? , , , ,
blindsey_01 ;well im fixing to log off and get an extra shirt and those cds , , , ,
Nahtasha ;cool ill call a bit after u log off , , , , , this is so cool , , , ,
blindsey_01 ;ok loggin off , , , ,
