ID;msg
bmichigan69 ;hi
yayitskc95 ;Hey sorry freaking dumb bots . , you ain't a bot ?
bmichigan69 ;no bot , m ypsilanti
yayitskc95 ;/f/ mi , omg you are like the person I've talked to that ain't a bot .
bmichigan69 ;lol
yayitskc95 ;do they bug you or is it justme ? its retarded
bmichigan69 ;i get bug when i first enter the chat room
yayitskc95 ;"|me too , I\""m like wtf i hate that stuff| , so whats up ?"
bmichigan69 ;about to move my stuff back to my mother house today
yayitskc95 ;how come ?
bmichigan69 ;was laid off in may and trying to save money by staying back at mother house until back to work
yayitskc95 ;awww i'm sorry . Lots of people are like that now . My mom says I'd better not ef up in school and go to college so I can have a chance . , Which is cool cuz I ain't living with her forever anyhow .
bmichigan69 ;yeah last year i moved out and loved it im hoping to be back in the winter time
yayitskc95 ;|ya , that has to suck . what did you do for your job ? will they let you back in if they get more work ? |
bmichigan69 ;GM its been slow but my plant gets busy during the crash season
yayitskc95 ;what is a crash season ?
bmichigan69 ;winter basically
yayitskc95 ;why do they call it crash season ?
bmichigan69 ;cause thats when people crash the most and our work goes up
yayitskc95 ;|oh snaps . LOL that sucks for people but I guess good for you . Kinda sad , and kinda funny . | , so you build cars ?
bmichigan69 ;nope im in the parts divison
yayitskc95 ;ok , am I bugging you ? , are you real busy ?
bmichigan69 ;no
yayitskc95 ;|I know I ask a lot of ? ? lol my uncle tells me . . jeez kaylie do you ever shut the hell up . I was like ummm is it making you mad he said ya , I said . . BONUS|
bmichigan69 ;lol
yayitskc95 ;so what do you do for fun ? are you always quiet ?
bmichigan69 ;|i like bowling , movies and playing softball|
yayitskc95 ;what kind of movies ? , Okay I am so freaking slow at bowling . LOL I went up once and I dropped the ball behind me .
bmichigan69 ;i like mostly any kind of movies
yayitskc95 ;do you like scary ones ?
bmichigan69 ;yes but i think last scary movie i saw at the theater was one of the saw movies
yayitskc95 ;that was a long time ago , i want to go see harry potter l
bmichigan69 ;thats not scary lol
yayitskc95 ;lol I didn't say it was ! ! brat , I just said I want to go see it .
bmichigan69 ;it looks cool
yayitskc95 ;I seen the hannah montana movie and when i went to cali last month I saw Hangover . Thats a funny movie . I love Twilight but mostly the books not the movie .
bmichigan69 ;hangover was good i saw it wih my brother
yayitskc95 ;I was laughing omg did you see the tiger part . hahahaha
bmichigan69 ;yeah it was funny
yayitskc95 ;|ya , did you see twilight|
bmichigan69 ;yep bought the movie
yayitskc95 ;Thats so cool . The books are way better though . , |So , um you kinda seem cool to talk to , whats your name ? |
bmichigan69 ;brian
yayitskc95 ;|I'm Kaylie , but my friends call me KC . |
bmichigan69 ;cool
yayitskc95 ;which is dorky I know but kinda cool
bmichigan69 ;the first job i had called me b for short
yayitskc95 ;lol thats cool what was your frist job
bmichigan69 ;mancinos a pizza and sub shop
yayitskc95 ;cool , i want a job . . . well I want money lol idk about the whole work thing .
bmichigan69 ;work is ok if its not a crappy one like m cds or burger king or stuff like that
yayitskc95 ;|ya , I don't mind babysitting as long as the kids aren't brats and I don't have to change diapers . When I get older I think I want to either be a teacher cuz I want to not work in the summer or I want to do something like with travel . I like vacations . |
bmichigan69 ;cool a flight attendant might be cool
yayitskc95 ;ya it could be . if I get to go all over . , do you want to add me on your buddy list ? or am I too dorky hahahhaa .
bmichigan69 ;u cool
yayitskc95 ;|yay , cool deal b| , haha , omg you are so quiet . , I think im bugging you too much
bmichigan69 ;lol nah
yayitskc95 ;ok you're turn to talk then , |my uncle also says i talk so much i'll make someone ears bleed . I said , really ? lets try on you . | , |gee , thanks for saying bye . | , Hi
bmichigan69 ;hi , how u doin
yayitskc95 ;|good , bored , can't sleep . You ? |
bmichigan69 ;just chillin back in my old room at my parent house , sorry for leaving without telling u i was moving stuff and leaving my apartnment
yayitskc95 ;|oh , thats cool . I thought , wow I did bug him or make his ears bleed . |
bmichigan69 ;lol
yayitskc95 ;so what else is new ? I got grounded the other day so I wasn't on haha .
bmichigan69 ;what u got grounded for
yayitskc95 ;I got mad at my mom's boyfriend and told him to go to hell he wasn't my dad .
bmichigan69 ;he was mad lol
yayitskc95 ;he is a jerk anyhow i don't care
bmichigan69 ;pretty pic of u
yayitskc95 ;huh ? what pic ?
bmichigan69 ;the one to the right
yayitskc95 ;|Ohhh , well thank you . | , Yours looks cool but kinda hard to see .
bmichigan69 ;may be thi one better
yayitskc95 ;it isn't clicking
bmichigan69 ;i have a cam
yayitskc95 ;cool , |lucky , I dont yet . |
bmichigan69 ;u want to see
yayitskc95 ;sure , there you are ! , Hi
bmichigan69 ;hi
yayitskc95 ;I like that . I like the goatee you have .
bmichigan69 ;thanks , i like growing it out sometimes
yayitskc95 ;its cool . , what did you do this weekend ? , I read , since no pc
bmichigan69 ;move back to my mother place
yayitskc95 ;|ya , thats cool| , do you have brothers and sisters there ?
bmichigan69 ;one brother and one sister the sister moved out again
yayitskc95 ;|lol , when you moved in ? |
bmichigan69 ;she moved out and me back to my old room
yayitskc95 ;oh , thats cool , I don't have bros and sisters . . Yet . , My dumb dad knocked up his wife .
bmichigan69 ;oh , u dont like his wife
yayitskc95 ;Nope not even a little bit .
bmichigan69 ;shes a biotch
yayitskc95 ;yeah , what kind of music do you listen to ?
bmichigan69 ;|metal , rock , soft rock some and very very little country mostly into eveything|
yayitskc95 ;thats cool
bmichigan69 ;what do u listen to
yayitskc95 ;|JB , Mylie , Taylor Swift , Ozzy , stuff like that|
bmichigan69 ;cool my favorite is ozzy i miss is ozzfest
yayitskc95 ;never been to one , I like him though
bmichigan69 ;yeah was the last year of ozzfest
yayitskc95 ;oh , lol I swear you are so quiet .
bmichigan69 ;yeah i am a quiet one , are u a screamer lol
yayitskc95 ;|hahaha , depends on what I get grounded from . |
bmichigan69 ;u get grounded a lot
yayitskc95 ;|Um , depends on if my mom is fighting with her bf or not . | , did you when you were my age ?
bmichigan69 ;my parents sent me to my room i dont think i got grounded , so where u live at
yayitskc95 ;south east MI , I should sa , say , dumb stupid MI .
bmichigan69 ;lol
yayitskc95 ;you ?
bmichigan69 ;clarkston , was in ypsilanti then move back hopefully not long
yayitskc95 ;oh cool
bmichigan69 ;might move back to ypsilanti area and buy a house or condo
yayitskc95 ;|wow , that'll be nice . |
bmichigan69 ;yep , do u have more pics
yayitskc95 ;|yep , but if I show them to you you have to promise not to laugh . |
bmichigan69 ;i promise i wont
yayitskc95 ;how do I send them here again ? , do you know how to photo share ?
bmichigan69 ;those pics i was in vegas
yayitskc95 ;cool who was with you ?
bmichigan69 ;|first pic left my best friend , middle my brother|
yayitskc95 ;I only see one pic from you .
bmichigan69 ;sexy pic
yayitskc95 ;awww really ?
bmichigan69 ;yes
yayitskc95 ;thank you ! ! ! ! !
bmichigan69 ;look very yummy
yayitskc95 ;haha , ty I think .
bmichigan69 ;yummy to eat lol
yayitskc95 ;ouch hahahahaha
bmichigan69 ;getting me horny
yayitskc95 ;what is ?
bmichigan69 ;ur pic
yayitskc95 ;serious ? , thanks
bmichigan69 ;yw
yayitskc95 ;do you have more ?
bmichigan69 ;i got my cam but thats all the pics i got on the computer
yayitskc95 ;but you stopped your cam lol . , Yay ! ! ! ! , want to see a couple more or am I boring you ?
bmichigan69 ;hell yeah i want to see more
yayitskc95 ;lol ok , there
bmichigan69 ;yep here
yayitskc95 ;I sent a couple more .
bmichigan69 ;ok on email or share pics
yayitskc95 ;share pics , you didn't get them ?
bmichigan69 ;i dont see them yet
yayitskc95 ;let me try again
bmichigan69 ;ok
yayitskc95 ;maybe we need to re do it .
bmichigan69 ;ok
yayitskc95 ;did you get it ?
bmichigan69 ;no
yayitskc95 ;idk I can see me send it but can't see your view .
bmichigan69 ;i closed the shared pic and trying to re open a new one
yayitskc95 ;k , sucks that it isn't working
bmichigan69 ;are they hot pics
yayitskc95 ;lol idk they are just reg pics , you should take some . You look good in the one you had .
bmichigan69 ;thanks
yayitskc95 ;but at least you have a cam
bmichigan69 ;i like my cam sometimes i have to adjust it gets fuzzy
yayitskc95 ;its good so far .
bmichigan69 ;cool
yayitskc95 ;and its cool to see like when you smile and stuff , |like if I say something funny and I make you laugh , thats cool|
bmichigan69 ;""">"
yayitskc95 ;but you have to talk more hahaha a
bmichigan69 ;yeah i know been trying to break my quiet shell but i dont think it going to happen
yayitskc95 ;awww I'm sawwee . , hahaha , |Well , I guess I'll stop bugging you and probably try and sleep . I shouldn't have fell asleep today haha . |
bmichigan69 ;u not bugging me im just rubin g myslef
yayitskc95 ;huh ? what is rubing ?
bmichigan69 ;playing lol
yayitskc95 ;you play rubing ?
bmichigan69 ;no playing with myslef
yayitskc95 ;|OHHH , I thought there was a game called rubing . | , omg what a freaking dork i am
bmichigan69 ;its ok
yayitskc95 ;so should I stop talking with you for now ? , or its ok ?
bmichigan69 ;its ok , do u want to see
yayitskc95 ;thats up to you
bmichigan69 ;u dont care
yayitskc95 ;lol nope not if you don't haha .
bmichigan69 ;ok
yayitskc95 ;omg
bmichigan69 ;thanks
yayitskc95 ;np
bmichigan69 ;have u seen or touch one yet
yayitskc95 ;not one that looked like that . , I had a boyfriend before .
bmichigan69 ;cool
yayitskc95 ;I seen his though
bmichigan69 ;did u give him a bj
yayitskc95 ;yep
bmichigan69 ;nice
yayitskc95 ;it was ok .
bmichigan69 ;u dont like it
yayitskc95 ;it was just really fast . , not much to really think about haha . , I broke up with him a little after that .
bmichigan69 ;not so good
yayitskc95 ;|well , he was going moving , so what are we supposed to do . |
bmichigan69 ;i see , i love getting bj but i cum when it happens
yayitskc95 ;ya ? cool
bmichigan69 ;u lick the cum
yayitskc95 ;|a little of it , but then he kinda omg , he kinda freaked . So then he just stopped . |
bmichigan69 ;ill let u keep go in
yayitskc95 ;huh ?
bmichigan69 ;when i cum
yayitskc95 ;oh ok haha . , did I say something wrong ?
bmichigan69 ;no
yayitskc95 ;your face looked funny .
bmichigan69 ;the lady i was seeing said that it was very thick
yayitskc95 ;what is thick ? , You have a girlfriend ?
bmichigan69 ;i was seeing someone but moved and im sure its not going to work out , i dont know im guessing a couple inches
yayitskc95 ;|No , I mean what did she say is thick ? |
bmichigan69 ;she didnt say she say im thicker then other ones
yayitskc95 ;|oh , you're thicker ! I didn't know what you were trying to tell me was thicker . I was like . . wait what is he talking about that is thick . |
bmichigan69 ;my penis
yayitskc95 ;Oh hahaha I was like what is he talking about . , |Well , I only seen my exs and now I saw yours for a sec . Guess I'm not a expert lol . |
bmichigan69 ;thats alright
yayitskc95 ;kk
bmichigan69 ;would u like to give me a bj
yayitskc95 ;would you want me to ?
bmichigan69 ;hell yeah
yayitskc95 ;really ? , cool , |Ya , I'd try it . |
bmichigan69 ;cool , i love to put it in ur pussy to
yayitskc95 ;serious ? are you just teasing me because I'm a dork or for real ?
bmichigan69 ;for real would u like to
yayitskc95 ;with you ? ya
bmichigan69 ;cool , u know where we can meet
yayitskc95 ;you want to meet me for real ? honest ?
bmichigan69 ;yes why
yayitskc95 ;because you are like really cute and I'm a dork haha .
bmichigan69 ;u not a dork
yayitskc95 ;aww thank you , hello ?
bmichigan69 ;yeah
yayitskc95 ;|sorry , looked like you were sleeping . |
bmichigan69 ;nah
yayitskc95 ;k
bmichigan69 ;do u have sex with ur ex
yayitskc95 ;|naw , almost once but his parents came home . | , and then the other time we were going to but I got sick
bmichigan69 ;ok
yayitskc95 ;oh and then once omg we planned to but then my mom didn't have to go away that weekend after all .
bmichigan69 ;ur mom goes away on weekends
yayitskc95 ;ya every other weekend
bmichigan69 ;and leaves u home alone
yayitskc95 ;|ya , Im not a baby|
bmichigan69 ;i didnt think that i was excited
yayitskc95 ;I just eat a hella lot of pizza when she is gone haha . , huh ? what do you mean ?
bmichigan69 ;we can do it lol
yayitskc95 ;you want to come here ?
bmichigan69 ;if u want
yayitskc95 ;|lol thats up to you , I thought that is what you said|
bmichigan69 ;yeah
yayitskc95 ;yeah what ?
bmichigan69 ;yeah id like to come there
yayitskc95 ;I'm not sharing my pizza .
bmichigan69 ;ill just eat ur pussy
yayitskc95 ;hahaha lol , really ?
bmichigan69 ;yep
yayitskc95 ;never did that before .
bmichigan69 ;really cool
yayitskc95 ;cool
bmichigan69 ;after eating u out then i put my penis in u
yayitskc95 ;really ? , wow
bmichigan69 ;yep u like me to go slow
yayitskc95 ;|idk , whatever you think . |
bmichigan69 ;do u have a pic phone
yayitskc95 ;I don't have a phone anymore . I lost one and broke one and now I have to wait till christmas for a new one .
bmichigan69 ;that sucks
yayitskc95 ;|Ya , it does . | , What kind of phone do you have ?
bmichigan69 ;i think its a voyager
yayitskc95 ;oh
bmichigan69 ;i was thinking if u had a pic phone u can take a pic of ur pussy and send it to me
yayitskc95 ;|oh , sorry , I don't have one . |
bmichigan69 ;ok
yayitskc95 ;I better get a good one for christmas though .
bmichigan69 ;when i see u may be ill give u my cam
yayitskc95 ;aww that would be so cool but what would you use ?
bmichigan69 ;i can get another one or i might have more laying around
yayitskc95 ;okay
bmichigan69 ;so u think ur mom leaves next weekend
yayitskc95 ;|Nope she did this weekend , so she leaves the other one . On the . |
bmichigan69 ;ok , do u go to the great lakes crossing mall
yayitskc95 ;I go to the outlet lol , you ?
bmichigan69 ;i go to the great lakes crossing mall
yayitskc95 ;thats cool . whats your fav store ?
bmichigan69 ;hot topic
yayitskc95 ;I like that store . I got my Edward tshirt there .
bmichigan69 ;cool
yayitskc95 ;did you ever see that movie ? , Twilight
bmichigan69 ;yeah i bought the movie
yayitskc95 ;oh yeah you told me . I love that movie . , Its one of my favs .
bmichigan69 ;im into vampires and shit
yayitskc95 ;really ? , cool
bmichigan69 ;i like having my neck sucked on
yayitskc95 ;like vampirish or regular ?
bmichigan69 ;probably vamp irish sucked and almost biting
yayitskc95 ;ohh . cool , whatcha doin ?
bmichigan69 ;playing with my penis
yayitskc95 ;oh , sorry
bmichigan69 ;u like to see
yayitskc95 ;|if you want , its cool with me . |
bmichigan69 ;what u wearing
yayitskc95 ;a black tank top and monkey pj bottoms .
bmichigan69 ;rub ur nipples
yayitskc95 ;lol no .
bmichigan69 ;why
yayitskc95 ;your cam moved , its like at the ceiling
bmichigan69 ;would u suck the whole cock
yayitskc95 ;whose
bmichigan69 ;mine
yayitskc95 ;i'd try
bmichigan69 ;and cum in ur mouth
yayitskc95 ;if you want
bmichigan69 ;or cum in ur pussy
yayitskc95 ;idk wherever you think . is it going to hurt ?
bmichigan69 ;its ur first time
yayitskc95 ;not for blowjobs
bmichigan69 ;first time for sex u might bleed a little i head r it always happen
yayitskc95 ;ya my friend stephanie said it happened to her .
bmichigan69 ;did she like it
yayitskc95 ;ya , can I see your face again for a sec ? , yay , |sorry , I didn't mean for the whole time . Just wanted to see you too . |
bmichigan69 ;ok , would u like to try to meet before the
yayitskc95 ;I knwo im confusing lol , idk when I could I have stuff going on like everyday . , Im supposed to be going to Ohio to see my uncle for a few days , lol to piss him off .
bmichigan69 ;ok
yayitskc95 ;|I think my mom knows I drive him crazy , but its funny . he cracks on me , I roast on him . |
bmichigan69 ;sound fun
yayitskc95 ;ya
bmichigan69 ;well im gonna go to bed
yayitskc95 ;ya me too
bmichigan69 ;i talk to u later
yayitskc95 ;yeppers for sure . , |Hi Brian , just wanted to say hello . Hope you are doing okay . |
bmichigan69 ;hi
yayitskc95 ;hey you , whats up ?
bmichigan69 ;not much about you
yayitskc95 ;eating doritos and be ig online
bmichigan69 ;yumm doritos
yayitskc95 ;nacho cheese yum yum , how have you been
bmichigan69 ;good i went to tigers game yesterday they loss but won a couple hundred at the casino
yayitskc95 ;|woo hoo , how did you win that ? |
bmichigan69 ;playing black jack
yayitskc95 ;cool , lol you are the quietest person i ever talked to
bmichigan69 ;lol
yayitskc95 ;what you do today ?
bmichigan69 ;nothing just been lazy ing around the house
yayitskc95 ;me too . I worked out for about an hour and then thats it
bmichigan69 ;cool
yayitskc95 ;ya
bmichigan69 ;what part of the body are u working out
yayitskc95 ;my stomach . I'm trying to make it flatter . And I went running
bmichigan69 ;yummy
yayitskc95 ;|ya , I have to , omg I ate so much lol . |
bmichigan69 ;what did u eat
yayitskc95 ;|2 bowls of cocoa krispies , toast , peanut butter sandwich , chips , a snicker bar and a pizza pocket . |
bmichigan69 ;wow a lot
yayitskc95 ;I was hungry , |so , I was like . . omg I have to go for a run . | , Brian ! ! ! talk to meeeeee I'm bored
bmichigan69 ;sorry , so whats new
yayitskc95 ;nothing . Went to my friends for a while . Thats it .
bmichigan69 ;cool , what u did with ur friend
yayitskc95 ;|Painted my nails , we made fun of her sister , and watched a movie| , you ? , besides being lazy , lol , who did you go to the game with
bmichigan69 ;brother a friend and mother
yayitskc95 ;cool , hey
bmichigan69 ;how are you
yayitskc95 ;im ok u
bmichigan69 ;good
yayitskc95 ;cool , whats up
bmichigan69 ;changing my mailing address
yayitskc95 ;to your moms house ?
bmichigan69 ;yep
yayitskc95 ;k
bmichigan69 ;what u doing today
yayitskc95 ;i didn't do anything really , |kinda just hung out , meagan came over and we just hung out| , i'm going to my uncles tomorrow for a few days
bmichigan69 ;cool
yayitskc95 ;ya it will be , im gonna try and talk him into taking me to cedar point but idk
bmichigan69 ;cedar point is pretty cool
yayitskc95 ;ya but he don't like rides . I think thats why he never takes me . , |Omg , do you like not know how to say bye . |
bmichigan69 ;im still here
yayitskc95 ;net probs ?
bmichigan69 ;yeah when i go to some sites it bootes me off yahoo
yayitskc95 ;|oh , what ones ? i hate getting booted|
bmichigan69 ;one i was at in the postal ites
yayitskc95 ;that sucks , |ok , im gonna go for a while . wanna chat later|
bmichigan69 ;sure
yayitskc95 ;are you gonna . . . um chat hahaha
bmichigan69 ;yeah
yayitskc95 ;cool then i'll get back on in a bit . im gonna go make something to eat .
bmichigan69 ;ok
yayitskc95 ;hey sup
bmichigan69 ;not much how u doin
yayitskc95 ;alright u
bmichigan69 ;doing good
yayitskc95 ;whats new
bmichigan69 ;nothing chilling home
yayitskc95 ;cool , i just came back from ohio
bmichigan69 ;cool
yayitskc95 ;ya its freaking hot here though
bmichigan69 ;got air running here feels good
yayitskc95 ;thats cool , |whats been new , we havent talked|
bmichigan69 ;not much same thing nothing new
yayitskc95 ;you go to the casino anymore
bmichigan69 ;went two days ago sucked give them dollars back
yayitskc95 ;that sucks ass
bmichigan69 ;yep
yayitskc95 ;well i wanted to say hey . i gotta go to the store with my mom so she can get my food before she leaves next weekend .
bmichigan69 ;ok
yayitskc95 ;wanna talk later , |hey you , how ya been|
bmichigan69 ;good , how u doin
yayitskc95 ;|good ty , helping my mom pack for her trip|
bmichigan69 ;cool
yayitskc95 ;yep
bmichigan69 ;how u doin
yayitskc95 ;good ty you
bmichigan69 ;doing alright
yayitskc95 ;whats new
bmichigan69 ;not much
