ID;msg
bossofct ;Hi , Its me shane
xlizziemariex ;hiii
bossofct ;Wyd ?
xlizziemariex ;bored like usual lol u , bored like usual lol u
bossofct ;So how far are u from maloney ? , just w aching tv at my crib , Are u Spanish jw ?
xlizziemariex ;maloney high school ?
bossofct ;Ya I liv acrose the street from it lol
xlizziemariex ;lil bit i got some puerto rican in me . . y lol
bossofct ;c us eur really cute
xlizziemariex ;awww ty ^_^ ur cute to
bossofct ;Got any more pics of u jw
xlizziemariex ;ya lol u got nemore of u
bossofct ;Ya boo , Can I see some of u ?
xlizziemariex ;i like ur beard
bossofct ;I bet u got a nice ass all Spanish girls do
xlizziemariex ;haha its kind a small
bossofct ;U fill like hanging out if ur not dat far boo ? , Got any but pics boo ill tell ya if its small
xlizziemariex ;my moms off work today n i dont w una get caught n get in trouble lol , h . o ill see lmao
bossofct ;U wont get in trubel lol we can hang out at my place if u want ti , To*
xlizziemariex ;haha my mom would kill me if she caught me
bossofct ;Aww , Btw ur boobs are nice did u find a pic of ur ass ?
xlizziemariex ;haha thanks n no i didnt , You really wuna hang out w me ?
bossofct ;Ya if u want to , Im guessing ur like a b ?
xlizziemariex ;some bras i can fit into b
bossofct ;Mmm , Got any more sexy pics ? U wereing a bra now ? , Got any more sexy pics ? U wereing a bra now ?
xlizziemariex ;d uhhh , kk h . o
bossofct ;Wat coler ? , Do u think a inchs is big lol ?
xlizziemariex ;its red n inches wht ?
bossofct ;Can I see ur sexy bra n ill send u one of me ?
xlizziemariex ;i dont got a cam -_- plus my friend sent one to her ex n it went around the whole school lol
bossofct ;Aww lol come hang out den , So do u think a inchs is big lol ?
xlizziemariex ;it would have to be a day my mom works lol , inches ? huh
bossofct ;Want to see a pic ?
xlizziemariex ;kk , omg ! ! lmao i didnt kno u were guna send a pic of tht . . tht things bigger then my head lmao
bossofct ;Got any more pics boo n wat day . Dose she work , U like ?
xlizziemariex ;my ex bf was like half tht lmao
bossofct ;Lol , Got more sexy pics boo ?
xlizziemariex ;lol do u got fb ? i got pics on there
bossofct ;Ya wats ur fb name
xlizziemariex ;*edited* , u can add me but dont post or nething
bossofct ;When dose ur mom work ?
xlizziemariex ;i gotta check she works -10 when she does tho
bossofct ;Oh cool I work -11 tmo lol
xlizziemariex ;am-11am
bossofct ;I make good money nope pm to pm
xlizziemariex ;ohhh . . wht do u do
bossofct ;I bring home like $ evrey weeks , I work at *employer removed* in Cromwell lol
xlizziemariex ;omg ! i wish i was old enough to get a job haha , do u work like every day
bossofct ;nope day off today iwork t use day we ns day friday n saterday , Some times sonday
xlizziemariex ;ohhhh
bossofct ;Ya but I get paid $ an hr , So I make good money lol
xlizziemariex ;wht do u do there
bossofct ;Dishes / cook
xlizziemariex ;im a good cook
bossofct ;Do u ever were leggings or yoga paints ? Jw , Same
xlizziemariex ;ya i love yoga pants
bossofct ;Mmm , Got any pics of u in them ?
xlizziemariex ;haha i dont think so but lemme see
bossofct ;I love girls in them they look sexy
xlizziemariex ;haha well there def comfy ^_^ , hey brb i gotta eat dinner
bossofct ;Kk , Msg me when ur back on sexy , <ding>
xlizziemariex ;back kk
bossofct ;Welcome back sexy
xlizziemariex ;lol ty ^_^
bossofct ;What u doing sexy ? , So what street do u liv on jw ?
xlizziemariex ;haha i wuna get to kno u first . . not tryin to be mean or nething lol
bossofct ;Kk I understand that , So what do u like to do for fun ?
xlizziemariex ;ridin my bike . . hangin out w friends . . shoppin lol , u ?
bossofct ;Hang out with friends play foot ball n stuff
xlizziemariex ;u play football ?
bossofct ;Ya I use to play in hige school to
xlizziemariex ;ohhh where
bossofct ;Im bored at my crib lol
xlizziemariex ;do u have ur own house
bossofct ;middletown hi ge but men my friends play at washington park n sometimes , And yes I have my own apartment
xlizziemariex ;ohhh lucky ! , im bored ddd
bossofct ;Me ti to bad u dont have a webcam lol
xlizziemariex ;y lol
bossofct ;So we can chat on cam n get to no echuther
xlizziemariex ;ohhh lol
bossofct ;I bet u have one but ur just shy lolz
xlizziemariex ;no lol i really dont
bossofct ;So what wulde u like to get to no about me sexy ?
xlizziemariex ;haha idk kkkk , wht do u wuna kno bout me
bossofct ;What do u look for in a guy ?
xlizziemariex ;idk im not really picky lol . . as long as the guy is cute n not a jerk i guess
bossofct ;Do u think im cute ? Lol
xlizziemariex ;y aaaa haha , i like ur beard
bossofct ;Are u on a cell or laptop boo ?
xlizziemariex ;laptop y
bossofct ;Oh that u was on a cell , Ur laptop dont have a bilt in cam boo ?
xlizziemariex ;it had one but it dont work
bossofct ;Darn lol , I really want to see u
xlizziemariex ;sr yyyy
bossofct ;Its ok sexy , Will hang out soon
xlizziemariex ;wht we guna do ?
bossofct ;Idk hang out in less u want to do more
xlizziemariex ;like wht haha
bossofct ;Idk whats the u have done lol ? most , Most*
xlizziemariex ;wht u mean
bossofct ;Idk we can go out to the movies or something if u wantd to or hang at my house
xlizziemariex ;wht we guna do at ur house , n wht u mean whts the most i done ?
bossofct ;Up to u lol , Like whats the most u ever did with boys lol
xlizziemariex ;nooo its up to u lol n u mean like . . .
bossofct ;Ya
xlizziemariex ;huh , im confused
bossofct ;Whats the most uve ever done ?
xlizziemariex ;u mean like y my ex bf ? , my*
bossofct ;Ya , Whats the most u ever did with him
xlizziemariex ;ohhh lmao i thought so but i didnt wuna sound dumb . . we pretty much did everything lol , w hts the most u done
bossofct ;Ive done everything b4 , bad ur not here
xlizziemariex ;haha ys tht ^_^
bossofct ;id kc use id be holding ur sexy body
xlizziemariex ;^_^
bossofct ;Thats if ud let me
xlizziemariex ;id let u
bossofct ;So do u liv close to me boo ?
xlizziemariex ;it aint to far
bossofct ;Oh u liv closer to cvs or the other way ?
xlizziemariex ;not to far from u
bossofct ;Darn lol
xlizziemariex ;y u say darn
bossofct ;Idk cuse ur not here ?
xlizziemariex ;haha sry my moms home !
bossofct ;Ik lolz
xlizziemariex ;we gotta wait til she works lol . . then i dont have to worry bout lyin to her or her callin me or nething
bossofct ;What u wereing sexy ?
xlizziemariex ;t shirt n shorts
bossofct ;Mmm , So do u really want to chill boo ?
xlizziemariex ;if u do lol . . ur not like some crazy dude thts guna kill me r u lmao
bossofct ;No im not crazy like that boo
xlizziemariex ;lol never kno !
bossofct ;Ik
xlizziemariex ;wyd ?
bossofct ;Nm just sitting here looking at ur pics
xlizziemariex ;haha on my fb ?
bossofct ;Ya
xlizziemariex ;whts urs , or not lol
bossofct ;I just add u boo , Jw is it a bad thing if I have a son ?
xlizziemariex ;awww u have a son ! ?
bossofct ;Ya
xlizziemariex ;how old is he
bossofct ;He is
xlizziemariex ;wht s his name
bossofct ;*child name edited*
xlizziemariex ;thts a cute name
bossofct ;ya see im not a craze y person lol
xlizziemariex ;haha i guess not
bossofct ;Do u were boty shorts ?
xlizziemariex ;ya haha , im wear in booty shorts under my shorts right now lol
bossofct ;Mmm wat coler , To bad u cant take pics
xlizziemariex ;light blue lol sr yyyy
bossofct ;Mmm , I love blue n red bras on girls , Blue n red is sexy
xlizziemariex ;lol i got a lot of colors
bossofct ;Mmm u gana show them off to me ?
xlizziemariex ;haha how u want me to show em off to u
bossofct ;Idk
xlizziemariex ;haha
bossofct ;Come over here n let me take ya shurt off ? , us hul de try to come out sie d lol
xlizziemariex ;haha wuna take my shirt off huh ?
bossofct ;Rite now ? , U like ? , U like it boo ?
xlizziemariex ;sexy , is tht actually u lol
bossofct ;Yes , Ill show u when I see u babe if u want me to
xlizziemariex ;wht ya mean
bossofct ;Ill show u it when I see u if u want me to , So u see that its me
xlizziemariex ;haha mmmmk ^_^
bossofct ;What wulde u do if u were here n I was naked ?
xlizziemariex ;lol idkk . . wht would u wuna do
bossofct ;Anything u want ?
xlizziemariex ;like wht lol
bossofct ;Idk
xlizziemariex ;lol m hmmmm
bossofct ;Have u ever been eat out ?
xlizziemariex ;ya if mom gives me $ n if ima be w friends . . tht was a random ? lol
bossofct ;Do u like it ? , I love to eat pussy lol
xlizziemariex ;ohhhhhh ! ! i thought u meant out to eat omg lmao i feel so dumb hahahaha , ya my ex did it n i liked it
bossofct ;Mmm im eat the fuck out ur pussy , If u want me to lol
xlizziemariex ;id let u tht was my fav haha
bossofct ;Mmm get over here boo
xlizziemariex ;haha i cantttt !
bossofct ;If u culde sneek out wulde u ?
xlizziemariex ;it be safer to wait til my mom works
bossofct ;Aww lol
xlizziemariex ;y u want me to come over so bad
bossofct ;Idk to have fun ? , U getting turnd on ?
xlizziemariex ;may be a lil bit hahaha
bossofct ;Is ya mom working tmo ?
xlizziemariex ;i think she s off again
bossofct ;Aww , I want to hang out lol
xlizziemariex ;idk for sure tho lol , lol where would we go
bossofct ;wish u cul de sneek out now
xlizziemariex ;i could but i dont wun a risk it
bossofct ;If u culde sneek out we culde come back to my place , Have u snuck out b4 ?
xlizziemariex ;nooo lol
bossofct ;Oh
xlizziemariex ;i have at my friends house to see my ex bf , but im to scared to at my house lol
bossofct ;Shit even if we hung out for like minutes lol
xlizziemariex ;u jus wuna hang out for min ? lol
bossofct ;To at least see u , Lol
xlizziemariex ;lol
bossofct ;Wat school do u go to sexy ?
xlizziemariex ;lincoln
bossofct ;Oh cool , Do u walk home ?
xlizziemariex ;i guess lol , no my friends mom takes me home
bossofct ;Aww was gana say we culde meat up tmo lol
xlizziemariex ;lol well if mom works then ill let u kno
bossofct ;Kk I work tmo at so just let me no b4 then
xlizziemariex ;kk !
bossofct ;us hul de tell her ur going to washington park to see a friend tmo or something lol
xlizziemariex ;lol . . idkkkk , r u guna pick me up
bossofct ;Ya if u want me to come meat up with me
xlizziemariex ;huh
bossofct ;Ya ill pic u up if u want to hang out lol
xlizziemariex ;ill let u kno tomorrow lol idk if i wuna risk it
bossofct ;Ok boo , If not we do it when ur mom at work
xlizziemariex ;tht would be better lol cus the nik no shes not gun a call me or nething
bossofct ;Ok just find out wat day do u have a cell phone to text on ?
xlizziemariex ;ya lol
bossofct ;Wats ur number ?
xlizziemariex ;*phone number edited*
bossofct ;Can u take pics on ur cell ?
xlizziemariex ;no its a shit phone -_-
bossofct ;Aww im have to giv u one of my webcams I have
xlizziemariex ;haha really ?
bossofct ;Ya so we can talk on cam n see echuther , If I new were u were id bring u it lol
xlizziemariex ;my moms home haha ur crazy
bossofct ;Is ur room on da first floor ? , Lol
xlizziemariex ;ur not comin here tonight ! lmao , plus dont u got ur son
bossofct ;Nope he with his mom to nite
xlizziemariex ;its past his bed time lol , ohhhh , wht days do u get him
bossofct ;Any day I want him I just go pic him up
xlizziemariex ;ohhh well thts good !
bossofct ;Ya , sexy i wish u were here this bubbe l bath fills good
xlizziemariex ;i love bubble bath ssss , i took one yesterday lol
bossofct ;Me to there relaxing , Come take one with me ? ?
xlizziemariex ;ya they r , haha want me to ? , u lieeee
bossofct ;Ya come take one babe
xlizziemariex ;lol u kno i cant
bossofct ;Soon u can , When ur mom at work
xlizziemariex ;i like lots of bubbles lol
bossofct ;will make lots of bubbe ls
xlizziemariex ;oh we willl ?
bossofct ;Ya , U want me to lick ur pussy for u boo jw ?
xlizziemariex ;u would really do tht ? hehe
bossofct ;Yes if u want it
xlizziemariex ;hehe sounds good to me ee
bossofct ;Mmm
xlizziemariex ;^_^
bossofct ;U geting wet boo ?
xlizziemariex ;hahaha id kkk may be maybe not ttt
bossofct ;ill take that as a yes lol , I bet u have a sexy voice on the phone
xlizziemariex ;haha y u think tht
bossofct ;Idk just guessing
xlizziemariex ;wht do u think i sound like lol
bossofct ;Idk u probly got that cute lil girl voice , Ive been tolde I sound cute on the phone as well
xlizziemariex ;lol i kinda wuna hear wht u sound like
bossofct ;want me to call u boo ?
xlizziemariex ;h . o lemme see wht moms doin
bossofct ;Kk , U still there ?
xlizziemariex ;im bout to call in a min , shes on the phone with her bf
bossofct ;Kk , Lol , Dame u sound so sexy ! ! !
xlizziemariex ;u do toooo
bossofct ;I bet when u mone it sounds sexy
xlizziemariex ;hahaha idk
bossofct ;Have u ever mond b4 ?
xlizziemariex ;mond ?
bossofct ;Like made sex noise when being eatin out lol
xlizziemariex ;ohhh . . haha ya but its embarasing
bossofct ;Y ?
xlizziemariex ;id kkkk lol
bossofct ;Dame I wish u were here :/ , I want to cuddle with u
xlizziemariex ;i wish i was to ooo , im bored dd
bossofct ;Come here u wont be bored then , We can do a lot of stuff
xlizziemariex ;haha like wht ?
bossofct ;Idk I can lick ur nice tite pussy n rub it for u ? , As u play with my dick ?
xlizziemariex ;unds good to meeee , do guys actually like do in tht
bossofct ;Mmm wish ur mom was at work :/ , I do idk about other ones
xlizziemariex ;me tooo . . hopefully she does tomorrow
bossofct ;Do u giv good head jw ?
xlizziemariex ;my ex never complained lol
bossofct ;Mmm u gana suck my big dick babe ?
xlizziemariex ;u want me to ? lol
bossofct ;Hell ya if u want to
xlizziemariex ;idk if i can haha . . urs is huge haha , ill choke
bossofct ;Na u wont babe just dont go to deep , Are u still a virgin ? Jw
xlizziemariex ;no lol . . i had sex w my ex but it wasnt tht good
bossofct ;Oh , U want me deep in ur pussy boo ?
xlizziemariex ;id kkk lol im scared bout gettin prego , id kkk lol im scared bout gettin prego
bossofct ;I wont bust in u lol , Ill bust on ur sexy tummy
xlizziemariex ;u would have to wear a condom lol i dont wuna take the chance . . my mom would kill me
bossofct ;Kk ill were one for u babe
xlizziemariex ;im serious lol if we do then u have to
bossofct ;Dame I wish u was my girl , I will put one on babe
xlizziemariex ;hey i gotta get off here n go to bed . . moms yellin at me , ill text u tomorrow n tell u if she s work in or not
bossofct ;Aww ok boo sweet dremms text me when u wake up <3
xlizziemariex ;g nite ee
