ID;msg
broken_empires ;what you wanna do , , ,
My trolling name ;i dont know how old r u ? , , ,
broken_empires ;, , ,
My trolling name ;cool where u live ? , , ,
broken_empires ;ellenwood , , , , south of atl , , , , and you , , ,
My trolling name ;n i live by columbus , , ,
broken_empires ;oh , , ,
My trolling name ;i like ur pic , , ,
broken_empires ;thank you , , , , you have any , , ,
My trolling name ;on my prof , , ,
broken_empires ;ok , , , , very pretty , , ,
My trolling name ;ty , , ,
broken_empires ;welcome sweetie , , ,
My trolling name ;wuts ur name im *edit* , , ,
broken_empires ;George , , , , pretty name , , ,
My trolling name ;nice meet u , , , , ty , , ,
broken_empires ;welcome , , , , and good to meet you , , ,
My trolling name ;u got a gf ? , , ,
broken_empires ;wish you were older\ , , , , no , , ,
My trolling name ;i aint no baby , , ,
broken_empires ;i know , , , , but you are still young , , ,
My trolling name ;so , , ,
broken_empires ;what you want to do , , ,
My trolling name ;i dont care , , , , im bored , , ,
broken_empires ;what you like to do , , ,
My trolling name ;ride my bike sumtimes play street hockey , , ,
broken_empires ;cool , , ,
My trolling name ;sumtimes i go swimmin in our pool but i dont feel like it today , , ,
broken_empires ;wish i could go swimmin , , ,
My trolling name ;y cant u ? , , ,
broken_empires ;no pool , , ,
My trolling name ;o , , ,
broken_empires ;you like older men , , ,
My trolling name ;ya , , ,
broken_empires ;really , , , , what kind of music you like , , ,
My trolling name ;ya i dont like boys my age they r stupid , , ,
broken_empires ;lol , , ,
My trolling name ;all kinds , , ,
broken_empires ;cool , , ,
My trolling name ;how come u aint got no gf ? ur cute , , ,
broken_empires ;looking for a new one , , ,
My trolling name ;o , , ,
broken_empires ;and thank you , , ,
My trolling name ;yw , , ,
broken_empires ;i would ask you , , ,
My trolling name ;y cant u ? , , ,
broken_empires ;but you are very young , , ,
My trolling name ;o plz , , , , u dont wana chat ? , , ,
broken_empires ;yes i do , , ,
My trolling name ;k , , ,
broken_empires ;what you wanna know , , ,
My trolling name ;wut u like do ? , , ,
broken_empires ;almost anything fun , , , , |hiking , camping rafting| , , , movies music , , , , and lots of sexxx , , ,
My trolling name ;cool , , ,
broken_empires ;, , ,
My trolling name ;lol ur silly , , ,
broken_empires ;love to use my tongue , , , , thank you , , ,
My trolling name ;u have a car ? , , ,
broken_empires ;yes , , ,
My trolling name ;wish i could drive , , ,
broken_empires ;you will soon , , ,
My trolling name ;ya , , ,
broken_empires ;so what else you want to know , , ,
My trolling name ;i dont know , , ,
broken_empires ;ok , , ,
My trolling name ;wut u do ? , , ,
broken_empires ;drive for a restarant , , ,
My trolling name ;cool , , ,
broken_empires ;i guess , , , , i hate work\ , , ,
My trolling name ;aww , , ,
broken_empires ;wanna call me sometime , , ,
My trolling name ;ya , , ,
broken_empires ;, , ,
My trolling name ;ty , , , , i can call u later , , ,
broken_empires ;yes , , , , whenever , , ,
My trolling name ;k i got get a phone car from the gas station today , , ,
broken_empires ;ok , , ,
My trolling name ;my dad gets em me but he aint here so i got walk lol , , ,
broken_empires ;aww , , , , where in columbus you live , , ,
My trolling name ;im by columbus *edit* , , ,
broken_empires ;dont know where that is , , ,
My trolling name ;o , , ,
broken_empires ;|are you south , north east , or west| , , which part , , ,
My trolling name ;im close columbus but i live in *edit* , , , , how far r u away ? , , ,
broken_empires ;about and a half hours , , ,
My trolling name ;ooo , , ,
broken_empires ;you are off , , ,
My trolling name ;ya , , , , u there ? , , ,
broken_empires ;yes i am , , ,
My trolling name ;k , , ,
broken_empires ;was looking up on the map , , , , it says about hour and minutes , , ,
My trolling name ;is that bad ? , , ,
broken_empires ;no , , , , i could probably be there sooner than that , , , , prob hour , , , , are you on my space , , ,
My trolling name ;really ? can u come like wed cuz my dad leaving agusta that mornin n wont be back til thursday , , , , no i got bingbox , , ,
broken_empires ;you want me to come down on wed , , ,
My trolling name ;ya , , ,
broken_empires ;what time will he back thurs , , ,
My trolling name ;he said like , , ,
broken_empires ;ok , , , , what time is he leaving wed , , ,
My trolling name ;like , , ,
broken_empires ;oh , , ,
My trolling name ;in the mornin , , ,
broken_empires ;cool , , ,
My trolling name ;he g to g a hospital up there see a patiant , , ,
broken_empires ;i dont know , , ,
My trolling name ;hes goin there some hospital , , ,
broken_empires ;my bday is next week , , ,
My trolling name ;cool ! , , ,
broken_empires ;i am going to be a little more ancient , , , , lol , , , , , , ,
My trolling name ;lol ur not old , , ,
broken_empires ;thank you sweetie , , ,
My trolling name ;yw , , ,
broken_empires ;so what you doin this weekend , , ,
My trolling name ;nuthin , , , , wut u doin , , ,
broken_empires ;nothin , , ,
My trolling name ;we will have fun if u come over , , , , i dont have lots of friends here yet , , ,
broken_empires ;really , , ,
My trolling name ;ya , , ,
broken_empires ;when is your bday , , ,
My trolling name ;-Apr , , ,
broken_empires ;, , ,
My trolling name ;ya , , ,
broken_empires ;so what we going to do , , ,
My trolling name ;wutever u want , , ,
broken_empires ;ok , , ,
My trolling name ;wut u wana do ? we can go swimming , , ,
broken_empires ;sounds cool , , , , i just might come down there and go swiimin , , ,
My trolling name ;k , , ,
broken_empires ;i gotta go buy some swimmin shorts , , ,
My trolling name ;ok , , ,
broken_empires ;you have a bikini , , ,
My trolling name ;ya got , , ,
broken_empires ;or we going to skinny dip , , ,
My trolling name ;lol we can do that , , ,
broken_empires ;, , , , thats sounds like fun , , , , how much you weigh and how tall are you , , , , if you dont want to answer , , , , then dont , , ,
My trolling name ;im like , , , , u ? , , ,
broken_empires ;perfect , , ,
My trolling name ;really ? , , ,
broken_empires ;and , , , , yes , , , , i like my girls small and young , , ,
My trolling name ;, , , , u think u will like me ? , , ,
broken_empires ;oh yes , , , , the pic i saw i did like , , ,
My trolling name ;k , , ,
broken_empires ;you are very pretty , , ,
My trolling name ;ty , , , , i thin ur cute , , ,
broken_empires ;welcome sweetie , , , , thank you sweetie , , ,
My trolling name ;yw , , , , wut time u gona come wed ? , , ,
broken_empires ;prob about am , , ,
My trolling name ;k , , ,
broken_empires ;i will be there , , ,
My trolling name ;cool , , , , brb , , ,
broken_empires ;you saw what my nmae was in the room right , , ,
My trolling name ;k sorry , , , , ya , , , , u there ? , , ,
broken_empires ;yes , , ,
My trolling name ;wuts it mean ? , , ,
broken_empires ;what , , , , naughty elf king , , ,
My trolling name ;ur name ? , , , , ya , , , , thats wut it means ? , , ,
broken_empires ;well there broken empires , , , , in the room i am naughty elf king though\ , , ,
My trolling name ;cool , , ,
broken_empires ;it means my empire i had is broken into pieces , , ,
My trolling name ;i like that name , , ,
broken_empires ;from my first wife , , , , thank you , , ,
My trolling name ;u were married ? , , ,
broken_empires ;twice , , , , and prob will be again , , ,
My trolling name ;wow my moms dead n my dad aint got no other wife , , ,
broken_empires ;prob still in love with her , , ,
My trolling name ;ya , , ,
broken_empires ;so what else we going to do wed , , ,
My trolling name ;i dont care , , ,
broken_empires ;you have any ideas , , ,
My trolling name ;i dont know wut u wana do ? , , , , how long can u stay ? , , ,
broken_empires ;whenever you kick me out , , ,
My trolling name ;lol i wont do that , , , , u can like stay the night if u want , , ,
broken_empires ;sounds good , , ,
My trolling name ;k , , ,
broken_empires ;what is your fave band , , ,
My trolling name ;linkin park , , ,
broken_empires ;cool , , , , there new cd will be out in december , , ,
My trolling name ;really ? , , ,
broken_empires ;yes , , ,
My trolling name ;cool , , , , so can i like be ur gf ? , , ,
broken_empires ;if you want to , , ,
My trolling name ;ok , , ,
broken_empires ;so you going to be my girl , , ,
My trolling name ;ya , , ,
broken_empires ;cool , , ,
My trolling name ;wut u wana talk bout now , , ,
broken_empires ;how many guys you been wuth , , , , with , , ,
My trolling name ;when i live in mi , , ,
broken_empires ;only , , ,
My trolling name ;ya , , ,
broken_empires ;oh , , , , what you do , , ,
My trolling name ;we did it , , ,
broken_empires ;only one time , , ,
My trolling name ;ya cuz then we move here , , ,
broken_empires ;ok , , , , was going to ask what your fave position is , , ,
My trolling name ;i dont know , , ,
broken_empires ;hey sweetie i got to go , , ,
My trolling name ;ok , , ,
broken_empires ;call me later , , ,
My trolling name ;ok , , ,
broken_empires ;you promise , , ,
My trolling name ;i promise , , ,
broken_empires ;ok talk to you later sweetie , , ,
My trolling name ;k by , , ,
broken_empires ;hey sweetie , , , , hey there , , , , hey sweetie , , ,
My trolling name ;Hi brb , , , , hi , , , , hi , , ,
broken_empires ;hey there , , , , how you been , , ,
My trolling name ;good how u been ? , , ,
broken_empires ;good , , , , thinking of you , , ,
My trolling name ;me ! I missed u , , ,
broken_empires ;what kind of doctor is your dad , , ,
My trolling name ;heart doctor , , ,
broken_empires ;oh , , , , what about your mom , , ,
My trolling name ;my moms dead , , , , she died last summer , , ,
broken_empires ;oh sorry to hear that sweetie , , ,
My trolling name ;ty , , , , my dad runnin round here , , , , gettin stuff ready tomorrow , , ,
broken_empires ;i dont know if i am going to be able to come down tomorrow , , ,
My trolling name ;aww y not ? , , ,
broken_empires ;well i am thinking this is a trap , , ,
My trolling name ;huh ? , , ,
broken_empires ;that this is the police , , ,
My trolling name ;i aint no police , , ,
broken_empires ;ok , , ,
My trolling name ;dude im , , ,
broken_empires ;i know , , ,
My trolling name ;wutever , , , , either u think im a baby or u think im police , , ,
broken_empires ;i still want to come and see you , , ,
My trolling name ;y u think im police ? , , ,
broken_empires ;|you know what , i will be there tomorrow| , , , i see it on tv all thetime , , , , but i will come down and see you , , ,
My trolling name ;, , ,
broken_empires ;we will go swimming and just hangout , , , , , , , , :-* , , ,
My trolling name ;lol ur funny , , , , :-* , , ,
broken_empires ;lol , , ,
My trolling name ;brb my dad wants me , , ,
broken_empires ;so do i , , ,
My trolling name ;k , , , , sorry hes tryin pack , , ,
broken_empires ;ok , , , , cool , , ,
My trolling name ;he left like the weekend in what so nice when he was gone , , ,
broken_empires ;what last weekend , , ,
My trolling name ;no friday n came back sunday , , , , how long can u stay ? , , ,
broken_empires ;when you want me to leave , , ,
My trolling name ;hes leavin like at or sumthin like that so like get here like , , ,
broken_empires ;ok , , ,
My trolling name ;that way if he forgets sumthin n comes bacj u aint here yet , , ,
broken_empires ;i am going to leave here about or , , ,
My trolling name ;k u got a bathin suit ? lol , , ,
broken_empires ;yes , , ,
My trolling name ;guess we wont use them tho lol , , ,
broken_empires ;sounds cool , , ,
My trolling name ;i can cook u want me like make sumthin ? , , ,
broken_empires ;i will accidentley forget mine , , ,
My trolling name ;lol , , ,
broken_empires ;if you want to , , , , or we can go out and get something , , ,
My trolling name ;ya thats cool , , , , wut else u wana do cuz aint lots here , , ,
broken_empires ;we canwatch some movies , , ,
My trolling name ;we got movies , , ,
broken_empires ;cool , , ,
My trolling name ;wut kind u like ? , , ,
broken_empires ;you like vin diesel , , ,
My trolling name ;ya hes cool , , ,
broken_empires ;i just bought the riddick chronicles , , , , i mean the riddick trilogy , , ,
My trolling name ;i aint seen that yet , , ,
broken_empires ;i will bring that , , , , it is three movies , , ,
My trolling name ;k , , , , brb sry , , ,
broken_empires ;ok , , ,
My trolling name ;lol u said u want me , , , , u there ? , , ,
broken_empires ;go to myspace . com and lookyes i doup broken_empires . com , , , , yes i do , , ,
My trolling name ;this is cool , , , , ur really cute , , , , wut u mean u want me ? , , ,
broken_empires ;i want you , , , , i wish you could move up here with me , , ,
My trolling name ;really ? , , ,
broken_empires ;yes , , ,
My trolling name ;y ? , , ,
broken_empires ;so i wont be alone at night , , ,
My trolling name ;, , , , will u stay night tomorow ? , , ,
broken_empires ;and you wouldnt be alone either , , ,
My trolling name ;ya , , ,
broken_empires ;yes if you want me to , , ,
My trolling name ;k , , , , wut u wana do ? , , ,
broken_empires ;be with you , , ,
My trolling name ;ok , , , , u busy ? , , ,
broken_empires ;i am going to take some deliveries , , ,
My trolling name ;u comin back ? , , ,
broken_empires ;yes , , , , what is your address , , ,
My trolling name ;k , , , , lol i give it u when u come back cuz i got go eat , , ,
broken_empires ;ok , , , , hey sweetie , , ,
My trolling name ;hi , , ,
broken_empires ;hello my sweet , , ,
My trolling name ;i was thinkin like u come over u aint crazy or nuthin r u ? lol , , ,
broken_empires ;lol , , , , no i am not , , ,
My trolling name ;sorry , , ,
broken_empires ;i will be on my best behavior , , ,
My trolling name ;really ? , , ,
broken_empires ;yes , , ,
My trolling name ;aww , , , , so u will be my bf after ? , , ,
broken_empires ;what you dont want me to be good , , , , yes i will , , ,
My trolling name ;u aint gona not talk me r u ? , , , , lol i dont know , , ,
broken_empires ;i will always talk to you , , ,
My trolling name ;wut u do thats bad ? , , ,
broken_empires ;whatever you ask me to do , , ,
My trolling name ;wut u mean ? , , ,
broken_empires ;you will have to initiate everything , , ,
My trolling name ;huh ? , , ,
broken_empires ;i am going to to be good , , , , |if you want me to be bad , you have to ask me to do whatever it is you want| , ,
My trolling name ;o y ? , , ,
broken_empires ;because , , ,
My trolling name ;im shy tho , , ,
broken_empires ;well you will have to be a little more aggressive , , ,
My trolling name ;o , , , , i dont know if i can be , , ,
broken_empires ;then i will help you out , , ,
My trolling name ;really ? , , ,
broken_empires ;yes , , ,
My trolling name ;wut u mean ? , , , , like when we swimmin ? , , ,
broken_empires ;what do you think i mean , , , , yes , , ,
My trolling name ;i dont know wut u mean , , ,
broken_empires ;you will see tomorrow , , ,
My trolling name ;but i wana know now lol , , , , cuz like its just gona be us , , , , i aint never done this b4 but when i gave my addres that guy in mi n he showed up early n got me in trouble , , ,
broken_empires ;|well i wont show up early , dont want to get you in trouble| , , , i promise , , ,
My trolling name ;i know , , , , i guess im nervis but i want u come , , , , i just want know wuts gona happen so i dont look stupid , , ,
broken_empires ;|well if you want to wait , i can| , ,
My trolling name ;no way ! , , ,
broken_empires ;you wont look stupid , , , , we will take it slow , , , , |first we will go swimming , then just watch some movies and talk| , ,
My trolling name ;wut if im shy to do sumthin first ? , , , , u gona leave ? , , ,
broken_empires ;you wont be , , , , i promise , , ,
My trolling name ;huh ? , , ,
broken_empires ;and if you dont i wont leave , , ,
My trolling name ;i just like u n i think ur cute n i want be ur gf , , , , brb dad , , ,
broken_empires ;you will be , , , , what size bra you wear , , ,
My trolling name ;sorry i cant wait til he leaves , , , , o b , , , , im not big i guess , , , , u there ? , , ,
broken_empires ;sorry sweetie , , ,
My trolling name ;its ok , , ,
broken_empires ;b , , , , thats what a mouth full , , ,
My trolling name ;u dont care they aint big ? , , ,
broken_empires ;no , , , , i like em about average size , , , , dont like bigguns , , ,
My trolling name ;lol , , ,
broken_empires ;, , ,
My trolling name ;u got teh move with vin diesal called find me guilty ? , , ,
broken_empires ;no , , , , havent seen it yet , , ,
My trolling name ;o ok me with my freind tell me bout it , , , , wut u want me ware tomorow ? , , ,
broken_empires ;whatever you are comfy in , , ,
My trolling name ;k cuz i got a blue mini skirt n white tank top i wana ware , , ,
broken_empires ;i like that , , ,
My trolling name ;really ? , , ,
broken_empires ;wear that or your bikini , , , , yes i love miniskirts , , ,
My trolling name ;cool , , , , wut else u gona bring ? , , , , i got like a white mini skirt , , ,
broken_empires ;wear what you want to wear sweetie , , ,
My trolling name ;k , , ,
broken_empires ;i am sure you will look in anything you wear , , , , good , , ,
My trolling name ;k i will ware teh white i like it better , , ,
broken_empires ;ok , , , , sounds good , , ,
My trolling name ;im just nervis u wont like me , , ,
broken_empires ;dont be , , , , be excited , , ,
My trolling name ;i am ! but like if im shy i dont want u think im a baby , , ,
broken_empires ;i am , , , , i dont , , , , and i wont think that , , ,
My trolling name ;but u say i got do stuff first n i dont know if i can , , ,
broken_empires ;it will be ok , , ,
My trolling name ;u mean like sex n stuff ? , , ,
broken_empires ;trust me it comes natural , , ,
My trolling name ;i will be shy , , ,
broken_empires ;if that is what you want yes , , ,
My trolling name ;ok , , ,
broken_empires ;its all about being comfortable with the person you are with , , , , if there is something you dont like let me know , , ,
My trolling name ;ty , , ,
broken_empires ;i wont get mad , , , , welcome sweetie , , ,
My trolling name ;ur so nice , , ,
broken_empires ;i try to be , , ,
My trolling name ;u got like really long hair ? , , ,
broken_empires ;what is your address , , , , yes , , , , the middle of my back , , ,
My trolling name ;wow , , ,
broken_empires ;you going to play with it , , ,
My trolling name ;ya , , ,
broken_empires ;cool , , ,
My trolling name ;will u like bring sumthin so i dont like get preggerz ? , , ,
broken_empires ;will you give me a back massage , , ,
My trolling name ;ya totally , , ,
broken_empires ;i cant have kids , , , , cool , , ,
My trolling name ;really ? , , ,
broken_empires ;yes , , ,
My trolling name ;so we dont need condoms ? , , ,
broken_empires ;i have tried so many times with my two exwifes , , ,
My trolling name ;ooo , , ,
broken_empires ;didnt work , , ,
My trolling name ;but like shouldnt u ware tho ? , , ,
broken_empires ;|the first time my first ex cheated on me , she got pregnant| , , , if you want me ti will , , ,
My trolling name ;k cuz in school they say ware , , ,
broken_empires ;i know , , , , but i dont like them , , ,
My trolling name ;just bring sum k ? , , ,
broken_empires ;they are messy and you cant feel everything , , ,
My trolling name ;oo , , , , will u bring tho ? , , ,
broken_empires ;yes sweetie , , , , i will , , ,
My trolling name ;k lol sorry i give u my addres , , ,
broken_empires ;ok , , ,
My trolling name ;*edit* , , , , lol not i , , ,
broken_empires ;*edit* , , ,
My trolling name ;ya im in *edit* , , , , dude plz dont come when my dad here , , ,
broken_empires ;i said i wont , , ,
My trolling name ;k , , ,
broken_empires ;am ok , , , , hey sweetie , , ,
My trolling name ;ok , , ,
broken_empires ;i will be back , , , , give me about minutes , , , , :-* , , ,
My trolling name ;k i will wait u , , ,
broken_empires ;ok , , , , i have ten minutes , , ,
My trolling name ;cool , , ,
broken_empires ;what else you want to know , , ,
My trolling name ;i dont know lol , , ,
broken_empires ;think of something , , , , first thing on your mind , , ,
My trolling name ;u still got a berd ? , , ,
broken_empires ;you have a digital video cam , , , , yes , , , , want to shave , , , , me , , ,
My trolling name ;no u got ? , , ,
broken_empires ;no , , , , want me to shave , , ,
My trolling name ;no i like it , , ,
broken_empires ;ok , , ,
My trolling name ;i like long hair , , ,
broken_empires ;cool , , ,
My trolling name ;i like u lol , , ,
broken_empires ;i like you to babe , , ,
My trolling name ;u dont work tomorow ? , , ,
broken_empires ;i am supposed to , , , , but , , , , i am going to call out , , ,
My trolling name ;really ? cool ! , , ,
broken_empires ;lol , , ,
My trolling name ;u gona stay teh night ? , , ,
broken_empires ;i am doing it for you , , ,
My trolling name ;i know , , ,
broken_empires ;what time is your dad going to be home , , ,
My trolling name ;he said like sunday but said he may be later , , ,
broken_empires ;oh , , ,
My trolling name ;its kind a long drive agusta from here , , ,
broken_empires ;you want me to stay the night , , ,
My trolling name ;ya totally ! , , ,
broken_empires ;thought you said he was going to atlanta , , , , then i will , , ,
My trolling name ;no agusta , , ,
broken_empires ;ok , , ,
My trolling name ;im so happy yay lol , , ,
broken_empires ;|whenever you want me to leave , i will| , , , you just tell me , , , , go away , , , , lol , , ,
My trolling name ;lol i wont do that u can stay til like mins b4 my gets home , , ,
broken_empires ;ok , , , , sounds good , , ,
My trolling name ;u know how get here ? , , ,
broken_empires ;i will , , , , but i have to go , , , , i will be back in about minutes , , ,
My trolling name ;k , , ,
broken_empires ;:-* , , , , , , ,
My trolling name ;:-* , , ,
broken_empires ;hey sweetie , , ,
My trolling name ;hi , , ,
broken_empires ;you miss me , , ,
My trolling name ;im hidin from my freind lol , , ,
broken_empires ;i missed you , , ,
My trolling name ;ya ! , , ,
broken_empires ;so ask me something , , , , which friend you hiding from , , ,
My trolling name ;meg she in mi , , ,
broken_empires ;oh , , , , why , , ,
My trolling name ;cuz she kinda borin sumtimes , , ,
broken_empires ;like me , , , , lol , , , , , , ,
My trolling name ;no way ! , , ,
broken_empires ;so ask me something , , ,
My trolling name ;wut kind a car u got ? , , ,
broken_empires ;ford taurus , , ,
My trolling name ;cool , , ,
broken_empires ;something else , , , , its alright , , ,
My trolling name ;r u skinny , , ,
broken_empires ;did you get another calling card , , , , yes , , ,
My trolling name ;yep , , ,
broken_empires ;i am about '5 and , , , , cool , , ,
My trolling name ;cool , , ,
broken_empires ;you like skinny , , ,
My trolling name ;not like real skinny but ya , , ,
broken_empires ;but i have a like a beer gut , , , , but dont drink beer , , ,
My trolling name ;lol , , ,
broken_empires ;it aint huge , , ,
My trolling name ;its ok i dont care , , ,
broken_empires ;|i aint very muscular , but i can still pick you up and carry you around| , ,
My trolling name ;lol that be fun , , ,
broken_empires ;you know i never had a gf that was a redhead , , ,
My trolling name ;really ? , , ,
broken_empires ;yes , , , , red on top , , , , what about below , , ,
My trolling name ;ya , , ,
broken_empires ;cool , , , , you shave down there , , ,
My trolling name ;ya alittle cuz of my bathin suit , , ,
broken_empires ;col , , , , cool , , , , ask me again , , ,
My trolling name ;as u wut ? , , ,
broken_empires ;anything , , ,
My trolling name ;wut kind of girls u like ? , , ,
broken_empires ;|small , skinny , beautiful , sexxxyand young|
My trolling name ;, , ,
broken_empires ;thats you right , , ,
My trolling name ;i hope so , , ,
broken_empires ;wrong answer , , , , supposed to say yes , , ,
My trolling name ;aww yes lol , , ,
broken_empires ;, , , , there you go , , ,
My trolling name ;ur so sweet , , ,
broken_empires ;you want me to call babe or sweetie , , ,
My trolling name ;i like both , , ,
broken_empires ;ok , , , , i will call you both , , ,
My trolling name ;wut u like ? , , ,
broken_empires ;both and *edit* , , , , that is a very pretty name , , ,
My trolling name ;ty , , ,
broken_empires ;welcome sweetie , , ,
My trolling name ;so like can u come other visits later ? , , ,
broken_empires ;oh i plan on it , , ,
My trolling name ;k , , ,
broken_empires ;as long as you will let me , , ,
My trolling name ;i will always let u , , ,
broken_empires ;:x , , ,
My trolling name ;:-* , , ,
broken_empires ;so you dont care that i am years older than you , , ,
My trolling name ;no way ! , , ,
broken_empires ;alright , , ,
My trolling name ;i like older guys , , ,
broken_empires ;cool , , , , i love younger women , , ,
My trolling name ;cool , , , , i know i will like u tomorow , , ,
broken_empires ;good and dont be shy , , ,
My trolling name ;i will try not , , ,
broken_empires ;ok , , ,
My trolling name ;brb dad , , ,
broken_empires ;ok , , ,
My trolling name ;u there ? , , ,
broken_empires ;here i am babe , , ,
My trolling name ;dude my dad aint leavin til cuz hes takin another doctor with him n grass cutters r comin can u come at :30 ? , , , , they be gone by then , , ,
broken_empires ;ok , , ,
My trolling name ;ur not mad ? , , ,
broken_empires ;no , , ,
My trolling name ;im sorry , , ,
broken_empires ;its alright , , , , dont be sorry , , ,
My trolling name ;i ahte when he does this , , ,
broken_empires ;it isnt your fault , , , , its alright sweetie , , ,
My trolling name ;ty , , ,
broken_empires ;i am going to go to work tomorrow then , , , , i will just leave at pm here , , ,
My trolling name ;wut time u get here then ? , , ,
broken_empires ;about pm , , ,
My trolling name ;k , , ,
broken_empires ;is that alright , , ,
My trolling name ;ya , , , , u cant leave earlier ? lol , , ,
broken_empires ;so then thursday i will call out , , , , so we can have the rest of the day wed and all day thur , , ,
My trolling name ;k , , ,
broken_empires ;i can if i call out tomorrow , , ,
My trolling name ;ooo can u leave work early tho ? , , ,
broken_empires ;i can try , , ,
My trolling name ;i dont want u like not going days , , ,
broken_empires ;dont know if i can , , ,
My trolling name ;they get mad at u ? , , ,
broken_empires ;yes he will , , ,
My trolling name ;ooo ok , , ,
broken_empires ;prob fire me , , ,
My trolling name ;o no , , ,
broken_empires ;how big was your bf , , ,
My trolling name ;he was tall , , ,
broken_empires ;i mean down there , , ,
My trolling name ;o i guess kinda big , , ,
broken_empires ;ok , , ,
My trolling name ;y ? , , ,
broken_empires ;just wondering , , , , curious , , ,
My trolling name ;k , , , , wut u doing ? , , ,
broken_empires ;editing my myspace , , ,
My trolling name ;k , , ,
broken_empires ;ask me something , , ,
My trolling name ;i dont know wut ask , , ,
broken_empires ;anything , , ,
My trolling name ;u get lots of girls ? , , ,
broken_empires ;every now and then , , , , i am very careful , , ,
My trolling name ;y u careful ? , , ,
broken_empires ;dont want any vd , , , , veneral disease , , ,
My trolling name ;ya they wut they say in school , , ,
broken_empires ;STDs , , , , they aint fun , , ,
My trolling name ;ya , , ,
broken_empires ;never gotten any , , , , cause i am careful , , ,
My trolling name ;cool me , , ,
broken_empires ;you like porn , , ,
My trolling name ;never see it b4 , , ,
broken_empires ;really , , ,
My trolling name ;ya , , ,
broken_empires ;dang , , ,
My trolling name ;lol , , ,
broken_empires ;what are your favorite bands , , ,
My trolling name ;like linkin park n falloutboy , , ,
broken_empires ;ok , , ,
My trolling name ;wuts urs ? , , ,
broken_empires ;those and megadeth sevendust poison , , , , alot , , , , those are my most faves , , ,
My trolling name ;i dont think i heard those , , ,
broken_empires ;really , , , , sevendust is from here , , ,
My trolling name ;ya , , ,
broken_empires ;poison is from the s and so is megadeth , , ,
My trolling name ;ooo , , ,
broken_empires ;but both are still around , , ,
My trolling name ;cool , , ,
broken_empires ;you like country , , ,
My trolling name ;no , , , , u ? , , ,
broken_empires ;lol , , , , rap or hip hop , , ,
My trolling name ;sum , , ,
broken_empires ;yes i do , , ,
My trolling name ;its ok if u do , , ,
broken_empires ;i like almost everything , , ,
My trolling name ;u can bring cds if u want , , ,
broken_empires ;i might do that , , ,
My trolling name ;k , , ,
broken_empires ;how big is your pool , , ,
My trolling name ;it goes feet , , ,
broken_empires ;cool , , , , you floats , , , , have , , , , you have floats , , ,
My trolling name ;wut u mean ? i can swim , , ,
broken_empires ;no like the beds that float , , ,
My trolling name ;lol ooo ya , , ,
broken_empires ;cool , , , , so what exactly do you want to do , , ,
My trolling name ;i dont care wutever , , , , not lots of places go here , , ,
broken_empires ;well tell me what you want to do , , , , you get to pick , , ,
My trolling name ;we can go swimmin n eat watch movies n other stuff lol , , ,
broken_empires ;ok , , , , sounds good , , ,
My trolling name ;im just happy u comin , , ,
broken_empires ;you get to be hostess with the mostess , , , , same here , , , , i cant wait , , ,
My trolling name ;its gona be fun u sleeping over , , ,
broken_empires ;yes , , , , you ever spent the night with another guy , , ,
My trolling name ;no , , ,
broken_empires ;how big is your bed , , ,
My trolling name ;like feet , , ,
broken_empires ;how wide , , ,
My trolling name ;o he's not fat or nuthin skinny , , ,
broken_empires ;who , , ,
My trolling name ;my dad , , ,
broken_empires ;ok , , , , how wide is your bed , , ,
My trolling name ;its a queen , , ,
broken_empires ;cool , , , , plenty of room , , ,
My trolling name ;lol ya , , ,
broken_empires ;no brothers or sisters , , ,
My trolling name ;no my mom was preg time b4 she died but she lost it , , ,
broken_empires ;oh , , ,
My trolling name ;wher eu go ? , , ,
broken_empires ;ooops , , ,
My trolling name ;lol , , ,
broken_empires ;hit the wrong button , , ,
My trolling name ;its ok , , ,
broken_empires ;|when you with your last bf , what exactly did you do| , ,
My trolling name ;we had sex time , , ,
broken_empires ;what you do , , ,
My trolling name ;just sex n kissing really , , ,
broken_empires ;you on bottom , , , , him on top , , ,
My trolling name ;ya , , ,
broken_empires ;ok , , , , missionary , , ,
My trolling name ;i guess , , ,
broken_empires ;lol , , ,
My trolling name ;want me call u tomorow ? , , ,
broken_empires ;|yes , that sounds good| , ,
My trolling name ;k wut time ? , , ,
broken_empires ;whenever , , , , you want , , ,
My trolling name ;ok cuz i g to g n help him , , ,
broken_empires ;ok , , ,
My trolling name ;i cant wait see u , , ,
broken_empires ;same here sweetie , , , , good night and sweet wet dreams , , ,
My trolling name ;night , , ,
broken_empires ;:-*:x , , ,
