ID;msg
bud448002 ;hi
eveaintsogreat ;hi asl
bud448002 ;m oc
eveaintsogreat ;f mira loma
bud448002 ;|do u have tits yet ( Yea , he's a quick one ) |
eveaintsogreat ;uh yea a lil . i dont got huge ones
bud448002 ;do u shave pussy hair ( 13 is no problem for him . Not even remotely concerned about her age . )
eveaintsogreat ;no
bud448002 ;ok , do u play with it
eveaintsogreat ;not really
bud448002 ;have u try it , do u have b/f
eveaintsogreat ;no not rite now i dont
bud448002 ;have had sex be for
eveaintsogreat ;yea
bud448002 ;how it good , does mom no about it , how old was the guy
eveaintsogreat ;no she dont .
bud448002 ;where u from
eveaintsogreat ;mira loma . . duh .
bud448002 ;do u like sex , how far u from anaheim
eveaintsogreat ;i dunno . im like a hour from la
bud448002 ;r u in
eveaintsogreat ;yea in
bud448002 ;do u like sex
eveaintsogreat ;yea
bud448002 ;do u want sex ( Speedy ) , do u have more pic of u
eveaintsogreat ;now ? lol theres nobody here
bud448002 ;who home
eveaintsogreat ;my rents
bud448002 ;mom own the house some rents it , more pic
eveaintsogreat ;huh . no , my rents r my parents
bud448002 ;do u own it
eveaintsogreat ;i dont no lol , my rents do
bud448002 ;would u every have sex with me
eveaintsogreat ;i dunno . u got a pic
bud448002 ;what is email
eveaintsogreat ;i see u !
bud448002 ;how do i make pic better , see what
eveaintsogreat ;i dunno . , i see u n ur cam
bud448002 ;what do u dress like , \any more pic of u
eveaintsogreat ;no i dont got nemore pics .
bud448002 ;what size underwear
eveaintsogreat ;small
bud448002 ;when can we have sex
eveaintsogreat ;i dunno . u work ?
bud448002 ;yes
eveaintsogreat ;wat u do
bud448002 ;do u suck dick
eveaintsogreat ;u answer my ? n ill anser u
bud448002 ;what answer , i am at home
eveaintsogreat ;wat u do for work
bud448002 ;iwork food store
eveaintsogreat ;oh ok , yea i did bjs before
bud448002 ;wish i have one down how , do u see it
eveaintsogreat ;yea i see
bud448002 ;can i add u to my list , r u busy
eveaintsogreat ;yea u can add
bud448002 ;would u every meet me , |do u like my dick ( No , no I do not . This guy is a piece of work . On this bust , he never sent me a picture of himself . Only his dick . What a sleazy piece of crap ) |
eveaintsogreat ;yea we can meet
bud448002 ;what will we do if u meet me
eveaintsogreat ;wat u wanna do
bud448002 ;have sex , do u come on line alot , do u like my dick , hi , what will we do if u meet me
eveaintsogreat ;hi . w/e u want
bud448002 ;have sex , is that ok
eveaintsogreat ;yea thats cool , dont wanna get preggers tho
bud448002 ;do u want to see my cam still , what is preggers
eveaintsogreat ;pregnant . u no . have a babby
bud448002 ;where will we have sex at
eveaintsogreat ;my house
bud448002 ;how where do it with out mom and dad finding out
eveaintsogreat ;they be at work
bud448002 ;when , r they not there now
eveaintsogreat ;on the weekend a ftr new year , yea they are . theyr on vacation this week
bud448002 ;r they there now
eveaintsogreat ;yea !
bud448002 ;they going to be gone this weekend
eveaintsogreat ;no next weekend
bud448002 ;can u do it some this weekend ( Ah man it must suck hardcore to not be able to rape a minor whenever you want huh Michael ? So terrible that you have to wait . /Sarcasm )
eveaintsogreat ;no ! my rents will be home !
bud448002 ;do u come on here a lot
eveaintsogreat ;sometimes yea
bud448002 ;how will i get hold of u
eveaintsogreat ;im me ?
bud448002 ;ok , how many time have u had sex
eveaintsogreat ;i dunno . i dont count
bud448002 ;time
eveaintsogreat ;no more than tat
bud448002 ;|when every i need sex i can get it from u ( Excellent , only not . ) |
eveaintsogreat ;if my rents arent home yea
bud448002 ;u the of jan
eveaintsogreat ;huh ?
bud448002 ;when rents be gone
eveaintsogreat ;yea . they be workin
bud448002 ;at night
eveaintsogreat ;yea
bud448002 ;does they work at night on friday , the
eveaintsogreat ;probs but i dunno sure
bud448002 ;what would we all do
eveaintsogreat ;u said sex . thats cool
bud448002 ;do u let guys fuck u up the ass
eveaintsogreat ;no
bud448002 ;have u try it
eveaintsogreat ;no way . sounds nasty to me
bud448002 ;some girl like it , what r u wearing , which one r u in the pic
eveaintsogreat ;in black
bud448002 ;can i see the other one , i a hev to go to bed
eveaintsogreat ;ok
bud448002 ;r u in th grade , what sizze be do u wear
eveaintsogreat ;small
bud448002 ;what size rba do u wear , c
eveaintsogreat ;b
bud448002 ;b , will u be on thrusday
eveaintsogreat ;yea
bud448002 ;i do not want to get cought
eveaintsogreat ;k
bud448002 ;if mom and dad cought us do it , the call rape on me , hi
eveaintsogreat ;hi
bud448002 ;i do not want to get when we do it mom and dad call the cop me if find out how old i am , cought , for rape
eveaintsogreat ;yea u said that , they wont catch us
bud448002 ;do u under stand that
eveaintsogreat ;yea i do . im not stupid
bud448002 ;if they find out about us doing it , will u be on thrusday , good night
eveaintsogreat ;bye
bud448002 ;hi
eveaintsogreat ;hi
bud448002 ;how r u
eveaintsogreat ;good . u
bud448002 ;when do u go back to school
eveaintsogreat ;in jan
bud448002 ;after new year
eveaintsogreat ;yea
bud448002 ;ok , what r u doing
eveaintsogreat ;listenin to music
bud448002 ;what type of music
eveaintsogreat ;black eyed peas
bud448002 ;have u had sex late y
eveaintsogreat ;no
bud448002 ;when can we
eveaintsogreat ;when my rents go back to work
bud448002 ;ok , r u good in bed
eveaintsogreat ;i gues so
bud448002 ;do u suck dick
eveaintsogreat ;yea i done that befor . i thot i told u that last nite
bud448002 ;r u good at it
eveaintsogreat ;i gues so
bud448002 ;ok , would u do three some ( This is a recurring theme with him if you remember it from his other conviction . )
eveaintsogreat ;i dunno .
bud448002 ;what r u wearing
eveaintsogreat ;pjs
bud448002 ;do u have bra on
eveaintsogreat ;no
bud448002 ;under wear
eveaintsogreat ;yea
bud448002 ;r u wear underwear
eveaintsogreat ;yea i do
bud448002 ;do u have any one
eveaintsogreat ;yea
bud448002 ;is it thong
eveaintsogreat ;no
bud448002 ;do u wear thong
eveaintsogreat ;no
bud448002 ;have u try one
eveaintsogreat ;yea
bud448002 ;did u like it
eveaintsogreat ;no
bud448002 ;do u play with it
eveaintsogreat ;not really
bud448002 ;have u try it
eveaintsogreat ;yea
bud448002 ;did u like it , would u do three some
eveaintsogreat ;i dunno . u askd me that earlier tonite n i said same thing .
bud448002 ;can i fuck u up the ass
eveaintsogreat ;uh no . that sounds gros
bud448002 ;would u try it
eveaintsogreat ;no
bud448002 ;what would we all do , talk to me
eveaintsogreat ;i dunno . wat do u want to do
bud448002 ;eat u out
eveaintsogreat ;ok
bud448002 ;have u every have pussy eat out
eveaintsogreat ;yea
bud448002 ;how was it , what is the oldest guy u had sex with , have u every been with a guy
eveaintsogreat ;yea . . duh . have sex is wit a guy .
bud448002 ;have u evry had sex with girl
eveaintsogreat ;no
bud448002 ;would u every try it
eveaintsogreat ;i dont like girls like that
bud448002 ;ok , u pick something to talk about here
eveaintsogreat ;u work ?
bud448002 ;yes
eveaintsogreat ;wat u do
bud448002 ;work for food store
eveaintsogreat ;u go to college ?
bud448002 ;no , hi
eveaintsogreat ;hi
bud448002 ;r u naked now , where the computer at
eveaintsogreat ;no im not naked . y wud i be
bud448002 ;i am jack off ( Good luck with that )
eveaintsogreat ;k
bud448002 ;do u like it when i jack off for in person
eveaintsogreat ;i dunno . never had a guy do that
bud448002 ;have u every ride a dick be for
eveaintsogreat ;ive had sex .
bud448002 ;have u every ride dick like go up and down on it
eveaintsogreat ;yea
bud448002 ;wish i can fuck u on sat
eveaintsogreat ;yea but my rents are on vacation
bud448002 ;can u go out , do they going in your room
eveaintsogreat ;yea they go in my room
bud448002 ;all the time
eveaintsogreat ;yea pretty much
bud448002 ;do u go out
eveaintsogreat ;i go to my frinds somtimes
bud448002 ;if i meet u on sat , can u get out of the house
eveaintsogreat ;i told u no
bud448002 ;ok , u can not leave the house
eveaintsogreat ;yea but my rents check up on me . i dont drive eithr
bud448002 ;if i came there
eveaintsogreat ;dude u gotta wait until my rents go back to work .
bud448002 ;ok , next friday
eveaintsogreat ;ok . i dunno wat theyr workin like for hours but ill tell u when i no sure .
bud448002 ;r at work on sunday night
eveaintsogreat ;i dont think they work sundays
bud448002 ;r they at work on next sunday night , what will we all do
eveaintsogreat ;u said sex . thats cool . w/e
bud448002 ;will pussy be shave for me
eveaintsogreat ;i dont shave it
bud448002 ;why
eveaintsogreat ;y shud i
bud448002 ;make it clean for guy
eveaintsogreat ;i dont no ne girls that do it
bud448002 ;guy will like it better
eveaintsogreat ;my bf never complain d
bud448002 ;did u have sex with him
eveaintsogreat ;yea .
bud448002 ;how old was he
eveaintsogreat ;how many ppl u talkin to ? u keep askin me same ? s over n over .
bud448002 ;none , did mom meet him
eveaintsogreat ;no
bud448002 ;ok , what will be the st when u meet me u will do to me
eveaintsogreat ;i dunno . wat do u want
bud448002 ;kiss
eveaintsogreat ;ok . i can do that
bud448002 ;ok , talk to me , hello
eveaintsogreat ;hi
bud448002 ;can i fuck any way i want to
eveaintsogreat ;like how
bud448002 ;up the ass to
eveaintsogreat ;no . i told u no .
bud448002 ;hi , how r u
eveaintsogreat ;good
bud448002 ;did u have sex late y
eveaintsogreat ;no
bud448002 ;who r u weate on]
eveaintsogreat ;wat ? i dont understand ur typing ( Chatting with this guy was pure torture . )
bud448002 ;when can we have sex
eveaintsogreat ;i dunno
bud448002 ;when mom and day go back to work
eveaintsogreat ;this week
bud448002 ;what day
eveaintsogreat ;every day
bud448002 ;at night , only
eveaintsogreat ;some days n some nites
bud448002 ;when r they night
eveaintsogreat ;fri n sat
bud448002 ;do they work in the day on thurs ady , un still what time
eveaintsogreat ;i dunno thurs . y
bud448002 ;i want sex , r u busy
eveaintsogreat ;no
bud448002 ;what time do they go to work on friday night
eveaintsogreat ;until like
bud448002 ;they go in at pm
eveaintsogreat ;no they work until
bud448002 ;how will i get hold of u on friday
eveaintsogreat ;ill be online
bud448002 ;what time
eveaintsogreat ;i dunno
bud448002 ;do u want sex on friday
eveaintsogreat ;i gues
bud448002 ;yes or no
eveaintsogreat ;i gues
bud448002 ;yes or no , do u have big bed
eveaintsogreat ;ugh . ur being a creep
bud448002 ;what does that mean
eveaintsogreat ;that ur being a creep
bud448002 ;cond um , cond um , what color bra , hi
eveaintsogreat ;hi
bud448002 ;i have to bring cond um
eveaintsogreat ;yea u do
bud448002 ;how will we do it , how big is your bed
eveaintsogreat ;its a reg size bed
bud448002 ;twin , will u give b j
eveaintsogreat ;i gues
bud448002 ;will u be on after on friday
eveaintsogreat ;yea ok
bud448002 ;u tell me how to get there r
eveaintsogreat ;i will
bud448002 ;what name
eveaintsogreat ;huh
bud448002 ;what is your name
eveaintsogreat ;eve
bud448002 ;is that real name
eveaintsogreat ;yes
bud448002 ;what color bra
eveaintsogreat ;white
bud448002 ;underwear
eveaintsogreat ;white
bud448002 ;what r u going to wear when u meet me
eveaintsogreat ;i dunno . jeans n tshirt .
bud448002 ;do u have skr it
eveaintsogreat ;yea
bud448002 ;would u wear that , for me on friday , with out underwear on
eveaintsogreat ;no . i like jeans better
bud448002 ;ok , what type of top
eveaintsogreat ;t shirt
bud448002 ;with no bra
eveaintsogreat ;no i wear bras
bud448002 ;i am jack off , will u be on tuesday
eveaintsogreat ;me bbie
bud448002 ;monday at what , i am going to bed , i have what pain r for the week
eveaintsogreat ;wat ?
bud448002 ;tell u late , i am going to bed , how r u , how r u
eveaintsogreat ;good .
bud448002 ;what r u doing
eveaintsogreat ;listenin to music
bud448002 ;what r u wearing
eveaintsogreat ;pjs
bud448002 ;what color underwear
eveaintsogreat ;white
bud448002 ;bra
eveaintsogreat ;no
bud448002 ;do u play with it , where the computer at
eveaintsogreat ;my room .
bud448002 ;do u play with it
eveaintsogreat ;no lots
bud448002 ;do u play with self a lots
eveaintsogreat ;no
bud448002 ;ok , have u every seen girl naked
eveaintsogreat ;yea
bud448002 ;d did u like it
eveaintsogreat ;i gues
bud448002 ;do u tuch it
eveaintsogreat ;not lots
bud448002 ;did u suck her tits
eveaintsogreat ;no . i didnt touch her
bud448002 ;would u every tuch a girl
eveaintsogreat ;no
bud448002 ;why not
eveaintsogreat ;im not lez
bud448002 ;would u have three some
eveaintsogreat ;i dunno
bud448002 ;i want sex , what time does mom dad come home a thursday , from work
eveaintsogreat ;mom is home all day
bud448002 ;on thursday
eveaintsogreat ;yea
bud448002 ;when does she go to work
eveaintsogreat ;friday
bud448002 ;i might go out with my friend , what time do they come home from work on sunday
eveaintsogreat ;i dunno sunday schedule yet . wat time u wanna come ?
bud448002 ;what time on sat
eveaintsogreat ;at nite
bud448002 ;what time do they get home on sat night
eveaintsogreat ;like
bud448002 ;do they come home later then that
eveaintsogreat ;no
bud448002 ;when we fuck
eveaintsogreat ;when u come over
bud448002 ;doing the week
eveaintsogreat ;no
bud448002 ;then when
eveaintsogreat ;weekend . i told u that tons of times before
bud448002 ;ok , what r u doing
eveaintsogreat ;nuthing
bud448002 ;what do u list to
eveaintsogreat ;huh
bud448002 ;what type of music do u list to
eveaintsogreat ;rock
bud448002 ;what band do u like
eveaintsogreat ;perfect circle . system of a down
bud448002 ;ok , do u like
eveaintsogreat ;no
bud448002 ;ok , green day
eveaintsogreat ;theyr ok , the yr not really rock tho , the yr punk
bud448002 ;they not punk
eveaintsogreat ;yea punk
bud448002 ;do like or ezzy , o ezzy
eveaintsogreat ;who so ezzy
bud448002 ;ac dc
eveaintsogreat ;no those guys r old
bud448002 ;nin
eveaintsogreat ;the yr cool
bud448002 ;foo frighter
eveaintsogreat ;not really . theyr ok
bud448002 ;what do u dress like
eveaintsogreat ;jeans n tshirts
bud448002 ;do u tank tops
eveaintsogreat ;yea
bud448002 ;what type of top , r u back in school
eveaintsogreat ;tshirts
bud448002 ;r u back in school
eveaintsogreat ;yea
bud448002 ;how is it , around here they still out of school
eveaintsogreat ;lucky
bud448002 ;do u like any guy that live around u
eveaintsogreat ;not really
bud448002 ;ok , hi
eveaintsogreat ;hey wats up , hell ll oooo
bud448002 ;nothing , what r u doing
eveaintsogreat ;chillin , u ?
bud448002 ;nothing , what r u wearing
eveaintsogreat ;pjs
bud448002 ;what color bra
eveaintsogreat ;no bra
bud448002 ;underwear
eveaintsogreat ;white
bud448002 ;how will u do me
eveaintsogreat ;wat . ur not here to do
bud448002 ;how will u fuck me
eveaintsogreat ;ur not here to do that
bud448002 ;who all home
eveaintsogreat ;my rents but the yr work in tomorow
bud448002 ;do they woprk to night
eveaintsogreat ;no
bud448002 ;how can we fuck to night
eveaintsogreat ;we cant
bud448002 ;do they work on sunday night
eveaintsogreat ;no they r go into my grammas tho
bud448002 ;for how long
eveaintsogreat ;i dunno until lik r
bud448002 ;can u go out
eveaintsogreat ;no i dont drive
bud448002 ;if i came there
eveaintsogreat ;yea but u got to pick me up
bud448002 ;can u go out tonight
eveaintsogreat ;NO
bud448002 ;sat night
eveaintsogreat ;yea the yr work in sat nite
bud448002 ;to how late , how late on sat
eveaintsogreat ;i dunno i think like
bud448002 ;i want sex now
eveaintsogreat ;sorry
bud448002 ;do u want sex
eveaintsogreat ;yea but i cant do it tonite
bud448002 ;do u want to see my dick on cam
eveaintsogreat ;u got a cam ? coool
bud448002 ;how do u like r it
eveaintsogreat ;its kinda blurry . cant see good , thts better
bud448002 ;how will u suck it
eveaintsogreat ;i dont want to cyber . i like stuff irl , u wud pic me up real
bud448002 ;yes
eveaintsogreat ;ok . , so . . wat then
bud448002 ;what
eveaintsogreat ;i mean lik wat day
bud448002 ;i do not get u
eveaintsogreat ;uh . im speakin english here . wat day r u gonna pick me up
bud448002 ;can u go out on the week day
eveaintsogreat ;no i got school
bud448002 ;after school
eveaintsogreat ;no i got to go home n do homework n stuff , wat wrong wit the weekend
bud448002 ;do u like it .
eveaintsogreat ;ur cam ?
bud448002 ;yes
eveaintsogreat ;yea
bud448002 ;what would u do to it
eveaintsogreat ;w/e u want but not cyber , only rea
bud448002 ;sat u gout like pm , am
eveaintsogreat ;no i cant
bud448002 ;can us tee k out
eveaintsogreat ;no , u can either meet me earlier r never
bud448002 ;ok , do u like it
eveaintsogreat ;i gues
bud448002 ;is big e oung for u
eveaintsogreat ;i gues
bud448002 ;can i fuck u up the ass
eveaintsogreat ;dude i think ur play in me
bud448002 ;no , what time do they go to work on friday
eveaintsogreat ;after noon
bud448002 ;if i came there after work
eveaintsogreat ;wat time u get off
bud448002 ;is that ok
eveaintsogreat ;yea i gotta check make sure they gone sure so hold on
bud448002 ;can we talk to get no each other better
eveaintsogreat ;yea
bud448002 ;be for we meet
eveaintsogreat ;um u want to come at like ?
bud448002 ;no , i want to get no u better
eveaintsogreat ;ur so playin me . forget it .
bud448002 ;ok
eveaintsogreat ;i dunno y ur doin this . ur like i want to meet n then ur like nevermnid . wats up wit taht , u like me r no ?
bud448002 ;no
eveaintsogreat ;y not
bud448002 ;i just got back with me x gf
eveaintsogreat ;then y u playin me
bud448002 ;i just got back with her day a go
eveaintsogreat ;yea but u been playin me tonite when u said u wasnt
bud448002 ;ok , talk to me
eveaintsogreat ;y sud i ? ur a player , u dont even want to meet real
bud448002 ;why r say that
eveaintsogreat ;u said u dont want to n that ur wit ur gf now so w/e
bud448002 ;who we
eveaintsogreat ;i said w/e , means whatever
bud448002 ;u mean me and u
eveaintsogreat ;no i dont cause u said u dont like me nemore
bud448002 ;ok , hello
eveaintsogreat ;wat
bud448002 ;r u in bed
eveaintsogreat ;no
bud448002 ;hi
eveaintsogreat ;hi
bud448002 ;who home
eveaintsogreat ;my mom but she s leavin soon
bud448002 ;where day , where dad
eveaintsogreat ;work
bud448002 ;how long mom going to be gone to
eveaintsogreat ;i dunno like am
bud448002 ;when does dad get home
eveaintsogreat ;tomorrow morning
bud448002 ;when your mom leave
eveaintsogreat ;i dunno like in a lil bit y
bud448002 ;do u want sex
eveaintsogreat ;u real ca us i dont wanna be played
bud448002 ;if mom gone
eveaintsogreat ;yea she will be
bud448002 ;how far u from anaheim
eveaintsogreat ;i dunno sure but it aint that far
bud448002 ;where your from
eveaintsogreat ;mira loma
bud448002 ;do u want sex to night
eveaintsogreat ;yea u bring condoms tho ok
bud448002 ;ok , is mom gone yet
eveaintsogreat ;no in like minutes r somthin
bud448002 ;can i get number
eveaintsogreat ;its her . u can't call it she'll she ur number on there , i can call u before she leaves , i can call u no prob , hell lo oooo if u want to come over i need to nor i can go to my friends house
bud448002 ;hold up
eveaintsogreat ;ok
bud448002 ;i am print it out , do u want to call me now
eveaintsogreat ;print wat out lol , yea ok
bud448002 ;( Verified by the very lovely and talented Red Baroness ) , ask for michael it my cell , what is name
eveaintsogreat ;ok cool im evie
bud448002 ;is mom gone
eveaintsogreat ;not right now it old u hold on im call in ok
bud448002 ;call who
eveaintsogreat ;call u in a min . i got to find my phone
bud448002 ;how will i get hold of u if i let lost
eveaintsogreat ;i can try n sneak her cell but i dunno . just map quest
bud448002 ;your mom going to be gone like un still am
eveaintsogreat ;yea
bud448002 ;is she with cingular
eveaintsogreat ;i dunno that lol , ok brb call in
bud448002 ;what r u going to wear , talk to me , brb
eveaintsogreat ;k im here now
bud448002 ;what r u doing
eveaintsogreat ;talkin to u lol , so ?
bud448002 ;is gone be for that
eveaintsogreat ;huh ?
bud448002 ;leaving be for that
eveaintsogreat ;yea she is leavin ij us wanna make sure she dont for get something and come back , that gives r time to get in work n leave me alone lol
bud448002 ;what
eveaintsogreat ;like if she forgets her purse she can come back n then go back to work n u wont be here , i wanna make sure she s really gone
bud448002 ;ok
eveaintsogreat ;u need my addy
bud448002 ;yes
eveaintsogreat ;*edited , mira loma , u need zip ?
bud448002 ;yes
eveaintsogreat ;*edited*
bud448002 ;name
eveaintsogreat ;evie , told u that ! , wat do u want me to wear
bud448002 ;hold up
eveaintsogreat ;ok , hey i think my mom is leavin now
bud448002 ;what r u going to wear
eveaintsogreat ;i dunno . rite now im wearn pants n a black tshirt , wat you are gonna wear ? , do u want me to change ?
bud448002 ;what ru we aq ring now
eveaintsogreat ;i said pants n a black tshirt
bud448002 ;what do u have
eveaintsogreat ;i dunno the pants r sexy i think
bud448002 ;if i get lost , how will i get hold of u
eveaintsogreat ;u can mapquest my addy . im trying to sneak moms phone , its easy to get to , i can meet u outside if u want
bud448002 ;can i have house phone
eveaintsogreat ;we dont have house phone . my rents only got cells
bud448002 ;if i get lost
eveaintsogreat ;i will call u . i think ill run to my friends house n try to borrow her cell . shes cool like that
bud448002 ;does have cingular
eveaintsogreat ;i think so maybe
bud448002 ;does she have cingular
eveaintsogreat ;i think so maybe , i have to ask her tho
bud448002 ;can i come now
eveaintsogreat ;yea , wat u driving ? , so i no its u
bud448002 ;white pt cruzer
eveaintsogreat ;oh awesome ! ! ! thats a hot car
bud448002 ;i have box in it
eveaintsogreat ;lol ok
bud448002 ;boom box , can i come now
eveaintsogreat ;ooohhh h that srad , yes yes come now ! lol ( Get out the door you asshole we have others to accomodate )
bud448002 ;can i yes or no
eveaintsogreat ;yes !
bud448002 ;what will u be wearing
eveaintsogreat ;my pants n black T . i will come out to the gate
bud448002 ;hope we do not get cought
eveaintsogreat ;naa its cool
bud448002 ;is it black plant
eveaintsogreat ;black t shirt , my shirt is black
bud448002 ;what color is pants
eveaintsogreat ;grey
bud448002 ;it relly east to get there
eveaintsogreat ;yea it is . im gonna try to get her cell so i can call u
bud448002 ;leave now , is there gass to in a byu
eveaintsogreat ;yea like down the street , but i cant see it from my house r nuthing
bud448002 ;what is nuthing
eveaintsogreat ;nothing
bud448002 ;|can i leave njow ( Yes for the love of all that is decent , hurry up ) | , is mom gone
eveaintsogreat ;Yes she is gone , come now
bud448002 ;ok , i an weare gray pants gray top , brb
