ID;msg
celica7000 ;how are u tonight
appleton_cutie_94 ;you are a bot ?
celica7000 ;no iam real
appleton_cutie_94 ;asl
celica7000 ;male appleton wi , u ?
appleton_cutie_94 ;f appleton , do u have a pic ?
celica7000 ;ahh , kool , yes i have a pic and a webcam
appleton_cutie_94 ;i dont have a cam
celica7000 ;can i see your pic , ill show u my web cam if u want me to , so what u doing tonight
appleton_cutie_94 ;nothing really , sorta bored , thot i would come chat , but nothing but bots , lol
celica7000 ;yea iam bored too
appleton_cutie_94 ;sux to be us
celica7000 ;i want to do something fun
appleton_cutie_94 ;like ?
celica7000 ;umm i am really opnet o ideas right now , u got any , do u have a picture , wow nice picture , u are sexy
appleton_cutie_94 ;urs ?
celica7000 ;hold on two minutes iam going upstairs the web cam up there ok
appleton_cutie_94 ;okay
celica7000 ;brb , hey u , i am back
appleton_cutie_94 ;wb
celica7000 ;u got any ideas for the night
appleton_cutie_94 ;idk , its a school night , lol , omg ure cute , way cute
celica7000 ;yea and u way sexy
appleton_cutie_94 ;u think ?
celica7000 ;i got turned on looking at u
appleton_cutie_94 ;thats just cos u havent seen the dorky pics , lol
celica7000 ;let me see the dorky pics
appleton_cutie_94 ;but then i might not be sexy any more , lol
celica7000 ;u made me get all hard lol
appleton_cutie_94 ;uh huh , sure sure
celica7000 ;i am serious
appleton_cutie_94 ;|doesnt take much , huh ? |
celica7000 ;it normally takes al or , a lot
appleton_cutie_94 ;so im ryan , but im a girl , my dad just really wanted a boy
celica7000 ;awww , thats sad
appleton_cutie_94 ;why ?
celica7000 ;he got a girl lol
appleton_cutie_94 ;but he got me , thats not sad
celica7000 ;and u sexy
appleton_cutie_94 ;gosh , lol
celica7000 ;so u like me ?
appleton_cutie_94 ;i think ure way cute , why r u sticking ur tongue out at me , or r u sticking it out at some other girl ?
celica7000 ;no u , lol cauz i wanna use my tounge on u
appleton_cutie_94 ;i love that u like always have a grin on ur fac de , face , its cute
celica7000 ;aww thanks , so u got other pics
appleton_cutie_94 ;yeah , u should totally add me on my myspace
celica7000 ;sexy girl , i got a big bulge in my pants bc of u lol
appleton_cutie_94 ;brb
celica7000 ;where u going
appleton_cutie_94 ;kay back
celica7000 ;> , god u are hott , ~
appleton_cutie_94 ;u think ?
celica7000 ;yes , iam very turned on by u , u dont believe me do u
appleton_cutie_94 ;idk , i dont think ure lying really , just not sure why ure turned on , lol
celica7000 ;lol if u were naked i would be really turned on
appleton_cutie_94 ;bet u say that to everyone , lol , got a gf ?
celica7000 ;nope i am single , no i dont say that to everyone
appleton_cutie_94 ;i dont have a gf either , lol , ure like way proud of ur tongue huh ?
celica7000 ;yea it works really good
appleton_cutie_94 ;i love ur smile
celica7000 ;"aww , ""> , from what i can see i love ever thing about u"
appleton_cutie_94 ;yeah ?
celica7000 ;yesss
appleton_cutie_94 ;soooo favorite color ?
celica7000 ;red
appleton_cutie_94 ;mines pink , got a car ?
celica7000 ;yes
appleton_cutie_94 ;what kind ?
celica7000 ;toyota celica gt
appleton_cutie_94 ;is it red ?
celica7000 ;yes
appleton_cutie_94 ;seriously ? , i want a lime green bug , with daisy wheels , but since im only i cant have one yet , lol
celica7000 ;yes really , red sports car
appleton_cutie_94 ;hey i have to go do dishes before my mom has a heart attack , will u be here when i get back ? , say yes
celica7000 ;hey ryan
appleton_cutie_94 ;yeah ?
celica7000 ;u think i can meet u some time
appleton_cutie_94 ;if u want to , u want to ?
celica7000 ;yes and can i kiss u too
appleton_cutie_94 ;if u want to , u want to ? , lol
celica7000 ;i want to meet u kiss u , make love to u all night long , :-*
appleton_cutie_94 ;seriously ?
celica7000 ;yess , is that ok with u
appleton_cutie_94 ;i mean if ure serious , yeah , ure like wayyyy cute , like way
celica7000 ;yes i am very serious
appleton_cutie_94 ;brb
celica7000 ;are u a virgin ?
appleton_cutie_94 ;whats the right answer ?
celica7000 ;there is no right answer , just be honest , ><
appleton_cutie_94 ;ive been with one boy
celica7000 ;did u like it
appleton_cutie_94 ;not the first time , it sucked the first time , lol
celica7000 ;would u like it with me , ><
appleton_cutie_94 ;um . prolly i guess
celica7000 ;i would be soo gental with u , u super cute , i like t house really short shorts u have on it your bed pic , sexy
appleton_cutie_94 ;t lol
celica7000 ;would u want me
appleton_cutie_94 ;i mean yeah . . , ure like way cute
celica7000 ;so u wanna date me then
appleton_cutie_94 ;only if u dont tell my mom , im not supposed to have bfs yet , lol
celica7000 ;so how we going to go out on dates ?
appleton_cutie_94 ;we go when my mom is at work
celica7000 ;what shift she work ?
appleton_cutie_94 ;depends , she works at amc
celica7000 ;whats thats
appleton_cutie_94 ;the medical center
celica7000 ;do u like to cuddle
appleton_cutie_94 ;who u blowing kisses to ?
celica7000 ;u silly , :-*:-*
appleton_cutie_94 ;oh , lol , wasnt sure if u were talking to lots of people
celica7000 ;no just u
appleton_cutie_94 ;so why do u want to date me ?
celica7000 ;u amazing
appleton_cutie_94 ;why ?
celica7000 ;"i dont think i ever got soo excited from looking at a picture of a girl before , "">"
appleton_cutie_94 ;so um . . . . ure carlo right ?
celica7000 ;yes its ital in
appleton_cutie_94 ;like u havent told me , lol
celica7000 ;why do u want me
appleton_cutie_94 ;um dude have u seen how cute u r ?
celica7000 ;no not really lol , i wanna kiss u all over
appleton_cutie_94 ;yeah ?
celica7000 ;yea
appleton_cutie_94 ;do u work ?
celica7000 ;yes of course
appleton_cutie_94 ;where do u work ?
celica7000 ;i work at a concrete company in sheboygan , part time , but it pays soo good , thats all i need
appleton_cutie_94 ;thats cool
celica7000 ;i wish u had a really sexy pic to show me
appleton_cutie_94 ;what do u mean ?
celica7000 ;like a playboy poise lol
appleton_cutie_94 ;yeah i dont have those
celica7000 ;lol i am sure u dont , so what u want to do when we go out
appleton_cutie_94 ;whatever u want i guess
celica7000 ;u dont care
appleton_cutie_94 ;not really . . . why what do uu want to do ?
celica7000 ;|umm talk have dinner , i want to have sex with u like soo bad| , go for a drive
appleton_cutie_94 ;seriously ?
celica7000 ;umm yes , seriously to what part
appleton_cutie_94 ;the sex , lol
celica7000 ;yes what about the sex
appleton_cutie_94 ;i was asking if u were serious
celica7000 ;yes i am serious
appleton_cutie_94 ;when do y work ?
celica7000 ;well not this coming week i have off all week
appleton_cutie_94 ;wow how come ?
celica7000 ;still too cold out
appleton_cutie_94 ;ooh
celica7000 ;why do u ask
appleton_cutie_94 ;just wondering
celica7000 ;when u wanna meet
appleton_cutie_94 ;idk
celica7000 ;are u sure u wanna do whatever i want to do
appleton_cutie_94 ;im up for anything that doesnt hurt or kill me , lol , ure not gonna kill me right ?
celica7000 ;no i am not going to kill u
appleton_cutie_94 ;then we r good , lol
celica7000 ;u sure u ok with the sex thing
appleton_cutie_94 ;well i mean . . will u bring condoms ? , cos , i dont want to get pregnant
celica7000 ;yes i will bring condoms
appleton_cutie_94 ;u ever been with someone like me ?
celica7000 ;i will make u feel really good , what u mean by that
appleton_cutie_94 ;|well i mean like my bf was almost . . . and since he was my only bf , thats the oldest ive been with| , u ever been with someone like my age ?
celica7000 ;no i have not , oh well once when i was your age
appleton_cutie_94 ;lol
celica7000 ;the sex was bad with him though
appleton_cutie_94 ;so like ure bi ?
celica7000 ;umm no , why , are u
appleton_cutie_94 ;no , because u said the sex was bad with HIM
celica7000 ;no i was asking if the sex with your bf was bad , lol silly girl , u soo cute
appleton_cutie_94 ;oh , lololol , it was the first time we were together , but it got better
celica7000 ;ill be good to u , i promise
appleton_cutie_94 ;so when do u want to hang out ?
celica7000 ;when are u free
appleton_cutie_94 ;well my mom works monday tuesday wednesday . . . then shes off thursday friday , and then works sat sun and then is off monday tuesday wednesday of next week
celica7000 ;what are her hours , :-/
appleton_cutie_94 ;from like to i think , cos usually im at school when she goes to work
celica7000 ;so u home alone all night normally
appleton_cutie_94 ;no am to pm
celica7000 ;so u alone till later at night anyway
appleton_cutie_94 ;yeah
celica7000 ;do u have a cell phone , where did u meet your first bf
appleton_cutie_94 ;i have a cell phone but my mom took it cos i was on it too much , and the mall
celica7000 ;how can i get a hold of u then , if u got no phone
appleton_cutie_94 ;well i can call u , home phone
celica7000 ;true
appleton_cutie_94 ;lol , whatcha thinking ?
celica7000 ;so u wanna see me this week
appleton_cutie_94 ;if u want to yeah
celica7000 ;and what we going to do ?
appleton_cutie_94 ;whatever u want
celica7000 ;u sound like a very op ne girl , open
appleton_cutie_94 ;totally
celica7000 ;are u going to be comfotable getting naked and having sex with someone u just met ?
appleton_cutie_94 ;well i mean its not like i havent seen u , i can see how freaking cute u r , and ure way nice , so . . . , i mean , just stay that way , lol
celica7000 ;stay nice , well thats easy too do , i am going to kiss u all over , cauz u look soo sweet and soft
appleton_cutie_94 ;so when ?
celica7000 ;what day this week good for u
appleton_cutie_94 ;well not thursday or friday , cos my mom has the day off
celica7000 ;tommo rw or wens day , :-/
appleton_cutie_94 ;yeah . . , like when
celica7000 ;u going to school tommo rw , :-/
appleton_cutie_94 ;prolly cos i have a test in the morning . . . but . . maybe i could cut after lunch
celica7000 ;how u going to get home
appleton_cutie_94 ;well we could meet at subway , ure totally cracking ure self up , lol
celica7000 ;yes' , u got any other pics , u got a dig et alcam rai take it
appleton_cutie_94 ;not anymore , i dropped it in the pool , lol
celica7000 ;now that would be sexy to see u in a little pink swimming suit
appleton_cutie_94 ;my dad said he wouldnt buy me a new one until i show i can take better care of my stuff , too cold for swimming , lol
celica7000 ;u got any pics in a swimming suit
appleton_cutie_94 ;nope
celica7000 ;awww , that would be soo hott , so what u going to wear tommo rw , now that sexy
appleton_cutie_94 ;how come its sexy ?
celica7000 ;well the look on your face , looks naughty , the sand
appleton_cutie_94 ;naughty huh ? , i thought i looked pissed , lol
celica7000 ;well what is naughty too u , :-/
appleton_cutie_94 ;idk , lol , never really thot of it , u and ur tongue , lol
celica7000 ;lol , show me a pic of u that u think is naughty , your defe nation
appleton_cutie_94 ;oh idk if i have any , lol
celica7000 ;iam sure u do , lol
appleton_cutie_94 ;thats kinda naughty cos we were going to a party we were nt supposed to go to , does that count ?
celica7000 ;lol kinda lol , u silly
appleton_cutie_94 ;ure totally laughing at me , lol
celica7000 ;soo cute u are
appleton_cutie_94 ;so u asked if i had a cell , do u ?
celica7000 ;yessss
appleton_cutie_94 ;i can call u from school tomorrow if i can cut
celica7000 ;ok , on what phone
appleton_cutie_94 ;what do u mean ?
celica7000 ;u dont got a cell phone at school how u going to call me
appleton_cutie_94 ;i can borrow a phone or call from a pay phone
celica7000 ;true , what u going to wear tommo rw
appleton_cutie_94 ;idk prolly jeans to school . i can change after we leave subway
celica7000 ;what if u cant cut , where would i meet u then , do u got any pink stuff
appleton_cutie_94 ;totally , i have lots of pink stuff , its my favorite color , lol
celica7000 ;u got pink bras
appleton_cutie_94 ;the subway on college prolly cos my friend dann is brother works there , so he can prolly take me
celica7000 ;take u here , where
appleton_cutie_94 ;to the subway , lol , the subway on college
celica7000 ;i know where that is silly
appleton_cutie_94 ;i used to eat there all the time when we first moved here , thats how i met danni , lol , she was hanging otu waiting for her brother , anyway , lol , he can prolly take me there since he s working , and then i can meet u there and we can go where ever
celica7000 ;hey can u wear a pink bra and panties for me , now thats sexy
appleton_cutie_94 ;um . . i have some that r like light pink , is that okay ?
celica7000 ;yess , i should get some lube too
appleton_cutie_94 ;for ?
celica7000 ;"well i am sure u are really tight , "">"
appleton_cutie_94 ;well then yeah , lol , u prolly should
celica7000 ;u dont want it to hurt do u
appleton_cutie_94 ;no way
celica7000 ;i want to make u orgasm
appleton_cutie_94 ;i dont think ive done that , lol
celica7000 ;can i make u
appleton_cutie_94 ;if u think u can
celica7000 ;can i lick your pussy
appleton_cutie_94 ;ive never done that either , lol , or , had that done , lol
celica7000 ;to mm or wu will , u know how to give a blowjob ?
appleton_cutie_94 ;yeah
celica7000 ;can u give me one , even know i will cum in a minute or two from it cauz u soo hott
appleton_cutie_94 ;yeah ?
celica7000 ;do u want me to cum on u or in your mouth
appleton_cutie_94 ;may be
celica7000 ;umm which one
appleton_cutie_94 ;oh , i read it wrong , lol
celica7000 ;lol
appleton_cutie_94 ;um idk . . . , guess whatever happens happens ?
celica7000 ;yess , :-*
appleton_cutie_94 ;whered u go ?
celica7000 ;hold on , here , what up
appleton_cutie_94 ;nothing , just looked up u were gone
celica7000 ;so u glad u met me
appleton_cutie_94 ;totally , cool phone , razr right ?
celica7000 ;yess
appleton_cutie_94 ;so yeah u got a phone , whats the number/ , lol , cant call u tomorrow without the number , lol
celica7000 ;-920-377-1738 , thats it
appleton_cutie_94 ;cool
celica7000 ;u happy now
appleton_cutie_94 ;totally
celica7000 ;do uw an nt too keep me
appleton_cutie_94 ;can i ?
celica7000 ;keep me ?
appleton_cutie_94 ;yeah
celica7000 ;do u want too
appleton_cutie_94 ;yeah
celica7000 ;and why do u want to keep me
appleton_cutie_94 ;cos ure cute , and sweet , and idk , just , hott
celica7000 ;u hottt ooo , too , i still got a bulge in my pants
appleton_cutie_94 ;just til tomorrow
celica7000 ;been turned on for quite a while now , what happens tom mow
appleton_cutie_94 ;depends on if u bring condoms and lube , lol
celica7000 ;well ever after sex it will go right back up , cauz u soo hottt , i will just want u even more after the first time
appleton_cutie_94 ;so will this be like just one time ?
celica7000 ;no i will do u or times tommorw lol
appleton_cutie_94 ;lol , i meant more than just tomorrow
celica7000 ;if we click really good then it will be a lot mo er then tommo rw , >< , sounsd good to u , ?
appleton_cutie_94 ;totally
celica7000 ;u excited about tommo rw
appleton_cutie_94 ;um yeah , totally
celica7000 ;great ttt , i whish u could call me right now
appleton_cutie_94 ;um i can go sneak the phone if u want
celica7000 ;that would be great tt , cauz i go to take a drive over by my mom , so grab the phone quick and call me
appleton_cutie_94 ;wheres ur mom ?
celica7000 ;sheboygan
appleton_cutie_94 ;oh , kay ill call in a few
celica7000 ;i am excited go get the phone
appleton_cutie_94 ;kay
celica7000 ;i am wating , did u get it ? , :-/ , hello
appleton_cutie_94 ;yeah i just saw u on the phone , so i didnt want interupt
celica7000 ;call me , please eeee , is that a no
appleton_cutie_94 ;boo
celica7000 ;hey whats up
appleton_cutie_94 ;r u busy ?
celica7000 ;no
appleton_cutie_94 ;just didnt see me ?
celica7000 ;i didnt look yet yahoo was loading up
appleton_cutie_94 ;oh
celica7000 ;i like your voice
appleton_cutie_94 ;yeah ?
celica7000 ;yes
appleton_cutie_94 ;i like urs too , so , that test was freaking brutal
celica7000 ;awww was it
appleton_cutie_94 ;it totally sucked
celica7000 ;bummer , ><
appleton_cutie_94 ;ure so sweet to me
celica7000 ;ty
appleton_cutie_94 ;so ure in appleton right ?
celica7000 ;yesss
appleton_cutie_94 ;so u know where the paper valley is right ?
celica7000 ;near wisconsin ave
appleton_cutie_94 ;cos the its right across the street from the subway , we had to stay there when we first moved here , cos our house wasnt ready , lol
celica7000 ;ahh ic
appleton_cutie_94 ;its got a kick ass pool , but yeah . so like ure coming on wednesday right ? , like u wont forget about me ?
celica7000 ;why would i forget about u
appleton_cutie_94 ;idk , lol , was sorta being a smart ass , i have to get dinner really quick . will u be here in a few ?
celica7000 ;wher eu going for dinner
appleton_cutie_94 ;the kitchen , lol , ill be back in just a few
celica7000 ;hey i am going to go get some food ill be back in a little while , i thought u were coming back
appleton_cutie_94 ;i did and u were gone , and now ure showing ur cam to someone else
celica7000 ;no aim not
appleton_cutie_94 ;it says its one , on , didja miss me today ?
celica7000 ;yes
appleton_cutie_94 ;then talk to me
celica7000 ;i wish u had a cam
appleton_cutie_94 ;fuck u re cute
celica7000 ;do u have access to a camra
appleton_cutie_94 ;not really .
celica7000 ;aww
appleton_cutie_94 ;but u get to see me on wednesday , yay !
celica7000 ;u wanna put some pcs of u up so i can look at them
appleton_cutie_94 ;if u want me to , u didnt save them ?
celica7000 ;not all of them , was that all the pic of u that u had ?
appleton_cutie_94 ;no
celica7000 ;let me see some
appleton_cutie_94 ;i cant do photo share , wtf
celica7000 ;what lol , god thats sexy
appleton_cutie_94 ;yeah ?
celica7000 ;i almost want to get myself off looking at u
appleton_cutie_94 ;but but but , ure gonna wait til wednesday right ? , lol
celica7000 ;i cant get myself off looking at u
appleton_cutie_94 ;u cant ?
celica7000 ;i kinda want too
appleton_cutie_94 ;but does that mean u wont see me wednesday ?
celica7000 ;why wont i see u wensday ? , :-/
appleton_cutie_94 ;idk . . just asking
celica7000 ;u want to see me right
appleton_cutie_94 ;totally , wanted to see u today , but that stupid ass test
celica7000 ;well if u really wanted to u could have seen me after school
appleton_cutie_94 ;i didnt know u wnated to , sorry
celica7000 ;i wish u could take a picture of your self naked
appleton_cutie_94 ;but i dont have a camera , plus it might be kind a hard , lol
celica7000 ;so what the plan on wens day
appleton_cutie_94 ;well , u know how to get to subway right ?
celica7000 ;which one
appleton_cutie_94 ;duh , the one on college , near the paper valley , how many girls r u meeting at subway
celica7000 ;just u , i am suprised i am not just meeting u at your house
appleton_cutie_94 ;cos its easier to meet at the subway so we can go anywhere then , that way if my mom leaves late for work . . im not coming home when shes leaving , cos that , that would suck , like , bad , lol
celica7000 ;lol yea it would , sou still think i am fucking hot tt
appleton_cutie_94 ;totally
celica7000 ;do u want me
appleton_cutie_94 ;totally , do u want me
celica7000 ;yesss , my dick is hard right now ca uz of u
appleton_cutie_94 ;yeah ?
celica7000 ;yes like a rock
appleton_cutie_94 ;do u have to work tomorrow ?
celica7000 ;no , why do u ask
appleton_cutie_94 ;just wondering , cos u got all quiet
celica7000 ;oh ic lol , sorry getting hon ry looking at u , horny
appleton_cutie_94 ;yeah ?
celica7000 ;yea , is that bad , ?
appleton_cutie_94 ;duh no way
celica7000 ;u want me to be excited about u
appleton_cutie_94 ;totally
celica7000 ;i want to go inside u
appleton_cutie_94 ;ure so hott
celica7000 ;i almost wish i didnt have to use condoms with u
appleton_cutie_94 ;but . . . . ull still have the lube ?
celica7000 ;yes why
appleton_cutie_94 ;cos u said it might hurt if u didnt use it
celica7000 ;well we will use your spit lol
appleton_cutie_94 ;do u live by urself ?
celica7000 ;no not right now , hey u , so whats the plan
appleton_cutie_94 ;um u meet me at subway on college
celica7000 ;ok then what
appleton_cutie_94 ;then we can go anywhere and do anything
celica7000 ;what u wanna do
appleton_cutie_94 ;well i thought we were gonna be um , together , but idk , now i think ure just dinking with my head
celica7000 ;whyy , i like u
appleton_cutie_94 ;co su keep asking me the same questions like ure not really paying attnet ion to me
celica7000 ;u never told me what u wanna do with me , besides meet at subway , what do u normally ddo in your free time , i not messing with u
appleton_cutie_94 ;shop , but we rnt going shopping r we ?
celica7000 ;that depends on how much money i got
appleton_cutie_94 ;why ?
celica7000 ;how can u shop without money
appleton_cutie_94 ;i didnt think we were going shopping
celica7000 ;if i got some money i might get u something sexy to wear
appleton_cutie_94 ;u dont have to buy me anything
celica7000 ;i wanna cum inside u , that would feel so o good
appleton_cutie_94 ;really ?
celica7000 ;yes really , u ever had a man cum insdie u
appleton_cutie_94 ;nope
celica7000 ;do u want too
appleton_cutie_94 ;well not just any man , lol
celica7000 ;do u want me too
appleton_cutie_94 ;if u wanna yeah
celica7000 ;it will make u feel all warm
appleton_cutie_94 ;really ?
celica7000 ;ye pers
appleton_cutie_94 ;well then cool
celica7000 ;what turns u on
appleton_cutie_94 ;u
celica7000 ;what about me lol
appleton_cutie_94 ;dude ure like soooo hot
celica7000 ;what your bra aa size , :-/
appleton_cutie_94 ;b
celica7000 ;perfect , are your nipples big or small
appleton_cutie_94 ;um idk , just right ?
celica7000 ;lol i was asking u
appleton_cutie_94 ;i mean like idk
celica7000 ;lol
appleton_cutie_94 ;how about urs , lol , hey
celica7000 ;hey what
appleton_cutie_94 ;do u have any tattoos ?
celica7000 ;nope , should i
appleton_cutie_94 ;idk , just asking
celica7000 ;are u shaved
appleton_cutie_94 ;i totally shave my legs
celica7000 ;your pussy , ?
appleton_cutie_94 ;oh . . ujm , um , i sorta , idk , i guess trim or something , especially when im wearing a bathing suit
celica7000 ;can u trim it for me
appleton_cutie_94 ;u want me to ?
celica7000 ;if thats ok with u
appleton_cutie_94 ;thats cool
celica7000 ;men and me too love bald pussy , it makes the sex feel better
appleton_cutie_94 ;really ? , how come ?
celica7000 ;it makes the penatration better just skin on skin
appleton_cutie_94 ;oh
celica7000 ;u wanna see my dick ?
appleton_cutie_94 ;um . . . gonna on wednesday right ?
celica7000 ;yes , u are
appleton_cutie_94 ;who do u live with ?
celica7000 ;see it lol
appleton_cutie_94 ;yeah
celica7000 ;my abs
appleton_cutie_94 ;sexy
celica7000 ;what u going to do to me wensday , sexy girl
appleton_cutie_94 ;anything u wanted
celica7000 ;anything i want u are going to do , >
appleton_cutie_94 ;lol , what do u want to do
celica7000 ;lick u , everything sexually there is to do to u
appleton_cutie_94 ;yeah ?
celica7000 ;mabye ill put my dick in your butt lol
appleton_cutie_94 ;um . . , ive never done that , like , i heard that really really hurts
celica7000 ;u said anything lol
appleton_cutie_94 ;will u be careful
celica7000 ;of course
appleton_cutie_94 ;well then maybe , so now ill say um . . . almost anything u want , lol
celica7000 ;not like i am just going to sit there and pound away at u
appleton_cutie_94 ;promise ?
celica7000 ;promise , i dont wanna make u cry
appleton_cutie_94 ;i have to do some homework really quick , ill be back in a bit kay ?
celica7000 ;no dont leave
appleton_cutie_94 ;but i have to do my homework
celica7000 ;give me a ont her pic of u too look at
appleton_cutie_94 ;i sent it , ill be back in a few , got to get it done so my mom doesnt bitch
celica7000 ;whats a few
appleton_cutie_94 ;why do u have to leave ?
celica7000 ;not , yet why
appleton_cutie_94 ;co su were a skin when id be back
celica7000 ;i was jsut wondering
appleton_cutie_94 ;kay , ill bb iab , ttys
celica7000 ;u going to call me tonight ?
appleton_cutie_94 ;ill try , tty iaf
