ID;msg
chinaski818 ;hi where is mira loma ? is it by L . A . ? I'm in the san fernando valley ( He obviously looked at my profile first . ) , , ,
mbothal ;f dont knwo how far , , ,
chinaski818 ;you're very cute -- I like your photo ( I look a bit different in real life . ) , , ,
mbothal ;thx , , ,
chinaski818 ;do you have a boyfriend ? ( I can honestly say no . ) , , ,
mbothal ;no y , , ,
chinaski818 ;mm do you like older guys ? ( Only if they don't want to have sex with children . ) , , , , |oh I see where mira loma is , an hour and a half from me -- i could drive that ( And you did , and see what happened ? Hindsight /20 huh ? ) | ,
mbothal ;guess so guys my age act stooppid , , ,
chinaski818 ;that's cool you like more mature guys , , , , well i'd be really nice to you , , ,
mbothal ;how , , ,
chinaski818 ;|well i'd only say nice things to you , and try to think about what you like and what makes you happy| , ,
mbothal ;that wd be nice , , ,
chinaski818 ;have you had a bf before ? , , ,
mbothal ;yeah be he dumped me on christmas , , ,
chinaski818 ;that sucks , , ,
mbothal ;yeah didnt get me a presnt either , , ,
chinaski818 ;what kind of presents do you like ? , , ,
mbothal ;if its a present i dont care ha , , ,
chinaski818 ;okay well maybe i'll get you a present , , , , so have you had sex before ? i know you're young ( Talk with children much ? ) , , ,
mbothal ;gee thats personal , , , , not all thewya , , ,
chinaski818 ;ya sorry if it's too personal , , , , |ok some stuff , not sex all the way| , ,
mbothal ;yeah , , ,
chinaski818 ;|just want to see how experienced you are -- are you interested in trying new stuff like that ? ( Yeah why don't you come over , you'll get screwed . ) | , ,
mbothal ;well dpends on who im with , , ,
chinaski818 ;right someone nice hopefully , , , , |well would you ever want to meet , get to know each other ? ( I wanted to meet , but you pleaded . . . your loss , I'm a nice guy . ) |
mbothal ;"maybe u have a pic not one in prof ( Classic \""cop check\"" . ) , , ,"
chinaski818 ;yeah I can email one -- do you have any more ? , , ,
mbothal ;"yeah i got another one ( Classic \""cop checkmate\"" ) , , ,"
chinaski818 ;if you email it to ericschicago . com I'll reply with pics , , ,
mbothal ;ill just change my profile give me a sec , , ,
chinaski818 ;ok , , , , or i can put it up on my profile , , ,
mbothal ;either way i need to change my pci anyway u can email here or change prof , , ,
chinaski818 ;i'll put in on my prof , , , , and you're changing photos ? , , ,
mbothal ;yeha hodl on , , , , dun , , ,
chinaski818 ;i don't see it -- there's no photo up , , , , oh there it is -- beautiful photo ( . . . of a child . ) , , ,
mbothal ;i just put it up , , ,
chinaski818 ;"you're a really cute girl ( Key word \""girl\"" ) , , ,"
mbothal ;thx , , ,
chinaski818 ;i'm working on uploading mine , , , , so are you on break ? , , ,
mbothal ;til mon , , ,
chinaski818 ;hmm are you there all alone ? , , ,
mbothal ;not yet ha but will be later , , ,
chinaski818 ;|oh really , interesting| , , , can you see my photo on there ? , , ,
mbothal ;yea that u cute , , ,
chinaski818 ;thank you , , , , you're really cute , , ,
mbothal ;thx , , ,
chinaski818 ;think you'd want to meet up ? ( I would have but you pleaded dude . ) , , ,
mbothal ;u really wanna meet , , ,
chinaski818 ;yea , , , , i'd love to meet you , , ,
mbothal ;that wd be cool , , ,
chinaski818 ;|cool , when would be good ? | , ,
mbothal ;mom and dad leave abt i think not sure until the relaly leave , , ,
chinaski818 ;ok how long are they gonna be gone ? , , ,
mbothal ;till late sun , , ,
chinaski818 ;|so you've got the place tonight , nice| , ,
mbothal ;will be cool moms gonna take me to get some dvds b4 they go , , , , u would want to come over , , ,
chinaski818 ;yeah i'd like to visit you , , ,
mbothal ;cool want me to clal u , , ,
chinaski818 ;yeah -261-3035 -- I'm Eric , , ,
mbothal ;let me get hte phoen brbr , , ,
chinaski818 ;k , , ,
mbothal ;moms on the phone give me a min , , ,
chinaski818 ;ok , , , , are you maria ? , , ,
mbothal ;yes , , ,
chinaski818 ;hi again , , ,
mbothal ;hi , , ,
chinaski818 ;|so wine , wine coolers| , ,
mbothal ;sorry bout ur cold hope u felel better , , , , yeah thats cool , , ,
chinaski818 ;yeah i feel alright thanks , , , , well i'm looking forward to it , , ,
mbothal ;brb moms calling , , ,
chinaski818 ;ok , , ,
mbothal ;ok back so wt u wanna do n ite ( Watch you get arrested . ) , , ,
chinaski818 ;|well you know i think you're really cute , so anything you'd be up for I'd love to do ( Great I bet I get to do what I want . ) | , , , but we can start out watching a movie over there , , , , |have some drinks , hang out , see what we feel like ( Have you ever tried handcuffs ? ) | ,
mbothal ;cool , , ,
chinaski818 ;|is there something you'd like to do , or let me decide ? | , ,
mbothal ;well r u wanting b my bf or something , , ,
chinaski818 ;maybe , , ,
mbothal ;well guess if ur my bf then what do u wanna do , , ,
chinaski818 ;i'd like being your bf , , , , and i'll be nice about it ! , , ,
mbothal ;well i dont know much , , , , i told u ive not done that u know , , ,
chinaski818 ;|that's cool , what have you done before ? | , ,
mbothal ;well just played around wht do u wnat to do and ill knwo if i did it or not , , ,
chinaski818 ;done oral ? ( I've spoke to LE and to parent organizations . ) , , ,
mbothal ;a little bit , , ,
chinaski818 ;|ok need some practice ? ( Sure , maybe I can speak to your cell block . ) | , ,
mbothal ;haha prolly , , ,
chinaski818 ;well we can work on that , , ,
mbothal ;maybe if i have enuf wine cooler ha , , ,
chinaski818 ;well i'll bring a lot , , , , have you gotten oral before ? , , ,
mbothal ;no , , ,
chinaski818 ;maybe we can do that , , ,
mbothal ;make that cooler s ha , , ,
chinaski818 ;coolers for me too , , ,
mbothal ;im nervous but cool how abt so mom and dad will be long gone plus will be dark , , , , in case neighbros u know , , ,
chinaski818 ;whatever is good for you -- i was hoping for earlier so we can spend more time together , , ,
mbothal ;well u can stay late too so theres time , , , , they r gone til sunday , , ,
chinaski818 ;|i've got a work meeting tomorrow morning so i have to be back home tonight , not too late ( I always wondered . . . Did you make that meeting ? ) | , , , i can park on another street or something , , ,
mbothal ;what time do u wanna come , , ,
chinaski818 ;? i'll be dark , , ,
mbothal ;i just fraid neighbers what abtou , , ,
chinaski818 ;ok :30 , , ,
mbothal ;imnot good with directions can u find it with address , , , , like mapquest or something , , ,
chinaski818 ;yeah i can look it up on there , , ,
mbothal ;cool , , ,
chinaski818 ;what's the address ? , , ,
mbothal ;phone brb , , ,
chinaski818 ;ok , , ,
mbothal ;BUST HOUSE ADDRESS REMOVED , , ,
chinaski818 ;ok is it a house or apt ? , , ,
mbothal ;its a house , , , , when u come up the drive way walk arond the right to the back so people wont see u in front ( It's kind of embarassing when you are thrown on the ground and cuffed . ) , , ,
chinaski818 ;ok cool i'll do that , , ,
mbothal ;oh um do u want to do more cuz i dont want to get preg i mena if u tht abt it , , ,
chinaski818 ;well if we did that i'd use a condom for it ( How very manly of you . ) , , ,
mbothal ;u hvae some with u , , ,
chinaski818 ;yeah , , , , i don't want you to get pregant either , , ,
mbothal ;ok ehy let me go help mom and dad get done maybe can get them lev earlier ha ok , , ,
chinaski818 ;ok i'm going to have lunch -- i'll be on here later and you have my number , , , , yeah asap , , ,
mbothal ;oh how long will it take u get here i catch u online b4 u leave , , ,
chinaski818 ;maybe an hour , , ,
mbothal ;k ok ill be on abt or b4 to b sure ok bye cant wait , , ,
chinaski818 ;me neither -- do you want to give me your number ? -- i won't call before , , ,
mbothal ;hey u still htere , , , , anyway i wanted u know that my bday is on the st and ill be then i told u b4 but it wasnt erally true is that ok let me know , , ,
chinaski818 ;Hi are you on ? , , ,
mbothal ;yeah im here , , , , tried to call bu u didnt answe , , ,
chinaski818 ;want to call again ? , , ,
mbothal ;u rnt mad r u cuz i kinda lied , , , , cant now mom has the phonn , , ,
chinaski818 ;what'd you lie about ? , , ,
mbothal ;u didnt get my offline , , ,
chinaski818 ;no what'd you say ? , , ,
mbothal ;i said i was but relaly my bday is on the st so im for a cpl more wks ( Let's make me younger and see if he changes his mind . ) , , , , i didnt want u to come here then get mad or somethin , , ,
chinaski818 ;i'm not mad , , ,
mbothal ;whew so u still comin , , ,
chinaski818 ;yea ( Nope didn't change his mind . ) , , ,
mbothal ;i was feeling sick bkz i kind of told that little fib was worrd ud be mad i fell much btr , , ,
chinaski818 ;oh good - i'm not mad at all , , , , do you parents go on trips a lot ? , , ,
mbothal ;well not this long grandma is sick and they are going to b with her , , ,
chinaski818 ;oh that's too bad , , , , but they go sometimes ? , , ,
mbothal ;they still do like dates and will go on an overnite trip , , ,
chinaski818 ;it'd be nice to be able to visit you in the future ( I don't see that happening . ) , , , , overnight trips are good for that , , ,
mbothal ;that wd be cool hey i gotta run to the bathroom brb , , ,
chinaski818 ;ok , , ,
mbothal ;k back , , ,
chinaski818 ;ok , , ,
mbothal ;u took a long lunch break ha , , ,
chinaski818 ;|yea my friend was leaving town , so we had a long lunch | , ,
mbothal ;ur boss let u take that long , , ,
chinaski818 ;|well i'm not working today , i'm off today| , , , took a sick day , , ,
mbothal ;r u really sick i dont want any germs ha , , ,
chinaski818 ;well i mostly wanted to take a day off ( Faking a sick day ? Shame . ) , , ,
mbothal ;ha cool where do u work , , ,
chinaski818 ;i'm not sleeping all day , , , , |i work in L . A . , in the Brentwood area by UCLA ( Hey ! Do you know OJ ? ) | , ,
mbothal ;cool u work at UCLA , , , , u teach or something , , ,
chinaski818 ;no at a law firm , , ,
mbothal ;oh ok i see BY UCLA i red it wrong cool u a laywer , , ,
chinaski818 ;that's right , , ,
mbothal ;u have a nice car , , , , ibet , , ,
chinaski818 ;|not fancy , i'm a new lawyer so i'm not rich yet| , , , one day let's hope so , , ,
mbothal ;oh well what kind of car do u hv , , , , ifits fast i want a ride in it , , ,
chinaski818 ;|honda civic - not the fastest car , but we can go for a ride| , ,
mbothal ;thats cool , , ,
chinaski818 ;where do you like to go in your city ? , , ,
mbothal ;wht do u mean i like goin to movies adn shopin and stuff , , ,
chinaski818 ;yeah where do you hang out around there ? , , ,
mbothal ;really just here or ill go to fiends houses , , , , ive been to the gallleira btu dont relaly hang out , , , , does walmart count haha , , ,
chinaski818 ;it's tough not having a car , , , , sure it counts , , ,
mbothal ;yeah but mom takes me or go with firnds , , ,
chinaski818 ;what grade are you in ? , , ,
mbothal ;th , , , , brb , , , , mom again , , ,
chinaski818 ;l , , , , k , , ,
mbothal ;wish thed leave ha , , ,
chinaski818 ;i know i can't wait to get over there , , , , i'm looking forward to meeting you , , ,
mbothal ;mom just said they wd leave me a cell phone dnt know whci one yet , , ,
chinaski818 ;nicely done ( This was just creepy . ) , , ,
mbothal ;will u be on until u leave or gte on later im gonna run nxt door for a while , , ,
chinaski818 ;|i'm going to be on for at least an hour , but if I leave when you're not on , call me with your number when you have it| ,
mbothal ;k will do ltr , , ,
chinaski818 ;later on -- is it still :30 or maybe earlier ? , , ,
mbothal ;lets stay :30 cuz if they get a late start and neighbrs r in , , , , ltr , , ,
chinaski818 ;ok sounds good , , ,
mbothal ;hey if u get ths dad callad and is woking late momis sposed to just pck him up at , , , , c u nite , , ,
chinaski818 ;|hi i'm going to run errands and then head out to see you . give me a call with your number when you get it , or if something changes . see you soon ! | , ,
