ID;msg
clitlicker42303 ;you really ?
decoyname ;hi ya , f ky u ?
clitlicker42303 ;m owensboro , your really cute
decoyname ;ty , u got a pic ?
clitlicker42303 ;no just cam
decoyname ;oh kewl i wish i had
clitlicker42303 ;me too like to see you
decoyname ;relly ?
clitlicker42303 ;yes , where you from
decoyname ;louis v
clitlicker42303 ;cool , you alone there now ?
decoyname ;ya
clitlicker42303 ;you like to watch
decoyname ;ya kay
clitlicker42303 ;what do you want to see
decoyname ;i wanna see what u look like
clitlicker42303 ;cant right now
decoyname ;how come ?
clitlicker42303 ;naked , you have a hot pic of you jodi ?
decoyname ;oh , i got sum on my album
clitlicker42303 ;can i see
decoyname ;thyrs a linky on my pro
clitlicker42303 ;i saw those
decoyname ;oh
clitlicker42303 ;got an naughty ones hun
decoyname ;no lol
clitlicker42303 ;dam , let me take some of you
decoyname ;for real ?
clitlicker42303 ;sure if you will
decoyname ;lol that wuld b kewl
clitlicker42303 ;yes , have to come there
decoyname ;u relly wuld ?
clitlicker42303 ;may be
decoyname ;lol kewl
clitlicker42303 ;you gonna have me arrested ( Gasp . . . did someone let the cat out of the bag ? )
decoyname ;lol nooo why u say that ?
clitlicker42303 ;could be a set up
decoyname ;what u meen ?
clitlicker42303 ;have to be convinced
decoyname ;how im gonna do that ?
clitlicker42303 ;dont know , you sound a bit anxious about me taking your pic , why is that
decoyname ;i dunno im not
clitlicker42303 ;will you take off some of your clothes for me
decoyname ;oh u want me2 do that ?
clitlicker42303 ;yeah
decoyname ;how come ?
clitlicker42303 ;like to see your body
decoyname ;oh , im not like fat or nething
clitlicker42303 ;nice
decoyname ;you are a phot graf er or sumthin
clitlicker42303 ;i gotta run get hold of me and we will see if your interested ok
decoyname ;were u go ? , (
clitlicker42303 ;hello
decoyname ;hi
clitlicker42303 ;hey , what are you up to , you there , ok guess your busy
decoyname ;sry my mom called
clitlicker42303 ;i see , so how you doing tonite
decoyname ;ok u
clitlicker42303 ;bored , wish i was with you , what about that
decoyname ;relly ?
clitlicker42303 ;yes
decoyname ;lol waht wuld we do ?
clitlicker42303 ;what would you want to do
decoyname ;i dunno im bored
clitlicker42303 ;so your in louisville
decoyname ;ya
clitlicker42303 ;hours away
decoyname ;were u at ?
clitlicker42303 ;owensboro
decoyname ;kewl
clitlicker42303 ;you doing nothing tonite ?
decoyname ;hang on
clitlicker42303 ;okk
decoyname ;sorry
clitlicker42303 ;what happened
decoyname ;i herd sumthin outside
clitlicker42303 ;k
decoyname ;i dint see nuthin tho
clitlicker42303 ;looking at your p pics , the finger in your mouth means what , lol
decoyname ;lol were just messin around
clitlicker42303 ;ok
decoyname ;be in stoopid
clitlicker42303 ;i had my idea
decoyname ;what ?
clitlicker42303 ;its dirty , lol
decoyname ;tell me eee
clitlicker42303 ;thats kinda of a sign for head
decoyname ;oh it is ?
clitlicker42303 ;yeah , if you have done that
decoyname ;lol that not what were do in tho , u meen bj ?
clitlicker42303 ;yes
decoyname ;ya i done that b4
clitlicker42303 ;ok , you enjoy it
decoyname ;ya it wuz ok
clitlicker42303 ;cool , i want my turn>lol ( real nice )
decoyname ;lol for real ?
clitlicker42303 ;sure
decoyname ;u relly want me2 do that u ?
clitlicker42303 ;yes
decoyname ;lol that mite be kewl
clitlicker42303 ;yeah , you think
decoyname ;ya mebbe if i like u and ur cute
clitlicker42303 ;ok
decoyname ;u got a pic ?
clitlicker42303 ;no
decoyname ;what u look like ?
clitlicker42303 ;/8 br hair blue eyes
decoyname ;kewl
clitlicker42303 ;where would we go
decoyname ;i dunno a int no bdy here
clitlicker42303 ;at your home
decoyname ;ya
clitlicker42303 ;cool
decoyname ;u relly wanna do that or ur just messin with me
clitlicker42303 ;really want to , butt scared
decoyname ;how come ?
clitlicker42303 ;cops
decoyname ;cops ? were ?
clitlicker42303 ;your under age sweety
decoyname ;im not like a baby r nething
clitlicker42303 ;i know
decoyname ;my mom let me stay here by myself she wuld nt do that if im not old enuff
clitlicker42303 ;ok
decoyname ;ok
clitlicker42303 ;i want to
decoyname ;kewl
clitlicker42303 ;cant tonite
decoyname ;ok , thats kewl
clitlicker42303 ;wish i knew for sure you were for real
decoyname ;how im gonna do that ?
clitlicker42303 ;not sure , you dont have a cam
decoyname ;no i wish
clitlicker42303 ;you show on cam and ill come there
decoyname ;i dont got one
clitlicker42303 ;i know , love to see you give me a bj
decoyname ;ya but i dont got a cam so i dont no what tell ya
clitlicker42303 ;|you work for dateline lol ( No . . . no . . . it's the KY Attorney General's office , pay attention ) |
decoyname ;whats that ? , i dont got a jjob
clitlicker42303 ;lol , would you take your clothes off while you give me a bj
decoyname ;lol u want me2 ?
clitlicker42303 ;be nice to see your body
decoyname ;im not like fat or nething
clitlicker42303 ;im sure , love to see though
decoyname ;well i dunno what tell u lol u aint here
clitlicker42303 ;what you doing sunday
decoyname ;nuthin im stuck here
clitlicker42303 ;let me come kiss you sunday
decoyname ;lol kay if u wanna u can
clitlicker42303 ;where do i come too
decoyname ;my house
clitlicker42303 ;butt where , how do i find you
decoyname ;you are relly serius ?
clitlicker42303 ;yeah if you are
decoyname ;ya i am , what we gonna do ?
clitlicker42303 ;ride my back somwhere and get my bj , oops my bike
decoyname ;oh u got a bike
clitlicker42303 ;yeah
decoyname ;kewl
clitlicker42303 ;up to you butt dont back out if i come there
decoyname ;|i aint gonna back out dood ( Seriously dood , I won't ) |
clitlicker42303 ;good , you really want me there
decoyname ;ya it wuld be kewl , if u relly wanna
clitlicker42303 ;i do
decoyname ;kay what time u wanna come ? , hang on
clitlicker42303 ;k
decoyname ;sorry
clitlicker42303 ;k
decoyname ;u wanna come at ?
clitlicker42303 ;if you want me to
decoyname ;can u come at like , hlo ? , u dont wanna talk2 me now ? , watever dood
clitlicker42303 ;you here
decoyname ;ya
clitlicker42303 ;pc loked up , lok ed , dam
decoyname ;lol
clitlicker42303 ;so you really wnat me there at , your makin me wanna come there
decoyname ;i dunno i dont even no ur name
clitlicker42303 ;i know
decoyname ;im jodi
clitlicker42303 ;ray
decoyname ;kewl
clitlicker42303 ;how tall are you
decoyname ;how tall ru ?
clitlicker42303 ;/8
decoyname ;oh ya u told me that
clitlicker42303 ;|i shouldnt be doing this ( You are absolutely right , you shouldn't be ) |
decoyname ;doing what ?
clitlicker42303 ;trying to meet you
decoyname ;how come ?
clitlicker42303 ;|because what i want is wrong ( So very , very wrong ) | , your so young
decoyname ;ya well im not like a little kid but watever , if u dont wanna
clitlicker42303 ;b> oh i wanna get a bj
decoyname ;lol
clitlicker42303 ;love to see you do tha at be hot
decoyname ;ya but i only done it like times b4
clitlicker42303 ;how old were they
decoyname ;my ex wuz
clitlicker42303 ;ok , he go down on you too ?
decoyname ;no
clitlicker42303 ;how come
decoyname ;i dunno he just didnt
clitlicker42303 ;may be i can if you like , i would like to
decoyname ;ya wanna try that i herd its good
clitlicker42303 ;i am good at it
decoyname ;can i ask u a ?
clitlicker42303 ;yeah
decoyname ;dont it taste nasty ?
clitlicker42303 ;oh no bet you taste so good
decoyname ;ya may b
clitlicker42303 ;you ever touch yourself ?
decoyname ;lol ya
clitlicker42303 ;nice , |god wish this could happen ( Oh , it will happen , just not the way you imagine ) | , wish you really wanted me jodi , like i do you
decoyname ;i do wanna u seem nice , i wanna n our be ttr , u gonna b on here moro ?
clitlicker42303 ;some
decoyname ;kewl may b we can talk sum more then
clitlicker42303 ;yeah , may be meet
decoyname ;ya may b
clitlicker42303 ;hope so
decoyname ;im gonna be bored all day
clitlicker42303 ;how come
decoyname ;cuz im stuck here unless sum bdy can take me sum were
clitlicker42303 ;maybe we can go for a bike ride
decoyname ;i mite go shoppin with my frend and her mom but she didnt call me , what kinda bike u got ?
clitlicker42303 ;kawasaki
decoyname ;kewl , it go fast ?
clitlicker42303 ;yeah
decoyname ;i nevr been on one b4
clitlicker42303 ;cool , have to hold on to me tight
decoyname ;ya lol , u got a helm ent
clitlicker42303 ;yes
decoyname ;for me ?
clitlicker42303 ;yes
decoyname ;kay
clitlicker42303 ;|you gonna hold on to me let me feel those breast against my back ( Oh real nice asshole , I'm ! ! ) | , i like that
decoyname ;lol thyr not vry big
clitlicker42303 ;how big
decoyname ;a
clitlicker42303 ;thats nice
decoyname ;not relly , guys like girls with big ones
clitlicker42303 ;yes thier fine , ill see
decoyname ;kay , thy shuld get bigger
clitlicker42303 ;yeah
decoyname ;i hope so
clitlicker42303 ;do you shave ( WHY ? ? ? Why do they always go there ? )
decoyname ;ya
clitlicker42303 ;all of it
decoyname ;my legs and like form my bath in suite
clitlicker42303 ;nice , so what do you think about me wanting you jodi , pretty eyes
decoyname ;i like it , ty
clitlicker42303 ;wish i had you in my arms right now
decoyname ;that sounds nice
clitlicker42303 ;hugging you , kissing you
decoyname ;i luv kiss
clitlicker42303 ;cool
decoyname ;im gettin sleepy
clitlicker42303 ;let me lay with you jodi . . . . . . . snuggle
decoyname ;that wuld be nice but ur not here lol
clitlicker42303 ;may be soon , how do i find you there
decoyname ;here ?
clitlicker42303 ;yes
decoyname ;i dunno with a map or sumthin
clitlicker42303 ;i mean address , or phone number
decoyname ;mayb i can call u moro that be kewl ?
clitlicker42303 ;yeah
decoyname ;whats ur number ?
clitlicker42303 ;just meet me on here to morro will give it to you then
decoyname ;ok , im gonna go bed now
clitlicker42303 ;sweet dreams jodi
decoyname ;u2 nite ray , :*
clitlicker42303 ;hey
decoyname ;hi
clitlicker42303 ;how you doing
decoyname ;ok , u ?
clitlicker42303 ;ok
decoyname ;what you are doin ?
clitlicker42303 ;nothing
decoyname ;men e ether
clitlicker42303 ;cool , what do you want to be doing
decoyname ;i dunno im bored death
clitlicker42303 ;me too , whats on your mind , tell me
decoyname ;just think in bout ridin ur bike , lol
clitlicker42303 ;we can tomorrow
decoyname ;real ? when ? , kewl
clitlicker42303 ;go for a ride then drop you off at home
decoyname ;what else we gonna do when ur here/
clitlicker42303 ;up to you
decoyname ;lol i asked u im up nething relly
clitlicker42303 ;what ever you want to , have to see
decoyname ;have c bout wat ?
clitlicker42303 ;what we will do , may be go eat
decoyname ;kewl , then wat/ , hlo ? , you are there ? , heee lll ooo ooo , watever dood
clitlicker42303 ;just dont know , know what i would like to do
decoyname ;whats that ?
clitlicker42303 ;cant say
decoyname ;how come ?
clitlicker42303 ;its has to do with sex
decoyname ;wat about sex ?
clitlicker42303 ;between you and i
decoyname ;what like u wanna do that ?
clitlicker42303 ;yep
decoyname ;|can u bring condoms cuz its relly hard buy them when im lol ( That says it all , doesn't it ? ) |
clitlicker42303 ;yeah
decoyname ;kewl
clitlicker42303 ;ok
decoyname ;u gonna bring ur bike ?
clitlicker42303 ;yeah
decoyname ;kay that wuld be relly kewl go a ride
clitlicker42303 ;i want to
decoyname ;me2
clitlicker42303 ;how will i find you
decoyname ;*edit address* , can u get a map ?
clitlicker42303 ;yeah
decoyname ;kay
clitlicker42303 ;no one home tomorrow ?
decoyname ;no moms gone til monday mornin
clitlicker42303 ;they leave you home alone
decoyname ;ya sumtimes , hlo ?
clitlicker42303 ;what
decoyname ;oh i thot ur gone
clitlicker42303 ;no
decoyname ;kay
clitlicker42303 ;so what if i want you tomorrow jodi , you ok with that
decoyname ;ya im ok with it if ur
clitlicker42303 ;bit scared
decoyname ;how come ?
clitlicker42303 ;get arrested
decoyname ;how ? , i a int gonna tell ne body , i dont wanna get in truble
clitlicker42303 ;me neither
decoyname ;kay so were kewl then lol
clitlicker42303 ;i guess , give me your number in case i get lost
decoyname ;kay but u cant call if i dont say its ok
clitlicker42303 ;ok
decoyname ;promis , i will get kilt
clitlicker42303 ;i do
decoyname ;kewl , *edit phone number*
clitlicker42303 ;ok , you need to be on in the morning
decoyname ;ya i will
clitlicker42303 ;let you know for sure if im coming and call you
decoyname ;ur not gonna say ur comin and then not come ru ?
clitlicker42303 ;depends on you jodi , you wont back out ?
decoyname ;no way , im up it if ur
clitlicker42303 ;why are you up for it so hun ? , tell me
decoyname ;cuz i wanna try stuff
clitlicker42303 ;like what
decoyname ;like evrything lol
clitlicker42303 ;be specific , please
decoyname ;i wanna do bj and evrything , is that kewl ?
clitlicker42303 ;yes
decoyname ;you are gonna b on here l8tr ?
clitlicker42303 ;yes tonite
decoyname ;kay , im gonna walk the store
clitlicker42303 ;k
decoyname ;kay ill be back
clitlicker42303 ;ok , bye
decoyname ;ttyl
clitlicker42303 ;nothing , sitting here bored , what did you get , you there
decoyname ;sory i keep gettin kicked off
clitlicker42303 ;ok
decoyname ;what you are doin ?
clitlicker42303 ;nothing , can i come there earlier
decoyname ;no i gotta go pancake brk fa stats kewl , u can come now if u wanna
clitlicker42303 ;cant
decoyname ;oh , u cant come at ?
clitlicker42303 ;be better if earlier
decoyname ;what time ?
clitlicker42303 ;"thought i might leave here at about , get me there about ;30 or"
decoyname ;i can get bak by may b , i gotta go tho
clitlicker42303 ;how come
decoyname ;cuz its for $ for band
clitlicker42303 ;how you getting there
decoyname ;walk in
clitlicker42303 ;its close huh
decoyname ;ya
clitlicker42303 ;ok
decoyname ;so u wanna come at ?
clitlicker42303 ;if you still want me
decoyname ;ya i gotta think of sumthin tell my teacher so i can le eve early
clitlicker42303 ;got your period
decoyname ;ya thats good lol , he wont ask me nuthin bout that lol
clitlicker42303 ;true
decoyname ;kewl
clitlicker42303 ;your a little over two hours away
decoyname ;kay thats kinda far
clitlicker42303 ;|not too bad if its worth the trip ( Oh it sooo will be , and a one-way trip too ! ) |
decoyname ;u still gonna ride ur bike ?
clitlicker42303 ;yeah
decoyname ;yay !
clitlicker42303 ;neighbors wont notice you riding off with me ?
decoyname ;no but u shuld park like behind my house prolly , th yrs an ally back there
clitlicker42303 ;i see
decoyname ;oh u gotta go2 tha front door tho cuz i cant open the back
clitlicker42303 ;ok
decoyname ;u want me2 bring u back sum pancakes ?
clitlicker42303 ;sure
decoyname ;kay , u like blueberry s
clitlicker42303 ;sure
decoyname ;kewl , i brring u sum ( Aren't I sweet ? )
clitlicker42303 ;ok , bring me you too
decoyname ;ya lol , what shuld i ware ?
clitlicker42303 ;not much
decoyname ;ya but if were gonna go a ride on ur bike itll b cold
clitlicker42303 ;jsut dont wear any thing under
decoyname ;oh lol , ok
clitlicker42303 ;sure hope your for real
decoyname ;lol why wuldnt i be ?
clitlicker42303 ;seems to good to be true
decoyname ;ya well so do u
clitlicker42303 ;tell me why your into an older man sweety
decoyname ;cuz guys my age act stoopid
clitlicker42303 ;ok
decoyname ;all thy like is video games and thy r boys
clitlicker42303 ;not m , me
decoyname ;lol , they dont got bikes ne ether lol
clitlicker42303 ;will we be able to hang at your house
decoyname ;ya
clitlicker42303 ;may be i can give you a soaping in the shower
decoyname ;lol ya if u wanna
clitlicker42303 ;no chance anyone coming home
decoyname ;no mom dont get home til l8t
clitlicker42303 ;what color are your eyes
decoyname ;blue , urs ?
clitlicker42303 ;same
decoyname ;kewl , i gotta pee , brb
clitlicker42303 ;k
decoyname ;kay bak
clitlicker42303 ;k , wish you had some hot pics
decoyname ;u dont like mine ?
clitlicker42303 ;yes , keep looking at them
decoyname ;i wish u got sum
clitlicker42303 ;can you be on in the morning
decoyname ;ya i can i gess b4 i go
clitlicker42303 ;man i want this
decoyname ;what ?
clitlicker42303 ;you know
decoyname ;oh ya lol , me2
clitlicker42303 ;how tall are you again , what do you weigh , nice\
decoyname ;thnx
clitlicker42303 ;ever met from here before
decoyname ;no , u ?
clitlicker42303 ;not someone like you
decoyname ;like me ?
clitlicker42303 ;so young
decoyname ;oh but u did meet sumbdy b4
clitlicker42303 ;yeah
decoyname ;did u like them
clitlicker42303 ;it was ok , can you call me right now , ok
decoyname ;ya if u want me2
clitlicker42303 ;after you do get rid of my number
decoyname ;ok , i gotta get the fone
clitlicker42303 ;k , never mind dont call
decoyname ;i tried call u but it wuz busy
clitlicker42303 ;dont call now , ok , we will chat in the morning ok
decoyname ;ok , i gotta leeve at will u be on ? , hlo ? , you are there ?
clitlicker42303 ;hi
decoyname ;hi
clitlicker42303 ;whatcha do in
decoyname ;nuthin been watch in a movie
clitlicker42303 ;what movie
decoyname ;march of the pen guns
clitlicker42303 ;ok
decoyname ;u ever seen it ?
clitlicker42303 ;no
decoyname ;its a kewl movie , what u been doin ?
clitlicker42303 ;sitting around bored , wondering about tomorrow
decoyname ;what u wondrin ?
clitlicker42303 ;how it will go
decoyname ;it will be fun , how come ur quite
clitlicker42303 ;nervous jodi
decoyname ;oh , how come ?
clitlicker42303 ;you see the shows where men get arrested meeting young girls ( heh )
decoyname ;no
clitlicker42303 ;scary
decoyname ;i never seen them
clitlicker42303 ;you in an apartment or house
decoyname ;house
clitlicker42303 ;ok
decoyname ;how come ur so scared im not gonna tell
clitlicker42303 ;ok
decoyname ;i dont wanna get int ruble ne ether my mom wuld kill me
clitlicker42303 ;she will be gone all day tomorrow
decoyname ;ya she dont get home til like after im sposed be in bed
clitlicker42303 ;what work does she do
decoyname ;she does event managment
clitlicker42303 ;ok
decoyname ;shes in las veges
clitlicker42303 ;and who cares for you when she is gone
decoyname ;nobody i can take care of myself
clitlicker42303 ;where is dad
decoyname ;he dont live here
clitlicker42303 ;you live off of *edit*
decoyname ;ya
clitlicker42303 ;k
decoyname ;did u get a map
clitlicker42303 ;yeah
decoyname ;kewl do u think u can find my house
clitlicker42303 ;yes , you have a front porch
decoyname ;ya
clitlicker42303 ;can you be out there at and we will take off , just run out and hop on
decoyname ;u shuld go to the back , u can knock on the back door and then ill come around
clitlicker42303 ;can you just be waiting in the alley
decoyname ;ya i gess but i thot ur gonna be here for a little
clitlicker42303 ;i am
decoyname ;i wuz gonna bring up an cakes
clitlicker42303 ;have them when we get done riding for a short bit
decoyname ;ya but thy l be cold
clitlicker42303 ;nuke em
decoyname ;ya , hlo ?
clitlicker42303 ;yeah , so you gonna be out back waiting
decoyname ;i dont wanna just be standin out there i dont wanna get busted cant u just knock on the door so i no its u
clitlicker42303 ;makes me nervous
decoyname ;makes me nervus u dont wanna knock on my door so i no its u , hlo ?
clitlicker42303 ;im here
decoyname ;how come ur not talkin ?
clitlicker42303 ;im scared again now
decoyname ;urs car in me i dont wanna get int ruble
clitlicker42303 ;you wont i will
decoyname ;ya i will
clitlicker42303 ;i could go to jail , thats why i dont wanna come into that house right away
decoyname ;u dont have , just knock on the door so i no its u , we can go for a ride then come back
clitlicker42303 ;why frown
decoyname ;cuz i wanna see u and ur be in all weerd
clitlicker42303 ;just cautious , you a rich kid jodi ?
decoyname ;lol , no , my house sux s
clitlicker42303 ;why
decoyname ;its little and ugly and its a bad nei borhood
clitlicker42303 ;crime and stu uf
decoyname ;we got druggy s live across the street
clitlicker42303 ;|i wont get robbed will i ( Oh no , we have a very strong law enforcement presence this weekend ) |
decoyname ;lol no i dont think so we never been robbed , some dude killed his family kinda by my house the other day
clitlicker42303 ;dam
decoyname ;but my mom said he wuz crazy and hes dead so we dont hafta worry
clitlicker42303 ;good
decoyname ;ya it kinda free ked me out at first
clitlicker42303 ;im sure
decoyname ;he like killed his little kids can u beleeve that ?
clitlicker42303 ;awfull
decoyname ;ya
clitlicker42303 ;did you give me your phone number
decoyname ;i tried call u but it wuz busy
clitlicker42303 ;i need your number , wont use it unless i get lost
decoyname ;ok , *edit phone number* , u gotta promi sur not gonna call sum time unless i say its ok cuz mom mite be here
clitlicker42303 ;sure
decoyname ;ok
clitlicker42303 ;what time you going to school tomorrow
decoyname ;i gotta be there at to help get reddy
clitlicker42303 ;gotta walk is it far ?
decoyname ;its not relly far
clitlicker42303 ;ok , im off to bed talk tomorrow jodi
decoyname ;u said be on here b4 i go u gonna be ?
clitlicker42303 ;yes
decoyname ;ok
clitlicker42303 ;sweet dreams hun
decoyname ;ur still comin rite ?
clitlicker42303 ;gonna try
decoyname ;ok ttyl , nite , hi you are there ? , i got tale eve , ill be home at , kay bye see u l8tr
clitlicker42303 ;you there ?
decoyname ;hi
clitlicker42303 ;hello
decoyname ;i gess ur not comin huh ?
clitlicker42303 ;got up late
decoyname ;i came home early and evrything
clitlicker42303 ;im so sorry just got up late hun
decoyname ;you are still comin ?
clitlicker42303 ;can you call me ?
decoyname ;ya i gess , you are messin with me ?
clitlicker42303 ;call me and ill try and come , if its not too late to
decoyname ;no its not
clitlicker42303 ;give ma call lets talk , ok
decoyname ;ok
