ID;msg
cobbler1976 ;hey
that_polish_chick94 ;hi
cobbler1976 ;hey , asl ?
that_polish_chick94 ;/f/mi , u
cobbler1976 ;. m . mi
that_polish_chick94 ;thats cool , got any pics ?
cobbler1976 ;yep , hot
that_polish_chick94 ;thank u , wow u are too
cobbler1976 ;yep . u r young though
that_polish_chick94 ;yeah it sucks
cobbler1976 ;great body !
that_polish_chick94 ;hehe , thank u , i run and play basketball
cobbler1976 ;nice , where do u live ?
that_polish_chick94 ;im by romulus , u ?
cobbler1976 ;livoniathat_polish_chick94 ( 02/10/08 :11:22 PM ) : cool , wish u were , lol
that_polish_chick94 ;lol why
cobbler1976 ;i would take u out
that_polish_chick94 ;that would be sweet
cobbler1976 ;yep , we would party
that_polish_chick94 ;hell yeah
cobbler1976 ;ur pants might come off
that_polish_chick94 ;may be , by the ms elvs lol
cobbler1976 ;magic . . . . lol
that_polish_chick94 ;lol
cobbler1976 ;u r hot ! , what u wearing ?
that_polish_chick94 ;ty so are u , lt blue n white pj pants n a white wifebeater
cobbler1976 ;nice
that_polish_chick94 ;u ?
cobbler1976 ;send me a pic ?
that_polish_chick94 ;i dont have a cam
cobbler1976 ;shorts , cell phone cam ?
that_polish_chick94 ;no i dont got a cell rite now
cobbler1976 ;ok
that_polish_chick94 ;sorry
cobbler1976 ;its ok , u hook up w a guy ever ? , wet ?
that_polish_chick94 ;hook up how
cobbler1976 ;whats the most u have done ?
that_polish_chick94 ;what do u think ? , guess
cobbler1976 ;no , bj ?
that_polish_chick94 ;that too , i went all the way like times
cobbler1976 ;wow , what was the oldest guy ? , ahhhh
that_polish_chick94 ;yeah
cobbler1976 ;if i was i would do u
that_polish_chick94 ;lol thank u
cobbler1976 ;u swallow ?
that_polish_chick94 ;yeah i done it before
cobbler1976 ;u like it ?
that_polish_chick94 ;yeah it was okay , he really liked it
cobbler1976 ;lol , i would like it ?
that_polish_chick94 ;lol i dunno would u ?
cobbler1976 ;hmmmm m , yeah for sure
that_polish_chick94 ;cool
cobbler1976 ;r u shaved ?
that_polish_chick94 ;yeah i dont like hair on me , u ?
cobbler1976 ;?
that_polish_chick94 ;u shave ?
cobbler1976 ;trim
that_polish_chick94 ;thats cool
cobbler1976 ;i bet u r soooo tight
that_polish_chick94 ;is that good ?
cobbler1976 ;yeas ! , what r u wearing ?
that_polish_chick94 ;i told u lt blue n white pj pants n a white wifebeater
cobbler1976 ;anything under ?
that_polish_chick94 ;just panties
cobbler1976 ;lets hook up
that_polish_chick94 ;how ?
cobbler1976 ;ur house ?
that_polish_chick94 ;yeah when no ones home maybe
cobbler1976 ;do i get ur bj ?
that_polish_chick94 ;u want me to give u one ?
cobbler1976 ;yeah . . . . . i know thats bad though
that_polish_chick94 ;i would
cobbler1976 ;what else ?
that_polish_chick94 ;anythin u want
cobbler1976 ;i want in ur panties
that_polish_chick94 ;oh yeah ?
cobbler1976 ;kinda
that_polish_chick94 ;lol
cobbler1976 ;how bout if u were a cop
that_polish_chick94 ;wtf likes cops n robbers ? , like*
cobbler1976 ;no like u were a cop and i was arrested . . lol
that_polish_chick94 ;lol u wanna pretend ?
cobbler1976 ;no . i dont want to be arrested
that_polish_chick94 ;oh okay , then i wont be a cop lol
cobbler1976 ;lol , i am way to old
that_polish_chick94 ;no i had like yr old dudes IM me befor
cobbler1976 ;wow
that_polish_chick94 ;yeah i know
cobbler1976 ;thats bad , u would give me a bj ?
that_polish_chick94 ;yeah ur hot
cobbler1976 ;do u have other pics ?
that_polish_chick94 ;just a couple
cobbler1976 ;send them , wow
that_polish_chick94 ;do u got anymore ? , wow what
cobbler1976 ;on my phone , u are so hot
that_polish_chick94 ;"oh ty "">"
cobbler1976 ;what r u doing nite ?
that_polish_chick94 ;takin a shower then probly watchin tv n goin to bed or somthing
cobbler1976 ;can i get in the shower w u ?
that_polish_chick94 ;may be
cobbler1976 ;tonight ?
that_polish_chick94 ;no i cant tonite
cobbler1976 ;ok , what do ur panties look like ?
that_polish_chick94 ;black bikini type
cobbler1976 ;sexy
that_polish_chick94 ;ty
cobbler1976 ;are u horny ?
that_polish_chick94 ;i dunno not really
cobbler1976 ;i could get u horny if i was there
that_polish_chick94 ;yeah
cobbler1976 ;yep , well then ?
that_polish_chick94 ;what
cobbler1976 ;will u show me my cum in ur mouth ?
that_polish_chick94 ;yeah if u wanted
cobbler1976 ;i could fuck u ?
that_polish_chick94 ;yeah
cobbler1976 ;condom right ?
that_polish_chick94 ;i would get preg if u didnt wouldnt i ?
cobbler1976 ;yep
that_polish_chick94 ;then yeah
cobbler1976 ;when ?
that_polish_chick94 ;when my mom goes outta town , she goes somtimes , for like at least a day , i dunno when yet tho
cobbler1976 ;ok , just sex or party and sex ?
that_polish_chick94 ;i dunno both ? lol
cobbler1976 ;sure . . . . lol , drinks ?
that_polish_chick94 ;yeah thatd be cool
cobbler1976 ;just me and u . . . . right ?
that_polish_chick94 ;yeah , what u wanted to invite more ppl ? lol
cobbler1976 ;noone else . . . . lol
that_polish_chick94 ;ok good lol
cobbler1976 ;i have a big dick is that ok ?
that_polish_chick94 ;yeah how big ?
cobbler1976 ;inchs
that_polish_chick94 ;wow , would it hurt ?
cobbler1976 ;maybe . . . . is that ok ?
that_polish_chick94 ;if u go slow first
cobbler1976 ;ok , do u like to be ate out ?
that_polish_chick94 ;my ex never did that to me
cobbler1976 ;can i ?
that_polish_chick94 ;yeah
cobbler1976 ;do u get really wet ?
that_polish_chick94 ;he told me guys dont eat girls out , yeah i thin nk so
cobbler1976 ;good , have u had an orgasm ?
that_polish_chick94 ;no
cobbler1976 ;hopefully i give u one
that_polish_chick94 ;my ex just did it for like mins
cobbler1976 ;did u like it ?
that_polish_chick94 ;it was okay
cobbler1976 ;ok , any bro or sis ?
that_polish_chick94 ;no just me , u ?
cobbler1976 ;just me
that_polish_chick94 ;thats cool
cobbler1976 ;yep
that_polish_chick94 ;brb i gotta take my dog out n get super cold
cobbler1976 ;k , hi ? , u there ? , hey
that_polish_chick94 ;sorry my comp messed up
cobbler1976 ;u there ?
that_polish_chick94 ;yeah i mb out to go take a shower in am in tho
cobbler1976 ;pk , ok , i want to see u in ur panties
that_polish_chick94 ;yeah i dont have a cam
cobbler1976 ;lets both get one ?
that_polish_chick94 ;i could try but i dont think i can , i dont got $$ n i cant drive to the store or anythin
cobbler1976 ;ohhh yeah
that_polish_chick94 ;yeah sorry i suck
cobbler1976 ;how much u weigh ?
that_polish_chick94 ;like
cobbler1976 ;perfect
that_polish_chick94 ;really ?
cobbler1976 ;yeah ! , do u have a nice ass ?
that_polish_chick94 ;my ex always said i did lol
cobbler1976 ;lol
that_polish_chick94 ;i dunno tho i dont really look at it lol
cobbler1976 ;true , u are not a cop ?
that_polish_chick94 ;no way , why would i be a cop
cobbler1976 ;not sure . your young . . i am
that_polish_chick94 ;oh well i dont wanna get in trouble either so its not like im gonna tell anyone bout u
cobbler1976 ;true
that_polish_chick94 ;so what kinda car u got
cobbler1976 ;equinox .
that_polish_chick94 ;oh never heard a that , is it sweet looking ?
cobbler1976 ;suv
that_polish_chick94 ;ooh nice
cobbler1976 ;yeah it cool , corvette also . . . lol
that_polish_chick94 ;lol wow thats hot , for real ?
cobbler1976 ;swear i do . , black on black
that_polish_chick94 ;u make allota money or somthing ? , nii ice
cobbler1976 ;yep
that_polish_chick94 ;sweet what do u do ?
cobbler1976 ;pharmaceutical sales
that_polish_chick94 ;ooh , u must be smart
cobbler1976 ;yep . . . . . . . . . . . u smart ?
that_polish_chick94 ;i try , i skipped a grade in elem tary school , elementary*
cobbler1976 ;nice , u would fuck a year old guy ?
that_polish_chick94 ;age dont really matter to me n u dont look old or anything , plus ur hot , so yeah
cobbler1976 ;thanks . . . . . . . . . . . . . your hot . . . . . . . . . . . . .
that_polish_chick94 ;ty
cobbler1976 ;what do u like to drink ?
that_polish_chick94 ;i like smi rn of ice the rasberry kind
cobbler1976 ;ok
that_polish_chick94 ;but other stuff is cool too , whatever somone gots
cobbler1976 ;i can get some
that_polish_chick94 ;like if im at a party or somthin , that would be sweet
cobbler1976 ;when are we going to party ?
that_polish_chick94 ;as soon as i know when my moms leavin
cobbler1976 ;u in a house or appt ?
that_polish_chick94 ;house
cobbler1976 ;cool
that_polish_chick94 ;what bout u ?
cobbler1976 ;house
that_polish_chick94 ;cool by urself ?
cobbler1976 ;yep , what city u in ?
that_polish_chick94 ;van buren
cobbler1976 ;oh yeah
that_polish_chick94 ;yup
cobbler1976 ;nice , i am so horny , lol
that_polish_chick94 ;lol im sorry
cobbler1976 ;its ok , u looked so hot in the red dress pic btw
that_polish_chick94 ;really ? i thought i kinda looked like a dork
cobbler1976 ;not at all
that_polish_chick94 ;well ty
cobbler1976 ;yep , u like doggy syle ?
that_polish_chick94 ;i never tried it
cobbler1976 ;can we ?
that_polish_chick94 ;sure , how do u do it ?
cobbler1976 ;?
that_polish_chick94 ;yeah
cobbler1976 ;u are on ur hands and knees and i am behind u
that_polish_chick94 ;ooh okay , sounds fun
cobbler1976 ;u on top ?
that_polish_chick94 ;i could try
cobbler1976 ;how tall are you ?
that_polish_chick94 ;'3
cobbler1976 ;perfect !
that_polish_chick94 ;lol ty
cobbler1976 ;tits ?
that_polish_chick94 ;b
cobbler1976 ;nice ! , ur so hot !
that_polish_chick94 ;hehe ty vm
cobbler1976 ;are u wet right now ?
that_polish_chick94 ;a lil bit
cobbler1976 ;how many fingers can u slide inside before it hurts ?
that_polish_chick94 ;i dunno i never tried
cobbler1976 ;try for me
that_polish_chick94 ;i cant really rite now cos my moms home , ill try to nite
cobbler1976 ;ok , where is she ?
that_polish_chick94 ;in the next room
cobbler1976 ;ohhhh , she cant see our conversation can she ?
that_polish_chick94 ;noo
cobbler1976 ;put ur hand in ur panties and try now real quick
that_polish_chick94 ;i cant really reach , i think ?
cobbler1976 ;lol . . . . . . ok
that_polish_chick94 ;lol
cobbler1976 ;my dick is so hard right now
that_polish_chick94 ;yeah ?
cobbler1976 ;yeah
that_polish_chick94 ;thats hot
cobbler1976 ;ur hot !
that_polish_chick94 ;lol
cobbler1976 ;lol lol , what r u going to wear for me ?
that_polish_chick94 ;when ?
cobbler1976 ;whenever ?
that_polish_chick94 ;what do u want me to wear ?
cobbler1976 ;a little skirt ? , jean skirt ?
that_polish_chick94 ;i think i mite have one
cobbler1976 ;lace panties ?
that_polish_chick94 ;yeah
cobbler1976 ;u like to make out ?
that_polish_chick94 ;yeah i do
cobbler1976 ;me too
that_polish_chick94 ;its my fave
cobbler1976 ;me too , send me ur hottest pic
that_polish_chick94 ;i dunno which ones hottest cos i think i sent u most of em
cobbler1976 ;ok , u have any of u in a bikini ?
that_polish_chick94 ;no just the one w/ my shorts
cobbler1976 ;send that one , great tits !
that_polish_chick94 ;ty
cobbler1976 ;are they perky ?
that_polish_chick94 ;yeah i think so
cobbler1976 ;i am going to get u sooooo wet
that_polish_chick94 ;cant wait
cobbler1976 ;me either , whens the last time u had sex ?
that_polish_chick94 ;december
cobbler1976 ;ok
that_polish_chick94 ;u
cobbler1976 ;whens the last time u gave a bj ? , january
that_polish_chick94 ;i think december too
cobbler1976 ;u are sooooo hot !
that_polish_chick94 ;hehe
cobbler1976 ;do u deep throat ?
that_polish_chick94 ;whats that
cobbler1976 ;putting a dick deep in ur mouth
that_polish_chick94 ;oh yeah
cobbler1976 ;daw m , i hope she leaves soon
that_polish_chick94 ;me too
cobbler1976 ;what does she do ?
that_polish_chick94 ;she works at ford
cobbler1976 ;ok , any idea when ? does she leave once a month ?
that_polish_chick94 ;yeah i think its bout once a month
cobbler1976 ;hi
that_polish_chick94 ;hi
cobbler1976 ;your a doll , u ever have a some ?
that_polish_chick94 ;nope , u ?
cobbler1976 ;never , u ever hook up w one of ur gf
that_polish_chick94 ;i made out w/ one for like secs on a dare
cobbler1976 ;lol
that_polish_chick94 ;lol
cobbler1976 ;tongue ?
that_polish_chick94 ;yeah
cobbler1976 ;hot
that_polish_chick94 ;yeah we were drunk lol
cobbler1976 ;nice , i want to drink and fuck right now ! , what nationality are u ?
that_polish_chick94 ;im half polish n half somthing else , i dunno what my dad was
cobbler1976 ;ok
that_polish_chick94 ;u ?
cobbler1976 ;italian , its late
that_polish_chick94 ;yeah im probly gonna go take a shower now , ill ttyl
cobbler1976 ;ok
that_polish_chick94 ;nite
cobbler1976 ;what are u going to put on ? , after shower ?
that_polish_chick94 ;i dunno yet , probly another wife beater n may be pj shorts
cobbler1976 ;can we fuck a couple times that night ?
that_polish_chick94 ;yeah
cobbler1976 ;maybe like or ?
that_polish_chick94 ;wow u can do it that many ?
cobbler1976 ;can we try ?
that_polish_chick94 ;yeah
cobbler1976 ;i get to cum in ur mouth ?
that_polish_chick94 ;yah
cobbler1976 ;u going to swallow ?
that_polish_chick94 ;yeah if u want
cobbler1976 ;u are a little freak
that_polish_chick94 ;i am ?
cobbler1976 ;i have to put it in slow right ?
that_polish_chick94 ;yeah so it dont hurt at much
cobbler1976 ;then faster ?
that_polish_chick94 ;yeah
cobbler1976 ;nice , are u horny at all right now ? , do u touch yourself ?
that_polish_chick94 ;no i like it when guys do it better
cobbler1976 ;make me cum , talk dirty ?
that_polish_chick94 ;i dunno what to say
cobbler1976 ;lol
that_polish_chick94 ;lol
cobbler1976 ;tell me how u would suck my dick
that_polish_chick94 ;i dunno id put it in my mouth n suck it
cobbler1976 ;no teeth but a lot of tongue ?
that_polish_chick94 ;is that what u like ?
cobbler1976 ;yeah
that_polish_chick94 ;i could do that
cobbler1976 ;is that how u do it ?
that_polish_chick94 ;yeah i never used teeth
cobbler1976 ;good , does your pussy hang out a little or all tucked in ?
that_polish_chick94 ;it doesnt hang out
cobbler1976 ;small and tight ?
that_polish_chick94 ;yeah i think so
cobbler1976 ;god i want u so bad right now
that_polish_chick94 ;i want u to
cobbler1976 ;i am going to fuck u sooo good , are we going to hang for a little or just start making out ?
that_polish_chick94 ;i dunno it depends what we feel like doin i guess
cobbler1976 ;true true , u tired ?
that_polish_chick94 ;yeah
cobbler1976 ;alright talk to u later on then
that_polish_chick94 ;k , nite
cobbler1976 ;good night , bye
that_polish_chick94 ;hey when do u go on ?
cobbler1976 ;hi
that_polish_chick94 ;hey
cobbler1976 ;whats up
that_polish_chick94 ;nm watch in tv , u ?
cobbler1976 ;same , one min ok
that_polish_chick94 ;k
cobbler1976 ;sorry , u there ?
that_polish_chick94 ;yeah sorry , was getting food , my mom brought thai
cobbler1976 ;yum , there is a lot of garlic in that though
that_polish_chick94 ;really ? , i thoght it was curry
cobbler1976 ;not sure but nasty
that_polish_chick94 ;yeah , i like mouthwash lol
cobbler1976 ;you like it ? , lol , yep , any new pics> ?
that_polish_chick94 ;no , u ?
cobbler1976 ;none new , your still hot i am sure , what are you wearing tonight ?
that_polish_chick94 ;white pj pants n a black wifebeater , u ?
cobbler1976 ;shorts and a long sleeved t
that_polish_chick94 ;those ur pjs ?
cobbler1976 ;yep , hold on again
that_polish_chick94 ;k
cobbler1976 ;i am horny . . . lol
that_polish_chick94 ;lol im sorry
cobbler1976 ;its ok , u ?
that_polish_chick94 ;no not really
cobbler1976 ;hi
that_polish_chick94 ;hey
cobbler1976 ;hi
that_polish_chick94 ;whats up ?
cobbler1976 ;bored'u ?
that_polish_chick94 ;same
cobbler1976 ;what r u wearing ?
that_polish_chick94 ;jeans n a hoodie still , u , u there ?
cobbler1976 ;hi
that_polish_chick94 ;hey
cobbler1976 ;sorry
that_polish_chick94 ;its okay
cobbler1976 ;any new pics ?
that_polish_chick94 ;no , u
cobbler1976 ;no , anyone home ?
that_polish_chick94 ;yeah , i kno
cobbler1976 ;u wearing panties ?
that_polish_chick94 ;yeah
cobbler1976 ;color ?
that_polish_chick94 ;black
cobbler1976 ;thong ?
that_polish_chick94 ;yup
cobbler1976 ;nice , are u wet ?
that_polish_chick94 ;no not rite now
cobbler1976 ;hi
that_polish_chick94 ;hey
cobbler1976 ;jo , hi , lol
that_polish_chick94 ;lol
cobbler1976 ;how are you ?
that_polish_chick94 ;good , u ?
cobbler1976 ;good
that_polish_chick94 ;what u do today ?
cobbler1976 ;sleep , lol , u
that_polish_chick94 ;lol , nm same pretty much
cobbler1976 ;i am so hit today
that_polish_chick94 ;why ?
cobbler1976 ;drunk last night
that_polish_chick94 ;ohh
cobbler1976 ;one minute
that_polish_chick94 ;k , hey
cobbler1976 ;hi
that_polish_chick94 ;whats up
cobbler1976 ;bord um , bordem ? , u ?
that_polish_chick94 ;same here
cobbler1976 ;what did you do today ?
that_polish_chick94 ;went to hamtramck to my g parents house , but thats it , it was lame
cobbler1976 ;cool
that_polish_chick94 ;u ?
cobbler1976 ;work for work . slept in late , ate dinner a little bit ago , prolly going to watch tv in a few , u ?
that_polish_chick94 ;n really , nm*
cobbler1976 ;your hot you know that ?
that_polish_chick94 ;lol i dunno i guess im okay
cobbler1976 ;you are hot , wish you were older than . . . lol
that_polish_chick94 ;yeah me to lol
cobbler1976 ;i would invite you over to make out if you were say
that_polish_chick94 ;well i wish i was
cobbler1976 ;ha ha , mom leaving any time soon ?
that_polish_chick94 ;yeah i think shes goin to stay w/ her bf up north soon
cobbler1976 ;i will prolly chicken out to visit you , i could get seriously fucked for doing something like that . . . . u know , ?
that_polish_chick94 ;why what could happen ?
cobbler1976 ;jail , dude i am your
that_polish_chick94 ;oh , well i dont want u to go to jail , how woud anyone know ?
cobbler1976 ;i dont know , how bout if you were a cop . . . lol
that_polish_chick94 ;lol wtf
cobbler1976 ;fuck you never know
that_polish_chick94 ;yeah i guess , u could be a astronaut
cobbler1976 ;lol , i am not an astronaut
that_polish_chick94 ;well im not a cop lol
cobbler1976 ;sure your not , oh well , what else
that_polish_chick94 ;what else ?
cobbler1976 ;yes , what else
that_polish_chick94 ;what else what lol
cobbler1976 ;i really want in your pants
that_polish_chick94 ;im totally down
cobbler1976 ;so am i , lol
that_polish_chick94 ;lol
cobbler1976 ;i bet it is great in your pants
that_polish_chick94 ;lol yeah its pretty comfy
cobbler1976 ;lol , what are you going to do ?
that_polish_chick94 ;when ?
cobbler1976 ;now
that_polish_chick94 ;i dunno just do crap online i guess
cobbler1976 ;let me ask you this . . . . i would stop by there and we would just hook up ?
that_polish_chick94 ;why u wanna be my bf or somthing ?
cobbler1976 ;no , your to young to be my gf
that_polish_chick94 ;well thats cool w/ me
cobbler1976 ;ok , you just want to hook up then ?
that_polish_chick94 ;yeah
cobbler1976 ;alright , well i am going to watch tv
that_polish_chick94 ;okay
cobbler1976 ;what are you wearing right now ?
that_polish_chick94 ;my old track shorts n a wife beater
cobbler1976 ;lol , u like wife beaters a lot i noticed
that_polish_chick94 ;lol yeah i we are m to bed
cobbler1976 ;"cool , we;; , well"
that_polish_chick94 ;what u wearin ?
cobbler1976 ;jeans and a long sleave shirt
that_polish_chick94 ;thats cool
cobbler1976 ;yep yep , sorry , good night
that_polish_chick94 ;sorry for what
cobbler1976 ;talking so long to reply
that_polish_chick94 ;oh its cool
cobbler1976 ;i was checking emails
that_polish_chick94 ;u ever go on durin the week ?
cobbler1976 ;here and there , u ?
that_polish_chick94 ;yeah , i just never see u on
cobbler1976 ;i am kind a busy with work during the week
that_polish_chick94 ;what u do again ?
cobbler1976 ;if i log onto this computer it is usually to check email , pharmaceutical sales
that_polish_chick94 ;so u work in like a pharmecy ?
cobbler1976 ;no . . . . i sell drugs to doctors
that_polish_chick94 ;lol sweet , so ur a drug dealer lol
cobbler1976 ;actually i call on doctors and try to get them to write my products over the competitions . , lol , i am a legal drug dealer . lol
that_polish_chick94 ;lol , thats badass
cobbler1976 ;thanks , i love my job , i am doing well at it too . . . . so that always helps
that_polish_chick94 ;u work like allot ?
cobbler1976 ;i dont mind work . . . . i would rather be doing other things . . . . but since i have to work at least i found something i dont mind doing , u know
that_polish_chick94 ;yeah thats cool , i dont know what i wanna do yet , how long did u have to go to college
cobbler1976 ;years
that_polish_chick94 ;oh okay
cobbler1976 ;there is not shit on tv
that_polish_chick94 ;yeah sunday tv suck ks ss
cobbler1976 ;sure does , to bad you cant stop over and let me take your cloths off you
that_polish_chick94 ;yeah if i had a car
cobbler1976 ;lol
that_polish_chick94 ;less boring then tv lol
cobbler1976 ;kw ya more fun , way more fun i ment
that_polish_chick94 ;lol i thoght kwya was some new word
cobbler1976 ;it is an old word , lol
that_polish_chick94 ;lol , it sounds african
cobbler1976 ;yeah it isnt , i want a bj in the worst way right now
that_polish_chick94 ;aw , poor u
cobbler1976 ;exactly , oh well , time to go and get high and watch a movie may be
that_polish_chick94 ;oh yeah ? ? u smoke ?
cobbler1976 ;|what would u watch . . . . blow , donnie brasco , scarface , red dragon , oceans ? |
that_polish_chick94 ;i only like hydro
cobbler1976 ;i love pot on sundays
that_polish_chick94 ;i love pot everyday lol
cobbler1976 ;i love hydro too , i have above average right now . a little drought on the good stuff
that_polish_chick94 ;i havnt seen donnie brasco but all the other ones are bad ass
cobbler1976 ;donnie brasco is bad ass too
that_polish_chick94 ;yeah i had this reg go one time n it took like joints to feel like anything lol
cobbler1976 ;that shit blows
that_polish_chick94 ;hell yeah
cobbler1976 ;i had blue berry's once . my buddy only got it once . . i have never seen or heard of it since . . . the best shit
that_polish_chick94 ;ohh i think i heard a that , doesnt it taste like blue berrys kinda ?
cobbler1976 ;the pot smelled like blue berry and tasted like blue berry
that_polish_chick94 ;! !
cobbler1976 ;yeah
that_polish_chick94 ;thats so fukkin sweet , was it good ?
cobbler1976 ;it was sweet , two hits and i was blown out
that_polish_chick94 ;da a am mn
cobbler1976 ;are you wearing a thong right now ? ?
that_polish_chick94 ;yeah
cobbler1976 ;i wish my hand was in it , lol
that_polish_chick94 ;lol that woud be tite
cobbler1976 ;yep , why dont you have a bf ?
that_polish_chick94 ;cos all the guys i know are all in hsn the yr boring n have the yr mom pay for everything , or they play football or think they r hot shit
cobbler1976 ;i see
that_polish_chick94 ;no ones just like chill
cobbler1976 ;yeah , i define chill , get high and chill
that_polish_chick94 ;lol hell yeah
cobbler1976 ;which i am going to do right now , lol , i bet your ass looks great in jeans
that_polish_chick94 ;lol , i try
cobbler1976 ;your not a cop ?
that_polish_chick94 ;no
cobbler1976 ;for sure not a cop
that_polish_chick94 ;for sure dude lol , why would i be a cop ?
cobbler1976 ;lol , i dont know
that_polish_chick94 ;i thoght cops like cant lie or somthing
cobbler1976 ;havent you ever heard of people meeting up with someone under but really it is a cop
that_polish_chick94 ;i dont think so , like on the news ?
cobbler1976 ;yeah , fuck yeah on the news
that_polish_chick94 ;lol , i dont really watch the news
cobbler1976 ;i dont either but it does happen
that_polish_chick94 ;thats gay
cobbler1976 ;fuck yeah it is
that_polish_chick94 ;i hate cops
cobbler1976 ;but it happens and i dont want it to happen to me , i doont like them either .
that_polish_chick94 ;yeah , how do the cops like talk to ppl ?
cobbler1976 ;i dont know
that_polish_chick94 ;thats messed
cobbler1976 ;i think like we are talking , yeah
that_polish_chick94 ;like they dont got anything better to do
cobbler1976 ;but at the same time a year old should not be fucking a year old , ohhh well , time for a movie , good night
that_polish_chick94 ;yeah i dunno
cobbler1976 ;what dont you know
that_polish_chick94 ;hope u smoke some good shit
cobbler1976 ;i will definately get super high , what dont you know ?
that_polish_chick94 ;like i dont think its really wrong
cobbler1976 ;i know what you mean , have a good night
that_polish_chick94 ;nite , ttyl
cobbler1976 ;i do want to fuck you
that_polish_chick94 ;i want u to
cobbler1976 ;ok then , do you have a cam phone ?
that_polish_chick94 ;no dont got a cell rite now
cobbler1976 ;ok
that_polish_chick94 ;i could call us om time tho
cobbler1976 ;well peace out and i will talk to you later on , ok
that_polish_chick94 ;if u want , okay
cobbler1976 ;i will hit you up on here sometime during the week
that_polish_chick94 ;k
cobbler1976 ;bye
that_polish_chick94 ;later , hey
cobbler1976 ;hi , how are you ?
that_polish_chick94 ;good got a snow day , i hate this snow tho , u ?
cobbler1976 ;worked , roads were fine
that_polish_chick94 ;that sucks no snow day ? lol
cobbler1976 ;i had a late start , lol no snow day , i didnt mind
that_polish_chick94 ;what movie did u end up watching ?
cobbler1976 ;red dragon , going to tampa
that_polish_chick94 ;sweet , what for ? , better then here
cobbler1976 ;training , april -25 , how are you
that_polish_chick94 ;good , u
cobbler1976 ;good , anything new and exciting ?
that_polish_chick94 ;no lol , im eating mango peices
cobbler1976 ;yum
that_polish_chick94 ;yup
cobbler1976 ;one minute
that_polish_chick94 ;k
cobbler1976 ;hi
that_polish_chick94 ;hey
cobbler1976 ;i still want in your pants
that_polish_chick94 ;im still down w/ that lol , brb im gonna take a shower
cobbler1976 ;wait , u there
that_polish_chick94 ;k , yeah
cobbler1976 ;good , when
that_polish_chick94 ;when am i gonna take a shwer ?
cobbler1976 ;when can i get in your pants
that_polish_chick94 ;oh lol
cobbler1976 ;lol
that_polish_chick94 ;well my moms goin w/ her bf up north to her cabin soon , to his cabin i mean
cobbler1976 ;are you going ?
that_polish_chick94 ;like friday , no , fuk that lol , too cold
cobbler1976 ;yep yep , well , u ever hook up with anyone from here ?
that_polish_chick94 ;no , u ?
cobbler1976 ;never
that_polish_chick94 ;thats cool
cobbler1976 ;yep , u ever hook up with a guy ? , lol
that_polish_chick94 ;lol yeah , my ex , but thats it
cobbler1976 ;what did you do with him ?
that_polish_chick94 ;evrything
cobbler1976 ;lol
that_polish_chick94 ;lol
cobbler1976 ;i bet your body is perfect
that_polish_chick94 ;i try
cobbler1976 ;yep yep
that_polish_chick94 ;brb shower
cobbler1976 ;ok bye , x out of this ok ?
that_polish_chick94 ;okay
cobbler1976 ;what are you wearing right now ?
that_polish_chick94 ;pj pants n a tshirt
cobbler1976 ;panties and bra ?
that_polish_chick94 ;no , br bbb
cobbler1976 ;i bet u get so wet ? , talk to u later on . . . . have to go . have a good day ! , hi , hi
that_polish_chick94 ;hey
cobbler1976 ;what are you doing> ?
that_polish_chick94 ;nm vacumed n now im just online
cobbler1976 ;cool , how was the shower
that_polish_chick94 ;good
cobbler1976 ;good , now what
that_polish_chick94 ;i dunno , what u doin
cobbler1976 ;checking emails , bored , may have to watch a movie
that_polish_chick94 ;oh thats cool , what movie
cobbler1976 ;not sure , any suggestions
that_polish_chick94 ;mm , scarface
cobbler1976 ;ok\ , deal
that_polish_chick94 ;lol
cobbler1976 ;lol , have to get high if i watch it
that_polish_chick94 ;hell yeahh , duh , lol
cobbler1976 ;funny , your going to be hot as hell when your like i bet , dude we cant fuck , i am too old , it sucks
that_polish_chick94 ;i dont think ur old , but whatever
cobbler1976 ;yeah but your and i am . . . . . lol
that_polish_chick94 ;lol i dunno its not like im lol
cobbler1976 ;true , it would be a lot better if you were , u know at least then you would be legal
that_polish_chick94 ;yeah , i guess
cobbler1976 ;your a little doll though
that_polish_chick94 ;ty
cobbler1976 ;your welcome , your body is perfect , your going to be a little bomb shell at , i am hungry
that_polish_chick94 ;get pizza
cobbler1976 ;sounds good but naw its to late to eat , send me a pic that you think you look the hottest in
that_polish_chick94 ;i dont really kno what one
cobbler1976 ;which ever you think you look the hottest in , thats hot , thats hot too
that_polish_chick94 ;ty , i think those are the only ir eally like
cobbler1976 ;got cha , hmmmm , ohhh i also have casino , and there is one more
that_polish_chick94 ;casino is a movie ?
cobbler1976 ;yep , you ever see it
that_polish_chick94 ;no never heard of it
cobbler1976 ;it is a bad ass movie as well , how about goodfellas , you ever see that ?
that_polish_chick94 ;i mite a seen that one cos it sounds famil er
cobbler1976 ;watch those two
that_polish_chick94 ;whats it about
cobbler1976 ;if ou like scarface you would like those two , mob related shit , i have to take this phone call , talk to you later on . . . . have a good night
that_polish_chick94 ;k , u to , hey
cobbler1976 ;hi , ? ? ? ? ? ? ? ? ? ? ? ? ? ? ? ? ? ? ? ? ? ? ? ? ? ? ? ? ? ? ? ? ? ? ? ? ? ? ? ? ? ? ? ? ? ? ? ? ? ? ? ? ? ? ? ? ? ? ? ? ? ? ? ? ? ? ? ? ? ? ? ? ? ? ? ? ? ? ? ? ? ? ?
that_polish_chick94 ;hey
cobbler1976 ;what are you doing ?
that_polish_chick94 ;nm be in bored
cobbler1976 ;who is home ?
that_polish_chick94 ;me lol , what are u doing
cobbler1976 ;at home , what time should i stop by ? , lol
that_polish_chick94 ;lol whenever u want
cobbler1976 ;seriously ?
that_polish_chick94 ;chye a him bored
cobbler1976 ;you are not a police officer and i will not be arrested tonight ?
that_polish_chick94 ;uh no im not and no
cobbler1976 ;whats your number i will call you in an hour
that_polish_chick94 ;i dunno if u should call me , i dont got a cell so it would be on the caller id , i can call u tho when evr , whenever* , n prove that im not a cop or whatever u think i am lol
cobbler1976 ;lol , should i stop by tonight ?
that_polish_chick94 ;that would be tite
cobbler1976 ;bring pot ?
that_polish_chick94 ;hell yeah , is it good ?
cobbler1976 ;ok , it is ok not great but not shit
that_polish_chick94 ;sweet , u use bowl or papers ?
cobbler1976 ;i will roll one
that_polish_chick94 ;okay sweet , i dont got any more papers tho
cobbler1976 ;no one will be stopping by ?
that_polish_chick94 ;no
cobbler1976 ;i have a great job and cant get fucked
that_polish_chick94 ;no ones coming over they would tell me if they were lol
cobbler1976 ;do you want me to stop by ?
that_polish_chick94 ;yeah
cobbler1976 ;ok
that_polish_chick94 ;i got comcast on demand
cobbler1976 ;be back at midnight
that_polish_chick94 ;okay
cobbler1976 ;talk to you in a few
that_polish_chick94 ;k u wanna mapquest me ? , or somthing
cobbler1976 ;sure
that_polish_chick94 ;k , edit , somtimes it shows up on mail belleville somtimes van buren
cobbler1976 ;what city , zip ?
that_polish_chick94 ;is it far ?
cobbler1976 ;one min , belleville ?
that_polish_chick94 ;yeah , on our mail somtimes it shows up as belleville but somtimes it shows up van buren
cobbler1976 ;minutes
that_polish_chick94 ;oh okay sweet , when u want me to call u ?
cobbler1976 ;be back in twenty minutes
that_polish_chick94 ;okay
cobbler1976 ;talk to you soon
that_polish_chick94 ;k
cobbler1976 ;hi
that_polish_chick94 ;hey
cobbler1976 ;bad news , out of pot
that_polish_chick94 ;oh that sucks
cobbler1976 ;u have any ?
that_polish_chick94 ;i got a joint , it aint big tho
cobbler1976 ;perfect , thats ok , should i leave now ?
that_polish_chick94 ;yeah
cobbler1976 ;call me , edit
that_polish_chick94 ;k whats ur , k hold on
cobbler1976 ;?
that_polish_chick94 ;calling , ur names marino ?
cobbler1976 ;yeah , lol , ur name ?
that_polish_chick94 ;lmao , karla , k calling just a sec
cobbler1976 ;ok , lol , lets just hang out no hooking up , lol , ok ?
that_polish_chick94 ;k
