ID;msg
construction1302 ;hi
me0livia ;hi
construction1302 ;asl
me0livia ;im . how come i dont see u in the room ?
construction1302 ;where u from
me0livia ;from wisconsin . how come your not in the room ?
construction1302 ;i am too , is this olivia smith
me0livia ;no , ok i finally found u
construction1302 ;lol
me0livia ;hi neil , asl ?
construction1302 ;m appleton
me0livia ;i live near there
construction1302 ;i see , where
me0livia ;just near there lol
construction1302 ;what u on here for
me0livia ;to socialize . what about u ?
construction1302 ;dido
me0livia ;did u ever see the movie ghosts ? thats what the guy said . dido
construction1302 ;no
me0livia ;u want me to tell u about it or no
construction1302 ;no its alright
me0livia ;ok
construction1302 ;want to meet , whats you asl
me0livia ;im
construction1302 ;oh
me0livia ;what do u want to meet for
construction1302 ;just for fun
me0livia ;i like fun
construction1302 ;oh really
me0livia ;sure why not
construction1302 ;what kind of fun u like
me0livia ;|hanging out , watching youtube anything really| , what about u ?
construction1302 ;whatever , dont matter , u ever meet anyone off here
me0livia ;no . have u ?
construction1302 ;no
me0livia ;so why did u pick me to meet
construction1302 ;dunno , do u have a pic
me0livia ;|i do , can u see my profile pic ? |
construction1302 ;no i cant , send some on here
me0livia ;ok i will , this is my hair straight , i also have a pic with my hair wavy
construction1302 ;lets see more
me0livia ;ok , this is my best one , do u have a pic ?
construction1302 ;do u have more yet ?
me0livia ;i have one playing tennis , ohhh u look serious
construction1302 ;lol , lets see all your pics
me0livia ;ok heres one me playing tennis . what is on your sweatshirt ? , it looks like a skull
construction1302 ;no
me0livia ;well it does look like a skull to me
construction1302 ;so where we going to hang out
me0livia ;u really serious we can hang out ?
construction1302 ;sure
me0livia ;ok cool
construction1302 ;where
me0livia ;depends on what we're gonna do when we hang out
construction1302 ;well what u want o do
me0livia ;i dont know lol
construction1302 ;u dont know ?
me0livia ;well what are u thinking ?
construction1302 ;its up to u
me0livia ;im up for anything really . im totally bored
construction1302 ;well call it
me0livia ;we can bake cookies lol
construction1302 ;lol , ok
me0livia ;so what kind do u like ?
construction1302 ;chocolate , where at ur house
me0livia ;what do u mean
construction1302 ;to bake them
me0livia ;ok i get u , i have to check for choc chips in the kitchen , so after we bake then what do we do ?
construction1302 ;what ever u want , who u live with
me0livia ;my mother
construction1302 ;is she there
me0livia ;no . she's in modesto california
construction1302 ;so your home alone
me0livia ;i am yeah
construction1302 ;till
me0livia ;till tomorrow morning she gets back
construction1302 ;oh
me0livia ;she went to an AA conference , who do u live with ?
construction1302 ;myself
me0livia ;do u get lonely ?
construction1302 ;yes
me0livia ;i thought so
construction1302 ;so what do u want to do after we bake them
me0livia ;eat them lol
construction1302 ;lol , anything else ?
me0livia ;humm . . what are u thinking about ?
construction1302 ;make out
me0livia ;i think thats ok
construction1302 ;u think
me0livia ;yeah i think thats ok
construction1302 ;would u want to do more
me0livia ;would u ?
construction1302 ;up to u
me0livia ;what more are u thinking then ?
construction1302 ;can u call me
me0livia ;i can if the battery is working , let me check it , what is your number ?
construction1302 ;hold on , dont call right now , *edit*
me0livia ;ok i wont
construction1302 ;so what else would u be willing to do
me0livia ;im up for anything fun . i mean that
construction1302 ;are u a virgin
me0livia ;i am . i have made out but i havent gone all the way
construction1302 ;do u want to , ?
me0livia ;u really want to ?
construction1302 ;if u do
me0livia ;if u do then i do
construction1302 ;k we will see
me0livia ;ok cool
construction1302 ;k call in min , i have to log out quick , k
me0livia ;u here ?
construction1302 ;yea
me0livia ;my phone has to charge for about min . ok so will u wait for me ?
construction1302 ;yea
me0livia ;ok cool
construction1302 ;where do u live
me0livia ;fox valley
construction1302 ;by where
me0livia ;near oshkosh
construction1302 ;want me to just go there , now ?
me0livia ;do u have a car ?
construction1302 ;yea , can u call quick so i can here your voice
me0livia ;yes i will of course bcuz i want to hear your voice too . my phone is charging right now
construction1302 ;call while its pluged in
me0livia ;i tried that . my phone is a cheap one out of a walmart box
construction1302 ;i have to log out
me0livia ;i promise i will call as soon as i can
construction1302 ;k , i have to go
me0livia ;ok bye bye
construction1302 ;hi , u there , ? , u gunna call ?
me0livia ;hi , i called u didnt answer
construction1302 ;hey , i tried calling back
me0livia ;hey . my phone is screwed up
construction1302 ;can u call again
me0livia ;sure i will try again . how come u didnt answer
construction1302 ;call in one min , k
me0livia ;how come u didnt answer ?
construction1302 ;i didnt hear it , call in one min ok
me0livia ;is aid i would try ok so hold on let me go back down stairs
construction1302 ;sorry got booted , so when u want to hang out
me0livia ;tonight may be , what do u think ?
construction1302 ;sure in like hours , ? , is that good
me0livia ;sure . can i cook u some dinner ?
construction1302 ;sure , like what
me0livia ;like chicken and macaroni and cheese ?
construction1302 ;ok , did u try calling yet ?
me0livia ;i did yeah . , im going to try again
construction1302 ;ok
me0livia ;im calling now , hi
construction1302 ;hey
me0livia ;that was fast
construction1302 ;yea
me0livia ;so hi
construction1302 ;you sound hot
me0livia ;thanks lol , so u like my dinner idea ?
construction1302 ;yea , my computer is being gay so i might get booted
me0livia ;thats ok . my phone was being gay
construction1302 ;i would love to see more pics if u have any
me0livia ;i do
construction1302 ;damn computer
me0livia ;at least u can get back on
construction1302 ;lol yea , wanna send more pic
me0livia ;ok , heres one of me playing tennis s , i dont really know much about tennis but i was trying lol
construction1302 ;lol , god you are sexy
me0livia ;ohhh wow . thanks
construction1302 ;i cant wait to see u
me0livia ;me too , so what do u want us to do when u get here ?
construction1302 ;we can cuddle and make out and more if you want
me0livia ;i like that idea
construction1302 ;are u shy
me0livia ;not really but a little , are u shy ?
construction1302 ;a little yea , what do u want to do to me ?
me0livia ;im up for anything really , as long as its fun
construction1302 ;well be specific
me0livia ;well u said makeout so im think that too
construction1302 ;what is the furthest youve gone
me0livia ;i've made out but i never went all the way
construction1302 ;did you ever play with a dick
me0livia ;i did with my boyfriend
construction1302 ;u have a boy friend ?
me0livia ;not any more . it was when i lived in connecticut
construction1302 ;oh , so how far ar u from appleton
me0livia ;not far , why u asking if i played with a dick ?
construction1302 ;just wondering if you would want to
me0livia ;would u let me ? ?
construction1302 ;yea
me0livia ;ohhh wow
construction1302 ;what
me0livia ;i think thats cool
construction1302 ;would u let me play with your crotch
me0livia ;if u want to yeah
construction1302 ;ok , do u have hair down there
me0livia ;i do but not much
construction1302 ;oh cool , do u have naughty pics
me0livia ;i dont have any naughty ones lol
construction1302 ;can u take some
me0livia ;i dont have a camera and why if your coming here
construction1302 ;i dont know just so i can see
me0livia ;i dont have a camera
construction1302 ;would your mom get mad if she knew you were meeting me
me0livia ;i dont know
construction1302 ;do u know how old i am ?
me0livia ;u said
construction1302 ;are u ok with that
me0livia ;im ok with that
construction1302 ;i could get in trouble
me0livia ;i live in appleton too
construction1302 ;booted again
me0livia ;i saw that . hi again
construction1302 ;hi
me0livia ;so i can start to cook now , the macaroni and cheese is frozen
construction1302 ;well i still cant leave for a while yet
me0livia ;thats ok
construction1302 ;are u able to hang out during the week too
me0livia ;not really bcuz of school
construction1302 ;what school u go to
me0livia ;madison , do u know when u can come ?
construction1302 ;around , hopefully
me0livia ;"ok . if u come at ;30 i will have my shower done too , also i dont want to get pregnant if u know what i mean"
construction1302 ;yea , condom
me0livia ;ok cool , what color is your car ?
construction1302 ;well either blue or silver , ill have either one
me0livia ;ok cool .
construction1302 ;whats your address
me0livia ;it is *edited**
construction1302 ;so you are nt going to tell anyone right
me0livia ;i wont tell any one i promise and you either
construction1302 ;i wont
me0livia ;ok cool , do u like my hair up or down ?
construction1302 ;up , what will u be wearing
me0livia ;i can wear jeans or shorts
construction1302 ;you arent fake are you , this wont be a set up will it
me0livia ;im not fake . im real im olivia
construction1302 ;ok
me0livia ;how late can u stay ?
construction1302 ;well i cant stay that long , i have to work at in the morning
me0livia ;ohhh wow . ok so stay for a little while .
construction1302 ;yea like hour or , depends on how fun we are having
me0livia ;i think we will have fun bcuz we like each other already
construction1302 ;that we do , so ur right by the hospital
me0livia ;|yes , down the street| , and , my house has halloween decorations up , lol
construction1302 ;will u be waiting out side
me0livia ;i will be on the porch unless i hear the timer on the stove
construction1302 ;no one else is there right
me0livia ;just me
construction1302 ;ok
me0livia ;so do u think i sshould start cooking ? im getting hungry
construction1302 ;ok , do u wear a bra yet
me0livia ;i do but i dont have much on top yet
construction1302 ;ok
me0livia ;im not flat or anything but not big yet
construction1302 ;i would love to see them
me0livia ;u dont mind small ?
construction1302 ;no
me0livia ;im glad b cuz i want them to get bigger but i guess some guys dont care
construction1302 ;whats ur address again
me0livia ;*edit*
construction1302 ;ok
me0livia ;i have to pee real quick , will u wait for me ?
construction1302 ;yea , hurry though
me0livia ;ok brb , im done
construction1302 ;k
me0livia ;i better get going so i can get ready
construction1302 ;ok r u showering
me0livia ;yes and i want to fix my hair
construction1302 ;well if you shower your just going to get dirty again
me0livia ;so should i wait till u get here ?
construction1302 ;sure , then if you want we both can shower
me0livia ;ohhh ok . i have shampoo and everything so u wont need any of that stuff , did u know i never took a shower with anyone before
construction1302 ;lol , well theres a first for everything
me0livia ;i hope its big enough for both of us
construction1302 ;hopefully , what if it hurts when we do it
me0livia ;do u think it will ? ?
construction1302 ;for u may be
me0livia ;is your thing really big ?
construction1302 ;big enough
me0livia ;i dont know if it will hurt or not . i hope not
construction1302 ;i can go slow
me0livia ;ok and if it hurts i will say go slower
construction1302 ;ok
me0livia ;are u going to want coffee or anything to drink ?
construction1302 ;no im fine , r u moving soon , or when did i you move there
me0livia ;we moved here in june
construction1302 ;oh , what color is your house
me0livia ;its sort of off white grayish , do u think u will get lost ?
construction1302 ;no i wont , are there different colors around the windows
me0livia ;it has green around them
construction1302 ;oh ok , well i will see you at around i might be late so dont fre ack out if i am
me0livia ;ok i wont free k out
construction1302 ;lol , k , see you soon
me0livia ;see you soon
construction1302 ;wait out side at like
