ID;msg
corazon23456partio23456 ;ok , , , , , so whats up , , , ,
heather_sk8s;nothing , , , , , just hangin , , , ,
corazon23456partio23456 ;yeah , , , , , sounds fun , , , ,
heather_sk8s;u ? , , , ,
corazon23456partio23456 ;not a lot , , , , , just chillin , , , ,
heather_sk8s;cool cool , , , ,
corazon23456partio23456 ;so what do you do for fun , , , ,
heather_sk8s;i just moved here from NH , , , , , not a lot , , , ,
corazon23456partio23456 ;yeah , , , , , cool , , , , , what make you move here to ms , , , ,
heather_sk8s;mom , , , ,
corazon23456partio23456 ;ok , , , , , how long you have been here in ms , , , ,
heather_sk8s;about weeks , , , , , lol , , , , , my mom wanted to be with her bfriend , , , ,
corazon23456partio23456 ;not too long ago , , , , , i see , , , , , you like here ? , , , ,
heather_sk8s;eh , , , ,
corazon23456partio23456 ;how you like ms , , , ,
heather_sk8s;it's hot ! ! , , , ,
corazon23456partio23456 ;yeah i know , , , , , wait till summer come , , , ,
heather_sk8s;yucky , , , , , i relly dont no any , , , ,
corazon23456partio23456 ;what part of ms you live , , , ,
heather_sk8s;jackson , , , , , area , , , ,
corazon23456partio23456 ;kool , , , , , i live in clinton , , , ,
heather_sk8s;what do u do for fun in clntn ? , , , ,
corazon23456partio23456 ;not a lot , , , , , go to the movies , , , , , hang out with friends , , , , , listening music , , , ,
heather_sk8s;kewl , , , ,
corazon23456partio23456 ;work in the summer , , , , , lol , , , ,
heather_sk8s;what do u do ? , , , ,
corazon23456partio23456 ;i work in a restaurant , , , , , with my friends , , , ,
heather_sk8s;kewl , , , ,
corazon23456partio23456 ;so what you do in you free time , , , ,
heather_sk8s;unpack , , , , , fix my room , , , ,
corazon23456partio23456 ;yeah , , , ,
heather_sk8s;fight wit my moms bfriend , , , , , lol , , , ,
corazon23456partio23456 ;lol , , , , , you have a pic , , , ,
heather_sk8s;just in my profile , , , ,
corazon23456partio23456 ;pretty pic , , , ,
heather_sk8s;ty , , , ,
corazon23456partio23456 ;yw , , , , , you have more family here in ms , , , ,
heather_sk8s;nope , , , , , just mom's dopey bf , , , ,
corazon23456partio23456 ;lol , , , , , dopey ? , , , ,
heather_sk8s;i hate him , , , , , he takes my mom away all the time , , , , , i get bored , , , ,
corazon23456partio23456 ;yeah , , , ,
heather_sk8s;yeah , , , , , he's taking her on a vacaton for th july and wont take me , , , , , for a week ! ! ! , , , ,
corazon23456partio23456 ;dang , , , , , they going to live you alone at you house , , , , , why ? , , , ,
heather_sk8s;at leest i get the house to myself , , , , , i'm not a baby dood , , , ,
corazon23456partio23456 ;ok , , , ,
heather_sk8s;i always stay alone , , , , , no biggie , , , , , altho , , , , , she never went , , , , , for a week , , , , , actually only days - she doeznt want me to be alone , , , ,
corazon23456partio23456 ;ok , , , , , what you planning to do all that week ? , , , ,
heather_sk8s;get a tan ! ! ! ! , , , ,
corazon23456partio23456 ;kool , , , ,
heather_sk8s;they're not going far -- just casino in NJ , , , ,
corazon23456partio23456 ;kool , , , ,
heather_sk8s;i almost had to go to NH and stay with my dad , , , , , but i talked her out of it , , , , , i dont have parties , , , , , do u have any pics ? , , , , , r u there , , , , , i got booted ! , , , , , , , , ,
corazon23456partio23456 ;its fine , , , , , im here , , , ,
heather_sk8s;cool , , , , , what is yer first name ? , , , ,
corazon23456partio23456 ;carlos , , , ,
heather_sk8s;i like that name , , , ,
corazon23456partio23456 ;kool , , , , , whats yor name , , , ,
heather_sk8s;heather , , , , , silly , , , ,
corazon23456partio23456 ;lol , , , , , so what you doing this weekend , , , ,
heather_sk8s;my mom is taking me shpping for bathing suit , , , ,
corazon23456partio23456 ;nice , , , ,
heather_sk8s;yeah , , , , , i think she feelz guilty ! ! ! ! hee hee hee , , , ,
corazon23456partio23456 ;kool , , , , , so what type of music you like , , , ,
heather_sk8s;everything ! ! , , , , , hey -- can i talk to you later ? , , , , , i have to walk my dog , , , ,
corazon23456partio23456 ;sure what time you going be on line , , , ,
heather_sk8s;prolly , , , ,
corazon23456partio23456 ;ok , , , , , ill be looking for you here later ok , , , ,
heather_sk8s;kisses ! ! , , , ,
corazon23456partio23456 ;bye , , , , , same to you , , , , , hey , , , , , you there , , , ,
heather_sk8s;hey , , , ,
corazon23456partio23456 ;what s up , , , ,
heather_sk8s;not too much , , , , , can i see a pic of u ? ? perdy please ? , , , ,
corazon23456partio23456 ;yeah , , , , , one sec , , , , , you have a email adress , , , ,
heather_sk8s;one sec -- phone ringing , , , , , heather_sk8s . com , , , ,
corazon23456partio23456 ;ok i already sent it , , , , , so what you been doing all day , , , ,
heather_sk8s;u r sooooo cute , , , ,
corazon23456partio23456 ;im not , , , , , , , , , , you have any more pics of you , , , ,
heather_sk8s;no , , , , , my dad has them , , , , , that pic was taken last mohnth , , , ,
corazon23456partio23456 ;ok , , , , , did you have bf where you just to live ? , , , ,
heather_sk8s;yes , , , , , we broke up , , , ,
corazon23456partio23456 ;cause you move , , , ,
heather_sk8s;yes , , , , , i dont care tho , , , , , he was a jerk , , , ,
corazon23456partio23456 ;he was older than you , , , ,
heather_sk8s;yes , , , , , , , , ,
corazon23456partio23456 ;ok , , , ,
heather_sk8s;why ? , , , ,
corazon23456partio23456 ;just wondering , , , , , maybe i get to date you sometime , , , ,
heather_sk8s;meybee , , , , , th of july week ? , , , ,
corazon23456partio23456 ;yeah , , , ,
heather_sk8s;relly ? , , , , , that wold be fun , , , , , my mom is making me stay wit her frined , , , , , |on the , , , | , , |but i will be alone on , , | , , , so that's good -r8 ? , , , ,
corazon23456partio23456 ;sure , , , , , what you like to do for fun , , , ,
heather_sk8s;swim , , , , , sk8 , , , ,
corazon23456partio23456 ;kool , , , ,
heather_sk8s;whatabout u , , , , , do u have gf ? , , , ,
corazon23456partio23456 ;no , , , ,
heather_sk8s;brb , , , ,
corazon23456partio23456 ;i dont , , , , , ok , , , ,
heather_sk8s;kk , , , , , how come u dont have a girlfriend , , , ,
corazon23456partio23456 ;cause she move out of town , , , ,
heather_sk8s;awwww , , , ,
corazon23456partio23456 ;yeah , , , ,
heather_sk8s;r u ok ? , , , ,
corazon23456partio23456 ;yeah why , , , ,
heather_sk8s;how old was she ? , , , ,
corazon23456partio23456 ;, , , ,
heather_sk8s;oh , , , , , am i too young for u , , , , , ( i hope u say no ) , , , ,
corazon23456partio23456 ;no really , , , , , you ok , , , ,
heather_sk8s;thanks , , , , , were just talkin anyway , , , ,
corazon23456partio23456 ;yeah , , , ,
heather_sk8s;do u relly want to date me ? , , , ,
corazon23456partio23456 ;yeah , , , , , why , , , ,
heather_sk8s;cuz you r relly relly cute , , , ,
corazon23456partio23456 ;you are too , , , , , you live in a house or apartment , , , ,
heather_sk8s;house , , , ,
corazon23456partio23456 ;kool , , , , , what you doing this weeeknd , , , ,
heather_sk8s;going to my grandmas , , , , , what about u ? , , , ,
corazon23456partio23456 ;nothing , , , , , stay at home , , , , , would you like maybe meet next week , , , ,
heather_sk8s;cant until my mom goes away , , , , , is that cool ? , , , ,
corazon23456partio23456 ;yeah , , , ,
heather_sk8s;what do u want to do ? , , , ,
corazon23456partio23456 ;why she dont allow you have friends , , , , , maybe go to the movies , , , ,
heather_sk8s;i can have female friends , , , ,
corazon23456partio23456 ;ok , , , , , what would you like to do , , , ,
heather_sk8s;|sk8 , swim| , , ,
corazon23456partio23456 ;kool , , , , , what type of movies you like , , , ,
heather_sk8s;scary ones , , , ,
corazon23456partio23456 ;really , , , ,
heather_sk8s;yes , , , ,
corazon23456partio23456 ;whats you favorite movie , , , ,
heather_sk8s;mmmmmmmmmmmm , , , , , scary movie , , , , , i have to go ! mom calling , , , ,
corazon23456partio23456 ;ok , , , ,
heather_sk8s;talk tomm ? , , , ,
corazon23456partio23456 ;yeah , , , , , i wont get here till after , , , , , what time you get off here tonmorrow night , , , ,
heather_sk8s;dunno , , , ,
corazon23456partio23456 ;you can call me if you want to , , , , , i can give you my num , , , ,
heather_sk8s;ok , , , ,
corazon23456partio23456 ;, , , ,
heather_sk8s;gnite , , , ,
corazon23456partio23456 ;bye , , , , , sweet dreams , , , ,
heather_sk8s;where are you ? , , , ,
corazon23456partio23456 ;hello , , , , , sorry i was at work when you pm , , , , , |so are you going be on tonight , hopefully yes , can you call me , i will love hear you voice| ,
heather_sk8s;r u talking to other girls ? ? ? ? , , , ,
corazon23456partio23456 ;hey you there , , , , , where you at baby , , , , , hello where you at , , , , , you talking to you ex s bf , , , , , , , , , , where you at , , , , , |i have to go to work , but you can call to my cell if you want to chatt , i will love talk to you , call me , bye babe| , |hey i dont get to be online when you are , so but i will check my email about pm or pm , so we may get to talk then . hugs and kisses bye| , , , hey how are you ? are you going be online later on today ? , , , ,
heather_sk8s;i would love to talk to you , , , , , i went to my gramma's this weekend to stay over , , , , , she doesn't have a puter , , , ,
corazon23456partio23456 ;|ok i talk to you tomorrow about if its ok with you so bye , hugs and kisses bye| , , , , hey babe where are you ? , , , ,
heather_sk8s;can i call u tonight ? , , , ,
corazon23456partio23456 ;|hey baby , sure you can call me anytime you wan| , , , , want* , , , , , but you call me tomorrow anytime i will be waiting for you to call me , , , , , bye baby , , , , , |i will be waiting you call , bye , kisses and hugs| , , , , , , , , hey you try to call me last night ? , , , ,
heather_sk8s;yes ! it tried last night , , , ,
corazon23456partio23456 ;hello baby are you gonna be online tonight ? , , , , , i will be on all evening waiting for you to chat , , , , , bye , , , , , hola , , , , , how are you , , , , , hey i got you message last night , , , , , and try to call you back , , , , , but you phone was busy , , , ,
heather_sk8s;one sec , , , , , what time ? , , , ,
corazon23456partio23456 ;about , , , , , i leave a message on you answer machine , , , ,
heather_sk8s;can i call now ? ? ? , , , ,
corazon23456partio23456 ;sure , , , , , you didnt gey my message on you answer machine , , , , , get* , , , , , so what you been up to , , , ,
heather_sk8s;not too much , , , , , i'm going to call you , , , ,
corazon23456partio23456 ;ok , , , , , you there , , , ,
heather_sk8s;yes , , , ,
corazon23456partio23456 ;so what up , , , ,
heather_sk8s;phone ringing , , , ,
corazon23456partio23456 ;ok , , , , , i like you voice , , , ,
heather_sk8s;thanks very much ! ! , , , ,
corazon23456partio23456 ;you welcome , , , , , so you went over you grand moms house last weekend , , , , , what you doing tomrrow ? , , , , , what time you going be online tomorrow' , , , , , can i call you tomorrow night ? , , , ,
heather_sk8s;no ! , , , , , my mom sees all incoming calls ! ! , , , , , please do not call that number ! ! ! , , , , , please please please , , , , , i will call u only , , , ,
corazon23456partio23456 ;you there , , , , , ok i wont , , , , , bye , , , , , bye love you , , , , , |hello , what time you going be online ? | , , , , hey heather , , , , , hey bane how are you , , , , , you want to talk on the phone tonight , , , ,
heather_sk8s;Love you ! ! ! , , , , , miss you , , , , , can't use the phone much though , , , , , ok ? , , , , , when we see each other it wil be cool , , , ,
corazon23456partio23456 ;hey bane how are you , , , , , you want to talk on the phone tonight , , , ,
heather_sk8s;Love you ! ! ! , , , , , miss you , , , , , can't use the phone much though , , , , , ok ? , , , , , when we see each other it wil be cool , , , ,
corazon23456partio23456 ;hey babe , , , , , i just want to say hey , , , , , i cant wait to talk to you again , , , , , but is ok , , , , , i get online usually about pm at night , , , , , |the only times that im on line earlie is wensday and thursday , those days im ususlly on line earlie like about pm , well hopefully we talk again soon , bye , love you| , |hey how are you , i just want to say hey , you going be online later on the week , when ? | , , hey babe are you going be online tonight ? , , , , , |hello how are you , i just want to say he , call me sometime if you want to ok bye| , ,
heather_sk8s;hey baby -=-- will you be on later ? , , , ,
corazon23456partio23456 ;hey babe happy th of july , , , , , i miss talk to you , , , , , call me sometime if you want , , , , , |hey babe how are you , are you going be online later today , so i talk to you then bye babe| , ,
heather_sk8s;it's hard getting on the phone sometimes , , , , , r we still getting together this weekend ? , , , ,
corazon23456partio23456 ;Whatever . anythingyouwantto , , , , , Yeah . ifwemeetwhattimewillbe ? , , , , , Sowhattimewecanmeet ? , , , , , so we going to meet ? we can go to the movies , , , ,
heather_sk8s;i cant leave house , , , , , nevermind , , , ,
corazon23456partio23456 ;we can watch a movie at you house . what you , , , ,
heather_sk8s;maybe , , , , , depends what else you want to do . . . . . lol , , , , , tell me what else , , , ,
corazon23456partio23456 ;so what you want to do then ? , , , ,
heather_sk8s;i'm asking U , , , ,
corazon23456partio23456 ;what we can do ? what you want to do ? , , , ,
heather_sk8s;its up to do , , , , , if you could do anything - , , , , , what would it be , , , , , i'll be back in a little bit -- taking a walk - i'm bord , , , ,
corazon23456partio23456 ;drink ? and whatever you want me to do , , , ,
heather_sk8s;mm drink sounds good , , , , , yes , , , , , what else , , , , , ill be back later -- u better think of something good , , , ,
corazon23456partio23456 ;we can drink and ? will see what happend . . . , , , , , |i can make you have some fun , and a good | , , ,
heather_sk8s;tell me how specifically and ill think abou tit , , , ,
corazon23456partio23456 ;ok ill be here , , , , , drink and have sex ? , , , , , drink and have sex ? , , , ,
heather_sk8s;um , , , , , is that what you want ? , , , ,
corazon23456partio23456 ;idont know what you like to do ? , , , ,
heather_sk8s;i'm asking u , , , , , u the man , , , ,
corazon23456partio23456 ;hey i have to go . im about to get off . so , , , , , around that time . , , , ,
heather_sk8s;what we gonna do ? ? ? ? ? ? ? ? , , , , , last time i ask , , , , , what will u bring , , , ,
corazon23456partio23456 ;i want you : ) , , , ,
heather_sk8s;awwww , , , , , but speficaly , , , , , i need to no , , , ,
corazon23456partio23456 ;drink and have sex . its that ok ? , , , , , what you drink ? , , , ,
heather_sk8s;"dunno , , , , , beer , , , , , can u bring ? , , , , , what else can u bring , , , , , to be ""safe"" , , , ,"
corazon23456partio23456 ;what you mean be safe ? , , , ,
heather_sk8s;duh , , , ,
corazon23456partio23456 ;what you mean be safe ? , , , ,
heather_sk8s;think abou tit , , , , , about it , , , ,
corazon23456partio23456 ;ok i bring protection , , , ,
heather_sk8s;thank you -- do u no what kind ? , , , ,
corazon23456partio23456 ;i have to go and get my job done . so are we , , , ,
heather_sk8s;let me know when u r done and i'll give directions , , , ,
corazon23456partio23456 ;i have to go and get my job done . so are we , , , ,
heather_sk8s;let me know when u r done and i'll give directions , , , , , do u have protection -- what kind ? , , , ,
corazon23456partio23456 ;ok i talk to you in a few . you going be , , , ,
