ID;msg
craigtraylor ;hi
jaffacree93 ;heyy ! , whassup
craigtraylor ;not much man y , u
jaffacree93 ;im bored
craigtraylor ;lol boy you shouldn't be in craigs list . freeks in there
jaffacree93 ;well r u a freak ? lol , jk
craigtraylor ;try an aol or yahoo room
jaffacree93 ;man AOL sux
craigtraylor ;no but you never know , lol
jaffacree93 ;yahhoo is all people no speak y english
craigtraylor ;ya and with the new rools on yahoo they suck
jaffacree93 ;ya dood , sux hardcore , so r u gay ?
craigtraylor ;ya , you
jaffacree93 ;yea , i wish i new gay peope in life , real life , i dont kno any o he
craigtraylor ;give it sometime , are you out in school , i love stargate
jaffacree93 ;no no no , i am so not out , im so scared that peple will find out ! ! ! ! , that would so sux id be called a fag , i luv stargate its my favoritee ! ! , hey how old r u ?
craigtraylor ;man there are a lot of things in the world worse than being called a fag , OLD , ll
jaffacree93 ;kewl lol , naw like iz old , u aint old well compare to it is older but old ? lol no
craigtraylor ;lol when i was your age an thing over was old , now its , lol
jaffacree93 ;hahaha , yep
craigtraylor ;you go to a large school right ? , and your moveing to LA when
jaffacree93 ;kinda yea , i dunno i mite move , my mom has a bf now and i hate him and he hates me , so i mite go n live w my ada , dad
craigtraylor ;he don't smack or yell at you does he
jaffacree93 ;the bf ? he yells
craigtraylor ;well if he puts his hands on you call the fucking cops , yelling just walk off , same as someone calling you a fag . it doesn't hurt . just laguh at them , it is a lot worse trying to hide , I KNOW
jaffacree93 ;o ya ?
craigtraylor ;i didn't tell anyone untill i was
jaffacree93 ;o wow , but ure alwways been gay ?
craigtraylor ;ya i knew when i was or s , so
jaffacree93 ;yea i think i did
craigtraylor ;but i didnt have sex u till i was , and you haven't told anyone , ?
jaffacree93 ;just friend , a gurl
craigtraylor ;thats cool how did she take it
jaffacree93 ;she wuz kewl with it , way kewl
craigtraylor ;see just one person to be open with and it helps
jaffacree93 ;ya , she swear she wont tell no1
craigtraylor ;hell boy at your age all boys play with eather , don't you have friends you stay the night with
jaffacree93 ;no
craigtraylor ;not many guy friends ?
jaffacree93 ;a few , but im scurred to have them find out
craigtraylor ;get one of them one on one . if you have a beer or two to share with them . don't tell them your gay just watch some porn or something alone with them
jaffacree93 ;o ya/ , lol how i get beer ?
craigtraylor ;well you don't need beer
jaffacree93 ;well i spose i could stela some , from my mom lol
craigtraylor ;there ya go , watch some porn after one or two , tell him you need to jerk off , cover your self with a blanket give him one , them SHIT happens , lol , that is how the boys your age i know do ti , it , that way NO one is gay . its just a thing
jaffacree93 ;really , that work ? , have u done that be4/
craigtraylor ;ya , ya but much older and with sgr aight guys i liked , always works
jaffacree93 ;lol ok
craigtraylor ;just never talk about it
jaffacree93 ;i dont have porn tho , none
craigtraylor ;if it works just wait and ask the person if they want to hang out again . , if they say yes , you got it if no no problem he won't tell , down load it off the net
jaffacree93 ;kewl
craigtraylor ;get him in your room , have one or tow beer , tell him HEY look here what i found , put on porn , that way when you jerk you side by side
jaffacree93 ;IC , intr sting , than u
craigtraylor ;Just act like is is totaly natural to you . Get up grap a blanket or towl throw him one , set down cover yourself and jerk
jaffacree93 ;id be so nervous tho lol
craigtraylor ;he will either think your crazy or hot , if he freeks just say What you don't masterbate ? , if youhaven't thouched him yet eh can't say your gay .
jaffacree93 ;tru , an i spose he wont say nuttin cuz he dont wanna be called afag either ?
craigtraylor ;hell no if he goes for it . he will either do it with you over and over or he will never bring it up , just ask him real normal> Want to hang out again ?
jaffacree93 ;k
craigtraylor ;before i moved here i lived in the country
jaffacree93 ;country huh ?
craigtraylor ;when the young guys found out i was gay , they told me all kinds of shit , us ly they where fucking their friend and want en to know if that was normal
jaffacree93 ;OMG
craigtraylor ;helly a its normal just most boys stop a our d
jaffacree93 ;so like they ask u about bein gay n stuff ?
craigtraylor ;not us homos though lol
jaffacree93 ;LOL
craigtraylor ;ya they where all cool with it and this was in alabama
jaffacree93 ;wow thats way kewl , theres on e kid in my school whos gurly n people call him a fag all the tiem n are sooo mean to him , i feel so bad
craigtraylor ;why , sorry didn't read that , got ya , does it seem to bother him , ?
jaffacree93 ;yeah , he has like no friends n i feel so bad
craigtraylor ;is he cute
jaffacree93 ;no , well , i mean , i dunno , not my type i guess ?
craigtraylor ;lol i got ya
jaffacree93 ;every1 is good lookin someone rite ? lol
craigtraylor ;well have you tried to tell the school couns ler about what it going on with him
jaffacree93 ;no
craigtraylor ;that the kids teas hi , do you trust any of your teachers , |like , enough to talk them about his problems . or are they know| , how many guys are you chating with now
jaffacree93 ;sorry i had to pee , just u , i dunno i like dunno what do
craigtraylor ;you have a cam
jaffacree93 ;i think the teachers should do sumthin rite ?
craigtraylor ;ya if they kno , knwo
jaffacree93 ;i think they do i mean they do it rite in front o fhim
craigtraylor ;well that un fort in aly is the drawbacks of some places
jaffacree93 ;i spose
craigtraylor ;can't say nigger or spick but fAG AND QUEER IS OK
jaffacree93 ;i can show u my cam in a sec when i kno my ma aint around sure , omg yea
craigtraylor ;its bull shit'\\
jaffacree93 ;everyoen always sez things r gay and call fag all the time ! ! ! , like it dont matter
craigtraylor ;that is it boy words ant shit just shows how stupid the person saying them is
jaffacree93 ;yea , o wow
craigtraylor ;maybe you should chat with him
jaffacree93 ;i just saw ur pic , u dont look , lol
craigtraylor ;lol thanks
jaffacree93 ;i bet u hear that ll the time tho
craigtraylor ;not much most say around so o well , can't out run age
jaffacree93 ;lol , tru , cant wait till im and can DRIVE
craigtraylor ;ya to drive to drink and then shit you lol , it goes by fast so dont let someone calling you a name stop you from live ing , what would your mom and dad do if they found out
jaffacree93 ;well my mom would be mad and my dad would me bbie not care so much i dunno
craigtraylor ;thats cool if you think they wouldnt then they por bly would be ok with it
jaffacree93 ;well i kno my moms bf would kill me , he says he hates fagg s , a ll the time
craigtraylor ;most guys that act like that are the bigest closet cases lol
jaffacree93 ;yeah
craigtraylor ;don't let it get to you this is the time to injoy life like asking your friends over if you don't do it now you will regret it later in life
jaffacree93 ;ya , true , hi
craigtraylor ;hi , you a little cutie
jaffacree93 ;hi , thanx dood
craigtraylor ;you will have no problem finding a bf
jaffacree93 ;well i will if i dont want no1 to kno im gay
craigtraylor ;hell your only give it sometime , did you know in every people are gay
jaffacree93 ;no ! , rlly ? ! , that manY ?
craigtraylor ;that means if your in a room with eople that means one other is gay , people people
jaffacree93 ;wow , i didnt kno that
craigtraylor ;you know lots of gay goys and girls they just hide like you
jaffacree93 ;IC
craigtraylor ;and like i said all boys your age play
jaffacree93 ;well i didnt kno that at all
craigtraylor ;take chances when you know you have the house to your self try it out , you will see , trying to find my cam for ya
jaffacree93 ;kewl ll , hey there u are
craigtraylor ;look older now hu ? lol
jaffacree93 ;lo lure hair a int grey , and u have hair , lol ! ! OMG , soooo oo cute , puppy puppy puppy
craigtraylor ;she is my baby lulu
jaffacree93 ;awwww w , so cute
craigtraylor ;yo boston
jaffacree93 ;i wanted a dog , my mom said no
craigtraylor ;it froze lol , that sucks
jaffacree93 ;yea cams suck some time z , i msu prized that mine hasnt yet lol
craigtraylor ;"i ment you can;t have a dog"
jaffacree93 ;ohh , yeah , lol
craigtraylor ;min pin , she is only weeks
jaffacree93 ;awwww www www www , puppy puppy puppy , icklepuppy ! ! !
craigtraylor ;they are trying to sleep , i have
jaffacree93 ;awww , so cute , and here u are pickin em up and puttin em on camera !
craigtraylor ;lol well i have two min pins trying to sell , no luck yet , boy
jaffacree93 ;icklest puppy ! , bring me one ! ! ! ! , lol
craigtraylor ;lulu guets jeliouse if i have the other
jaffacree93 ;LOL
craigtraylor ;she jumps MY DADDY MY DADDY lol
jaffacree93 ;LOLz , MY DADDY ! ! ! , funny
craigtraylor ;she is sooo smart , look at the cam again
jaffacree93 ;hi , lol
craigtraylor ;cutie , nice smile
jaffacree93 ;awww thanx , u man
craigtraylor ;lol thanks
jaffacree93 ;u look kinda tired ?
craigtraylor ;little jsut board and getting over a cold
jaffacree93 ;hey check out the cam
craigtraylor ;has my face all swollen , lol
jaffacree93 ;there u go
craigtraylor ;you be good boy
jaffacree93 ;flashy flashy
craigtraylor ;i see that , nice but to ooo young for me
jaffacree93 ;a wwi a int no baby
craigtraylor ;tease
jaffacree93 ;ok ok ok
craigtraylor ;my last bf was man i miss him , but he was too young too
jaffacree93 ;o ya ? , y did u break up ?
craigtraylor ;ya let me see if i can find his pic , well he moved back to ga weeks ago for school
jaffacree93 ;O I C , kewl
craigtraylor ;he is not sure if he is gay or straight . just loves me , so we have an odd relationship
jaffacree93 ;IC , well did u guyz like do it ?
craigtraylor ;movies fish last month we went sky diveing
jaffacree93 ;IC , i mean do it like DO it sex ?
craigtraylor ;see the pic
jaffacree93 ;thats ur bf there ? , yea , kewl
craigtraylor ;ya nice hu ? , sex ? , hell what do you think we like to do . sex lol
jaffacree93 ;LOL
craigtraylor ;i know you know what men do
jaffacree93 ;ok , well gee eez , i dunno !
craigtraylor ;well some guys like to fuck and some like to be fucked , u c
jaffacree93 ;IC , yea , i dunno which i like
craigtraylor ;well you have LOTS of time to figure it out , hell some guys just get into oral , that is cool too
jaffacree93 ;i spose
craigtraylor ;your too young for sex any just get a gq mag and jerk it lol
jaffacree93 ;a what ? , dood im like the last guy in my grade not have done anything yet
craigtraylor ;gq has hot men in suits
jaffacree93 ;not got head not had sex , nothin !
craigtraylor ;well hell i didnt u an till i was , so don't feel bad
jaffacree93 ;well i dont waanaaaaa wait that loooong ! ! ! ! ! ! ! ! ! ! !
craigtraylor ;I am sure you wont but jsut be careful lost of people take advantage , taht is one thing only men have ever been in me , I don't do that unless i LOVE them , IN me that is
jaffacree93 ;in u ? , like u mean . . . . . . . . put their thin in u ?
craigtraylor ;ya only One i dated for years one months and then the one you see here for couple years , but mostly me in them
jaffacree93 ;OMG mom brb , she wants somthin quick illl brb in like min
craigtraylor ;ok hun
jaffacree93 ;hi
craigtraylor ;hi , what did she have you do
jaffacree93 ;dishes sigh
craigtraylor ;awww poor thing min must have been al full lol
jaffacree93 ;lol , s hurr up
craigtraylor ;cam again ?
jaffacree93 ;yeah hold on
craigtraylor ;sure thing , when does school start back or is it ? , back alredy that is ?
jaffacree93 ;today
craigtraylor ;cool , your up late to have to go to school arn't ya
jaffacree93 ;i sleep like hrs lol
craigtraylor ;lol that is what i use to do , stay up late and watch s if i then go to school , love the old twilight zones
jaffacree93 ;lol see ?
craigtraylor ;see ?
jaffacree93 ;its the cool thing to do
craigtraylor ;go ya , ya prety cool , not shit on tonight , you stillhere ?
jaffacree93 ;yea , sorry
craigtraylor ;its cool , just thought i lost ya
jaffacree93 ;no , just tellin ma ill be in bed soon lol
craigtraylor ;how many e-mails did you get form craigslist , cool , well you be careful , don't be meeting any of them
jaffacree93 ;ya ure the only im still talkin
craigtraylor ;cool
jaffacree93 ;hi again ! ! !
craigtraylor ;you look like one of the boys i knew in alabama , chris
jaffacree93 ;o rlly ? , well ive never been alabama
craigtraylor ;ya a little
jaffacree93 ;lol
craigtraylor ;not missing much , i lived in seattle for years , that was fun
jaffacree93 ;o ya ? , i never been seat tel either , ive never been anywhere lol !
craigtraylor ;lol lots of time lots of time
jaffacree93 ;i spose
craigtraylor ;|i am going to itly , england and south afirca in a couple months| , to oo bad your not i would take you with me
jaffacree93 ;awww realz ? ? , that would SO rule
craigtraylor ;lol , i have never been to afi rca or europe , went to asia in the army
jaffacree93 ;o wow u were in the army ?
craigtraylor ;years
jaffacree93 ;wow did u like it ?
craigtraylor ;|the first years where great but , then i kind of sucked|
jaffacree93 ;ya i spose
craigtraylor ;lag hing at your legs moveing behind you
jaffacree93 ;ure funny
craigtraylor ;all the dogs have hone to bed , lulu is tired of wai thing so she went to bed with ian , not a bf
jaffacree93 ;awww are they waitinf u ?
craigtraylor ;she does
jaffacree93 ;and ure talkin me ?
craigtraylor ;the other three sleep whit him
jaffacree93 ;kewl
craigtraylor ;Not a bf , he is
jaffacree93 ;OMG , so a friend
craigtraylor ;i take care of him , ya
jaffacree93 ;kewl
craigtraylor ;that is my job , kind of i guess lol
jaffacree93 ;o ure job is to take care of ur friend ? thats like waaay nice of u
craigtraylor ;i meet him like a year ago when i was moveing to back to seattle he ask me to stay so fuck it i did , its prety cool
jaffacree93 ;ya , and hell get paid for it even be etter lol
craigtraylor ;yep , prety cool , and he is the one paying to go to eru ope and shit , he needs someone with him , so , i get to go
jaffacree93 ;awesom !
craigtraylor ;i guess you can go with us in years or so lol
jaffacree93 ;lol i spose , that would SO rule , africa ? , kewl
craigtraylor ;ya south ari rca , he is form there
jaffacree93 ;O I C , so he have family there ?
craigtraylor ;only a sister in law now , the rest is all dead
jaffacree93 ;that sux
craigtraylor ;well hell he is
jaffacree93 ;tru
craigtraylor ;most people you gure w up with are gone before then
jaffacree93 ;ya tru , is old
craigtraylor ;fol ling your feet , what up your not smile ing now
jaffacree93 ;sorry brb
craigtraylor ;getting late
jaffacree93 ;hey i gotta get offline my ma is kinda yellin at me , but ill be back on line to mr or owk
craigtraylor ;ok i wil catch you then
jaffacree93 ;sweet , ttyl , im glad i met u
craigtraylor ;hat time you usly on
jaffacree93 ;ill be on after school around
craigtraylor ;ok cool kevin nice to meet you , bee good !
jaffacree93 ;lol u ! ! , heheh , g nite
craigtraylor ;night , hi boy
jaffacree93 ;hey whassup
craigtraylor ;not much just got my internet fixed , it has been down since lol , you been on line long ?
jaffacree93 ;uhm , since , so kinda , what was wrong with ur internet ?
craigtraylor ;hi
jaffacree93 ;hi ! ! ! , whassup , how u doin
craigtraylor ;just been trying to get this shit running for about hr , good , how was school
jaffacree93 ;b or ring
craigtraylor ;lol
jaffacree93 ;do u have dialup ?
craigtraylor ;no brod band
jaffacree93 ;o ok
craigtraylor ;it has a few hick ups
jaffacree93 ;cable ?
craigtraylor ;ya
jaffacree93 ;ya i guess LOL
craigtraylor ;you ?
jaffacree93 ;me ? i have cable
craigtraylor ;you still have your add up on c list , ?
jaffacree93 ;uhm no
craigtraylor ;and where is you cam
jaffacree93 ;i got friends for it and ure th eonly nice person the other dood was wierd
craigtraylor ;lol
jaffacree93 ;lol my moms cruizin around i have it hiddien she dont kno i have it , i can take it out l8r tho
craigtraylor ;o well i guess i should not have mine on , in case she comes in that is
jaffacree93 ;o well its ok i can turn it off rlly quick , but the cam i have hide , and i cant dot aht quick nuff
craigtraylor ;go ya , got ya , so one guy was wierd hu ?
jaffacree93 ;but ur box went black
craigtraylor ;what did he do
jaffacree93 ;oh ya' , uhm well he just was like i dunno
craigtraylor ;there ya go , trying to get you nude and shit ?
jaffacree93 ;yep , exactly , like im no prude but i dont wanna get nekkid on cam n then have it show up l8r on the net that hpapen to someone at my school
craigtraylor ;told ya hun lots of fucking sick basters on line
jaffacree93 ;yah
craigtraylor ;yep
jaffacree93 ;like i dont care talkin bout stuff but i dont wanna get nekkid on my cam
craigtraylor ;you will have guys even offer you money to do it if you advertize on craigs list or others
jaffacree93 ;omg , rlly ?
craigtraylor ;yep
jaffacree93 ;wow , i dont want me nekkid showin up on th enet , the net
craigtraylor ;i knew a kid who ended up in gay kid porn trough yahoo . , that is why they changed about a year and a half ago
jaffacree93 ;I C , i dont w nana do porn lol , hi ! !
craigtraylor ;working now ?
jaffacree93 ;yep , so is ur name Craig or Jimm , Jim , Im kevin , PUPPY ! ! !
craigtraylor ;craig
jaffacree93 ;ICKLEPUPPY !
craigtraylor ;LULU
jaffacree93 ;hi lulu , OMG , ur net sux ass !
craigtraylor ;lol some tn ing is wrong , who the hell knows
jaffacree93 ;ya it sux ass lol
craigtraylor ;it worked fine last night
jaffacree93 ;yea it did i dont get it
craigtraylor ;well maybe the new modem has to warm up lol
jaffacree93 ;lol me bbie , OMG u had get a new modem ?
craigtraylor ;act uly it was yahoo messenger that time
jaffacree93 ;O I C
craigtraylor ;yep
jaffacree93 ;damn yahoo , is ur cam makin it crash ? , mine does that sometimes
craigtraylor ;that might be it , yahoo im and a cam can cause problems
jaffacree93 ;yeah , some time z it runs perfect sometimes its like crash y cra hsy all the damn time
craigtraylor ;yep , |so , what is the M for Kevin|
jaffacree93 ;my last name !
craigtraylor ;YA i get that , lol what is your last name
jaffacree93 ;oh u wanna kno my last name ? lol , McCormick
craigtraylor ;cool
jaffacree93 ;yea i guess lol
craigtraylor ;and your in napa or ? , navi to
jaffacree93 ;Petaluma
craigtraylor ;thats right , way up the road , i am in corte madera
jaffacree93 ;it ain that far from san fran , oo ok , hey ill brb mom is call in me
craigtraylor ;k
jaffacree93 ;ok back
craigtraylor ;kk , wash dishes again ?
jaffacree93 ;lol no
craigtraylor ;one of my studly little friends in alabama is on , he is or so
jaffacree93 ;oh ya ? , he ur bf ?
craigtraylor ;no just a friend i know , he is gay thought
jaffacree93 ;o ok kewl
craigtraylor ;ya he is a cutie
jaffacree93 ;lol
craigtraylor ;nice pepe lol
jaffacree93 ;Pepe/ , ?
craigtraylor ;pec her , dick , ker , s long
jaffacree93 ;ohh ! , Weiner , dong
craigtraylor ;so sage
jaffacree93 ;PENIS ! ! LOLOL
craigtraylor ;rod , lol , your a
jaffacree93 ;haha
craigtraylor ;BAD boy , lol , NO more like> , lol
jaffacree93 ;LOL , hehehe e , >
craigtraylor ;there ya go
jaffacree93 ;LOLOL , dont get breathe lol , ure so funny
craigtraylor ;lol
jaffacree93 ;heheheh , funny
craigtraylor ;sent you a kiss lol
jaffacree93 ;I saw , *MUAH* ! , back at ya , hehehehehe
craigtraylor ;hehehe , so the boy at school that is kind of fiminet isn't prety ?
jaffacree93 ;no , not men e way z , plus i dont wanna be called a fag
craigtraylor ;hun if he is hot and will date you fuck the fag shit . but if isn't prety well don't take the chance lol
jaffacree93 ;yea i ant takeing the chance no waaa , waaaay
craigtraylor ;|well you will have to take a cance sometimes or you will regret it later . but , you have lots of time|
jaffacree93 ;i spose
craigtraylor ;are there no gay clubs in your school
jaffacree93 ;no
craigtraylor ;LOL start one , lol
jaffacree93 ;uhm no
craigtraylor ;just get the boy you think is the cuteist and invite him home . do what i told you about . , i know you have to have a crush on some boy in your class , or school , ?
jaffacree93 ;me bbie
craigtraylor ;|Lets seee , I bet you like a fot ball player| , right ? , big boy to pick you up and smack your behind lol
jaffacree93 ;lol no
craigtraylor ;OK a band boy that you can pic up and smack his behind ? , lol
jaffacree93 ;LOL , why u wanna kno
craigtraylor ;jsut chating lol
jaffacree93 ;o ok
craigtraylor ;wondering what kind of crush you have
jaffacree93 ;lol , ok , what if i say it wasnt a kid in my class ?
craigtraylor ;|well , what type is he| , and how do you know him
jaffacree93 ;i dunno , thin kinda , tall
craigtraylor ;realy so he is in an class above yours , like th or th
jaffacree93 ;lol no , hes my neighbor , well a few doors down
craigtraylor ;|realy , how old is he|
jaffacree93 ;uhm , i think hes or
craigtraylor ;cool , so he is out of school
jaffacree93 ;yea he graduated this yr , brb gotta pee
craigtraylor ;lift the seat lol
jaffacree93 ;lol of coures ! ! ! ! i aint no chicka
craigtraylor ;long pee
jaffacree93 ;no , i answer u , u said lift the seat , and is aid i a int no chicka
craigtraylor ;my yahoocrashed
jaffacree93 ;oooo , so u didnt get that i bet , lol
craigtraylor ;nope , so you don't sit , to pee , lol
jaffacree93 ;no ! ! ! ! ! ! ! ! ! , i a int no chicka lol
craigtraylor ;|so , tell me about this neighbor| , do you chat with him , is he friendly or what ?
jaffacree93 ;no , ya hes kewl
craigtraylor ;you should try and chat with him
jaffacree93 ;y ?
craigtraylor ;i thought you liked him and shit
jaffacree93 ;i do , but i dont think he uses IM , me bbie , i dunno
craigtraylor ;no talk to him in person
jaffacree93 ;ohh
craigtraylor ;like if you see him out
jaffacree93 ;ok lol
craigtraylor ;get friendly with him and ask him to show you how to j off lol , that will get his at tition lol
jaffacree93 ;LOL , i'm like dont want him think im a fag
craigtraylor ;lol just fucking with ya , i know it is hard at your age , can you cam now
jaffacree93 ;can I ? , lemmecheck
craigtraylor ;k
jaffacree93 ;brb , howdy ! !
craigtraylor ;howdy
jaffacree93 ;sorry bout that
craigtraylor ;its cool
jaffacree93 ;i go away for sec n my damn yahoo crash d , i can go on for a sec , howdy , lol
craigtraylor ;hi smilie
jaffacree93 ;lol , well i like talkin u
craigtraylor ;why is that
jaffacree93 ;i dunno ure kewl , HI PUPPY ! ! !
craigtraylor ;"|she says , \""LET ME SLEEP DAMN IT|"
jaffacree93 ;lol , well let her sleep ! , dammit !
craigtraylor ;lol , it gets dark and she is out
jaffacree93 ;out like a lite !
craigtraylor ;watch her when i tell here I am going to bite your ear , she understands
jaffacree93 ;hey u wanna see a movie i made ? , lol , LOL , thats SOOO FUNNY ! ! , hahahahahah haa
craigtraylor ;she is smart
jaffacree93 ;ya she is , lol ur cam was gettin kinda low there , lol
craigtraylor ;better ?
jaffacree93 ;lol no ! , jk , LOWER ! hahah , hga hahahahah
craigtraylor ;that low
jaffacree93 ;that was low
craigtraylor ;lol
jaffacree93 ;check this shyt out:
craigtraylor ;that was cute , you , bond ?
jaffacree93 ;yea , lol , i so suxxorz at cartwheelz
craigtraylor ;or one of charlies angles i guess , lol
jaffacree93 ;LOL yea IF I WAS A WOMAN ! !
craigtraylor ;put you in black halter top and your there lol
jaffacree93 ;OMG ure so mean lol
craigtraylor ;with all gun pointing and flipping
jaffacree93 ;see if i ever show u any of MY movies EVER AGAIN ! ! , lol
craigtraylor ;you have more ?
jaffacree93 ;yeah , i do
craigtraylor ;lets see them , no naked ones right ? >
jaffacree93 ;edit , no !
craigtraylor ;loading
jaffacree93 ;no nekkid ones , and my friend is jessie
craigtraylor ;your tall for a yo
jaffacree93 ;im she zr lly short , lol
craigtraylor ;dorp my hat , lol
jaffacree93 ;lol uu like that ?
craigtraylor ;ya , who is filming
jaffacree93 ;edit , no one , we se tthe cam up
craigtraylor ;is this a cheer
jaffacree93 ;no its a song ! , were singing
craigtraylor ;no sound on this one
jaffacree93 ;and dancing , no sound ? ? ? , aww nutz , well we're singing , really , really good , ah hahaha not , ok no more movies , youtube rulez
craigtraylor ;t reid it again not sound , who is the girl
jaffacree93 ;my friend jessie
craigtraylor ;is she the one who knows
jaffacree93 ;yea
craigtraylor ;cool
jaffacree93 ;yeah
craigtraylor ;you look cra xy with no sound
jaffacree93 ;yea ! , no shit , now imm barre sed
craigtraylor ;but your cute anyway
jaffacree93 ;awww thanx , ure nice
craigtraylor ;aww thanks , for an old fart lol
jaffacree93 ;lol u aint old , like my gramma is old
craigtraylor ;i feel a little better today this cold is about finished , lets see your room
jaffacree93 ;kewl , what u wanna see ? , my room sux
craigtraylor ;aww come on just pan around witht the cam , see how many kitty cats you have on your wall lol
jaffacree93 ;well it ain t that easy ! ! , kitty cats ? ! ? , i aint got no kitty cats on mah wall ! ! !
craigtraylor ;poster of van dam
jaffacree93 ;my cam is like part of the monitor , so it dont move easy , who ? ? , van dam ?
craigtraylor ;he is an movie star
jaffacree93 ;o rlly , ok , never hear of him
craigtraylor ;probly leranido decrapio , can't spell
jaffacree93 ;lol leo hes kinda hot i spose
craigtraylor ;you know he is gay
jaffacree93 ;he is ? ! , rlly ? ?
craigtraylor ;yep
jaffacree93 ;i never kno that , lol so is tom cruise rite ?
craigtraylor ;ya but he has problems , him and john trove lta
jaffacree93 ;lol , yea , hey brb in ike min
craigtraylor ;they say lincon the president was gay , it only t runs off f when you come back , lol
jaffacree93 ;ya no shit , i gotta hide it brb , o wait , nm , lol
craigtraylor ;?
jaffacree93 ;nuttin , did my cam go donwn ?
craigtraylor ;yep
jaffacree93 ;sux ky
craigtraylor ;there ya o , go
jaffacree93 ;sweet ! , LOL what u lauffuin at , where u go ?
craigtraylor ;is it not back
jaffacree93 ;ur cam went away
craigtraylor ;there ya go
jaffacree93 ;kewl , thanx
craigtraylor ;no prob , |so , where did you run to this time|
jaffacree93 ;i had help unload the dryer
craigtraylor ;OO big man
jaffacree93 ;lol yaaa rawr ! !
craigtraylor ;lol , lets see thoes em ucles , my fucking cam is screwing up
jaffacree93 ;that sux
craigtraylor ;I will live i guess , lol
jaffacree93 ;lol ok , so , what u doin this weekend
craigtraylor ;no plains why , you ?
jaffacree93 ;nuttin
craigtraylor ;i need to be plaining out trip
jaffacree93 ;huh ?
craigtraylor ;to afi rica , i need to palin it
jaffacree93 ;ohh hrite ! , i am comin rite ? ? lol
craigtraylor ;you better ask you mom lol , i don't think se would go for it , lol
jaffacree93 ;i dunno , prolly not
craigtraylor ;your legs always going hu ?
jaffacree93 ;i guess , geez u dont miss much do u
craigtraylor ;well they go one way and your eyes go another , looks like winds hild wipers be hi ny a
jaffacree93 ;it buggin u ?
craigtraylor ;no , its curt e , cute
jaffacree93 ;well thanx
craigtraylor ;who is you favorit singer
jaffacree93 ;hmm , good question , i like Justin timberlake
craigtraylor ;now there is a big of ag for ya
jaffacree93 ;LOL , ure mean ! !
craigtraylor ;he is as queer as they come , he is
jaffacree93 ;and so ? , SO RU ! ! LOL , heh , jk
craigtraylor ;well i wish britney would get over it
jaffacree93 ;get over what
craigtraylor ;just en
jaffacree93 ;aint she married ? , shit brb
craigtraylor ;ya but they dated and shit and she is all down on him
jaffacree93 ;hello
craigtraylor ;what now lol
jaffacree93 ;nuttin lol' , my ma was just go in over some stuff for when she leaves
craigtraylor ;where is she going
jaffacree93 ;hi ! ! , she an her bf are goin to Florida
craigtraylor ;you an't going
jaffacree93 ;no , i have school lol , their leavin tomorow morning , an they gettin back sun nite late , so the ya int leavin long
craigtraylor ;home alone hu
jaffacree93 ;lol ya , shhh i didnt tell u tho , lol , i cant tell no lol
craigtraylor ;lol , you should have a boy over
jaffacree93 ;uhm ok yeah , i dont kno any , that ll want to do stuff new a yz
craigtraylor ;from school
jaffacree93 ;i cant tho
craigtraylor ;awww , be brave
jaffacree93 ;well im scared , i wish i knew what i was do in
craigtraylor ;jsut try it is he leave ing beer , beer and a boy your set
jaffacree93 ;ok , so i jsut need beer , and a boy , and im set
craigtraylor ;yep , cam ?
jaffacree93 ;in a few , shes up here now , i gotta make sure she a int gunna come in
craigtraylor ;got ya
jaffacree93 ;so what u drink in , beer ? , lol
craigtraylor ;wine cooler
jaffacree93 ;ooh ok , lol , so u got the booze
craigtraylor ;apple , little
jaffacree93 ;now u need a boy lol , or a boi , hehe
craigtraylor ;|well i had a few offers tonight but , i had rather talk with you i guess| , lol
jaffacree93 ;aww ! , ure so kewl , i bet u get offers all the time
craigtraylor ;i had a three last week need my rest lol
jaffacree93 ;ure a good lookin dood , OMG / ! ? ? ! , wow , ure like a stud lol
craigtraylor ;they just like big dicks that all , lol
jaffacree93 ;LOL , but ure nice ure not a big dick lol
craigtraylor ;lol
jaffacree93 ;ok , cam is clear
craigtraylor ;i have two trying to get my co am now , told them no , too bad you not in town you could come play in hot tub with mom gone
jaffacree93 ;LOL , i got a hot tub
craigtraylor ;well hell you got all you need for the boys
jaffacree93 ;yea aa , riii ight
craigtraylor ;invite one over , beer , and jump in the hot tub nude , he will follow
jaffacree93 ;well teh guy will have bring the beerz lol cuz i cant buy none !
craigtraylor ;find one with a joint lol , that will get th im going
jaffacree93 ;a joint ? , like weed ?
craigtraylor ;noo your too young lol , ya like week , weed
jaffacree93 ;OMG , drugs r bad lol
craigtraylor ;your right there bad
jaffacree93 ;h hehehe
craigtraylor ;but if it gets you the quarter back's back side , well what the hell , lol
jaffacree93 ;LOL , ure funny
craigtraylor ;see if you dont' take chances you will never know
jaffacree93 ;well ya , but if im wrong ill be label a fag
craigtraylor ;wouldn't it be ncie to be in the bleachers watching the quarter back playing ball after you have smacked hiss ass a and call him sally lol
jaffacree93 ;lol , ure so funny , no whonder every1 likes u
craigtraylor ;man if i knew what i know now at your age . i would have fucked all the foot ball players
jaffacree93 ;football players like be fuckd ?
craigtraylor ;all straight boys like to be fucked at least once
jaffacree93 ;really
craigtraylor ;hell ya
jaffacree93 ;y is that ?
craigtraylor ;i gusee it is just something they need to get out of there system , not realy sure
jaffacree93 ;IC , interesting
craigtraylor ;I have had Many straight boys . even men who had wives
jaffacree93 ;wl el i wanna try it but then again im gay lol , really ? ? , wow !
craigtraylor ;when i was in the army they found out i was gay , guys would call me fag in public
jaffacree93 ;how did they find out ?
craigtraylor ;then the same guy would sneek in my room at night , i told them
jaffacree93 ;y did u tell them ?
craigtraylor ;yep
jaffacree93 ;no y ?
craigtraylor ;got tird of lieing
jaffacree93 ;i c
craigtraylor ;and it was fun . like is said
jaffacree93 ;so they kickd u out for bein gay ?
craigtraylor ;no , we never got into that shit , but when they all knew like i said guys would call me names in frou nt of their friends then come to my room and night , FUN
jaffacree93 ;hehe and they wanna be fuckd by u ?
craigtraylor ;yep\ , straight boys do the same thing , every time , they say I an't gay but i want to suck you dick and have you fuck me
jaffacree93 ;lol
craigtraylor ;every one of them said the same thing
jaffacree93 ;so u like have slepd with more str8 people then gay people ?
craigtraylor ;back then but not anymore
jaffacree93 ;i c , how many people have u sleep with ?
craigtraylor ;lets not go there lol
jaffacree93 ;LOL , ok , so u like prolly really kno what ure doin then huh
craigtraylor ;lets just say i stoped counting at , lol
jaffacree93 ;OMFG ! ! , lol
craigtraylor ;i know i am a whore , lol , but only have fucked me , thats one thing . don't give up the ass unless you realy realy like the guy
jaffacree93 ;only ? wow , ya i guess !
craigtraylor ;no realy , make it something special to you
jaffacree93 ;i guess so , so do u like it ? , when a guy does it u ?
craigtraylor ;only guys i realy loved have so YA
jaffacree93 ;dats kewl
craigtraylor ;that way i can say i an't now slut lol
jaffacree93 ;lol ok if u say so jk
craigtraylor ;well think about , it \
jaffacree93 ;ok , what
craigtraylor ;if you liked girls
jaffacree93 ;ya , no , lol , i dont , hehe
craigtraylor ;if
jaffacree93 ;ok , tha at a big if tho lol
craigtraylor ;and say you know a girl who sucked a lot of dick and never let a guy fuck here , and a\ , girl who let a lot of guys fuck her , which one would you rather be with , relationship wise
jaffacree93 ;prolly the one who sux a lot of dick
craigtraylor ;your still hung up on the girl thing , lol
jaffacree93 ;yea , haha
craigtraylor ;i don't knwo i just only give that to some i respect
jaffacree93 ;dats relly y kewl , really , i respect that
craigtraylor ;you need to lear that before you end up with your legs in the air at the foot ball jambaree lol
jaffacree93 ;LOL i aint a manwhore like u r ! ! ! LOLOL , jk
craigtraylor ;man jina
jaffacree93 ;man jina , LOL i get it , man jina , hah
craigtraylor ;"i had a guy say to me one time wile i was fucking him , \""Ya fuck my boy pussy\"" , I got up and went home"
jaffacree93 ;ya fuck my boy pussy ? , wow , ok wont ever use that one , lol , never even consider it a boy pussy be4
craigtraylor ;man there is some crazy shit in the world gay and straight
jaffacree93 ;yea dood , hey where u go ? , lol , SMIRNOFF ! ! ! , YUM ! , i loooove that stuff ! !
craigtraylor ;there good
jaffacree93 ;heck ya ! , i had a few before once
craigtraylor ;like black cherry better , ya my yo bf got me to drinking them , ant he got a cute ass
jaffacree93 ;haha , i dunno its kind a small , yeah ? , lol
craigtraylor ;the pic or his ass
jaffacree93 ;the pic
craigtraylor ;hes got a big o butty , cant you in large it
jaffacree93 ;big ol boy pussy LOL
craigtraylor ;no no n
jaffacree93 ;i kno im fuckin w u , awww ure teas in me with that smirnoff
craigtraylor ;now i thought you something i will regret
jaffacree93 ;I want ! , heheheh
craigtraylor ;my drink or his boy pussy , lol
jaffacree93 ;ur drink ! ! ! , lol , ure so funny
craigtraylor ;his is good , i am the only one ever had it
jaffacree93 ;why u break up ?
craigtraylor ;he wanted to go back to ga and go to school
jaffacree93 ;ohh rite
craigtraylor ;we have been together for years
jaffacree93 ;so u like was with him when he was my age ? , ?
craigtraylor ;ya
jaffacree93 ;o wow
craigtraylor ;i know bad
jaffacree93 ;kewl , y bad ?
craigtraylor ;well he was very matre for his age
jaffacree93 ;i guess so
craigtraylor ;i knew him for years and he started comeing to my house all the time
jaffacree93 ;kewl
craigtraylor ;wanting to say the night , one night i was asleep and woke up and he was on me , so fuck it , lol
jaffacree93 ;OMG did he kno ure gay ?
craigtraylor ;ya that is why he started staying al the time
jaffacree93 ;o i c , thats kewl
craigtraylor ;but he is now and still says he kenw what he was doing so . i guess it is all cool
jaffacree93 ;wow thats so kewl , that u were together with him for yrs when he was my age
craigtraylor ;ya , he went home two weeks ago
jaffacree93 ;so u miss him huh
craigtraylor ;ya but he will probly be back , and we talk on the phone alot
jaffacree93 ;heheh hell miss ur do in his boy pussy jk , im kiddin ! ! ! , well thats good
craigtraylor ;he wants to play straight for a while , to see if he likes pussy or not
jaffacree93 ;LOL ok i guess
craigtraylor ;so it is his choice i still love him
jaffacree93 ;thats way kewl , ure a sweet dood
craigtraylor ;ya but i leave me alone lol
jaffacree93 ;so if u love him was he one of the ?
craigtraylor ;ya
jaffacree93 ;leave u alone ?
craigtraylor ;being sweet let him go i should have been an ass and keep him lol
jaffacree93 ;yea tie him up n chain him to ur bed lol
craigtraylor ;no he liked that shit
jaffacree93 ;OMG !
craigtraylor ;>
jaffacree93 ;ook , LOLOL , ure so funny
craigtraylor ;he liked being tied up
jaffacree93 ;i gather that , UGH ! , share ! , dam u
craigtraylor ;i can't send it trough the web
jaffacree93 ;well try harder
craigtraylor ;hard who is hard , lol , O harder
jaffacree93 ;lol , SHHH ! lol , LOL it is , so take off all ur clotehs ! , er clothes
craigtraylor ;you first
jaffacree93 ;lol i luv that song , OMG i cant i was talkin bout that song lol
craigtraylor ;that song sucks
jaffacree93 ;awww , i like it
craigtraylor ;your such a girl
jaffacree93 ;im a boy !
craigtraylor ;"you probly like DON\""T you wish your girl friend was hot liek me ? , you do don't ya"
jaffacree93 ;i a int say in nuttin , :X , oops , on aim thats an : X mouth , hehe , o well ill sent ya some luv :X , hehehe
craigtraylor ;I bet you wiggle you little ass to it like mad don't you
jaffacree93 ;OMG ure so mean now ! ! , lol
craigtraylor ;where is the video , come on
jaffacree93 ;what video ?
craigtraylor ;you in your girlfriends panties singing Don't you wish
jaffacree93 ;haha , no , dont YOU wish
craigtraylor ;lol
jaffacree93 ;i dunno u fat ? jk
craigtraylor ;i can see it now future cross dresser
jaffacree93 ;aww ure so mean
craigtraylor ;"on stage singing \""ITS RAINING MEN\"" , i know you know that song"
jaffacree93 ;ok i hATE that song
craigtraylor ;no fucking way
jaffacree93 ;yes , i do , DEAL W IT !
craigtraylor ;that is the gay man s song , that and I WILL SURVIVE , its the gay Song
jaffacree93 ;i think ive heard that one be4
craigtraylor ;you know addiceted by enricka englaseeus , cant spells hti
jaffacree93 ;who ?
craigtraylor ;e nreca engl asus
jaffacree93 ;en rick a , e nreca
craigtraylor ;told you i can spell it
jaffacree93 ;dunno
craigtraylor ;great song
jaffacree93 ;i thin u mean maybe enrique inglesias ? or some thing like that/
craigtraylor ;ya , that is it
jaffacree93 ;oo ok , yea , hes kinda dreamy , lol
craigtraylor ;the song addicted , ya he a stud , but latin men are crazy]
jaffacree93 ;i like him , r they ?
craigtraylor ;hell ya , they are the same as the latin women NUTS
jaffacree93 ;lol
craigtraylor ;my frist lover t was latin
jaffacree93 ;so jennifer whats her name is nuts
craigtraylor ;lopez
jaffacree93 ;yeah , lopez
craigtraylor ;they are all nuts
jaffacree93 ;was ur st a girl or guy , |i mean , chico or chica lol|
craigtraylor ;both
jaffacree93 ;uhm both ?
craigtraylor ;at the same time
jaffacree93 ;realz ? ? , a chick with a dick ? , lol thats so funny ! !
craigtraylor ;we fucked here and sucked eather
jaffacree93 ;there wuz a kid at lunch today talkin about those , chicks with dicks , that sun real
craigtraylor ;ya i seen one a few weeks ago
jaffacree93 ;wow , i never have
craigtraylor ;that was my first to see
jaffacree93 ;o yea ?
craigtraylor ;hell kids are born every year in america and the doctor can't say if it is a boy or girl , they either have both , or jsut is fully formed
jaffacree93 ;wow , wierd
craigtraylor ;that is why when these cracy chirs tians say it is a choice not born in you , i ask them what the fuck about the kids a year4
jaffacree93 ;u mena beein gay ?
craigtraylor ;is that god's joke , ya
jaffacree93 ;yea a
craigtraylor ;your born gay
jaffacree93 ;man i kno i was
craigtraylor ;that is why i say call me fag call me queerl i dont give a fuck i am happy with myself
jaffacree93 ;well thats kewl , really , i wish i didnt care like u
craigtraylor ;fuck them , don't let anyone keep you form being happy , i was the frist time i went to a gay bar , i walked in , there was over men in one room , i didn't know there where that many gays in the world much less one room , lol
jaffacree93 ;LOL , thats a lotta gay
craigtraylor ;have you seen the show on show time queer as folk
jaffacree93 ;no , whats that
craigtraylor ;it was a gay series on showtime it ran years , HOT
jaffacree93 ;gay series ? , did they show like naked dodos ? , er doods ? , dodos lolol , im so dumb
craigtraylor ;what is a dodo ? , dick ?
jaffacree93 ;i fuckd my typing up ! ! !
craigtraylor ;duds , ya , all the time
jaffacree93 ;ya
craigtraylor ;you can buy the series at best buy
jaffacree93 ;what the queer showtime one ?
craigtraylor ;its like for the first season ya , Queer as folk
jaffacree93 ;o ok yea and then what do i tell my mom when she finds it ?
craigtraylor ;tell here you have a cur sh on the lesbian in it , lol
jaffacree93 ;lol , uhmmm mm yea no
craigtraylor ;i will send you a subscription to a man , mang
jaffacree93 ;lesbian saint usually p pepole ure supposed to have a crush on
craigtraylor ;fuck mag .
jaffacree93 ;a man fuck mag ?
craigtraylor ;no , Out like OUT OF THE CLOSET
jaffacree93 ;OUT , huhh ?
craigtraylor ;there is also the advi cite , no porn jsut gay news
jaffacree93 ;o i c
craigtraylor ;do you get comcast
jaffacree93 ;yea
craigtraylor ;they have an all gay channel now , LOGO
jaffacree93 ;o wow really ? , i dont think we get all the channel z
craigtraylor ;nit her do we , i droped the price a few months ago , seen all the movies on there an way
jaffacree93 ;yah
craigtraylor ;i get some good gay shows form net flix
jaffacree93 ;oohh netflix , kewl
craigtraylor ;yai like it ex pecial y since i have a program to copy any dve , dvd
jaffacree93 ;lol real ?
craigtraylor ;yep , are you chating with someone els ? , cheater ? , lol
jaffacree93 ;just u an my friend jessie , my GIRL friend jessie , FRIEND WHO IS A GIRL
craigtraylor ;you ant been puting nothing of yours in anything of heres your saying ? , lol
jaffacree93 ;no , sure have not be e , icky ! , lol
craigtraylor ;then you have a fish stick , lol , your stick will smell like fish
jaffacree93 ;a fish eew
craigtraylor ;lol
jaffacree93 ;ick ick ick , lol , ure so funny , now hon der that other dood like du so much
craigtraylor ;"i tell them \""put a band-aid on the thing and maybe it will heal . \"""
jaffacree93 ;why ?
craigtraylor ;open sore , that is what it looks like
jaffacree93 ;OMG , LOL , and it bleeds too ! ! , lolol oo ll or , funny
craigtraylor ;"ya have you heard that one , \""I don't trust anything that bleeds for two weeks a month and doesn't die ! \"""
jaffacree93 ;hahahaha , h ahh
craigtraylor ;women hate that one
jaffacree93 ;hey brb gotta go pee
craigtraylor ;"litte boy and little girl playing , she says show me yours and i will show you mine , boys says ok and shows his , little girl pulls her pants down and shows her s , little girl as the boy< can i touch yours ? , |litlle boy says , \"" hell no , you have alredy broke your off you an't touching mine ! \""|"
jaffacree93 ;k back , reading . . .
craigtraylor ;k
jaffacree93 ;lol thats funny ive heard that befor ei think , or i seen a cartoon like it
craigtraylor ;that was a long piss , you know if you shake it more than twice your playing with it not pissing , lol
jaffacree93 ;wel i went n talk to my mom quick too , LOL , i wasn't playin wiht myself ! ! !
craigtraylor ;sure
jaffacree93 ;i bet u were tho
craigtraylor ;no i wait till i go to bee , bed
jaffacree93 ;o i c
craigtraylor ;helps me sell p
jaffacree93 ;yea , i kno , lol
craigtraylor ;do you go to six flags at all
jaffacree93 ;the one close here ya
craigtraylor ;we will have to meet up there sometime , love rolla cost ers
jaffacree93 ;ok but how i gunna get there ? , OMG me ! , they rule
craigtraylor ;the six flags here sucks compaired to the one in ga , how do you us ly get there
jaffacree93 ;uhm well we went here for a field trip once and i went with jessie s mom and jessie a few x
craigtraylor ;something like that i guess
jaffacree93 ;fuckin hell
craigtraylor ;what now
jaffacree93 ;damn yahoo crashed , like boooo oooo ooo m crash , i think it ws my cams fault lol
craigtraylor ;it does that sometimes
jaffacree93 ;yea man , it sux
craigtraylor ;and i was about to get naked lol , nooo
jaffacree93 ;no oooo oooo , lol , i misss it ! , hehe
craigtraylor ;i am too o hariy for you an way lol
jaffacree93 ;lol whaaa ?
craigtraylor ;lol , jk
jaffacree93 ;uhm ok lol
craigtraylor ;don't get sassy with me missy lol
jaffacree93 ;i a int no chick
craigtraylor ;B- )
jaffacree93 ;I have a penis , girls have a vagina
craigtraylor ;ya but you have a boy pussy , sooo , lol
jaffacree93 ;so do u , lol
craigtraylor ;mine is closed On vacation lol
jaffacree93 ;ya but urs has been used x more than mine LOL !
craigtraylor ;grab yourself a ncie cucumber and have at it lol
jaffacree93 ;HUhh ?
craigtraylor ;i can't see ya
jaffacree93 ;oh ok , hold on
craigtraylor ;there ya are
jaffacree93 ;suu up
craigtraylor ;|i was going to send you a gay porn but , i don't want to get into trouble|
jaffacree93 ;how would uget into trouble ?
craigtraylor ;if someone found it , on your computer
jaffacree93 ;well im the only who has the PW , lol , its kewl tho , ohhhh sweet , lol
craigtraylor ;is it playing or downloading
jaffacree93 ;downloading
craigtraylor ;you can get lots of them off lime wire , free
jaffacree93 ;Whats limewire ?
craigtraylor ;it is a program you down load , free porn music an thing you want , you just have to watch for vi rious
jaffacree93 ;virus s sux
craigtraylor ;yep , logo is channel , did you get it
jaffacree93 ;yea , lemme look quick sec
craigtraylor ;k
jaffacree93 ;kewl , where did u get that ?
craigtraylor ;off line somewhere
jaffacree93 ;kewl
craigtraylor ;i have lots on here like that
jaffacree93 ;lol well i have
craigtraylor ;that will give you something to jo to later
jaffacree93 ;and u just gave it me lol , hahaha , how u know
craigtraylor ;becaus i was your age when i found my first gay mag , thought i was in heaven lol
jaffacree93 ;LOL , i like that movie i gotta be careful tho until my mom goes bed to watch it more
craigtraylor ;well jsut leave the cam on and a light low LOLB- ) , jsut joke ing
jaffacree93 ;hahahha
craigtraylor ;you didn't get it form me
jaffacree93 ;get what
craigtraylor ;thats right , is that the frist you ahve seen
jaffacree93 ;the st movie ya
craigtraylor ;cool
jaffacree93 ;ugh ill brb momz yellin ill brb , he allo
craigtraylor ;hay
jaffacree93 ;hay hay hay
craigtraylor ;found a link for you , edit
jaffacree93 ;ur cam is all dark
craigtraylor ;better ?
jaffacree93 ;yea , hi , oops , no laffin
craigtraylor ;did you go to that link ?
jaffacree93 ;yeah
craigtraylor ;that is what i ment with cucumber
jaffacree93 ;I see
craigtraylor ;see my baby
jaffacree93 ;lol , i dont have a cucumber lol , hey ur cam went dark again
craigtraylor ;produce section safe way lol
jaffacree93 ;ok yea and how do i get there ? ? , where ur cam go ? , or are u goin to bed
craigtraylor ;no , she is getting upset , wants to lie down
jaffacree93 ;O ok
craigtraylor ;she pushes me around untill she is happy
jaffacree93 ;h heheheh , bitchie ?
craigtraylor ;see she stole my pillow
jaffacree93 ;lol no i cant see , ur cam went dark , awww deres ur puppy ! ! , hehe
craigtraylor ;she has my pillow so she is happy , what did you think of that video link ? , he was hot hu ?
jaffacree93 ;hehe what do u do without ur pillow then ? , ya he was ok i guess
craigtraylor ;i ahve to set up , ok
jaffacree93 ;set up what , oh sit up , gotcha
craigtraylor ;is it working
jaffacree93 ;no
craigtraylor ;why do you look so sad
jaffacree93 ;im osrry ! , ive been up a long time
craigtraylor ;try reopening the cam
jaffacree93 ;im kinda tired lol , k , sez its not availab ble
craigtraylor ;there , you have to open it
jaffacree93 ;"there we go , hi ! , \"" )"
craigtraylor ;hi
jaffacree93 ;aww puppy again
craigtraylor ;maybe that will work
jaffacree93 ;yea i can see u now
craigtraylor ;it is freezing up on this end , your still chating wtih jessie
jaffacree93 ;yeaa a lil , shes about go to bed
craigtraylor ;cool , i guess you will too , i am out of coller s
jaffacree93 ;well in a bit , no more scmirnoff ? , smirnoff
craigtraylor ;nope , out
jaffacree93 ;sucky , go get more , and share lol
craigtraylor ;too late for that
jaffacree93 ;aww , nuts , lol
craigtraylor ;have to drive all the way to petal am a , lol
jaffacree93 ;LOL , is it that far ?
craigtraylor ;no like mile i guess
jaffacree93 ;blah that a int far , but i aint ridin my bike , lol
craigtraylor ;bus ? , lol
jaffacree93 ;lol this time of day ?
craigtraylor ;and bring me a cooler
jaffacree93 ;oo o k yea ill get rite on that lool
craigtraylor ;no they sell them untill two , i just want you to bring them , lol
jaffacree93 ;ok sure lol
craigtraylor ;if you ride you bike you can be here by day light lol
jaffacree93 ;LOL yea and then how do i get to school ?
craigtraylor ;shit forgot about that , hehe
jaffacree93 ;yea aa rite , lol , well after marro will have the week ek nd off
craigtraylor ;sorry , wrong key
jaffacree93 ;LOL , fat man w no money
craigtraylor ;where love them
jaffacree93 ;lol i dunno
craigtraylor ;think i will move chairs
jaffacree93 ;and u did , lol , hi
craigtraylor ;better
jaffacree93 ;so it seems
craigtraylor ;you have a mall close to you
jaffacree93 ;uhm whats close
craigtraylor ;movie place ?
jaffacree93 ;ya thers a place downtown
craigtraylor ;what kind of movies you like
jaffacree93 ;i kinda like scary ones
craigtraylor ;out side of si fi
jaffacree93 ;i wanna see snakes on a plane to
craigtraylor ;that looks stupid to me , I mean it is a snake , STEP ON IT
jaffacree93 ;i kno that s y i wannasee it lol
craigtraylor ;o you like silly films
jaffacree93 ;well i like scary films
craigtraylor ;did you see hostel ? , that was free ky
jaffacree93 ;yea d00d that was scary , i love it
craigtraylor ;i like scarry films but there not like they use to me , be
jaffacree93 ;u mean like they aint scary ?
craigtraylor ;ya and they have done it all , the old friday the th where good , The first ones
jaffacree93 ;lol yea they even did them get her freddy vs jason lol , ohh yea i seen the st one where it aint jason but his mom , lol an i tought i had a crazy mom
craigtraylor ;yep and it was scarry
jaffacree93 ;yea d00d
craigtraylor ;freddy vs jason i coud nt even watch it , got to pee
jaffacree93 ;oo shit , i g to g
craigtraylor ;how come
jaffacree93 ;my moms tellim me go to bed
craigtraylor ;k tomarrow ?
jaffacree93 ;she's tryin to get in the door lol , yeah , ill be on , ttyl have a great nite hugz
craigtraylor ;night hug zzzz
jaffacree93 ;MUAH
craigtraylor ;i see you made it one air ly lol
jaffacree93 ;hi ! , how r u craig
craigtraylor ;good kevin and you
jaffacree93 ;im good , not bad , hangin in there , bored as fuck , lol
craigtraylor ;why is that
jaffacree93 ;i dunno , i just thinkin that i got all weekend now to mahself and what m i gunna do beside watch stargate tonite ? nothing
craigtraylor ;lol you can run around the house naked and jo wherever you please for fun lol , your mom alredy gone ?
jaffacree93 ;yah , she is , she left this mornin
craigtraylor ;that sucks they didn't take you
jaffacree93 ;well what m i gunna do huh
craigtraylor ;"i thold you you should invite a school boy over , but your scared e , lol , jump a bus and come hang with me"">"
jaffacree93 ;hahah , uhm yea aa , i hate the bus lol
craigtraylor ;me too but it gets you there some time , s , i didn't relize that face blushes , why don't you have jessie over
jaffacree93 ;i dunno , shes buz y this weekend , we dont hang out every wakin gmoment lol
craigtraylor ;hell i didn't get out of the bed untill , but i was up in till , haven't even showered yet lol
jaffacree93 ;wow ! y were u upp until ? ? , lol , lazy ! , jk
craigtraylor ;just couldnt get to sell p , sleep
jaffacree93 ;well that sux
craigtraylor ;i have been haev ing trouble sleeping since daniel left
jaffacree93 ;aww u miss him ?
craigtraylor ;hell ya
jaffacree93 ;wait ya , lol u told me that , im sorry
craigtraylor ;its cool , grev ing process i guess
jaffacree93 ;i spose . . . , well , *HUG* , there
craigtraylor ;aww sweet , i guess i should go to town tonight a see what out
jaffacree93 ;what u mean ?
craigtraylor ;get out of the house and go drink and dance i guess
jaffacree93 ;o u mean like a gaybar ?
craigtraylor ;ya , hell may be i should try a straight bar , get me a straight boy
jaffacree93 ;LOl ! , like u use to
craigtraylor ;ype
jaffacree93 ;dont yawn fucker , now im do in it
craigtraylor ;well i can't see you , star treck is on
jaffacree93 ;ok hold on lemme get it , rlly ? kewl
craigtraylor ;spike , you have a lab top or desk computer , hi stud
jaffacree93 ;i have a desktop i pull teh keyboard over me
craigtraylor ;wow the light behind you
jaffacree93 ;HI SEXAH ! ! !
craigtraylor ;that is different
jaffacree93 ;LOL , well its day duh
craigtraylor ;ya jsut different , still see the winds hild wipers are going
jaffacree93 ;LOL that was low , ok ill stop moving my legs JUST U
craigtraylor ;so what is jessie doing
jaffacree93 ;she schatt in w me online
craigtraylor ;no it is cute , i mean this weekend
jaffacree93 ;she already ask to see my cam , oh i dunno pro olly chat online lol , shes always one
craigtraylor ;so she cna't come stay with you
jaffacree93 ;nope
craigtraylor ;that sucks
jaffacree93 ;eeh its ok
craigtraylor ;did it again
jaffacree93 ;what
craigtraylor ;i think all the dogs went to take a nap with ian
jaffacree93 ;aww how cute
craigtraylor ;bruno just ran trough
jaffacree93 ;so u sayin ure alllllll alone ? lol jk
craigtraylor ;yep , i reckon
jaffacree93 ;well gee , i guess u got me tho huh
craigtraylor ;ya that will work
jaffacree93 ;KEWL
craigtraylor ;i told ian i was going to plain the trip but i guess it is a little late for that , today i mean
jaffacree93 ;o ya why is that ?
craigtraylor ;well i think the agents have closed by now
jaffacree93 ;i guess , me bbie
craigtraylor ;:37 i think they all close at
jaffacree93 ;well if ya wanna go check quick
craigtraylor ;no i know they do
jaffacree93 ;i'll wait for ya , o o ok
craigtraylor ;i will cal monday
jaffacree93 ;o ok
craigtraylor ;so what time does your bus get here
jaffacree93 ;ok what bus , i dont have a bus , no bus here , lol
craigtraylor ;o well set at home and be board , lol , do you watch south pard , park
jaffacree93 ;heck ya its funny
craigtraylor ;they jsut advertized the one with micheal jackson , fucking funny , aww let me show you the view form the house
jaffacree93 ;LOL , that one kicks ass , ooo i get a tour huh ? lol , hard see , its brite
craigtraylor ;too much light
jaffacree93 ;i see trees , yea , u by the ocean ?
craigtraylor ;we are foo to bove the bay , we over look san quntion
jaffacree93 ;ooo i kno where that is ! , oooo u smoke ure baaad !
craigtraylor ;see my ladies he stands all day poor ing water , haha
jaffacree93 ;lo lure water bitch
craigtraylor ;yep , needed a smoke
jaffacree93 ;as ure cauffin up ur lung , lol
craigtraylor ;uep
jaffacree93 ;well i aint gunna smoke i did it once n almost puke
craigtraylor ;dont knoe if it is the smoke or the cold hanging on
jaffacree93 ;oo thats rite , u feelin better tho ?
craigtraylor ;i will show you the walls i built last month
jaffacree93 ;o wow ure handy , ok where we go in now lol
craigtraylor ;set down outside for a while
jaffacree93 ;kewl yea it is r lly nice out
craigtraylor ;let me grab my cig
jaffacree93 ;heh he ok
craigtraylor ;she hates smoking
jaffacree93 ;well ya , its bad u , lol
craigtraylor ;think i lost you
jaffacree93 ;u did , er i lost u , can u still see me tho ? , or no , ? / , h were did u go
craigtraylor ;a straying boy calling
jaffacree93 ;oo lol , ok
craigtraylor ;but he has a wife
jaffacree93 ;a wife huh
craigtraylor ;makes me feel bad lol
jaffacree93 ;lol well ya hes married
craigtraylor ;and three kids , i told ian if he calls back i am bussy lol
jaffacree93 ;lol kewl , U R busy , ur cam went dark
craigtraylor ;the puppy has something lulu wants , is it back ? , close that window , that work
jaffacree93 ;there u go
craigtraylor ;i need a coke brb
jaffacree93 ;k
craigtraylor ;better , i am addicted to coke , coke a cola , taht is , so why didn't you invite a friend over
jaffacree93 ;heheh u coke head u , i dunno
craigtraylor ;you should have , then down load straight porn you would have been set < )
jaffacree93 ;Lol , u mean those gay ones wont work ? ? lol , jk
craigtraylor ;they might but it starts off with the impression your getting at that is for sure , lol
jaffacree93 ;LOL , is pose eee
craigtraylor ;no need to hand him at owl if he gets hard on thoes e , lol
jaffacree93 ;if it was easy as u say i wouldnt still be a virgin heh
craigtraylor ;you don't try that is why you a virgin , it is that easy , boys your age are all into that shit with other guys , they are horney and scared of girls
jaffacree93 ;eeh
craigtraylor ;boys are more easy to understand
jaffacree93 ;i dont wanna be called a fag tho , hey ! , dont roll ur eyes at me , i saw that , ! ! ! , rawr
craigtraylor ;if he sleeps whith you he want call you a fag , did you get to watch the one i sent you
jaffacree93 ;yea , i did , it was kewl
craigtraylor ;cool , did you tell jessie what i told you to do with one of your school friends ? , or do you guys talk about that shit ?
jaffacree93 ;well she knows im gay but i a int talk into her bout anyone i talk to
craigtraylor ;cool , jsut wondering
jaffacree93 ;ya , shes kewl with me bein gay , she mite be bi
craigtraylor ;has she been with a girl or a guy ?
jaffacree93 ;uhm , shes been with a guy but no girl , she mite be bi
craigtraylor ;how old is she
jaffacree93 ;ok ure laffin at my legs , yeah
craigtraylor ;and she has had sex
jaffacree93 ;see i kno u , yea ! , u believ that ? , im like the last virgin , i sware
craigtraylor ;man you kids try to get started to ooo damn soon now , that is too much man , save yourself for some tings pical
jaffacree93 ;well she dont care she sez it was fun , when she did it
craigtraylor ;or the first cute quater back you bring home lol
jaffacree93 ;LOL , u and ur quater backs
craigtraylor ;they and the top conquest in high school arn't they , ? , lol , i wnat to see this new movie coven
jaffacree93 ;coven ? , whats it about ?
craigtraylor ;the best i cant hell it is about a group of male with che sw or locks with great power , and they are all hot
jaffacree93 ;hmmmm
craigtraylor ;comes out sep i think
jaffacree93 ;whos in it ?
craigtraylor ;no one i know , new boys
jaffacree93 ;oo kewl
craigtraylor ;why you squinting , too much lihgt ?
jaffacree93 ;kinda may be , but the blind is all the way close teh piece o shit
craigtraylor ;you need drapes over you blinds , but the light is good for one i guess
jaffacree93 ;yea , drapes r expensive aint they hto ?
craigtraylor ;i need more sun that is
jaffacree93 ;tho ? , hahaha yea u do OOOWWW WHITE ! , lol jk
craigtraylor ;white boy big tiem
jaffacree93 ;i m the same way
craigtraylor ;look and this shit , socks and legs same color , lol
jaffacree93 ;course u saw that the other day , yeah
craigtraylor ;|i like the sun but fuck , it kills us white boys lol| , i watched all of your videos last night
jaffacree93 ;o yea ? , oo no , imm barra r seed now , lol
craigtraylor ;"like \""the ninga has disapeared into the grass\"" lol/ ."
jaffacree93 ;it did !
craigtraylor ;still no sound on the song , but some cute ass wiggling
jaffacree93 ;LOL
craigtraylor ;lol
jaffacree93 ;u were lookin at my ASS ! , hahaha , ure better at it than i ever was
craigtraylor ;well don't turn you back to a cam and wiggle if you don't want people to see you wiggle your ass >
jaffacree93 ;hehehe yea u like it u kno u did , lol
craigtraylor ;i have to say it is quite cute , B- )
jaffacree93 ;hehe , real ?
craigtraylor ;i think if i meet you on the street though i would know your gay , we us ly know one another
jaffacree93 ;ohh ! , gaydar rite ? , ive heard of gaydar
craigtraylor ;ye[\ , yep
jaffacree93 ;yea i got one fot hose
craigtraylor ;well why arn't you using it at school
jaffacree93 ;im kiddin , i have no idea who s gay , lol , i mean i have ideas , like that one kid , but he s not r lly cute
craigtraylor ;and he isn't a virgin ? , i don't mean that in a bad way
jaffacree93 ;i have no idea
craigtraylor ;ment your probly NOT the only one
jaffacree93 ;he prolly a int , im the last virgin ever
craigtraylor ;no way boy
jaffacree93 ;yes way , i sware
craigtraylor ;most guys and girls wait until l or
jaffacree93 ;scout honor , lol
craigtraylor ;some longer
jaffacree93 ;ure just say in that
craigtraylor ;no relay
jaffacree93 ;OK , how old WERE U THEN ? , HUH ?
craigtraylor ;hell i was
jaffacree93 ;ohh , rite , damn , bad xample
craigtraylor ;i was like you scared but i also tried not be gay
jaffacree93 ;ya so u were nt with a dood or chick till u were ?
craigtraylor ;in alabama you didn't say that shit in the s
jaffacree93 ;tru
craigtraylor ;chase ing the don , dog
jaffacree93 ;woof !
craigtraylor ;ya the only thing you know about dogs is dog ie style , lol
jaffacree93 ;so mean
craigtraylor ;that is one reason i sent you the video
jaffacree93 ;y is that
craigtraylor ;i bet you didn't know men have as many positons as boys and girls did you
jaffacree93 ;well no , but there were like that they did rite ? , or , or ? , hell they w re all look fun lol
craigtraylor ;i think or
jaffacree93 ;well there i can't count
craigtraylor ;fucking public school education , lol
jaffacree93 ;i'll just have to watch again n count again lol
craigtraylor ;you was probly to bussy with your toy to count lol
jaffacree93 ;toy ? ? ? ? , WTF u talkin bout , yea dats rite , smack !
craigtraylor ;ouch , S&M boy
jaffacree93 ;huh ? , WTF is S&M boy
craigtraylor ;S&M satio mastic , likes pain with sex
jaffacree93 ;pain w sex ? , strange
craigtraylor ;i am into some bondage but now pain , like had n cuffs , ropes , shit like that
jaffacree93 ;yea u told me that be4 , sounds kinda kewl i spose
craigtraylor ;tie up some cute guy and teas him , make him beg , love it
jaffacree93 ;lol , see ure so mean ! , jk , woudl u be mean like that me ?
craigtraylor ;"like the straight boys \""O it hurts ! \"" Want me to stop \""NO NO Its cool\"" , lol"
jaffacree93 ;lol
craigtraylor ;ya it hurts for a sec or two
jaffacree93 ;no no is kewl , what hurts
craigtraylor ;then its all good , anal sex
jaffacree93 ;ooo ya , i hear that be4
craigtraylor ;ya there is some pressure and it is uncomfortable at first
jaffacree93 ;but it a int bad
craigtraylor ;if the guy t hakes his time and you relax , it starts to feel good quick
jaffacree93 ;kewl
craigtraylor ;but if the guy trys to force it or you don't relax it sucks , same with a girl
jaffacree93 ;damn now y did u tell me this . now i really wanna try it , rawr !
craigtraylor ;lol , make sure you have good lube , THAT MAKES A WORLD OF DIFFERANCE , liek KY SILK
jaffacree93 ;well whats good lube , oh whats that ? , i mean where u get it ?
craigtraylor ;any drug store or wal marg , mart , us ly near the condom , one sec
jaffacree93 ;k
craigtraylor ;this is a new one
jaffacree93 ;hey ill brb
craigtraylor ;this is a new one but they come in much smaller bottles like inch bottles KY silk this is a massage type also
jaffacree93 ;howdy
craigtraylor ;hey
jaffacree93 ;my freakin cam froze up , and urs went dark lol , so i can buy this KY stuff ?
craigtraylor ;i think after it doesn't detect motion it stopes , ya you dont have to be any cir tian age
jaffacree93 ;lol wel i can just borrow urs , hey im gunna restart yahoo see if my cam comes back on its not working
craigtraylor ;ok , hi again
jaffacree93 ;hello , UGH ! , my fuckin webcam , its like not working
craigtraylor ;it still fuckng up hu
jaffacree93 ;it says sorry no webcam was found on your system , yeah , hold up a sec lemme try something
craigtraylor ;make sure it is still pluged in , ota
jaffacree93 ;yay !
craigtraylor ;got ya , see the bottle
jaffacree93 ;ys , i did , i said that i can borrow urs i dont have to buy it lol
craigtraylor ;they make a smaller one , lol , it is used by stra gint poeple also
jaffacree93 ;o ya ?
craigtraylor ;so you dont have to be worried a bot buying it or you mom finding it
jaffacree93 ;ooo ok kewl
craigtraylor ;she will think your either jerking off with it or haveing sex with a girl
jaffacree93 ;LOL , she almost caught me do in it once , jo not sex w a girl
craigtraylor ;that would be odd for ya hu ? , hehehe , your first time
jaffacree93 ;u ever been busted be4 ?
craigtraylor ;not by mom but my brother
jaffacree93 ;lol real ? ? , what did he do ?
craigtraylor ;ya just laugh ted his ass off he was to young to understand , he is to w years younger than me
jaffacree93 ;hahah , did he ask what u were doin: ?
craigtraylor ;"no he jsut laughed and thought i was crazy , i cought him a couple times and said \""ant so funny now is it ? lol"
jaffacree93 ;LOL ure so mean , its funny tho
craigtraylor ;"any way your first time to have anal sex , when you get red y , to start it is best if one guy lie on his back \""face up\"" , and the other to straddle him IE set on his dick , that way the guy on top can control e how fast and get comfortable , in a few min he will be bounce ing like ride ing a pony , lol"
jaffacree93 ;really , interesting , soooo , like the guy bein the bottom part should be on top ? , lol that made no sense
craigtraylor ;bottom means your the fuck ie not the fucker , lol
jaffacree93 ;rite
craigtraylor ;IN YOUR BOTTOM get it
jaffacree93 ;but ure say in that the fuck ie , sould be on the top ?
craigtraylor ;to start ya
jaffacree93 ;I C
craigtraylor ;look
jaffacree93 ;uh huh
craigtraylor ;get it
jaffacree93 ;uhm i think
craigtraylor ;not like this , but , see , ?
jaffacree93 ;yes , i did s see , thanks
craigtraylor ;lol , after the bottom is relaxed you can move any way you want
jaffacree93 ;dats kewl
craigtraylor ;i think i will go take a shower
jaffacree93 ;ooo ok
craigtraylor ;wash some stink off
jaffacree93 ;actaully i ithink i should too
craigtraylor ;lol
jaffacree93 ;lll U SMELLY U , hehehe
craigtraylor ;does you cam reach the show re , we can shower to got her lol , >
jaffacree93 ;lol that would rule
craigtraylor ;mine does but your want hehe
jaffacree93 ;lol , hehe , ok , img uu nn ago shower now , ill brb tho
craigtraylor ;i wil be back in min or so , you must have gotten that ass good and clean lol , hell i showered shaved and took the dogs for a walk in that amount of time , <ding> , you there ?
jaffacree93 ;howdy , yeah sorry , im tryin to get my fucking cam to work agian , it is been fucky
craigtraylor ;try rebooting your computer
jaffacree93 ;i did
craigtraylor ;awww , what was it last time
jaffacree93 ;unplug a litilte bit
craigtraylor ;did you reboot after you pluged it back in
jaffacree93 ;no
craigtraylor ;try that
jaffacree93 ;ok , ill brb then
craigtraylor ;ta , danm boy , lol
jaffacree93 ;hii , w add up
craigtraylor ;nothing here lol you ?
jaffacree93 ;nuttin much
craigtraylor ;did you get good and clean
jaffacree93 ;yesh , i did , did u ? , ur cam aint working
craigtraylor ;ya you look prety now , lol
jaffacree93 ;there u are , lol , awww thax ! , u , *HUGZ*
craigtraylor ;i feel better h , may be want yawn now lol
jaffacree93 ;lol , good ! , the mr contagious e , like her pies , lol
craigtraylor ;you look like me need a hair cut , yuck
jaffacree93 ;yeah i could pro ly use one
craigtraylor ;i realy need e one , fuck both our cams are freezing fuckin gyahoo
jaffacree93 ;o i know , yahoo rl lys ux , but i guess its be ttr then nuttin huh
craigtraylor ;its better than nothing i guess , lol , at the same time , lol
jaffacree93 ;gimme my brain back ! , lO<L , LOL
craigtraylor ;lets see if i did this right
jaffacree93 ;fix , ur cam ? , i think , i can see u movin at least
craigtraylor ;something els , it fixed itself , where did it go
jaffacree93 ;ur cam or mine ?
craigtraylor ;no they are workin gknow , got it one sed , sec
jaffacree93 ;k
craigtraylor ;o well i will later , i captured your pic off can and was going send it to you
jaffacree93 ;awwww , did i look ok ?
craigtraylor ;but of course !
jaffacree93 ;! ! , sweet , i hate some pix of me , i look SO dum
craigtraylor ;i hate all of mine , i have one or tow form long ago that are ok , it is hard to take a good pic with blond hair
jaffacree93 ;yea aaa , well , i like urs on your profile a lot , and u look good on the cam , better today u don tlook like ur so sick like u did the other day lol
craigtraylor ;ya feel better , lol asshole , your leggs move in now makes you look like your fucking you bed the way your lieing lol
jaffacree93 ;LOL ! ! ! , im not fuckk in my bed , OMG , i cant believe u said that
craigtraylor ;i know but it looks very provo c itive , being honest , lol
jaffacree93 ;o yea ?
craigtraylor ;:x
jaffacree93 ;should i do it again ? lol jkk , heheh hee , i llll take that as a may be
craigtraylor ;maby in your underware> , give the old man a hard atack
jaffacree93 ;lol , who the dood u live wiith ? , he aint watchin is he ?
craigtraylor ;ian , no
jaffacree93 ;lol ok
craigtraylor ;he never looks at the computer
jaffacree93 ;o ok does he kno how to turn it on ?
craigtraylor ;ya he has one in his room , a mac
jaffacree93 ;ugh , i hate macs
craigtraylor ;same here
jaffacree93 ;the school has some , in the lab
craigtraylor ;|jsut hard to work with but , they run better than pc i think| , dont free z up so much
jaffacree93 ;"yea i was usin one to type a repor t an then it froze n said \""OK IM SHUTTING DOWN NOW YOUR FUKKED MOTHAFUCKA ! ! \"""
craigtraylor ;the mac ?
jaffacree93 ;yeah
craigtraylor ;well it was the truth lol , your FUCKED
jaffacree93 ;i was fukk ed
craigtraylor ;D
jaffacree93 ;i had to type it all vo er again
craigtraylor ;Did you like it ? , geting fucked that is , lol
jaffacree93 ;hahaha no it hurt i didnt use lube LOL
craigtraylor ;now you know
jaffacree93 ;yes now i know
craigtraylor ;i think that is what you did in the shower so long , found your mothers little friend or some igh it n , lol , MADE YOU BLUSH
jaffacree93 ;"""> , how rude"
craigtraylor ;justin tu ative , B- ) , i like this one goes so well for you , lol
jaffacree93 ;u bitch
craigtraylor ;your fun to tease , i seen you wiggle like janet jackson in your video
jaffacree93 ;mmm hmm , u kno u like it , mm hmm , u wish u had my moves biach ! lol
craigtraylor ;someone calling , probley the straight boy again
jaffacree93 ;hehe u an ur str8boys
craigtraylor ;hell i woudl put you to sham on a dance floor
jaffacree93 ;i bet u'd like me more if i wuz str8 huh , o reaally ?
craigtraylor ;give me a couple drinks and bam !
jaffacree93 ;LOL
craigtraylor ;lol
jaffacree93 ;u drinkin nite again ? , ur Smirnoffs ?
craigtraylor ;don't know yet , if i want any i have to go to the sto or , unless your bringing it too me
jaffacree93 ;lol oookay yea ill get rite on that geez , i a int got no fake id , i a int got no car
craigtraylor ;you better hurry getting late
jaffacree93 ;how do i buy it ? , i aint got no money cept $20 for pizza
craigtraylor ;that is all for days , is that window behind you locked ?
jaffacree93 ;yea , u hmmmm i think so , its the nd floor
craigtraylor ;O shit makes it hard to crawl in , ladder is too big for car
jaffacree93 ;hahha a , u are always think in a intu
craigtraylor ;see latter
jaffacree93 ;yea , u use that lots huh
craigtraylor ;just like flu rting , no i built a solar water heater on roof
jaffacree93 ;oo kewl
craigtraylor ;haven't put the latter u , up
jaffacree93 ;u like flu rt inn huh , :X
craigtraylor ;o ya , boy pussy
jaffacree93 ;LOLOL , u an ur BOYPUSSY ! , hah
craigtraylor ;you know waht that is called , tosing the salid ?
jaffacree93 ;huh ?
craigtraylor ;tossing the sal id
jaffacree93 ;what about it
craigtraylor ;you know what the is ?
jaffacree93 ;uhm yeah its food , salad
craigtraylor ;no
jaffacree93 ;no ? , well WTF is it ?
craigtraylor ;when you lie a guy on his s tomic and eat his ass with your toung
jaffacree93 ;OMG , well i GUESSSS u could call that food , HELLO ! , CRAIGS HOUSE O BOYS
craigtraylor ;cheri ty , give me money
jaffacree93 ;cherity ? , ohhhh IC , heheh
craigtraylor ;SUCK MY DICK
jaffacree93 ;i'm a cherity gimme money ! ! , U want me suck ur dick ? lol
craigtraylor ;what do i get><
jaffacree93 ;ohhh the cheri ty people z , U want me suck ur dick ? lol , heheheheh he
craigtraylor ;damn boy
jaffacree93 ;what
craigtraylor ;your any good ?
jaffacree93 ;uhmmm mmmm mmmm mm , yes ?
craigtraylor ;how you know are yo one of thoes e limber boys who can suck his owne , O ya see you do cartwilts
jaffacree93 ;no im just figuring
craigtraylor ;you can't , lol
jaffacree93 ;no i sure cant , have u tried be4 ? , to do it ?
craigtraylor ;"i can bend that far and \""wont reach my mouth , put my back out for a week lol , wish i could , fuck who needs a man ?"
jaffacree93 ;LOL , hahah , u never need a bf ever again , hell if i could do that id never leave my house
craigtraylor ;well i do like to fuck some cute ass , so NO , wont work
jaffacree93 ;lol , u mean cute ass like mine ? lol jk
craigtraylor ;I don't know how to answer that one so , hahaha
jaffacree93 ;BOYPUSSY !
craigtraylor ;no if i did you would be calling all the time comeing over , get me intro u bole , cause I TAT GOOOD , lol
jaffacree93 ;lol , how u get in trouble ?
craigtraylor ;cause your jail bate , OMG , lock old man up
jaffacree93 ;awww , i woud nt tell no , not even jessie
craigtraylor ;your keep moveing thoes e legs the way your lieing to hugh t , YOU BETTER LOCK THAT WINDOW , LOL
jaffacree93 ;LOL , ure latter will get used huh ?
craigtraylor ;YOUr mom will come home and want to know why your walking funny !
jaffacree93 ;LOL , wait i thought u say that url u be u showed me works good tho
craigtraylor ;|ya but , think about it a mucle that gets over worked is a bit sore the next day| , not pain but , lol
jaffacree93 ;hmmm . . . true , does it rlly hurt like that ?
craigtraylor ;no if you know what your doing 't it doesn
jaffacree93 ;wellt hats good
craigtraylor ;some guys like to get pounded tho gh so they are sore the next day
jaffacree93 ;really ? , like the pain ? , they like the pain ?
craigtraylor ;ya and getting fucked hard
jaffacree93 ;wow , u ever meet some 1 like that , ?
craigtraylor ;|it can be fun to fuck them but , no romanice| , lots
jaffacree93 ;IC
craigtraylor ;poeple are odd everyone has their own things
jaffacree93 ;I spose
craigtraylor ;lots to do with how they started out
jaffacree93 ;like how they starteed ?
craigtraylor ;|well like guys i meet that come out when they where your age tind to be kind of fim . whereas , guys that come out in their s tend to be mancho| , latin men like to get pounded
jaffacree93 ;fim ?
craigtraylor ;ya act like women , lots of ssss sin liss ssp , you know
jaffacree93 ;oohhh , ok , yeah , i know , yessssss itsssss like a ssssssssnake
craigtraylor ;i heard a few sss in your video o , doo
jaffacree93 ;awwww w , so thats y u doint like me ?
craigtraylor ;not www ww ssss
jaffacree93 ;i cant help it , assssssssssssssssssss
craigtraylor ;don't like you
jaffacree93 ;there better
craigtraylor ;what the hell is that , your a little stud
jaffacree93 ;what the hell is what , ohh kewl , thanks , ure abigger stud
craigtraylor ;maby but this stud has about run its corse~x (
jaffacree93 ;whats that ? ? ? , u kno ure cute or u wouldnt have just had a bf ! ! !
craigtraylor ;got lucky i guess , in the right place at the right time , it is easy to have a bf it is hard to hold on to love thought , |like i can call different guys over right now but , fuck who wants them|
jaffacree93 ;i spose , am i one of those ? lol jk
craigtraylor ;i had rather jo than put up wiht someone i don't care about , I don't know are you ? B- ) , lol you wont even bring me a dir nk
jaffacree93 ;LOL no cuz u dont have my phone , ye aim such a dick a int i
craigtraylor ;don't know yet ! , O you ment personality lol
jaffacree93 ;YEA ! , LOL
craigtraylor ;are you a big boy ?
jaffacree93 ;big boy ? , i a int fat , or u mean my dick ?
craigtraylor ;ya , do you need both hands to jo with>
jaffacree93 ;"its like around \"""
craigtraylor ;that is good for your age
jaffacree93 ;realz ? , kewl
craigtraylor ;ya , you will probly add a couple inches
jaffacree93 ;but urs is like huge , well that would kick ass
craigtraylor ;no it is only , if you have been on craigs list you probly seen it , do you look at the adds there , i put an add on there of my dick and ask for a bj
jaffacree93 ;OMG
craigtraylor ;always get one lol
jaffacree93 ;rlly ? , LOL
craigtraylor ;ya , there always nude pics on there , but i only put that part
jaffacree93 ;so not ur face
craigtraylor ;nope\ , Ian went to get me a drink , so fuck you and your fake id
jaffacree93 ;kewl
craigtraylor ;lol
jaffacree93 ;huh ? , ohh ! , h haha , i dont HAVE one , thats what I TELL u
craigtraylor ;i know
jaffacree93 ;i dont even have a REAL ID
craigtraylor ;fucking with ya
jaffacree93 ;lol , ohh ok
craigtraylor ;i don't think you could get away with it , daniel could , we went to seattle
jaffacree93 ;o yea ?
craigtraylor ;he went into every bar and never got carded , at
jaffacree93 ;wow , so he look old huh
craigtraylor ;or so
jaffacree93 ;did he look when he was ? , er , did he look when he was ?
craigtraylor ;that is him at , little stud , that is my shirt he is wareing
jaffacree93 ;hey i gotta go pee n get some coke ill brb
craigtraylor ;him at
jaffacree93 ;howdy , eatin dinner ?
craigtraylor ;howdy , finishing a pork chop form breakfeast , you cam is off
jaffacree93 ;mmmm pork chops
craigtraylor ;have you had them with cream of mushroom soup on them
jaffacree93 ;hmmm no i don thtink so , is it good ?
craigtraylor ;hell ya , you fry them like normal
jaffacree93 ;well i dont cook lol , do u ?
craigtraylor ;ya i cook every day
jaffacree93 ;awesome so ure like good at it ?
craigtraylor ;prety good , everyone likes my cooking , i can make stuff f for mares truant or souther cooking , it is easy
jaffacree93 ;kewl !
craigtraylor ;does you mom cook pork chops fried ?
jaffacree93 ;uhmmm , lol she dont cook much either , my gramma doe tho
craigtraylor ;she fries them , ? , my coolers are here hahaha
jaffacree93 ;yea i think so , aww ! ! ! share
craigtraylor ;you ant here
jaffacree93 ;ya , i kno , bring me some lol
craigtraylor ;i don't know where you live , and you might get me in tour ble lol , did you see that
jaffacree93 ;awww y u think id get u in trouble ? , yea a kind aure gettin kinda dark tho lol
craigtraylor ;better ?
jaffacree93 ;a lil yea
craigtraylor ;ya trouble
jaffacree93 ;ok if u say so
craigtraylor ;don't know i think we had better jsut flurt don't you ? , lol
jaffacree93 ;no but like i say if u say so , ure the one w the wheels , not me
craigtraylor ;well you haven't invited me eiter , so , lol
jaffacree93 ;uhhhh h , i THOUT i did
craigtraylor ;nope
jaffacree93 ;ok well , what u doin tonite ? lol , u think u mite wanna hang ? , LOL
craigtraylor ;may be getting into tou blue , lol
jaffacree93 ;hahaha , aww , FINE but i don tlook like trouble do I ? , O
craigtraylor ;no but never know\ , your mom might have someone checking on you
jaffacree93 ;LOL riiight , who ?
craigtraylor ;he couldnt find cool ors , so look
jaffacree93 ;she hates all the neighbors n my nearest relativ is in LA , UGH ! , smi rn of
craigtraylor ;ya black cherry prty good , but not a cool or
jaffacree93 ;black cherry yummy , i think that s the stuff i had be4
craigtraylor ;rum or coolor , so like if i did visit you what to do watch a movie or something , would you behave ? , O ? ? ? ?
jaffacree93 ;lol
craigtraylor ;or you trying to loose the virgin thing ? >
jaffacree93 ;well ya ! thats what i told u , NO im saving it in a piggy bank lol
craigtraylor ;i wouldn't mind meeting and watching a movie but i don't know about other
jaffacree93 ;for a rainey day
craigtraylor ;lol
jaffacree93 ;well what movie the onez u sent last nite lol , cuz those were good , lol
craigtraylor ;i might give you a few to watch later
jaffacree93 ;s sch weet
craigtraylor ;i cold burn you a dvd , or two
jaffacree93 ;hmm . . . . id just have to hide them good , uhm mom ? yea its not my gay porn i sware !
craigtraylor ;not rely just stick them with your music and lable them as rap , she will never know , lol
jaffacree93 ;hmmm , tru i dont think she likes rap , so yea i spose if u came over we could chill , u bring me some s mir no off , plz zzz zzzz eeee
craigtraylor ;colors only
jaffacree93 ;colors only ?
craigtraylor ;no rum , \your tooo young for that , a couple collor s want killy a
jaffacree93 ;ohh ok the smirnoff s , ya hard booze id be GONE lol
craigtraylor ;then i could use you and you wouldn't know , can't get in toruble lik
jaffacree93 ;LOL
craigtraylor ;lol
jaffacree93 ;so mean ! , u dont want me remmeber my st time ? , LOL , thats teh point ! , so i kno what do !
craigtraylor ;in the morning i could jsut tell you your not a virgin anymore and you will never knw , know , but you can say your not LOL
jaffacree93 ;lol , but my funny walking sez otherwize ? ? ?
craigtraylor ;noi can make it not hurt ex pecial y if your past out lol
jaffacree93 ;LOL , hows that ?
craigtraylor ;even shower you up after to clean the lub and THERE YA GO , lol
jaffacree93 ;hahaha , dayum ! , ure like so funny , i kno u aint mean like that
craigtraylor ;no i would never do that
jaffacree93 ;its funny tho
craigtraylor ;you a boxer or a breef guy
jaffacree93 ;i wear box xer sandbox xer briefs
craigtraylor ;to oo cute
jaffacree93 ;what about u ?
craigtraylor ;boxer or boxer b reef , have both
jaffacree93 ;kewl
craigtraylor ;your getting coy on me now arn't ya
jaffacree93 ;noo , well , whats coy
craigtraylor ;i see you
jaffacree93 ;lol , shy ?
craigtraylor ;all slip ing down in the bed
jaffacree93 ;hehehe , hi !
craigtraylor ;i do have a couple good gay films to watch no porn in them
jaffacree93 ;o ya ? , which ones
craigtraylor ;cow boys and angles , couple others i will haev to look
jaffacree93 ;k , kewl
craigtraylor ;broke back mnt , and the fourth season of queer as folk
jaffacree93 ;OHH ! , i really wanna see brokeback , i havent seen it yet
craigtraylor ;it is ok not great but good
jaffacree93 ;i still wanna see it
craigtraylor ;i even have a copy you can have
jaffacree93 ;ohh well i dunno if my mom finds it lol
craigtraylor ;no picture on the disk
jaffacree93 ;oooo ok lol , ure smart
craigtraylor ;just put rap on in and stick it with music
jaffacree93 ;yes , and then when i wanna see it again ill go what the fuck did i put on that damn dvd again , lol
craigtraylor ;put bork e black men sing , lol , sing on a mnt , underline bork e and mnt
jaffacree93 ;lol , ure so smart , how u get to be so smart , lol
craigtraylor ;or black men on each other , the will get mom's attention
jaffacree93 ;haha yea , riiight , LOL
craigtraylor ;i can see part of your mono ter in the window now
jaffacree93 ;o ya ? , hey so can i lol
craigtraylor ;ya but it don't reflect you ass at all , damn it , lol
jaffacree93 ;LOL , u wanna see my ass ?
craigtraylor ;is it prety ?
jaffacree93 ;yea ! , its the best ! , best boypussy evah ! , lol
craigtraylor ;o ya
jaffacree93 ;u like that one huh ?
craigtraylor ;your crazy , i thought you someting bad didn't i ?
jaffacree93 ;-} , yea , u did
craigtraylor ;i see yo know with the quarter back in the back of a cay , car , FUCK my boy pussy big boy !
jaffacree93 ;yea now all i need is a car !
craigtraylor ;you going to dance for me if i come\
jaffacree93 ;oh heck ya , u like my dancin i know it
craigtraylor ;well then i guess i could hear the words to the song lol
jaffacree93 ;LOL yea thats rite , ure in for a treat e
craigtraylor ;i will if you promis to keep dressed
jaffacree93 ;i can make no promise
craigtraylor ;do yo realy want me to or just jokeing ?
jaffacree93 ;hey dood i like u a lot ive really enjoy talk into u
craigtraylor ;same here
jaffacree93 ;i kno u could never heart me , er hurt , ure toooo much of a NICE guy ! !
craigtraylor ;ya but we have to be good , movies , cool
jaffacree93 ;have be good ?
craigtraylor ;mayve a shower > , lol
jaffacree93 ;hehehe , shower = good , >
craigtraylor ;well its is up to you
jaffacree93 ;ok , i kno its no pressure
craigtraylor ;i bring coolors and broke back
jaffacree93 ;i would like kno how to do stuff tho u would nt make fun of me if i did sumthing wrong or bad would u ?
craigtraylor ;no i can answer anthing you ask
jaffacree93 ;ok kewl
craigtraylor ;i know you want to know things
jaffacree93 ;eya , yeah
craigtraylor ;i wouldn't tease much , lol
jaffacree93 ;much LOL , URE TEASIN ME NOW ! ! LOL
craigtraylor ;your the tease
jaffacree93 ;aww i kno u tease cuz u luv >< , IM the tease ? ! ? ! , LOL
craigtraylor ;but of coures i do
jaffacree93 ;ok ill stop if its buggin u , i just like u a lot
craigtraylor ;no its cute and makes be feel young so no harm in teasing
jaffacree93 ;LOL ok , feel young u r young geez listen u like n old grampa , HEH SPEAK UP SONNY ! , GET OFF MY GrASS ! , LOL
craigtraylor ;not hardly to be a grampa but a your fater ya
jaffacree93 ;my neibor lady always eylls at kids to get off her grass its so funny
craigtraylor ;"GET OFF MY GRASS YOU NIGA I SEE YA DAMN;T IT"
jaffacree93 ;lol
craigtraylor ;"|next time drop your pants , take a shit and tell her . \"" that spot needed fertilizer miss ! \""|"
jaffacree93 ;lolol zzz , omg thats funny y , u make me lauff to much , it hurts !
craigtraylor ;you so crazy
jaffacree93 ;-}
craigtraylor ;->
jaffacree93 ;hehehe o
craigtraylor ;damn there back\
jaffacree93 ;really ?
craigtraylor ;the yawm , let me go smoke and you let me know when i get back if you want to visit , k , brb
jaffacree93 ;ok
craigtraylor ;ok , ota
jaffacree93 ;howdy
craigtraylor ;how wwww dy
jaffacree93 ;HOOooWWWWWDY ho
craigtraylor ;ho how you call a ho you tramp , lol , you getting tired ?
jaffacree93 ;lol a lil , school is so early ! , dood it sux
craigtraylor ;ya it is hell getting up for me at pm , lol
jaffacree93 ;YEAH ! , u have it SO SO ruff , p ooo or craig lol
craigtraylor ;i know PITY MEEEE , lol , i would like to see you closet though see what kind of colors you have , all i have seen is dark , which is cute , but blue on you would be cuter , you there ? , cam froze , back again , or working now , see taht foot going
jaffacree93 ;lol , yup
craigtraylor ;jessie on
jaffacree93 ;yea , she mite be goin to bed soon tho
craigtraylor ;i knew something was distracting you lol
jaffacree93 ;yea , she was tell in me about her mom , she hates her mom
craigtraylor ;well taht sucks , but girls us ly hate mom and boys hate dad , all the same
jaffacree93 ;my dads pretty kewl
craigtraylor ;thats good , strech
jaffacree93 ;hehe , hey ill brb i gotta peeeee really bad , ok ?
craigtraylor ;cams stoped
jaffacree93 ;the fuckk , what happened , this cam hates me
craigtraylor ;yahoo i guess
jaffacree93 ;lemme try restarting it
craigtraylor ;how can it hate a prety face like that
jaffacree93 ;i know rite ! ! lol , lemme restart yahooo brb
craigtraylor ;mine stoped too , ota
jaffacree93 ;the fuckin hell , i dont get it
craigtraylor ;what , working now ?
jaffacree93 ;i dont think so
craigtraylor ;nat king cole is singing
jaffacree93 ;awww that pic is soooo , cute
craigtraylor ;lol , that is him at
jaffacree93 ;ure so cute get her , o wait , i prolly shouldnt say that since u miss him huh
craigtraylor ;its cool , he may come back but if he doesnt i know we still have the love we have had , |so , i don't regret it|
jaffacree93 ;tru , and if he comes back then u kno it was suppose to be rite ? , aww there u r again
craigtraylor ;i think that is the one on my yahoo porfile , crop ed thought , he is there
jaffacree93 ;its kewl , i like it , so he was and u were
craigtraylor ;ya
jaffacree93 ;u still look the same
craigtraylor ;mostly
jaffacree93 ;no u do , still good
craigtraylor ;i have prety much looked like this way since or so
jaffacree93 ;kewl , w the goatee n everythin ?
craigtraylor ;awww thinks , ya i have had a gotee for about years , still can't get the cam going ? , hello , <ding>
jaffacree93 ;yo baby yo baby , sorry ::
craigtraylor ;thougth i lost you , you still haveing problems ?
jaffacree93 ;ye ashes be in all ll sorts of drama , and im tryin to get my cam to work too
craigtraylor ;got you
jaffacree93 ;women r so good at drama
craigtraylor ;you think women are meet a latin man , DAMN
jaffacree93 ;LOl are they THAT bbad ?
craigtraylor ;hell ya , i know i was attracted to latin men at first , now NO WAY , all the same
jaffacree93 ;LOL big trouble then huh
craigtraylor ;yep , now the is a lesbian lol
jaffacree93 ;LOL
craigtraylor ;that is a
jaffacree93 ;lesbo , funny
craigtraylor ;did you calm her down ?
jaffacree93 ;yea kinda , lol
craigtraylor ;tell her to come over and you will give her a pop sickle , lol , be aff al avo red
jaffacree93 ;h haha , |well , I will let u have it if u want it|
craigtraylor ;i don't know about that , hell you haven't even told me if you want to visit
jaffacree93 ;yes , i do !
craigtraylor ;well you didn't say , you where su post to after my smoke , what is the address , if i get coolers i have to get going
jaffacree93 ;u really want it ? , ok
craigtraylor ;want waht , just movies and chat , cool ? , the address , ya , lol , my bad
jaffacree93 ;just movies n thats it ?
craigtraylor ;lol thought you where asking about your be a f pop sickle , lol , ya the address and
jaffacree93 ;yea u can eat my beef sickle lol , by that i mean head lol hehehe
craigtraylor ;i got you , lol
jaffacree93 ;lol kewl , so u would want to ?
craigtraylor ;sure if you want
jaffacree93 ;hellz ya dood ! , it would totally rule , and i like u lots
craigtraylor ;lol we can chat a answer you uestions , watch bork e back , well give me a and add
jaffacree93 ;edit , how far away r u again ?
craigtraylor ;zip ? , i will look it up on map quest
jaffacree93 ;k
craigtraylor ;and phone if i get lost , i will block call , so not on you id
jaffacree93 ;well u promise u wont ever call it unless i say its ok ?
craigtraylor ;hell ya
jaffacree93 ;edit , k ?
craigtraylor ;let me look it up
jaffacree93 ;ok
craigtraylor ;one sec
jaffacree93 ;kewl , ok
craigtraylor ;ok it is mile , so mom amount ian pkwy turn right on castel
jaffacree93 ;k what kinda care u drivin ? , yep
craigtraylor ;right ?
jaffacree93 ;u got it , rite off the highway
craigtraylor ;k , an gold accura , lego nd , is there street parking
jaffacree93 ;kewl lio , yea but u can pull into my driveway if u want , ill leave the garage open
craigtraylor ;you sure
jaffacree93 ;yeah
craigtraylor ;ok got ya
jaffacree93 ;and then u can come to the back cuz i think i mite fire up the hot tub , :0D
craigtraylor ;well give me about min or less
jaffacree93 ;ok will do
craigtraylor ;i be there
jaffacree93 ;u gunna bring the coolerz ?
craigtraylor ;yep
jaffacree93 ;can u mebbie bring that lube u showed me earlier ?
craigtraylor ;i guess i can give that to you i can pic up some more
jaffacree93 ;ohhh sweet
craigtraylor ;so you don't have to buy it lol
jaffacree93 ;u rule
craigtraylor ;ok kevin see you in a few
jaffacree93 ;k , sounds good cya soon ! , call me if u get lost
craigtraylor ;i will
jaffacree93 ;sweet cya , hey did u wanna go in the hottub ?
craigtraylor ;can your may be
jaffacree93 ;well i got it and i can warm it up , i think i mite go in even if u dont wanna
craigtraylor ;cool
jaffacree93 ;kewl io
craigtraylor ;p renting directions
jaffacree93 ;good idea
craigtraylor ;like to have in car
jaffacree93 ;rite
craigtraylor ;your near the freeway hu ?
jaffacree93 ;pretty close yup
craigtraylor ;ok getting off see you in a few
