ID;msg
Crazy4theNATS ;hello , , ,
SISSIBOISISSI13 ;hi , , ,
Crazy4theNATS ;what are you looking for ? , , ,
SISSIBOISISSI13 ;a daddy boyf , , ,
Crazy4theNATS ;|cool . . . I'm tho , is that too old for you ? | , ,
SISSIBOISISSI13 ;no im you are rich ? , , ,
Crazy4theNATS ;? , , ,
SISSIBOISISSI13 ;, , ,
Crazy4theNATS ;|not rich , but not poor either | , ,
SISSIBOISISSI13 ;will you buy me girl clothes , , ,
Crazy4theNATS ;|wasn't sure , cuz your profile says you're thirteen | , ,
SISSIBOISISSI13 ;I am , , ,
Crazy4theNATS ;? ? or ? , , ,
SISSIBOISISSI13 ;thirteen like my profi sayz , , ,
Crazy4theNATS ;Ok , , , , where are you ? , , ,
SISSIBOISISSI13 ;herndon , , ,
Crazy4theNATS ;what do you look like ? , , ,
SISSIBOISISSI13 ;i got a pic but i hate it i look like a boy in it , , ,
Crazy4theNATS ;, , , , can I see ? , , ,
SISSIBOISISSI13 ;trade ? , , ,
Crazy4theNATS ;sure . . . send to receive , , ,
SISSIBOISISSI13 ;k , , , , did it , , , , u wont like be cuz i cant throw , , , , i'm scared to catch the ball , , , , see i told you , , ,
Crazy4theNATS ;huh ? , , , , Sent mine , , , , liked your pic , , , , you look like a cute guy . . bet you're an even cuter girl ! , , ,
SISSIBOISISSI13 ;i cant dress lots because i just live with my dad but my old boyf had clothes for me , , , , its ok that i dont like baseball or sports ? , , ,
Crazy4theNATS ;cool . . . just curious . . how old was your old bf ? , , , , |oh yeah , no problem | , ,
SISSIBOISISSI13 ;he is , , ,
Crazy4theNATS ;what do you like t do with your daddy bf ? , , ,
SISSIBOISISSI13 ;i like to put on nylons and dress and do what he tells me , , , , he got a real son now and dumped me , , ,
Crazy4theNATS ;like what ? , , ,
SISSIBOISISSI13 ;i was crying lots when he did but am ok now , , ,
Crazy4theNATS ;damn . . that wasn't nice of him , , ,
SISSIBOISISSI13 ;no but his son he dopted is like i was when we met , , , , he said i was to old now , , ,
Crazy4theNATS ;I think you typed but it does look like on my screen , , ,
SISSIBOISISSI13 ;yeah elevin , , ,
Crazy4theNATS ;|so , what do you do with your daddy ? | , ,
SISSIBOISISSI13 ;i dress up and he fucked me or i suck him or what he tells me , , ,
Crazy4theNATS ;you like getting fucked in the ass ? , , ,
SISSIBOISISSI13 ;if you love me I will , , ,
Crazy4theNATS ;it doesn't hurt ? , , ,
SISSIBOISISSI13 ;and get me clothes , , , , it did when i was younger but not no more , , ,
Crazy4theNATS ;are you a good cocksucker boy ? , , ,
SISSIBOISISSI13 ;i think so , , ,
Crazy4theNATS ;, , ,
SISSIBOISISSI13 ;did you really play baseball ? , , ,
Crazy4theNATS ;Sure did . . for years in the minor leagues . . . North Carolina , , ,
SISSIBOISISSI13 ;i suck at that stuff , , ,
Crazy4theNATS ;|it's ok , as long as you're good at sucking other stuff . . . lol | , ,
SISSIBOISISSI13 ;only if you are my boyf , , ,
Crazy4theNATS ;I love to hug and cuddle with my bf . . do you like that ? , , ,
SISSIBOISISSI13 ;yea , , ,
Crazy4theNATS ;and would be happy to buy you some girl clothes to wear with me , , ,
SISSIBOISISSI13 ;really ? , , ,
Crazy4theNATS ;|but , I'm married , so we would have to be very discrete , if you know what I mean |
SISSIBOISISSI13 ;to a woman ? , , ,
Crazy4theNATS ;|yep , but no kids | , ,
SISSIBOISISSI13 ;so how we be boyfs ? , , ,
Crazy4theNATS ;she doesn't know I like guys , , , , it would have to be while she's at work . . or at your place , , ,
SISSIBOISISSI13 ;my dad works in DC and is like always at work , , , , do u work ? , , ,
Crazy4theNATS ;|I do , but I'm off work until August . . . live in DC , work in MD | ,
SISSIBOISISSI13 ;what you do ? , , ,
Crazy4theNATS ;can't you tell from the pic ? , , ,
SISSIBOISISSI13 ;no , , ,
Crazy4theNATS ;, , , , lol . . look closely , , ,
SISSIBOISISSI13 ;ur a teacher ? , , ,
Crazy4theNATS ;good boy , , , , ! , , ,
SISSIBOISISSI13 ;what u teach ? , , ,
Crazy4theNATS ;would rather not say , , ,
SISSIBOISISSI13 ;its not gym is it ? , , ,
Crazy4theNATS ;|but school starts again on Aug . . . . lol . . no , it's not gym | , ,
SISSIBOISISSI13 ;i hate gym , , ,
Crazy4theNATS ;|I'm Mark , by the way | , ,
SISSIBOISISSI13 ;Im brandon , , ,
Crazy4theNATS ;do you have to take showers in your gym class ? , , , , Hi Brandon , , ,
SISSIBOISISSI13 ;i dont because i got beat up lots , , ,
Crazy4theNATS ;shit , , , , no wonder you hate gym , , ,
SISSIBOISISSI13 ;now i just do study all and no gym , , ,
Crazy4theNATS ;|what , do the boys know you're gay , or do they see you looking at their hard cocks ? | , , just wondering , , ,
SISSIBOISISSI13 ;i was the only one who got hard all the time , , ,
Crazy4theNATS ;|Oh , I see . . they're just jealous ! | , ,
SISSIBOISISSI13 ;i got to go can i call u later ? , , ,
Crazy4theNATS ;|sure , Brandon | , , , do you want to meet sometime ? , , ,
SISSIBOISISSI13 ;if u like me , , ,
Crazy4theNATS ;I like you already , , ,
SISSIBOISISSI13 ;really ? , , ,
Crazy4theNATS ;yep , , ,
SISSIBOISISSI13 ;k i got to go can i call u after dinner when my dad goes back to work ? , , ,
Crazy4theNATS ;|well , my wife will be home after | , ,
SISSIBOISISSI13 ;i can call u in a few hours , , ,
Crazy4theNATS ;but I'll be home alone all day tomorrow if you want to call me then , , , , |cool , as long as you call before :30 | , ,
SISSIBOISISSI13 ;k i promise , , ,
Crazy4theNATS ;cool , , , , -210-1932 , , ,
SISSIBOISISSI13 ;k i be back here in like hour or more , , ,
Crazy4theNATS ;cool , , ,
SISSIBOISISSI13 ;hi , , ,
Crazy4theNATS ;hello , , ,
SISSIBOISISSI13 ;i keep lukin you and ur never here , , ,
Crazy4theNATS ;lol . . been out and about , , , , what's up ? , , ,
SISSIBOISISSI13 ;bored , , , , srry i didnt call u , , ,
Crazy4theNATS ;|yeah , I was wondering about that | , ,
SISSIBOISISSI13 ;i was scared ur wife mite answer and get you in trouble , , ,
Crazy4theNATS ;no . . . it's my cellphone , , ,
SISSIBOISISSI13 ;o , , ,
Crazy4theNATS ;|but , she's at work anyway , until | ,
SISSIBOISISSI13 ;what you are doin ? , , ,
Crazy4theNATS ;on phone , , ,
SISSIBOISISSI13 ;k , , , , brb , , , , k back , , , , ? , , ,
Crazy4theNATS ;hello again , , ,
SISSIBOISISSI13 ;hi , , , , can i call now ? , , ,
Crazy4theNATS ;when do you go back to school ? , , ,
SISSIBOISISSI13 ;i leave here the for home , , , , can i call ? , , ,
Crazy4theNATS ;|you can call , sure ? | , ,
SISSIBOISISSI13 ;k , , ,
Crazy4theNATS ;home ? where's that ? , , ,
SISSIBOISISSI13 ;u here , , ,
Crazy4theNATS ;Crazy4theNATS is online but may be away from AOL right now . , , , , yes , , , , hello , , ,
SISSIBOISISSI13 ;i miss u , , , , u are never here , , ,
Crazy4theNATS ;I was here all evening . . where were you ? , , , , , , ,
SISSIBOISISSI13 ;i was crying lots , , , , so did not want to be on , , ,
Crazy4theNATS ;I was out of town all last week though , , , , Why cryin ? , , ,
SISSIBOISISSI13 ;just like i dream and like you and like how it would be but i no it won't so i get sad , , ,
Crazy4theNATS ;One favor . . . could you change the color of your font ? I can't see it on here . , , ,
SISSIBOISISSI13 ;k , , , , that beter ? , , ,
Crazy4theNATS ;|much better , thanks| , ,
SISSIBOISISSI13 ;u c what i say ? , , ,
Crazy4theNATS ;Yes . . , , , , did you say you are alone this week ? , , ,
SISSIBOISISSI13 ;my dad goes gain on wenz to sat morn then we gotta go to the house in cape may , , , , the maid is here like all day but then goes at like , , ,
Crazy4theNATS ;Cool , , , , |so , do you want me to come over Wed . after ? | , ,
SISSIBOISISSI13 ;totally , , , , u stay so im not freaked ? , , , , i hate bein here just me , , ,
Crazy4theNATS ;|sure , I can stay | , , , |but , I have to go to work Thursday morning| , ,
SISSIBOISISSI13 ;millie gets here like , , ,
Crazy4theNATS ;are you near a Metro ? , , ,
SISSIBOISISSI13 ;no is far , , ,
Crazy4theNATS ;ok , , ,
SISSIBOISISSI13 ;im like near the port , , ,
Crazy4theNATS ;|well , how about if I stay till about or Wed . night ? | , ,
SISSIBOISISSI13 ;u wont spen the nite ? , , , , i swear i do what you say if you stay i hate it here the house is big and makes sounds , , ,
Crazy4theNATS ;|hmmm . . it's just that it's so far , and I have to go to work in MD and be there at am| , ,
SISSIBOISISSI13 ;please i do anythin , , ,
Crazy4theNATS ;like what ? , , ,
SISSIBOISISSI13 ;i want more nylons with the panies in them im like size , , , , that make them tite , , ,
Crazy4theNATS ;nice , , , , where do you buy them ? , , ,
SISSIBOISISSI13 ;i dont like guys do , , ,
Crazy4theNATS ;? , , ,
SISSIBOISISSI13 ;guys i meat here , , ,
Crazy4theNATS ;I see , , ,
SISSIBOISISSI13 ;i dont got no money , , ,
Crazy4theNATS ;do you know where they buy them ? , , ,
SISSIBOISISSI13 ;no , , ,
Crazy4theNATS ;ok , , ,
SISSIBOISISSI13 ;so u promise ? , , ,
Crazy4theNATS ;promise what ? , , ,
SISSIBOISISSI13 ;that u come over and we are bf , , ,
Crazy4theNATS ;|sure want to , on Wed . after work| , , , just don't want to get in any trouble , , ,
SISSIBOISISSI13 ;i got swim til tyhen millie pics me up and goes hom til morning , , ,
Crazy4theNATS ;no chance that your dad will come home Wed . night and find me fucking you or you sucking me ? , , ,
SISSIBOISISSI13 ;no he be bak on sat morn then we go to cape may , , ,
Crazy4theNATS ;Ok , , , , what would happen if he did , , ,
SISSIBOISISSI13 ;k like he goes and millie is in charge , , , , he goes she smokes in the house , , , , tells me if i tell she will say i did shit , , , , shes a cunt , , ,
Crazy4theNATS ;sounds like a cunt , , ,
SISSIBOISISSI13 ;he always stays layter then he says , , , , then millie got to come on the weekend , , ,
Crazy4theNATS ;where is he going , , ,
SISSIBOISISSI13 ;biz , , ,
Crazy4theNATS ;|no , I mean where ? | , ,
SISSIBOISISSI13 ;disney , , ,
Crazy4theNATS ;|oh , you mean he'll be in Florida ? | , ,
SISSIBOISISSI13 ;thats who he works , , ,
Crazy4theNATS ;|Brandon , I'm asking you WHERE he's going , not who he works for| ,
SISSIBOISISSI13 ;u by me nylons with panties , , ,
Crazy4theNATS ;|Brandon , I'm asking you WHERE he's going , not who he works for| ,
SISSIBOISISSI13 ;i told you , , ,
Crazy4theNATS ;|no , sorry , but you didn't| ,
SISSIBOISISSI13 ;florida , , ,
Crazy4theNATS ;THANKS , , , , whew , , ,
SISSIBOISISSI13 ;y ? > , , ,
Crazy4theNATS ;|LOL , I just needed to know how far away he's going to be| , , , Florida is good , , ,
SISSIBOISISSI13 ;no then he call millie and say come for the saterday becaue i not be back , , ,
Crazy4theNATS ;|I can buy you nylons and panties , but need to know where to get them| , ,
SISSIBOISISSI13 ;i luk at them all the time at the -11s , , , , want them but no coin , , ,
Crazy4theNATS ;you're kidding . . 7-11 sells PANTIES ? , , , , really ? , , ,
SISSIBOISISSI13 ;safeway gots lots , , , , love it there , , ,
Crazy4theNATS ;hmm . . do you know the brand name , , ,
SISSIBOISISSI13 ;just size then you cut a hole out to fuck me , , ,
Crazy4theNATS ;ok , , ,
SISSIBOISISSI13 ;so what time u com ? , , ,
Crazy4theNATS ;after , , , , I need directions , , ,
SISSIBOISISSI13 ;like when ? , , ,
Crazy4theNATS ;now would be good , , ,
SISSIBOISISSI13 ;my dad is here , , ,
Crazy4theNATS ;I can't be online at work during the day , , , , so ? , , , , You can't write the directions ? , , ,
SISSIBOISISSI13 ;no like wenz sure ? , , ,
Crazy4theNATS ;|WEDNESDAY , after , yes| , , it would depend on traffic and where you are . . . I don't really know Virginia that well , , ,
SISSIBOISISSI13 ;i want to be in bed no clothes , , , , u walk in and make me put on panties , , ,
Crazy4theNATS ;sounds hot , , ,
SISSIBOISISSI13 ;i be up in my room u taek ur stuff off and come up an make me put on the nylons , , ,
Crazy4theNATS ;what position do you like to get fucked in , , ,
SISSIBOISISSI13 ;so i can c u , , , , my back , , ,
Crazy4theNATS ;|cool , and I can see your face as I give you my cock| , ,
SISSIBOISISSI13 ;what time wenz do i am in bed nekid waitin , , ,
Crazy4theNATS ;|after I fuck your ass , will you suck me real good till I come ? | , ,
SISSIBOISISSI13 ;i do what u say , , ,
Crazy4theNATS ;Cool . . do you have condoms there ? , , ,
SISSIBOISISSI13 ;i just want nylons , , ,
Crazy4theNATS ;Sorry . . what does this mean ? _-----what time wenz do i am in bed nekid waitin , , , , |no , I don't fuck anyone without condoms . . . . so I'll bring them| , ,
SISSIBOISISSI13 ;k an d nylons , , ,
Crazy4theNATS ;yep , , , , |so , what does that mean ? | , ,
SISSIBOISISSI13 ;wht ? , , ,
Crazy4theNATS ;read above line , , ,
SISSIBOISISSI13 ;i dont get i , , ,
Crazy4theNATS ;what time wenz do i am in bed nekid waitin , , , , What does the ABOVE LINE mean ? , , ,
SISSIBOISISSI13 ;k i got a dream , , ,
Crazy4theNATS ;What ? , , , , ? ? , , ,
SISSIBOISISSI13 ;like the man that loves me comes in and just like comes to my room and tells me what do then i no it is real , , ,
Crazy4theNATS ;I do not understand what you are saying , , ,
SISSIBOISISSI13 ;like he was sent me , , ,
Crazy4theNATS ;|oh , that I understand| , , , I'm talking about what you wrote befoer , , , , before , , ,
SISSIBOISISSI13 ;like i sit in bed and dream like a man i like love just comes in my room and like is like god , , ,
Crazy4theNATS ;I'll try , , ,
SISSIBOISISSI13 ;u bring me flowers i love like pink roses we did lots for my gramdmas dead thing , , , , k i go i no i always say much sorry if i made u go away i do that lots , , ,
Crazy4theNATS ;|nylons , condoms , and now flowers| , , lol . . what else ? , , ,
SISSIBOISISSI13 ;im sorry , , ,
Crazy4theNATS ;flowers make me sneeze , , , , |just kidding , it's ok| , ,
SISSIBOISISSI13 ;no i go , , , , im sory , , ,
Crazy4theNATS ;|oh , don't go . . this is fun| , , , do you have to go ? , , ,
SISSIBOISISSI13 ;i'm crying now , , , , and i swear i nevetr call u if you dont say to , , , , im not like crazy , , ,
