ID;msg
cseli606 ;hi , , /m/ca ,
miss.originality123;hi , , f cali ,
cseli606 ;cool , , what are you up to ,
miss.originality123;nm , , just hanging out right now , , u ? ,
cseli606 ;cool , , just watchin tv , , do you have a pic ? ,
miss.originality123;yea , , do u ? ,
cseli606 ;yea . can you send as a file ? i can't photoshare ,
miss.originality123;yea ,
cseli606 ;cool , , you're cute ! miss . originality123 ( 05/16/11 :47:40 PM ) : thx ! ,
miss.originality123;oh dam so are u ,
cseli606 ;oh yea ? , , do you have any more ? ,
miss.originality123;yea ,
cseli606 ;cool , , can i see ? ,
miss.originality123;u have more ? ,
cseli606 ;|sorry , i accidently quit messenger . can you resend it ? i'm sorry| , i have more ,
miss.originality123;lol ok , , yea ,
cseli606 ;you're hott ! ,
miss.originality123;"""> thx ,"
cseli606 ;lol , , how many pix u got ? ,
miss.originality123;idk lol , , a few , , u ? ,
cseli606 ;a few more , , lol , , , , r u single ? ,
miss.originality123;yea , , u ? ,
cseli606 ;yea ,
miss.originality123;cool , , nice ,
cseli606 ;thanks ,
miss.originality123;im Jessi ,
cseli606 ;i'm chris , , |don't get mad , but i'd like to see a pic of u in a bikini|
miss.originality123;lol why would i get mad ? ,
cseli606 ;idk ,
miss.originality123;but idk if i have one ,
cseli606 ;"or bra/panties ? , , ""> ,"
miss.originality123;lol , , nah i dont have any like that ,
cseli606 ;ok , , do you have a cam ? ,
miss.originality123;lemme look if i have one in my bikini , , no , , i can see cams , , but mine broke ,
cseli606 ;ok , , |i have one naked one , but i won't show it if you don't want to see it|
miss.originality123;sorry no bikini pics , , lol u can show me if u want to but its up to u ,
cseli606 ;are you sure ? , , are you a virgin ? ,
miss.originality123;dam , , yea i am , , u ? ,
cseli606 ;no , , ever sucked one ? ,
miss.originality123;yea ,
cseli606 ;did you like it ? ,
miss.originality123;yea it was cool ,
cseli606 ;did you swallow ? ,
miss.originality123;yea i have ,
cseli606 ;how many have you sucked , , would you suck mine ? ,
miss.originality123;uggg omg sorry yahoo was crashing , , i sucked a couple ,
cseli606 ;its ok , , would you suck mine ? ,
miss.originality123;lol idk i just met u , , u dont even know if im good at it lol ,
cseli606 ;don't matter that much lol , , would you let me lick you ? ,
miss.originality123;dam idk , , sounds like it could be fun , , but no one ever has ,
cseli606 ;it would be . i promise , , |oh , i would so love to ! | , do u shave it ? ,
miss.originality123;no ,
cseli606 ;you should ,
miss.originality123;really ? ,
cseli606 ;yea , , do you masturbate ? ,
miss.originality123;yea i have ,
cseli606 ;do you like it ,
miss.originality123;um yea , , if i didnt i wouldnt do it lol ,
cseli606 ;lol ,
miss.originality123;do u ? ,
cseli606 ;fingers or a toy ? , , yes i do , , a lot lol , , i'm always horny , , brb ,
miss.originality123;lol , , ok ,
cseli606 ;i'm back ,
miss.originality123;wb ,
cseli606 ;thank , , s , , lol , , whats the oldest guy u sucked ,
miss.originality123;,
cseli606 ;cool , , do you have a camera phone ,
miss.originality123;no ,
cseli606 ;k , , can i see some more pics ? ,
miss.originality123;sure ,
cseli606 ;cool ,
miss.originality123;hang on , , lemme look for one ,
cseli606 ;ok , , you're so sexy ! ,
miss.originality123;dam thx ,
cseli606 ;, , would you have sex with me ? ,
miss.originality123;lol are u for real ? ,
cseli606 ;yea ,
miss.originality123;cool ,
cseli606 ;is that a yes or no ? lol ,
miss.originality123;haha maybe when i know u a little more , , but i never have so u cant hurt me ,
cseli606 ;i'd be really gentle , , i promise ,
miss.originality123;thats cool ,
cseli606 ;have you popped your cherry yet ? ,
miss.originality123;told u i never had sex lol ,
cseli606 ;|i know , but some girls will pop it by themselves|
miss.originality123;oh lol , , no i dont think so ,
cseli606 ;have you made it bleed ? ,
miss.originality123;no , , just like when i have my period ,
cseli606 ;ok ,
miss.originality123;will it bleed ? ,
cseli606 ;yea . but not a lot , , |it'll hurt the first time you do it , but the next time it will feel amazing| , better than fingerin yourself ,
miss.originality123;thats what hope said , , she keeps tellin me its awesome lol ,
cseli606 ;lol , , where do you live ,
miss.originality123;santa maria , , u ? ,
cseli606 ;vacaville ,
miss.originality123;wheres that ? ,
cseli606 ;by sac ,
miss.originality123;is that far ? ,
cseli606 ;i'll check lol ,
miss.originality123;lol ok ,
cseli606 ;hours , , you don't want me anyways lol ,
miss.originality123;oh dam , , lol i didnt say that ,
cseli606 ;|no , i did lol| , i know you wouldn't ,
miss.originality123;why not ? ,
cseli606 ;you'll stop talkin to me if i tell you lol ,
miss.originality123;i promis i wont , , tell me ,
cseli606 ;i'm too old ,
miss.originality123;u already told me how old u are lol ,
cseli606 ;i did ? ,
miss.originality123;haha yea ,
cseli606 ;oh , , ,
miss.originality123;what ? ,
cseli606 ;i forgot lol , , is that ok ? ,
miss.originality123;yea its ok ,
cseli606 ;ok , , cool ,
miss.originality123;yep , , but would u really drive that far ? ,
cseli606 ;|for you , yes| , i'm driving to SD on thursday ,
miss.originality123;sd ? ,
cseli606 ;san diego ,
miss.originality123;what are u goin there for ? ,
cseli606 ;a baseball game lol ,
miss.originality123;lol cool ,
cseli606 ;yea , , but if i came to see you i would want a bj ,
miss.originality123;on thurs ? ? ? ,
cseli606 ;yea ,
miss.originality123;shit idk , , lol ,
cseli606 ;lol ,
miss.originality123;ur cute ,
cseli606 ;ty ,
miss.originality123;but i have school on thurs ,
cseli606 ;oh , , . . . . could you skip ? ,
miss.originality123;ummm idk if my mom is working yea ,
cseli606 ;would you ? ,
miss.originality123;what time ? ,
cseli606 ;any time you can ,
miss.originality123;but dont u have a game to get to ? ,
cseli606 ;its at :30 ,
miss.originality123;so what time would u be driving by me ? ,
cseli606 ;any time lol . i can leave here whenever i want . so i could be there by noon or later ,
miss.originality123;i gotta see if my mom is working or not , , and ill let u know ,
cseli606 ;|ok , can i add you ? | , or give you my number ? ,
miss.originality123;lol yea ,
cseli606 ;*edited* . text me plz ,
miss.originality123;im not allowed to ,
cseli606 ;oh ok , , so how will we talk ? ,
miss.originality123;i can call u tomorrow when they are at work ,
cseli606 ;ok ! sounds good ,
miss.originality123;yea my mom is cheap so she doesnt pay for texting ,
cseli606 ;whats your breast size ? ,
miss.originality123;b c , , i have a couple bras that are b and a couple that are c ,
cseli606 ;cool , , where would we do it ? ,
miss.originality123;my house ,
cseli606 ;awesome , , would you want to try to have sex ? or not ? ,
miss.originality123;ud really be careful , , i want to try it but i dont want it to hurt bad ,
cseli606 ;|ok , i'm pretty big so it might . if it hurts i'll stop|
miss.originality123;ok ,
cseli606 ;anything else u wanna try ? ,
miss.originality123;ummm idk , , what else is there ? ,
cseli606 ;idk , , |i'll wear a condom too , cuz you'll be really tight and i'll probably cum really fast|
miss.originality123;yea and i dont want a baby lol ,
cseli606 ;lol , , me either . i'd go to jail :-$ , , it has always been my fantasy to have sex with a virgin ,
miss.originality123;really ? ,
cseli606 ;yes ,
miss.originality123;thats cool , , so u never have ? ,
cseli606 ;no ,
miss.originality123;not even ur first time ? ,
cseli606 ;|no , she wasn't a virgin|
miss.originality123;oh ok ,
cseli606 ;how do i know if i can trust you not to tell anyone ? , , i can't go to jail ,
miss.originality123;my dad would kill me ,
cseli606 ;then me lol ,
miss.originality123;how do i know u wont tell ? ? ? , , lol yea ,
cseli606 ;cuz i'll go to jail ! , , do you know what they would do to me in jail ? ,
miss.originality123;ummm no ,
cseli606 ;i'd be dead in like hours ,
miss.originality123;dam , , so im not tellin , , cuz wed both be dead lol ,
cseli606 ;lol , , me either , , thats if you can skip ,
miss.originality123;haha , , yea i can ,
cseli606 ;really ? , , send me some more pics please ,
miss.originality123;its not like i havent befor ,
cseli606 ;lol ,
miss.originality123;u have more ? ,
cseli606 ;do you like it ? ,
miss.originality123;ummm yea ,
cseli606 ;why umm ? ,
miss.originality123;no reason lol , , yes ,
cseli606 ;lol ok , , i gotta go to bed . when you finger yourself tonight think about me ,
miss.originality123;yea i will ,
cseli606 ;good , , |wait , one more question|
miss.originality123;ill call u tomorrow k , , u want me to find u on here first ? ,
cseli606 ;|no , just call| , do you know what role play is ? ,
miss.originality123;no ,
cseli606 ;|ok , can you google it ? |
miss.originality123;is it like acting ? , , yea i can ,
cseli606 ;yes ! ,
miss.originality123;ok lol ,
cseli606 ;|exactly like acting , but during sex . | , like people will act like boss secretary nurse patient and stuff
miss.originality123;lol why ? ,
cseli606 ;to make it a little more fun ,
miss.originality123;do u do that ? ,
cseli606 ;|i want to , but you might think its gross or weird and not want me to come over|
miss.originality123;lol , , it doesnt sound gross ,
cseli606 ;the kind i want to would ,
miss.originality123;what kind ? ,
cseli606 ;you would call me daddy . . . . . ,
miss.originality123;haha seriously ? ? ? ,
cseli606 ;yea ,
miss.originality123;u really want me to ? ,
cseli606 ;|i'm not a perv , just never tried that |
miss.originality123;that does sound kinda weird lol ,
cseli606 ;i told you , , lol ,
miss.originality123;but ur still cool ,
cseli606 ;ok lol , , so would you ? and i would call you baby ,
miss.originality123;i could try , , but if it gets creepy we stop ? ,
cseli606 ;|yea , whenever you don't want to do something we stop|
miss.originality123;ok ,
cseli606 ;i promise , , ,
miss.originality123;cool ,
cseli606 ;:-* ,
miss.originality123;><:-* ,
cseli606 ;talk to you tomorrow baby ,
miss.originality123;ok daddy ,
cseli606 ;goodnight sweetheart ,
miss.originality123;like that ? ,
cseli606 ;yes , , perfect ,
miss.originality123;ok , , good night daddy ,
cseli606 ;Hey baby ,
miss.originality123;hey daddy ,
cseli606 ;How are you baby , , How was school ? ,
miss.originality123;lame lol , , i was gonna call if u still want me to ? my moms not home yet ,
cseli606 ;Did u tell your friends that daddy is going to fuck you ? ,
miss.originality123;haha no way , , i dont wanna get in trouble ,
cseli606 ;Lol ok . I'm still at work ,
miss.originality123;so u dont want me to call ? , , arent u gonna get in trouble ? ? ? lol ,
cseli606 ;I'm on my phone . Can't call . Maybe in a few hours ,
miss.originality123;i cant when my parents are here ,
cseli606 ;We can talk on the phone thursday when i'm on my way ,
miss.originality123;ok cool , , she works to ,
cseli606 ;Am or pm ,
miss.originality123;am to pm , , so shes gonna be home about ,
cseli606 ;In thursday ? , , On* ,
miss.originality123;yea ,
cseli606 ;Fuck . Ok , , I'll make it work ,
miss.originality123;ok ,
cseli606 ;Did u finger it last night ? ,
miss.originality123;"maybe ""> ,"
cseli606 ;Tell daddy , , Did u think of daddy's big cock , , <ding> , , |Oops lol , still figurin out my phone|
miss.originality123;lol , , yes i did , , ok lol ,
cseli606 ;Good girl . How did it feel ,
miss.originality123;crappy ,
cseli606 ;Why ,
miss.originality123;lol how do u think it felt duh ,
cseli606 ;Lol , , You don't talk back to daddy . I need you to be a good little girl ,
miss.originality123;sorry , , ill try ,
cseli606 ;Go in the shower and shave your pussy baby . Daddy wants it nice and smooth , , I gotta go back to work ,
miss.originality123;is that hard to do ? , , ok , , ttyl daddy ,
cseli606 ;No . just be careful , , Bye baby ,
miss.originality123;ok i will , , bye daddy ,
cseli606 ;Did u shave for daddy ? ,
miss.originality123;hey , , u here ? ,
cseli606 ;Yup ,
miss.originality123;, , what u doin ? ,
cseli606 ;Hows daddys little girl ? ,
miss.originality123;good daddy ,
cseli606 ;Did u shave like daddy told you ,
miss.originality123;i was gonna tomorow , , is that ok ? ,
cseli606 ;Do it tonight ,
miss.originality123;ok , , what time are u gonna get here ? ,
cseli606 ;i don't think i can make it tomorrow baby ,
miss.originality123;then why should i shave tonight ? ,
cseli606 ;cuz daddy said so , , did you take a naked pic ? ,
miss.originality123;thats shitty , , i thought u were coming , , no i dont have a camera ,
cseli606 ;|i'm sorry baby , maybe friday ? |
miss.originality123;ok , , i gotta see when shes workin though ,
cseli606 ;ok ,
miss.originality123;what time on fri ? , , do i gotta ditch ? ,
cseli606 ;i'll let you know baby , , you can call me right now if you want ,
miss.originality123;my moms home , , i think she is leaving but idk ,
cseli606 ;|ok . if she does , call me|
miss.originality123;ok ,
cseli606 ;ok what ? ,
miss.originality123;ok daddy ,
cseli606 ;good girl ,
miss.originality123;thx , , brb i gotta pee , , n ill see if she is leaving ,
cseli606 ;ok baby ,
miss.originality123;back , , shes leaving in a minute ,
cseli606 ;ok cool ,
miss.originality123;ok shes picking up her friend ill call in a minute when she leaves ,
cseli606 ;ok , , you still there ? ,
miss.originality123;yea sorry was chatting with my friend ,
cseli606 ;ok ,
miss.originality123;ok she left ,
cseli606 ;*edited* ,
miss.originality123;hey daddy ,
cseli606 ;you sound so cute on the phone ,
miss.originality123;thx , , so did u ,
cseli606 ;ty , , send me another pic ,
miss.originality123;my mom is making me go to dinner right now so i gotta go , , i will later , , bye daddy ,
cseli606 ;bye baby ,
miss.originality123;ttyl ? ,
cseli606 ;yes ,
miss.originality123;ok bye , , daddy , , hi , , u here ? , , hey , , they changed my moms work today she wont be home until later u gonna come over ? , , i gotta know so i can ditch ,
cseli606 ;Cant today baby . I have to work . But tomorrow I can ,
miss.originality123;dam , , ok daddy , , my mom works til i think ,
cseli606 ;Xoxo ,
miss.originality123;what time are u gonna be here ? , , xoxo ,
cseli606 ;Tomorrow ? ,
miss.originality123;yea ,
cseli606 ;What time do u want me ,
miss.originality123;now ,
cseli606 ;,
miss.originality123;whenever befor she gets home ,
cseli606 ;? ,
miss.originality123;ok ,
cseli606 ;Daddy has to go back to work ,
miss.originality123;ok daddy ,
cseli606 ;Bye baby xoxoxo ,
miss.originality123;bye daddy xoxo , , have fun at work , , hey u here ? ,
cseli606 ;Yea baby ,
miss.originality123;my moms makin me watch movies with her , , its so stupid , , what are u doin ? ,
cseli606 ;Lol . I'm at a baseball game ,
miss.originality123;i thought u had to work so u couldnt go ? , , have fun i gotta go , , xoxo , , see u tomorrow daddy , , ,
cseli606 ;Bye baby ,
miss.originality123;bye daddy ,
cseli606 ;I love you baby , , You there ? , , <ding> , , Call me again ,
miss.originality123;ok daddy , , *edited* , , its in santa maria , , did u get it ? ,
cseli606 ;Yup ,
miss.originality123;where are u ? ? ? , , are u commin ? , , i found a really cute skirt , , hey ,
cseli606 ;Hey baby ,
miss.originality123;i got the phone when the school called so im not in trouble ,
cseli606 ;Good girl . Does she work tomorrow ? ,
miss.originality123;i dont think so , , she said she was gonna go see some movie with her friend ,
cseli606 ;Find out what time . I'll get a hotel ,
miss.originality123;yea right ,
cseli606 ;I'm serious ,
miss.originality123;really daddy ? , , what time u gonna be around here though ? ,
cseli606 ;You live in santa maria ? ,
miss.originality123;yea ,
cseli606 ;Thats like miles from sd ,
miss.originality123;u said u drove almost here already today ,
cseli606 ;I was to la ,
miss.originality123;oh , , but ur in san diego again now ? ,
cseli606 ;Yea ,
miss.originality123;i sat around in my skirt all day ,
cseli606 ;Aww baby , , Did u finger your pussy for daddy ,
miss.originality123;lemme go ask what time shes goin , , no , , i thought u were comin , , brb , , shes leavin about noon , , shes gonna go to lunch and the movie n hang out with her friends she said ,
cseli606 ;Ok . I'm going to try to leave here around . Do u live close to a hotel ? ,
miss.originality123;idk ,
cseli606 ;Lol . You don't see any close to your house ? ,
miss.originality123;i dont look for hotels lol ,
cseli606 ;Hmmm , , Do u live close to downtown ? ,
miss.originality123;cant u look it up or something ,
cseli606 ;I'm on my phone . Didnt bring my computer ,
miss.originality123;oh ,
cseli606 ;Are you close to downtown ? ,
miss.originality123;theres just a lot of houses around me ,
cseli606 ;Let me look it up ,
miss.originality123;ok ,
cseli606 ;You live close to ? ,
miss.originality123;yea , , the freeway right , , yea ,
cseli606 ;Hwy yea , , There has to be a hotel close by ,
miss.originality123;are u lookin it up ? ,
cseli606 ;Are you close to main st ,
miss.originality123;i dont think so ,
cseli606 ;Ok . We'll figure sometging out . I'll be in santa maria tomorrow nighy , , Not night lol . Day ,
miss.originality123;just pick whatever one , , what time ? ,
cseli606 ;I'll be there by noon hopefully ,
miss.originality123;shes not leaving til about ,
cseli606 ;|Ok , so when she leaves you cam leave right after|
miss.originality123;yea u can get me when she leaves ,
cseli606 ;|Yea , but not at your house . Somewhere else|
miss.originality123;why not ? ,
cseli606 ;|Idk , be safe| , Don't want neighbors see you get in my car ,
miss.originality123;no one will ,
cseli606 ;Just want to be safe ,
miss.originality123;i dont want to sit all day somewhere , , i already sat here for days waiting ,
cseli606 ;You wont ,
miss.originality123;no ones gonna see me get in , , i go places with my friends and stuff n they pick me up ,
cseli606 ;Oh ,
miss.originality123;oh what ? ,
cseli606 ;I'm just scared . Lets do it my way ,
miss.originality123;how ? ,
cseli606 ;I'll pick u up like or blocks from your house . Is there a gas station or something ,
miss.originality123;theres a park close by ,
cseli606 ;Ok , , Whats it called ,
miss.originality123;idk ,
cseli606 ;Ok . Are you a cop ? Lol ,
miss.originality123;i think its rotar something park ,
cseli606 ;Ok ,
miss.originality123;lol im not old enough to be a cop , , its really big park ,
cseli606 ;You coukd work for them ,
miss.originality123;why ? ,
cseli606 ;Cuz its illegal lol . Are u ? ,
miss.originality123;no , , i dont like cops ,
cseli606 ;Lol ,
miss.originality123;they are ass holes mostly ,
cseli606 ;Daddy's a cop in the air force ,
miss.originality123;urs is ? , , oh u mean u ? , , omg daddy im sorry ,
cseli606 ;Lol . Its ok baby ,
miss.originality123;u get to fly planes ? ? ? ,
cseli606 ;No baby . I'm a cop ,
miss.originality123;are u gonna get me in trouble ? ? ? ,
cseli606 ;I cant . I can only get ppl in trouble on base , , I cant . I can only get ppl in trouble on base ,
miss.originality123;so not all cops are ass holes lol daddy ,
cseli606 ;You will get a spanking for skipping school ,
miss.originality123;lol but u made me , , then ditched me ,
cseli606 ;Its a good spanking ,
miss.originality123;ok daddy ,
cseli606 ;Wear that skirt and no panties or a thong ,
miss.originality123;i dont wanna walk around like that lol , , the skirt is too short n someone will be able to see ,
cseli606 ;I'll come to your house ,
miss.originality123;can i change at the hotel ? , , ok , , u want me to wear a thong or no panties daddy ? ,
cseli606 ;No panties ,
miss.originality123;ok , , i gotta wash my skirt though cuz i been wearing it all day ,
cseli606 ;Ok baby ,
miss.originality123;brb daddy gotta pee ,
cseli606 ;Makes me think about your pussy ,
miss.originality123;lol me peeing does ? ,
cseli606 ;Yes , , I can't wait to see it , , To taste it , , To feek it ,
miss.originality123;me too ,
cseli606 ;Feel* , , Send me a pic baby ,
miss.originality123;of that ? , , i dont have a camera ,
cseli606 ;No . of you ,
miss.originality123;ok lemme find one , , do u like that one ? ,
cseli606 ;Send as a file baby . I'm on my phone , , I didnt get it ,
miss.originality123;im wearin the skirt in that pic tomorrow ,
cseli606 ;Yes baby . I love it . Is that the skirt you're going to wear ? ,
miss.originality123;yea ,
cseli606 ;Ok ,
miss.originality123;u like that skirt daddy ? ,
cseli606 ;Yes baby , , What race are you ,
miss.originality123;half mex half white ,
cseli606 ;Ok ,
miss.originality123;does it matter ? ,
cseli606 ;Nope . Not at all . Just wondering , , Mmmmm ,
miss.originality123;oops i think it sent like times lol , , thx ,
cseli606 ;Cant wait to touch that body ,
miss.originality123;i cant wait to , , but ull still be careful if it hurts ? , , im kinda scared of it hurting a lot ,
cseli606 ;Yes . I'll stop if it does ,
miss.originality123;ok ,
cseli606 ;Daddy's gonna go to bed baby . Gotta get up early so I can get there in time ,
miss.originality123;oh ok , , i just sent u another pic ,
cseli606 ;I think I saw this one ,
miss.originality123;oh ok , , good night , , daddy ,
cseli606 ;I'll talk to u tomorrow . Call me as soon as she leaves , , Night baby ,
miss.originality123;xoxo ,
cseli606 ;Xoxoxo ,
miss.originality123;are u close daddy ? , , u didnt answer when i called ,
cseli606 ;miles . I have to stop and get some stuff ,
miss.originality123;cool what are u getting ? ,
cseli606 ;Condom ,
miss.originality123;ok yay im so excited ,
cseli606 ;Me too . Call me in minutes ,
miss.originality123;ok ,
cseli606 ;Actually . I have to get gas ,
miss.originality123;ok daddy , , how come ur not answering ? ? ? ,
cseli606 ;It didnt ring . Try again , , Go outside . I'm here , , Im here baby , , <ding> ,
miss.originality123;im puttin my clothes on ,
cseli606 ;Ok hurry ,
miss.originality123;come on in ,
cseli606 ;Come outside , , Just open the front door for daddy , , I'm gonna leave if you don't gurry ,
miss.originality123;ok not in my bra lol ,
cseli606 ;Hurry* , , Nicr , , I don't want to just sit here lol , , Call me ,
miss.originality123;then park and come in silly , , i tried like times and ur not answering ,
cseli606 ;Call me , , It didnt ring . I'm leaving in minutes if you don't come out , , One more minute ,
miss.originality123;im calling ,
cseli606 ;Just come outside ,
