ID;msg
dan45_m_1 ;hi your nice looking girl ,
mistygray013 ;thanks ,
dan45_m_1 ;your welcome ,
mistygray013 ;whats ur asl ? ,
dan45_m_1 ;/m/up noth , , near alpena ,
mistygray013 ;im heather , , f mi ,
dan45_m_1 ;im dan , , u live with grpa ( It is clear from the way this chat starts that Daniel Raab studied this child's profile before he contacted her . He knew what she looked like he knew her age and details about her . ) ,
mistygray013 ;ya ,
dan45_m_1 ;cool ,
mistygray013 ;brb ,
dan45_m_1 ;k ,
mistygray013 ;im back , , sorry bout that ,
dan45_m_1 ;wb , , so y you stay with grand pa ,
mistygray013 ;ya ,
dan45_m_1 ;u like it ,
mistygray013 ;ya hes kool ,
dan45_m_1 ;thats good , , he let you come on here ? ,
mistygray013 ;he dont know ,
dan45_m_1 ;oh ok ,
mistygray013 ;shhh , , is secret lol ,
dan45_m_1 ;lol , , y you come on here what u looking for ,
mistygray013 ;bored ,
dan45_m_1 ;oic ,
mistygray013 ;wbu ? ,
dan45_m_1 ;boded too , , bored ,
mistygray013 ;ya lol ,
dan45_m_1 ;gr pa home ,
mistygray013 ;hes at our new house ,
dan45_m_1 ;oh ok ,
mistygray013 ;we been stayin at my uncles house till we found one , , we just moved mi ,
dan45_m_1 ;cool , , wish i had a gr dau ,
mistygray013 ;do u got ne kids ? ,
dan45_m_1 ;boys ,
mistygray013 ;kool ,
dan45_m_1 ;all older then u ,
mistygray013 ;how old r they ? ,
dan45_m_1 ;youngest is ,
mistygray013 ;kool , , did u leave ? ,
dan45_m_1 ;no ,
mistygray013 ;what ya doin ? ,
dan45_m_1 ;looking at your pic ( He is still going over the childs profile . ) ,
mistygray013 ;thats boring lol ,
dan45_m_1 ;what u like to do ,
mistygray013 ;i like go camping n hiking ,
dan45_m_1 ;kool , , have u ever had a bf ,
mistygray013 ;ya , , couple ,
dan45_m_1 ;kool , , they kiss u ( He is not going to waste any time getting to what he wants . ) ,
mistygray013 ;ya ,
dan45_m_1 ;any thing else ? ,
mistygray013 ;we hung out n went malls n bowling n swimming ,
dan45_m_1 ;ok kool ,
mistygray013 ;guess im boring chat with huh ? , , guess u left , , bye ,
dan45_m_1 ;no u not , , i just dont want to get u in trouble ,
mistygray013 ;why would i get in troubles ? ,
dan45_m_1 ;well i woud ,
mistygray013 ;why ? ,
dan45_m_1 ;young girl make me horny ,
mistygray013 ;but why would u get in trouble ? ,
dan45_m_1 ;talking to u ,
mistygray013 ;who says ? ,
dan45_m_1 ;cops ,
mistygray013 ;oh , , like r u gonna tell themm i chated with u ? ,
dan45_m_1 ;no not me , , lol ,
mistygray013 ;not me either ,
dan45_m_1 ;ok cool ,
mistygray013 ;i wont bug u cause i dont want get in trouble n i dont want u get in trouble , , sorry ,
dan45_m_1 ;we talk , , u like sex ( Clearly he is not too worried about getting into trouble . He is moving fast . ) ,
mistygray013 ;it kinda hurt ,
dan45_m_1 ;oh , , next time be good ,
mistygray013 ;what u mean ? ,
dan45_m_1 ;it get better u do it more ,
mistygray013 ;oh ok ,
dan45_m_1 ;who u have sex with ,
mistygray013 ;my x bf ,
dan45_m_1 ;how olded was he ,
mistygray013 ;,
dan45_m_1 ;ok , , u have any more pics ? ,
mistygray013 ;on my myspace , , do u ? ,
dan45_m_1 ;yes ,
mistygray013 ;, , wbu ? , , kool ,
dan45_m_1 ;u want to see thing just ask , , i have cam ,
mistygray013 ;kool , , ok ,
dan45_m_1 ;just ask to see ,
mistygray013 ;ok im kool with it ,
dan45_m_1 ;nice pic on your myspace ,
mistygray013 ;thanks ,
dan45_m_1 ;yw ,
mistygray013 ;what ya doin ? ,
dan45_m_1 ;"reading your my space ( I guess he's doing his \""homework\"" and checking to see if this kid is real ) ,"
mistygray013 ;o lol , , is boring ,
dan45_m_1 ;it good , , u home alone ,
mistygray013 ;im babysittin ,
dan45_m_1 ;ok , , for who ? ,
mistygray013 ;hes takin a nap , , my cousin , , he got kicked out of daycare ,
dan45_m_1 ;k , , lol ,
mistygray013 ;now im stuck with him till my uncle finds a new one ,
dan45_m_1 ;oh , , u wab\nt to see my cam ( He can't wait to show a kid his wanker . ) ,
mistygray013 ;sure ,
dan45_m_1 ;|with or with out close ? ( He meant to spell clothes , which he chose to go without . ) |
mistygray013 ;up u ,
dan45_m_1 ;no up to you ,
mistygray013 ;im kool with it eiter way ,
dan45_m_1 ;ok , , hi ,
mistygray013 ;hi i see u ,
dan45_m_1 ;lol , , u want see more ,
mistygray013 ;ok ,
dan45_m_1 ;well ,
mistygray013 ;is kool , , did u leave ? ,
dan45_m_1 ;no y ,
mistygray013 ;ur cam thingy turned off ,
dan45_m_1 ;o , , did u like it ,
mistygray013 ;was kool ,
dan45_m_1 ;just kool ,
mistygray013 ;ya , , like kools good lol ,
dan45_m_1 ;lol , , u suck cock ,
mistygray013 ;i didnt never do that b ,
dan45_m_1 ;oh , , bf lick your pussy ,
mistygray013 ;he didnt do that either ,
dan45_m_1 ;just fuck u then ,
mistygray013 ;ya ,
dan45_m_1 ;that no fun ,
mistygray013 ;thats all we did ,
dan45_m_1 ;next time have him lick you frist ,
mistygray013 ;do guys like doin that ? ,
dan45_m_1 ;yes , , what u doing now ,
mistygray013 ;watchin ,
dan45_m_1 ;u geting wet ,
mistygray013 ;is kool , , u left again , , ? , , k , , whatever , , bye , , hi , , what u been doin ? , , :-h , , hi , , ,
dan45_m_1 ;hi ,
mistygray013 ;hey , , how u been ? ,
dan45_m_1 ;ghood u ,
mistygray013 ;bored ,
dan45_m_1 ;y ,
mistygray013 ;nothin do ,
dan45_m_1 ;oh ,
mistygray013 ;i been helpin fix our house n me n granpa finally get move in it next week ,
dan45_m_1 ;cool ,
mistygray013 ;i got paint my room blue ,
dan45_m_1 ;nice , , i have to go to work so we talk some other time , , ok ,
mistygray013 ;ok , , hi ,
dan45_m_1 ;hi ,
mistygray013 ;all done workin ? ,
dan45_m_1 ;yes just got home ,
mistygray013 ;i just got home ,
dan45_m_1 ;where u go ? ,
mistygray013 ;over me n granpas house , , we r almost done paintin it ,
dan45_m_1 ;that good ,
mistygray013 ;i been helpin ,
dan45_m_1 ;there u can find friend there soon ,
mistygray013 ;ya hope so ,
dan45_m_1 ;your good girl to help gr pa ,
mistygray013 ;its fun , , my room was more fun paint cause its blue , , but the other rooms granpa wants white , , so is more boring ,
dan45_m_1 ;cool , , school starts soon ,
mistygray013 ;ya , , i didnt go my new school yet ,
dan45_m_1 ;oh ok , , i hope it good school you going to go to ,
mistygray013 ;me ,
dan45_m_1 ;any thing else good happening in your life ,
mistygray013 ;like i cant wait till we get moved cause then we dont gotta stay with my lil cousins no more n next week they r goin on a father son camp out so i cant wait till they all go ,
dan45_m_1 ;lol , , can i ask where your mom and dad are ,
mistygray013 ;idk , , they left me with my granpa long time ago ,
dan45_m_1 ;oh , , i bet when u start school there going to be a lot of boys that like you ,
mistygray013 ;kool , , all the guys at my other school were dorks ,
dan45_m_1 ;lol , , y that ,
mistygray013 ;idk they just was ,
dan45_m_1 ;k , , what grade u going into ,
mistygray013 ;,
dan45_m_1 ;nice , , u going live in citdy of county ,
mistygray013 ;idk , , se mi ,
dan45_m_1 ;near detroit then ,
mistygray013 ;sorta i guess ,
dan45_m_1 ;k ,
mistygray013 ;where do u live ? ,
dan45_m_1 ;north mi ,
mistygray013 ;i donno where stuff is yet ,
dan45_m_1 ;hours from you if near detroit ,
mistygray013 ;thats far ,
dan45_m_1 ;yes , , what you doing ,
mistygray013 ;my stupid computers locking up on me ,
dan45_m_1 ;oh ,
mistygray013 ;does urs ever do that ? ,
dan45_m_1 ;some times , , my son fixes it when it does ,
mistygray013 ;i dont got ne body that knows how fix mine ,
dan45_m_1 ;oh ,
mistygray013 ;we r gonna go get ice cream , , ttyl ,
dan45_m_1 ;ok lick it for me too by by ,
mistygray013 ;BOO ,
dan45_m_1 ;lol ,
mistygray013 ;what ya doin ? ,
dan45_m_1 ;in chat rooms , , what u doing ,
mistygray013 ;nothin , , i stayed at my uncles house day cause i didnt feel good ,
dan45_m_1 ;oh sorry to hear that , , hope u get better soon ,
mistygray013 ;i didnt have go help paint n stuff day ,
dan45_m_1 ;oh did u want to go ? ,
mistygray013 ;kinda bored paintin all day ,
dan45_m_1 ;yes it is , , u to sexy to paint all day ,
mistygray013 ;lol , , thanks ,
dan45_m_1 ;your welcum , , do u have a lot of friend here on line ? ,
mistygray013 ;my granpas got somebody go our new house make us be able get internet there ,
dan45_m_1 ;cool ,
mistygray013 ;then i can take my lap top there , , all my friends on here r in indiana , , cept u ,
dan45_m_1 ;oh ok , , so u like talking to older men then ? ,
mistygray013 ;is kool , , i like u ,
dan45_m_1 ;thanks i like u too , , u there alone ? ,
mistygray013 ;ya , , cept my lil cousin , , hes takin his nap ,
dan45_m_1 ;ok cool , , so what u like to talk about ,
mistygray013 ;idk , , what beach r u on in that lil pic ? ,
dan45_m_1 ;sex ? ? ? lol ( We know what he wants to talk about . ) , , myrtle beach sc ,
mistygray013 ;lol , , kool ,
dan45_m_1 ;have u kiss a boy yet ,
mistygray013 ;ya ,
dan45_m_1 ;kool ,
mistygray013 ;i have couple x bfs but they r in indiana ,
dan45_m_1 ;oic ,
mistygray013 ;i miss my friends there ,
dan45_m_1 ;they try any thing else with you ? , , i bet u do ,
mistygray013 ;wht u mean ? ,
dan45_m_1 ;touch your tits ,
mistygray013 ;like he didnt do that ,
dan45_m_1 ;oh ok ,
mistygray013 ;what ya doin ? ,
dan45_m_1 ;just seting here , , i wish i nad gr dau to do thing with iam bored ( I hope he never gets near any grandchildren . ) ,
mistygray013 ;awww , , >< , , what would u wanna do ? ,
dan45_m_1 ;go park swiming beach ,
mistygray013 ;kool , , that would b so fun ,
dan45_m_1 ;yes it woulded ,
mistygray013 ;wheres ur fav place go ? ,
dan45_m_1 ;myrtle beach , , in mi clear lake ,
mistygray013 ;kool , , can u camp out there n stuff ? ,
dan45_m_1 ;yes ,
mistygray013 ;kool ,
dan45_m_1 ;i have boom fires all the time at my house ,
mistygray013 ;kool , , what do u do at them ? ,
dan45_m_1 ;roast machmloows ,
mistygray013 ;yum , , with chocolate n gram crackers ? ? ,
dan45_m_1 ;yes ,
mistygray013 ;i love those ,
dan45_m_1 ;me too , , if i had gr dau she could near me we tell all kind of stores ,
mistygray013 ;kool , , what kinda stories do u tell ? ,
dan45_m_1 ;spocky , , when i was your like her , , let her ask about any she want to know ,
mistygray013 ;kool ,
dan45_m_1 ;i woulded hided any thing from her ,
mistygray013 ;what do u mean ? ,
dan45_m_1 ;iif she has ? about any thing in her life ,
mistygray013 ;kk , , like what ? ,
dan45_m_1 ;bird ans bees just any thing , , and ,
mistygray013 ;kool ,
dan45_m_1 ;i think it would be , , kool ,
mistygray013 ;ya , , me ,
dan45_m_1 ;so if you want to know any thing ask any time we chat ,
mistygray013 ;ok ,
dan45_m_1 ;brb have to staret dinner ,
mistygray013 ;kk ,
dan45_m_1 ;back , , miiss me ? ,
mistygray013 ;ya , , what did u cook ,
dan45_m_1 ;pork chops , , chesse potatoes , , green beans ,
mistygray013 ;yum , , do u like cook ? ,
dan45_m_1 ;yes ,
mistygray013 ;kool , , i dont cook so good , , i like make cookies ,
dan45_m_1 ;u will learn ,
mistygray013 ;whats ur fav kinda cookies ? ,
dan45_m_1 ;betbutter , , pentnot butter ,
mistygray013 ;oh kool , , i like choc chip ,
dan45_m_1 ;there good too ,
mistygray013 ;i make pb cookies sometimes ,
dan45_m_1 ;ok kool ,
mistygray013 ;my granma showed me how make cookies ,
dan45_m_1 ;that kool ,
mistygray013 ;my cousins wakin up , , brb ,
dan45_m_1 ;ok ,
mistygray013 ;im back ,
dan45_m_1 ;wel back ,
mistygray013 ;did u eat ur supper yet ? ,
dan45_m_1 ;no , , ill eat ,
mistygray013 ;kk ,
dan45_m_1 ;u eat yet ,
mistygray013 ;nope , , granpa is gonna bring something home for us ,
dan45_m_1 ;i frozze up ,
mistygray013 ;awww r u cold ? LOL ,
dan45_m_1 ;com pure rf rozz e
mistygray013 ;i know , , i hate that when it does taht me ,
dan45_m_1 ;lol ,
mistygray013 ;give ur computer a blankie ,
dan45_m_1 ;lol u funny ,
mistygray013 ;lol , , hi ,
dan45_m_1 ;hi ,
mistygray013 ;we r gonna b movin in2 our house ,
dan45_m_1 ;how was your day , , oh kool ,
mistygray013 ;was ok , , we r done paintin ,
dan45_m_1 ;good ,
mistygray013 ;what did u do day ? ,
dan45_m_1 ;work till pm ,
mistygray013 ;what kinda work do u do ? ,
dan45_m_1 ;food store , , in deli ,
mistygray013 ;u gotta work lots ,
dan45_m_1 ;oh doing what ,
mistygray013 ;u just said u worked in a store ,
dan45_m_1 ;oh sorry , , i just work days a week ,
mistygray013 ;ohh , , guess i just keep askin on days u work ! ,
dan45_m_1 ;guess so , , i dont work till next wed now ,
mistygray013 ;thats kool , , what r u gonna do on the weekend ? ,
dan45_m_1 ;going tomorrow to get a gort , , goat ,
mistygray013 ;really ? , , kool ,
dan45_m_1 ;yes ,
mistygray013 ;what ya gonna do with it ? ,
dan45_m_1 ;it a pet ,
mistygray013 ;awww , , thats tight ,
dan45_m_1 ;it a male ,
mistygray013 ;do u got a name yet ? ,
dan45_m_1 ;i think iam going to get a female too soon ,
mistygray013 ;is it gonna live outside ? ,
dan45_m_1 ;then have goat milk , , yes out side ,
mistygray013 ;is goat milk good ? ,
dan45_m_1 ;yes ,
mistygray013 ;what ya doin ? ,
dan45_m_1 ;in chat rooms ,
mistygray013 ;findin lots of people chat with ? ,
dan45_m_1 ;no just young girl want to know if i have cam ,
mistygray013 ;is she ur friend ? ,
dan45_m_1 ;no , , she and wanted to see me undressed i said no ( I bet he said yes . ) ,
mistygray013 ;kk ,
dan45_m_1 ;if she was my friend i may have let her but she not ,
mistygray013 ;oh kk ,
dan45_m_1 ;what u doing ,
mistygray013 ;watchin tv ,
dan45_m_1 ;oh kk ,
mistygray013 ;u still chattin with other people ? ,
dan45_m_1 ;no ,
mistygray013 ;what ya doin now ? ,
dan45_m_1 ;lol , , iam on cam ,
mistygray013 ;kool , , whos watchin it ? ,
dan45_m_1 ;no one yet ,
mistygray013 ;how come u turned it on if u didnt invite nobody watch it yet ? ,
dan45_m_1 ;it for my friend if they want to see me ,
mistygray013 ;that girl ? ,
dan45_m_1 ;they hale to ash for it ,
mistygray013 ;that rude just ask like that , , line not invited or nothin ,
dan45_m_1 ;yes , , i am going to bed no one wants to see me , , u have sweet dreams good night ,
mistygray013 ;night , , HI ,
dan45_m_1 ;hi ,
mistygray013 ;what u been doin day ? ,
dan45_m_1 ;when got the goat ,
mistygray013 ;yay , , whats his name ? ,
dan45_m_1 ;oida ,
mistygray013 ;kool , , is it a baby ? ,
dan45_m_1 ;no year olded ,
mistygray013 ;awww , , hows ur goat ? ,
dan45_m_1 ;doing good , , he dont like to be alne lol , , alone ,
mistygray013 ;awww , , then u gotta go get him some friends ,
dan45_m_1 ;yes i know , , gf , , lol ,
mistygray013 ;u should go get them right now lol ,
dan45_m_1 ;lol , , it raining to hard to go right now ,
mistygray013 ;aww is he getting wet ? ,
dan45_m_1 ;no he has a house i bilt him ,
mistygray013 ;kool ,
dan45_m_1 ;has nice straw bed too , , hi you in your new house now ? ,
mistygray013 ;granpa said we can stay there wednesday when we get our fridge n stove deliverd ,
dan45_m_1 ;oh ok ,
mistygray013 ;just night n morrow night at my uncles n then yay ,
dan45_m_1 ;that good just u grand pa cool ,
mistygray013 ;ya , , what ya doin ? ,
dan45_m_1 ;no thing just seting here , , what u doing ,
mistygray013 ;was playin tetris . com ,
dan45_m_1 ;oh ok , , u win ,
mistygray013 ;ya ,
dan45_m_1 ;cool ,
mistygray013 ;hows ur goat ? , , did u get him a friend yet ? ,
dan45_m_1 ;doing good , , no cant till next week ,
mistygray013 ;how come ? ,
dan45_m_1 ;the place we geting her from said have to wait till she week olded ,
mistygray013 ;is a baby ! ! ,
dan45_m_1 ;yes , , well good night dont let bed buges bite . sweet dreams ,
mistygray013 ;night ! , , HI , , hows ur baby goat ,
dan45_m_1 ;hi , , doing good he likes it here ,
mistygray013 ;yay , , thats kool ,
dan45_m_1 ;my niece comes over a lot he like her the best lol ,
mistygray013 ;aww , , kool , , how old is she ? ,
dan45_m_1 ;( I'm sick to my stomach to know that a child goes to his house a lot . ) ,
mistygray013 ;kool ,
dan45_m_1 ;u in new hoyse ? , , house ,
mistygray013 ;ya ,
dan45_m_1 ;kool ,
mistygray013 ;we stayed here last night ,
dan45_m_1 ;ok kool ,
mistygray013 ;what u been doin day ? ,
dan45_m_1 ;i worked just got home ,
mistygray013 ;what u gonna do now ? ,
dan45_m_1 ;what you been doing all day ? , , rest , , play on here ,
mistygray013 ;me n granpa went the store n got food ,
dan45_m_1 ;good ,
mistygray013 ;we didnt have ne thing me eat while hes gone this weekend lol ,
dan45_m_1 ;oh way he going , , were ,
mistygray013 ;hes goin on a father son campout with my uncle n cousins , , they r goin ohio morrow ,
dan45_m_1 ;kool , , u staying a lone ? ,
mistygray013 ;ya ,
dan45_m_1 ;ok , , what u going to do by your self ,
mistygray013 ;idk , , b bored ,
dan45_m_1 ;lol , , well if im on here we can talk so u not bored ,
mistygray013 ;ok kool ,
dan45_m_1 ;it be fun ,
mistygray013 ;ya , , me n allie n april used have sleepovers when granpa went somewhere , , i wish they was here ,
dan45_m_1 ;u can ask me any thing you want to know about any thing ,
mistygray013 ;kool ,
dan45_m_1 ;boys life michigan ,
mistygray013 ;does it get real cold here ? ,
dan45_m_1 ;yes it does , , down to ,
mistygray013 ;im gonna freeze lol , , lots of snow ? ,
dan45_m_1 ;me too , , yes alot ,
mistygray013 ;kool maybe snow days school lol ,
dan45_m_1 ;yes be lot of day for that ,
mistygray013 ;kool ,
dan45_m_1 ;what grades u get in school ,
mistygray013 ;,
dan45_m_1 ;ok , , are there any kids your age live near you ? ,
mistygray013 ;didnt find ne yet ,
dan45_m_1 ;oh ok , , u playing a game ? ,
mistygray013 ;ya ,
dan45_m_1 ;ok ,
mistygray013 ;what u doin ? ,
dan45_m_1 ;just looking for some to talk to ,
mistygray013 ;i can talk n play , , im just playn pool with allie ,
dan45_m_1 ;oh ok , , who allie ,
mistygray013 ;did u ever play pool on here ? , , my friend in indiana ,
dan45_m_1 ;oh ok , , yes i have ,
mistygray013 ;its fun ,
dan45_m_1 ;yes it is ,
mistygray013 ;what ya wanna chat bout ? ,
dan45_m_1 ;any thing , , your busy you play pool with allie ,
mistygray013 ;i can chat and play at the same time , , i do that all the time ,
dan45_m_1 ;ok ,
mistygray013 ;whens ur bday ? ,
dan45_m_1 ;dec , , yours ,
mistygray013 ;thats close christmas , , -Jun ,
dan45_m_1 ;week before ,
mistygray013 ;bet that sucks presents ,
dan45_m_1 ;yes it does ,
mistygray013 ;whats the best present u ever got ? ,
dan45_m_1 ;mini bike ,
mistygray013 ;kool , , that would b fun ,
dan45_m_1 ;it was ,
mistygray013 ;did u ride it lots ? ,
dan45_m_1 ;yes all the time ,
mistygray013 ;how fast did it go ? ,
dan45_m_1 ;,
mistygray013 ;sweet ! I want one ,
dan45_m_1 ;sweet ,
mistygray013 ;what ya doin ? ,
dan45_m_1 ;talking to a boy your age , , he on mom compurer ,
mistygray013 ;kool , , is he kool ? ,
dan45_m_1 ;he looking at mom nude pics lol ,
mistygray013 ;pics of his mom ? ,
dan45_m_1 ;yes and other girls and men ,
mistygray013 ;wow , , where did he get them ? ( I think he got them from Raab . ) ,
dan45_m_1 ;i think his mom came home he got off line ral fast , , lol ,
mistygray013 ;just now ? ,
dan45_m_1 ;he was on mom compurter ,
mistygray013 ;ohh ,
dan45_m_1 ;he not alowd to be lol ,
mistygray013 ;lol , , like who was it ? just wonderin if its somebody i chatted with ,
dan45_m_1 ;he compurter he cant get to thing he want to see , , he didnt say his name ,
mistygray013 ;oh i was thinkin like his sn ,
dan45_m_1 ;mom name ***EDIT*** ,
mistygray013 ;thats a funny first name ,
dan45_m_1 ;oppps ***EDIT*** ,
mistygray013 ;"\""hey ! u got ur cam on was he the one that got see ? \"" ,"
dan45_m_1 ;boys on here want to see pics of you all the time too ,
mistygray013 ;they do ? LOL ,
dan45_m_1 ;lol , , no he didnt see do you want to see ? ,
mistygray013 ;im kool with it if u r ,
dan45_m_1 ;ok , , hi ,
mistygray013 ;it was showin an add lol , , i see u now ,
dan45_m_1 ;oh ok , , so what u think ,
mistygray013 ;kool , , is fun ,
dan45_m_1 ;yes it is , , u like looking at cams ,
mistygray013 ;ya ,
dan45_m_1 ;ok , , u like see more of me ,
mistygray013 ;im kool with it ,
dan45_m_1 ;ok u sure ,
mistygray013 ;sure ,
dan45_m_1 ;ok ,
mistygray013 ;kool ,
dan45_m_1 ;thanks ,
mistygray013 ;like that boy really wanted see my pics ? ,
dan45_m_1 ;what u doing ,
mistygray013 ;watchin ,
dan45_m_1 ;k , , i bet he fdid , , did ,
mistygray013 ;oh lol ,
dan45_m_1 ;can see them ,
mistygray013 ;huh ? ,
dan45_m_1 ;your pics ,
mistygray013 ;ok , , oh they r on my myspace ,
dan45_m_1 ;oh ,
mistygray013 ;, , did u see them ? ,
dan45_m_1 ;yes , , hot ,
mistygray013 ;thanks ,
dan45_m_1 ;yw , , u like watching me ,
mistygray013 ;is kool ,
dan45_m_1 ;ok kool ,
mistygray013 ;not like real but is kool ,
dan45_m_1 ;yes i know , , would u want to touch it if i was there ,
mistygray013 ;might b kool ,
dan45_m_1 ;ever see cum before ,
mistygray013 ;ya ,
dan45_m_1 ;who ,
mistygray013 ;my x bf ,
dan45_m_1 ;ok , , u suck him ,
mistygray013 ;we didnt do that ,
dan45_m_1 ;he just jo ,
mistygray013 ;jo ? ,
dan45_m_1 ;jjack off ,
mistygray013 ;no we did other stuff ,
dan45_m_1 ;like what ,
mistygray013 ;"like all the way stuff ""> ,"
dan45_m_1 ;kool , , u like his cock in you ,
mistygray013 ;was kool , , kinda hurt some ,
dan45_m_1 ;oh , , it be good next time ,
mistygray013 ;i dont got a bf no more ,
dan45_m_1 ;u find some to fuck u , , i would if i was closer to u ,
mistygray013 ;really ? ,
dan45_m_1 ;yes[/b ,
mistygray013 ;kool ,
dan45_m_1 ;u think u like that ,
mistygray013 ;ya , , do u live far ? ,
dan45_m_1 ;goin g to cum foru ,
mistygray013 ;k ,
dan45_m_1 ;hours ,
mistygray013 ;oh , , guess thats far , , ? , , where did ya go ? , , hi , , im bored ,
dan45_m_1 ;hi ,
mistygray013 ;hi , , im bored lol ,
dan45_m_1 ;how you been ,
mistygray013 ;was readin my book ,
dan45_m_1 ;ok ,
mistygray013 ;what bout u ? ,
dan45_m_1 ;just got home from work ,
mistygray013 ;kool , , what u gonna do now ? ,
dan45_m_1 ;eat then lol on here ,
mistygray013 ;kk ,
dan45_m_1 ;hi ,
mistygray013 ;hi ,
dan45_m_1 ;how u doing ,
mistygray013 ;bored , , granpa got home ,
dan45_m_1 ;oh , , ok cool , , he sleeping ? ,
mistygray013 ;no , , hes puttin his stuff away n taking a shower ,
dan45_m_1 ;oh ok , , u want to see my cam ,
mistygray013 ;ok ,
dan45_m_1 ;my cock ,
mistygray013 ;ok ,
dan45_m_1 ;u ever see gr pa cock ,
mistygray013 ;no ,
dan45_m_1 ;k ,
mistygray013 ;i got go , , granpas comign ,
dan45_m_1 ;ok by ,
