ID;msg
daniel_pulido78 ;were in the area , im in the , male kind of old , lol , n you
q_tiepii ;lol , f mira loma
daniel_pulido78 ;u young
q_tiepii ;im not a baby
daniel_pulido78 ;i work in mira loma , u have a pic
q_tiepii ;on my prof
daniel_pulido78 ;i dint say that
q_tiepii ;didnt say wat
daniel_pulido78 ;that your a baby , i bet you pretty
q_tiepii ;ok , did u see my profile , thats me on the right
daniel_pulido78 ;loading , ok
q_tiepii ;k
daniel_pulido78 ;u cute , u dont look
q_tiepii ;aww , relly , ty
daniel_pulido78 ;yw , u dont have more pics
q_tiepii ;do u
daniel_pulido78 ;u look like r so
q_tiepii ;relly ? ? ? , kewl
daniel_pulido78 ;i have web cam , but no pic
q_tiepii ;ok
daniel_pulido78 ;u want to see me , in my web cam
q_tiepii ;can u add me , im gettin a lot of bots lol
daniel_pulido78 ;yes i can
q_tiepii ;then i want see ur webcam
daniel_pulido78 ;ok , were r you , in your room
q_tiepii ;ya y
daniel_pulido78 ;just asking
q_tiepii ;ok ok
daniel_pulido78 ;because im naked , i dont know if u want to see me naked
q_tiepii ;oh , lol , i gess so
daniel_pulido78 ;ok , u ever see a naked guy here
q_tiepii ;ya , duh , lol
daniel_pulido78 ;u like
q_tiepii ;ya , kewl
daniel_pulido78 ;u ever feel a dick before
q_tiepii ;ya
daniel_pulido78 ;what have u done
q_tiepii ;i did a bj
daniel_pulido78 ;did u like it , how old was the guy
q_tiepii ;he was
daniel_pulido78 ;will u give a b/j
q_tiepii ;i dunno , i gess if ur nice me
daniel_pulido78 ;i will be , u can ask for anything u want , u have more pics
q_tiepii ;no , do u have a pi , pci , i want see wat u look like
daniel_pulido78 ;it will be nice if u get a web cam , u want to se emy face
q_tiepii ;ya
daniel_pulido78 ;thats me
q_tiepii ;ur cute
daniel_pulido78 ;ty
q_tiepii ;yw
daniel_pulido78 ;i love to get to know u , whats your name
q_tiepii ;sami , wats urs
daniel_pulido78 ;danny
q_tiepii ;kewl
daniel_pulido78 ;can u talk on the phone
q_tiepii ;not relly , i left it off the charger
daniel_pulido78 ;will u like too
q_tiepii ;my moms gonna kill me w hem she gets home lol
daniel_pulido78 ;lol , so u home alone
q_tiepii ;ya
daniel_pulido78 ;nice
q_tiepii ;ya but im bored , lol
daniel_pulido78 ;so u like my cock sami , lets talk on the phone
q_tiepii ;i dont do phone sex , lol
daniel_pulido78 ;just talk , u want to see my cum , u there
q_tiepii ;ya
daniel_pulido78 ;what r u doing sami
q_tiepii ;nuthin , just watch in u
daniel_pulido78 ;ok , u want to see my cum
q_tiepii ;i gess
daniel_pulido78 ;so tell me sami u have a nice pussy , any one ever feel your pussy
q_tiepii ;ya
daniel_pulido78 ;what they do
q_tiepii ;i dont cyber
daniel_pulido78 ;im not sking you to cyber just asking what they do when they touch your pussy
q_tiepii ;wered ur cam go
daniel_pulido78 ;dont know , hold on , u there sami , <ding>
q_tiepii ;so r u real or do u just do this on wevcam
daniel_pulido78 ;im for real , will u like it for real , sami iii iii
q_tiepii ;im here
daniel_pulido78 ;so how real do u want it
q_tiepii ;lol , real real
daniel_pulido78 ;any time u want , let me know
q_tiepii ;do u mean i t or r u playin me
daniel_pulido78 ;i mean it , do u want it
q_tiepii ;ya
daniel_pulido78 ;ok , can i call u
q_tiepii ;no but i can call u , my mom has the phone forwarded , to her cell
daniel_pulido78 ;ok , when can u call me , can u call now
q_tiepii ;i dunno teh phones charg in
daniel_pulido78 ;just to say hi , can you
q_tiepii ;i need let the phone charge , hang on
daniel_pulido78 ;ok
q_tiepii ;wats ur number , ill call in a minute
daniel_pulido78 ;-0205 , ok
q_tiepii ;waht is the area code , u said u were in
daniel_pulido78 ;yes , but this is my cell
q_tiepii ;oh
daniel_pulido78 ;if u call me at i have to get off the computer
q_tiepii ;oic , wud u be able to come nite maybe
daniel_pulido78 ;yes , will u be alone , what time tonite
q_tiepii ;calling
daniel_pulido78 ;ok
q_tiepii ;back
daniel_pulido78 ;wb
q_tiepii ;ty
daniel_pulido78 ;so were do u live
q_tiepii ;ill tell ya in a whi el , lol
daniel_pulido78 ;ok
q_tiepii ;so tell me wat u want do when u come over
daniel_pulido78 ;well we can watch a movie , n is up tpo yuo sami
q_tiepii ;awww , wat kind of movei
daniel_pulido78 ;scary movies
q_tiepii ;lol , y scary movies
daniel_pulido78 ;what kind u like , so u can hold on to me
q_tiepii ;awwww , thats swee
daniel_pulido78 ;what will u like to do
q_tiepii ;do u have a gf
daniel_pulido78 ;no right now
q_tiepii ;so r u lookin for one
daniel_pulido78 ;not really , but when u meet the right person why not
q_tiepii ;aww thats sweet
daniel_pulido78 ;u sweet
q_tiepii ;so u dont want me a gf or nuthin
daniel_pulido78 ;sami it will be ok if i go see u xtra neighbor es wont say anything to your mom , g/f sounds good
q_tiepii ;"kew;l"
daniel_pulido78 ;but remember in
q_tiepii ;i no , i dont care
daniel_pulido78 ;ok
q_tiepii ;do u care that im
daniel_pulido78 ;so is ok wit your neighbors , im ok with it
q_tiepii ;ya they dont care , so is ur webcam still on
daniel_pulido78 ;yes , u want to see my dick again
q_tiepii ;yea , do u want me see it in real life
daniel_pulido78 ;yes
q_tiepii ;kewl , so if i dont kno alot bout what to do thats not bad rite ?
daniel_pulido78 ;when do u want me to see u , what time
q_tiepii ;im not sure yet , i mite have eat supper with my aunt
daniel_pulido78 ;ok , well baby u have my , call me any time , for anything ok
q_tiepii ;r u sure
daniel_pulido78 ;yes
q_tiepii ;how far away r u from me do u thin
daniel_pulido78 ;in mira loma , im about minutes
q_tiepii ;ok
daniel_pulido78 ;were u at
q_tiepii ;can u come at
daniel_pulido78 ;yes
q_tiepii ;kewl , edit e , can u mapquest it im not good with dir cti one
daniel_pulido78 ;what city in zp , so i can map quest
q_tiepii ;mira loma
daniel_pulido78 ;ok
q_tiepii ;jsut come throu hg by the side of the house the back sli dig glass door , then the neighbors wont see ok
daniel_pulido78 ;ok , give me you in case
q_tiepii ;wat kind of car do u drive so i can watch u
daniel_pulido78 ;what color is your house , a blck truck
q_tiepii ;i cant but i can call u back remember my mom has it forwarded her cell , sumtimes she sa by thc
daniel_pulido78 ;ok
q_tiepii ;lol , ok kewl
daniel_pulido78 ;lol
q_tiepii ;ill watch for u at ok
daniel_pulido78 ;wich side of the house right or left
q_tiepii ;right
daniel_pulido78 ;ok
q_tiepii ;can u bring rubbers i dont wanna get preg , lol
daniel_pulido78 ;yes
q_tiepii ;kewl
daniel_pulido78 ;give a call around :30
q_tiepii ;ok , i better go get ready lol
daniel_pulido78 ;ok , see u at
q_tiepii ;i cant wait , k
daniel_pulido78 ;me either , bye
