ID;msg
davetalbot654 ;m mi
dorkasaurus_rex93 ;f mi
davetalbot654 ;wow that young
dorkasaurus_rex93 ;im not , lol
davetalbot654 ;yeah but thats still young , what you up to today ?
dorkasaurus_rex93 ;nothing reallly bored
davetalbot654 ;yeah me too , it so hard to talk to younger people on here
dorkasaurus_rex93 ;why ?
davetalbot654 ;cuz most people want to talk about sex
dorkasaurus_rex93 ;so
davetalbot654 ;i can tdo that with you
dorkasaurus_rex93 ;why ?
davetalbot654 ;you
dorkasaurus_rex93 ;so
davetalbot654 ;so ever seen to catch a predator ?
dorkasaurus_rex93 ;no , what's that ?
davetalbot654 ;its a show about catching guys that hit on underage girls on the internet , not that i wouldn't like it
dorkasaurus_rex93 ;why do people tell people theyre talking to underage girls ? , its no ones business
davetalbot654 ;the cops set them up act like a teenage girl then bust them
dorkasaurus_rex93 ;thats kinda stupid , dont u think ? , i mean if a guy and a girl like each other , then they should leave them alone
davetalbot654 ;true , so what do you look like ?
dorkasaurus_rex93 ;do u have a myspace ?
davetalbot654 ;yep
dorkasaurus_rex93 ;edit
davetalbot654 ;says it was deleted
dorkasaurus_rex93 ;thats cos i spelled it wrong , lol
davetalbot654 ;lol , i can only see it if you add me
dorkasaurus_rex93 ;then add me
davetalbot654 ;last name ?
dorkasaurus_rex93 ;carter
davetalbot654 ;ok tell me when its added
dorkasaurus_rex93 ;added , ure cute
davetalbot654 ;ty
dorkasaurus_rex93 ;yw
davetalbot654 ;so are you , wow
dorkasaurus_rex93 ;really ? , think so ?
davetalbot654 ;oh yeah , so what you wanna talk about ?
dorkasaurus_rex93 ;idc whatever u want , whats on ur brain
davetalbot654 ;im a guy the same thing thats always on my brain , lol
dorkasaurus_rex93 ;kay well im not a mind reader , lol
davetalbot654 ;men only think about sex , /7
dorkasaurus_rex93 ;lol , well i guess i dont ti hnk of it that often , lol
davetalbot654 ;lol , especially with young girls , lol , are you a virgin ?
dorkasaurus_rex93 ;promise not to tell ?
davetalbot654 ;who am i gonna tell/
dorkasaurus_rex93 ;idk lol , no , im not
davetalbot654 ;lol
dorkasaurus_rex93 ;had a bf in california
davetalbot654 ;really
dorkasaurus_rex93 ;yep
davetalbot654 ;do you masterbate ?
dorkasaurus_rex93 ;nope that sf a key f a key
davetalbot654 ;so what ae you loking fo on here/
dorkasaurus_rex93 ;idk , to not be bored , lol
davetalbot654 ;lol , is it woking ? , *working
dorkasaurus_rex93 ;so far so good
davetalbot654 ;lol , cool , wow you have a nice lil body
dorkasaurus_rex93 ;ty vm
davetalbot654 ;im just t lling the tuth , telling the truth
dorkasaurus_rex93 ;thats cool though cos ure cute so it matters that u think im cute
davetalbot654 ;whee you at in this god awful state ?
dorkasaurus_rex93 ;near detroit
davetalbot654 ;really im not far away
dorkasaurus_rex93 ;thats cool
davetalbot654 ;it would be im possable for us to get together tho
dorkasaurus_rex93 ;why ?
davetalbot654 ;age
dorkasaurus_rex93 ;why
davetalbot654 ;you cant drive
dorkasaurus_rex93 ;yeah , that does suck , lol
davetalbot654 ;and no parent wi ould let you hang out with me
dorkasaurus_rex93 ;why ? , i mean , first its none of her business , and two , its none of her business , lol
davetalbot654 ;lol , you look like you would be awsome in bed and your so pretty
dorkasaurus_rex93 ;i love that u think so , whatcha thinking ? , u got quiet on me
davetalbot654 ;fixing something
dorkasaurus_rex93 ;whatd u break
davetalbot654 ;kids toy
dorkasaurus_rex93 ;glue , unless its a car , cos then teh wheels wont move , lol
davetalbot654 ;lol
dorkasaurus_rex93 ;and then it would just go in a circle , which wouldnt be much fun
davetalbot654 ;tran from er
dorkasaurus_rex93 ;yeah dont glue that either , cos then it couldnt transform , and then it would just be a doll
davetalbot654 ;and im thinking we get together and i tell everyone ur my babysitter , lol
dorkasaurus_rex93 ;u want to ? i mean like for real ?
davetalbot654 ;im still kind of scared , but it is a good cover
dorkasaurus_rex93 ;well i mean dont tell anyone anything
davetalbot654 ;oh for sure , what would we do tho
dorkasaurus_rex93 ;my mom didnt know about my last bf , didnt think it was her business , lol , idk , whatever u wanted i guess
davetalbot654 ;LOL
dorkasaurus_rex93 ;"i mean ud be my boss right ? , since im the babysitter , ; , ; , stupid thing i couldnt get it to wink , lol"
davetalbot654 ;yes , yes i would , but how would i pay you ?
dorkasaurus_rex93 ;well i mean since ure not relaly my boss i guess u dont have to right ?
davetalbot654 ;lol
dorkasaurus_rex93 ;im all confused now
davetalbot654 ;so tell me a few things ?
dorkasaurus_rex93 ;lol , whatcha want to know
davetalbot654 ;how big is yo pur chest , your*
dorkasaurus_rex93 ;b
davetalbot654 ;nice , how many times have you had sex ?
dorkasaurus_rex93 ;idk didnt count , like only one guy , but we had fun
davetalbot654 ;are you loud/
dorkasaurus_rex93 ;"idk , what do u mean ? , like my mom say si dont shut up , ;lol"
davetalbot654 ;did you make a lot of noise , lol
dorkasaurus_rex93 ;not if his parents were home , lol
davetalbot654 ;can you pass for
dorkasaurus_rex93 ;idk , why ?
davetalbot654 ;well how tall are you ?
dorkasaurus_rex93 ;five two
davetalbot654 ;and if i say your or can you play alog with it ?
dorkasaurus_rex93 ;who r u gonna tell that to ? , i mean i thought we were nt gonna tell anyone anything
davetalbot654 ;just in case , we are nt telling anyone
dorkasaurus_rex93 ;yeah i mean , its one thing to not tell anyone
davetalbot654 ;ok lets meet if you want
dorkasaurus_rex93 ;its another thing for u to be so ashamed of me that u want me to lie
davetalbot654 ;im not ashamed , not at all , i would be pretty damn proud
dorkasaurus_rex93 ;like do u really want to meet ?
davetalbot654 ;your beautiful
dorkasaurus_rex93 ;cos i mean like if u really want to u could come over when my mom goes to vegas
davetalbot654 ;that could be fun
dorkasaurus_rex93 ;yeah it could
davetalbot654 ;you would have to meet me in a public place tho
dorkasaurus_rex93 ;um thats cool , i mean i dont really care , exccept u said u didnt want anyone to know , and in public place someone might see us , but . whatever u want
davetalbot654 ;yeah but i have to be careful you undestand right ?
dorkasaurus_rex93 ;i know , thats why i dont know why u want to go where people will see us , but ill do whatever u want
davetalbot654 ;go to you tube and tye in to catch a predator
dorkasaurus_rex93 ;|kay , why ? | , do u ever watch ninja warrior , it cracks me up
davetalbot654 ;you'll see why i dont want to go straight to your house , i love ninja warrior
dorkasaurus_rex93 ;i toally tivo it , omg , omg , nagano went down , on the first level
davetalbot654 ;nagano no way ! , takada is the man , you gonna be on for a while ? , im gona go eat
dorkasaurus_rex93 ;yeah , if im not here its cos i have to eat , did u add me yet ?
davetalbot654 ;yes i did sexy , ok i'll be back in a few
dorkasaurus_rex93 ;kay
davetalbot654 ;ok im back
dorkasaurus_rex93 ;wb , whatd u eat ?
davetalbot654 ;meat loaf , yuck
dorkasaurus_rex93 ;ketchup , lots and lots of ketchup
davetalbot654 ;yeah , miss me ?
dorkasaurus_rex93 ;tons
davetalbot654 ;lol , sure
dorkasaurus_rex93 ;i was totally bored without u
davetalbot654 ;lol , yeah ? , i wish you had a cam
dorkasaurus_rex93 ;yeah ? how come ?
davetalbot654 ;so i could see you
dorkasaurus_rex93 ;oh duh , that makes sense
davetalbot654 ;lol , so talk to me
dorkasaurus_rex93 ;about ?
davetalbot654 ;anything
dorkasaurus_rex93 ;um . . . favorite music ?
davetalbot654 ;rock im a singer
dorkasaurus_rex93 ;seriously ?
davetalbot654 ;yeah
dorkasaurus_rex93 ;i only sing in the shower , anywhere else would make peoples ears bleed
davetalbot654 ;lol can i watch ? , i can give you lessons in the shower
dorkasaurus_rex93 ;lol , thats what ud want to do in the whoswer ? , um , shower , evidently id need typing lessons too
davetalbot654 ;lol , no thats not what i want to do in the shower
dorkasaurus_rex93 ;what do u want to do then ?
davetalbot654 ;gt clean what else is there
dorkasaurus_rex93 ;guess thats true , lol
davetalbot654 ;clean you , lol , what do you want to do when we met ?
dorkasaurus_rex93 ;u totally got quiet on me , idc , whatever u want
davetalbot654 ;no , i asked you
dorkasaurus_rex93 ;can i ask u a question ?
davetalbot654 ;yes
dorkasaurus_rex93 ;what r u looking ofr on here ? , and no stealing my answer about not being bored , thats not fair , lol
davetalbot654 ;lol ok , friends may be more , is that good enough
dorkasaurus_rex93 ;yeah , um , favorite color
davetalbot654 ;red
dorkasaurus_rex93 ;um , favorite kind of car
davetalbot654 ;grand am
dorkasaurus_rex93 ;ummmm mm , do u work ?
davetalbot654 ;no , unemployment
dorkasaurus_rex93 ;so then i guess i cant ask if u like what u do , lol , ummmm mm , favorite sport ?
davetalbot654 ;basketball , u ?
dorkasaurus_rex93 ;well a , i think football , but i cant play sports to save my life , i make a amazing bench warmer , lol
davetalbot654 ;<ding> , brb
dorkasaurus_rex93 ;kay
davetalbot654 ;ok , what ya doin ?
dorkasaurus_rex93 ;nothing
davetalbot654 ;im listening to music
dorkasaurus_rex93 ;what kind
davetalbot654 ;akon , what you thinking about ?
dorkasaurus_rex93 ;|nothing , i just feel like im boring u or something|
davetalbot654 ;do you rally want to meet me , no im not bored at all , fave colo ?
dorkasaurus_rex93 ;pink , lol
davetalbot654 ;i should have guessed , fave thing to wear ?
dorkasaurus_rex93 ;yeah i guess its all over my page , lol , um sundresses
davetalbot654 ;oooo , i love gils in dresses and skirts
dorkasaurus_rex93 ;well then yay me
davetalbot654 ;lol , i just think that its sexy , do you have nice legs ?
dorkasaurus_rex93 ;i think so
davetalbot654 ;fave type of panties
dorkasaurus_rex93 ;boyshorts and thongs
davetalbot654 ;cool , why do you want to meet me ?
dorkasaurus_rex93 ;honestly ? , cos ure cute , cos u dont treat me like a little girl , |and , i dunno u make me smile|
davetalbot654 ;lol , you dont act like a kid
dorkasaurus_rex93 ;my mom says im a old soul , not sure really waht she means , but thats what she says
davetalbot654 ;lol , it means you act older than you are
dorkasaurus_rex93 ;oh , well then i am a old soul , lol
davetalbot654 ;lol
dorkasaurus_rex93 ;u r so freaking cute
davetalbot654 ;ty , i try , so , yeah thats me
dorkasaurus_rex93 ;much better with the light on
davetalbot654 ;and this is me with no shirt
dorkasaurus_rex93 ;nice tat
davetalbot654 ;which one i have a lot
dorkasaurus_rex93 ;there was one on ur chest , is that ur son ?
davetalbot654 ;yeah
dorkasaurus_rex93 ;how old is he ? , r u married ?
davetalbot654 ;no divorced
dorkasaurus_rex93 ;good cos i dont want to get my ass kicked cos im talking to someones husband , lol
davetalbot654 ;lol , so you wouldn't want me if i were married ?
dorkasaurus_rex93 ;um , lets just say its a good thing we rnt telling anyone , lol
davetalbot654 ;lol , so wanna be my babysitter ?
dorkasaurus_rex93 ;um , not sure how to answer that , cos i dont want to watch ur kids
davetalbot654 ;"ok \""babysitter\"""
dorkasaurus_rex93 ;lol , im all about u
davetalbot654 ;yeah you can babysit me , how does that sound ?
dorkasaurus_rex93 ;how do i babysit a adult
davetalbot654 ;lol , im flirting with yu
dorkasaurus_rex93 ;i know , lol , was just wondering what u would want
davetalbot654 ;you
dorkasaurus_rex93 ;thats it ?
davetalbot654 ;dress d sexy on my lap
dorkasaurus_rex93 ;so thats where the sitting comes from huh ? , lololol o lolol
davetalbot654 ;lol
dorkasaurus_rex93 ;i totally made a funny , lol
davetalbot654 ;yeah you did , would that wok for you ?
dorkasaurus_rex93 ;yeah sure , what if u get tired of me being on ur lap
davetalbot654 ;hmmm , i dont know , any ideas ?
dorkasaurus_rex93 ;not really
davetalbot654 ;what if you get tied of being dresed is a bette question , lol
dorkasaurus_rex93 ;if i got tied ? , how am i getting tied
davetalbot654 ;tired sorry
dorkasaurus_rex93 ;oh . . . i thought u were being flirty
davetalbot654 ;i was just in another way , so how would you get me turned on ?
dorkasaurus_rex93 ;i dont know what turns u on ?
davetalbot654 ;i dont j know give me some ideas
dorkasaurus_rex93 ;|um , u know ive only been with one guy right ? |
davetalbot654 ;yeah , was it just sex o other stuf too ?
dorkasaurus_rex93 ;some other stuff
davetalbot654 ;like ?
dorkasaurus_rex93 ;idk . . . never did anything with my butt , lol , so like not everything
davetalbot654 ;i dont doo that , ok , you've never gone past making out with any other guy ?
dorkasaurus_rex93 ;|well i mean , isnt past making out sex ? |
davetalbot654 ;no , there's lots of stuff that isnt sex
dorkasaurus_rex93 ;like ?
davetalbot654 ;fingering
dorkasaurus_rex93 ;well yeah i did that , but never to a guy
davetalbot654 ;umm giving head
dorkasaurus_rex93 ;ive done that
davetalbot654 ;getting eaten out
dorkasaurus_rex93 ;nope
davetalbot654 ;all that kind of stuff
dorkasaurus_rex93 ;yeah i havent done that last one
davetalbot654 ;well what havn't you done that you want to do ? , and dont be shy
dorkasaurus_rex93 ;probably that last one , like , yeah
davetalbot654 ;ok , ever wear a des or skirt with no panties ? , lol , *dress , SORRY RANDOM QUESTIONS
dorkasaurus_rex93 ;i did once when i went to the beach and only took my bathing suit . . but not usually , idc
davetalbot654 ;ok , you want to ask me anything sexuall or anything in general ?
dorkasaurus_rex93 ;um . . . , ummmm mm , is there anything u havent done that u want to do ?
davetalbot654 ;yeah
dorkasaurus_rex93 ;like ?
davetalbot654 ;sex with a teenager
dorkasaurus_rex93 ;just any teenager
davetalbot654 ;you , lol
dorkasaurus_rex93 ;oh , i was gonna say , lol
davetalbot654 ;so do you grt horny alot ?
dorkasaurus_rex93 ;i mean . . . like i guess
davetalbot654 ;well what makes you horny ?
dorkasaurus_rex93 ;the making out i guess
davetalbot654 ;but you dont go all the way ?
dorkasaurus_rex93 ;yeah i have
davetalbot654 ;but just with that one guy
dorkasaurus_rex93 ;right
davetalbot654 ;never wanted to but just didnt with anyone else
dorkasaurus_rex93 ;just didnt like i mean one guy i sorta dated sucked at kissing . . . dont even want to think about how bad it could have been , lolol lololol
davetalbot654 ;lol , and what if i try ?
dorkasaurus_rex93 ;if u try what ?
davetalbot654 ;to get you into bed
dorkasaurus_rex93 ;then i guess u need to kiss good ?
davetalbot654 ;lol , i've been told im a very good kisser
dorkasaurus_rex93 ;well then yay us
davetalbot654 ;anything else you want to know ? , anything at all im not shy
dorkasaurus_rex93 ;um do u really want to meet me ?
davetalbot654 ;yes
dorkasaurus_rex93 ;why ?
davetalbot654 ;you seem cool and you ae cute
dorkasaurus_rex93 ;think u might want to try and get me in bed ?
davetalbot654 ;i dont know , to be honest , why is that what you want/
dorkasaurus_rex93 ;thats cool , i mean , whatever , like . . . i mean it could be cool , since ure a good kisser and all --- says someone , lol
davetalbot654 ;lol
dorkasaurus_rex93 ;but i mean its not like id die if we didnt
davetalbot654 ;but you want to
dorkasaurus_rex93 ;well only if u want to
davetalbot654 ;well would you be willing to make the first move ?
dorkasaurus_rex93 ;what do u mean ?
davetalbot654 ;would you wait to b kissed or kiss me first
dorkasaurus_rex93 ;idk , like i might prolly be a little shy , so . . . . . . , i mean i guess it depends on how things go
davetalbot654 ;wll do you drink o smoke or do drugs ?
dorkasaurus_rex93 ;i drink sometimes , i tried to smoke a joint once . . . . , but i couldnt figure out how to inhale , lol
davetalbot654 ;lol , ciggerttes ?
dorkasaurus_rex93 ;yeah no , but that probably would hve helped with the joint , lololol
davetalbot654 ;lol , just asking , ev kissed a girl ?
dorkasaurus_rex93 ;once on a dare
davetalbot654 ;like it ?
dorkasaurus_rex93 ;eh . . . idk really
davetalbot654 ;how can you not know
dorkasaurus_rex93 ;like i mean it didnt make me puke or anything , but , it didnt make me feel like when i kissed my bf , well ex bf , whered u go ? , sorry totally got kicked
davetalbot654 ;im here soy ned ed a drink , just asking , so tell me something about you
dorkasaurus_rex93 ;what do u want to know ?
davetalbot654 ;something no one knows , yeah , thats what i want
dorkasaurus_rex93 ;um . . . . , whats what u want ?
davetalbot654 ;to know something about you that no one else knows
dorkasaurus_rex93 ;ummmm mm , one time is to le something
davetalbot654 ;what did you steal
dorkasaurus_rex93 ;condoms , lol
davetalbot654 ;lol , nice
dorkasaurus_rex93 ;didnt want to get pregnant , lol
davetalbot654 ;good plan , so then we need condoms
dorkasaurus_rex93 ;well i still dont want to ge tpregnant , lol
davetalbot654 ;lol , i suppose not
dorkasaurus_rex93 ;whatcha thinking ?
davetalbot654 ;so was he big ? , random stuff
dorkasaurus_rex93 ;i mean i guess
davetalbot654 ;what are you thinking/
dorkasaurus_rex93 ;that i really want ice cream
davetalbot654 ;lol
dorkasaurus_rex93 ;u keep getting quiet
davetalbot654 ;sory im thinking
dorkasaurus_rex93 ;about what ?
davetalbot654 ;you
dorkasaurus_rex93 ;what about me ?
davetalbot654 ;that you beautiful
dorkasaurus_rex93 ;u should totally put ur real pic in there instead of a avatar , ure much cuter than the avatar
davetalbot654 ;there you go
dorkasaurus_rex93 ;ure so good to me , lol
davetalbot654 ;lol , how can i not be
dorkasaurus_rex93 ;lol
davetalbot654 ;so when w gonna meet/
dorkasaurus_rex93 ;i guess when my mom goes to vegas
davetalbot654 ;when is that ?
dorkasaurus_rex93 ;um i dont know if its next week or the week after
davetalbot654 ;thats a long wait
dorkasaurus_rex93 ;u want me to go ask ?
davetalbot654 ;sure
dorkasaurus_rex93 ;kay brb , kay , so she leaves next week , she says she isnt sure if she s gonna leave wends day or thursday
davetalbot654 ;ok
dorkasaurus_rex93 ;is that still too long ?
davetalbot654 ;no , looking foward to it
dorkasaurus_rex93 ;cool .
davetalbot654 ;so wanna se a movie or something ?
dorkasaurus_rex93 ;if u want
davetalbot654 ;you havent given me a straight ans we this whole time
dorkasaurus_rex93 ;thats not true , i totally did
davetalbot654 ;lol
dorkasaurus_rex93 ;when u asked what is my favorite color , and , if there was something that i wanted to try
davetalbot654 ;lol , i know im picking on you , is that ok ?
dorkasaurus_rex93 ;totally , |just , on here i dont always get it| , cant read sarcasm online , lol
davetalbot654 ;-} , you so cute , so cutie
dorkasaurus_rex93 ;u think ?
davetalbot654 ;tell me what you want to do when we meet , want a date or we met then hang at your place ?
dorkasaurus_rex93 ;well we can totally hang here so my mom will be gone
davetalbot654 ;so meet somewh then go to your place ? , *somewhere , its up to you
dorkasaurus_rex93 ;thats cool
davetalbot654 ;ok , ok talk
dorkasaurus_rex93 ;i mean i guess it depends too if its snowing , cos sometimes i think i can get frost bite just from going to the mail box , lololol , so im not walking anywhere if its gonna be really really cold
davetalbot654 ;wll i guess that im gonna have to have you call me be foe we met then
dorkasaurus_rex93 ;thats cool
davetalbot654 ;ok , did you look that up on you tube ?
dorkasaurus_rex93 ;no
davetalbot654 ;you should e ally
dorkasaurus_rex93 ;what did u want me to look at again ?
davetalbot654 ;to catch a ped at or
dorkasaurus_rex93 ;ill go look
davetalbot654 ;ok , did you look ?
dorkasaurus_rex93 ;theres a bunch
davetalbot654 ;look for the real ones , do you see why im scared ?
dorkasaurus_rex93 ;well yeah , but , i mean
davetalbot654 ;i trust you
dorkasaurus_rex93 ;well i mean . . i dont think they should be getting in peoples business
davetalbot654 ;true , so
dorkasaurus_rex93 ;so
davetalbot654 ;you really like me ?
dorkasaurus_rex93 ;yep , do u really lilke me ?
davetalbot654 ;ys i do
dorkasaurus_rex93 ;well then its all good
davetalbot654 ;do you want to see me naked lol
dorkasaurus_rex93 ;totally
davetalbot654 ;now ?
dorkasaurus_rex93 ;well my moms home
davetalbot654 ;o ok
dorkasaurus_rex93 ;wait , did u mean in person ?
davetalbot654 ;umm no i have a cam
dorkasaurus_rex93 ;lol , well then totally to both , now i see the superman one too
davetalbot654 ;ok you wanna see/
dorkasaurus_rex93 ;totally , thats hott
davetalbot654 ;you like ?
dorkasaurus_rex93 ;totally
davetalbot654 ;think it could make you happy
dorkasaurus_rex93 ;yeah , u think u could ?
davetalbot654 ;yeah
dorkasaurus_rex93 ;because ure a great kisser
davetalbot654 ;yep
dorkasaurus_rex93 ;so what got u um . . . . excited
davetalbot654 ;it dont take much
dorkasaurus_rex93 ;lol , |so could hav e been anything , huh ? |
davetalbot654 ;thinking of you
dorkasaurus_rex93 ;yeah ?
davetalbot654 ;that sounded creepy
dorkasaurus_rex93 ;not really
davetalbot654 ;close , not like your wet form thinking of me
dorkasaurus_rex93 ;only cos i dont check
davetalbot654 ;are you/ , ? ? ? ? ? ?
dorkasaurus_rex93 ;well im not gonna check but prolly
davetalbot654 ;lol
dorkasaurus_rex93 ;cos that was hott
davetalbot654 ;ok , you want it ?
dorkasaurus_rex93 ;yeah
davetalbot654 ;what do yu want to do with it
dorkasaurus_rex93 ;i dont think i want to do that butt thing . . that kind of scares me
davetalbot654 ;ok well what else ?
dorkasaurus_rex93 ;well what do you like ?
davetalbot654 ;sex
dorkasaurus_rex93 ;well that would work , lol , uve totally gone quiet on me again
davetalbot654 ;sory , think in
dorkasaurus_rex93 ;whatcha thinking
davetalbot654 ;i want you
dorkasaurus_rex93 ;gonna be able to wait til my mom leaves ?
davetalbot654 ;if i have to
dorkasaurus_rex93 ;holy crap my moms bitch ign about dishes , cos i havent done them yet , ill bb iab
davetalbot654 ;hey
dorkasaurus_rex93 ;hey sorry . my computer totally locked up last night
davetalbot654 ;its ok , whats up ?
dorkasaurus_rex93 ;didja miss me ?
davetalbot654 ;sure did
dorkasaurus_rex93 ;long but freaking awesome , like , ive never seen anything like it , and not awesome like yay great , but awesome like omfg
davetalbot654 ;k i will look , i used to be a fireman
dorkasaurus_rex93 ;omg really ? , bet that was so fucking scary , how come not any more ? , too sexy for the calendar ? , lololol olo lolo lololol lo lololol
davetalbot654 ;umm i did what i wanted to do , and that was run into a burning building
dorkasaurus_rex93 ;um . why ?
davetalbot654 ;just to say tha i did it , how many people do you know that can say they ran into a burning building
dorkasaurus_rex93 ;yeah but , i mean
davetalbot654 ;brb chae cking on dinner
dorkasaurus_rex93 ;like was there someone in there ?
davetalbot654 ;no , just went in to put the fire out
dorkasaurus_rex93 ;and ur boss got mad ?
davetalbot654 ;no i quit after that
dorkasaurus_rex93 ;hwo come ?
davetalbot654 ;cuz i just wanted to run into the fire after that i really didnt want to be a fireman again
dorkasaurus_rex93 ;thats cool , so what do u want to do now
davetalbot654 ;sound engene er , its the class you ned to take to a radio dj
dorkasaurus_rex93 ;oh thats cool
davetalbot654 ;and what is it that you want to do
dorkasaurus_rex93 ;idk really , i thought maybe a vet , but it would make me sad if the animal died , and dogs kind of scare me
davetalbot654 ;lol , how about my live in nanny ? , lol
dorkasaurus_rex93 ;idk . . .
davetalbot654 ;my futue ex-wife ? , *future , lol
dorkasaurus_rex93 ;lol , dont think ud want to stay married to me huh ?
davetalbot654 ;dont know you might want a younge man
dorkasaurus_rex93 ;eh . . . i think im not worried about getting married for a while , im sorta all about fun right nwo , lol
davetalbot654 ;lol , right on , so what do you do for fun ? , brb , back so sorry it took so long
dorkasaurus_rex93 ;its okay
davetalbot654 ;had to eat
dorkasaurus_rex93 ;meatloaf again ?
davetalbot654 ;chicken
dorkasaurus_rex93 ;wow u cook everything huh ?
davetalbot654 ;yeah im a cook
dorkasaurus_rex93 ;really ? , ure kinda cool , i make a mean bowl of cereal
davetalbot654 ;yum , kinda cool ?
dorkasaurus_rex93 ;like u r but i dont want u to get a big ego
davetalbot654 ;lol , ok , tak , talk
dorkasaurus_rex93 ;about ?
davetalbot654 ;anything i dont care
dorkasaurus_rex93 ;well whats on ur brain ?
davetalbot654 ;nothin really you ?
dorkasaurus_rex93 ;pretty much the same
davetalbot654 ;wow miss m we
dorkasaurus_rex93 ;tons
davetalbot654 ;miss me i mean
dorkasaurus_rex93 ;i knew what u meant
davetalbot654 ;sure , talk to me
dorkasaurus_rex93 ;um , r we still hanging out next week/
davetalbot654 ;i planned on it
dorkasaurus_rex93 ;cool , i have to go eat dinner really quick , ill bb iaf
davetalbot654 ;ok , hey
dorkasaurus_rex93 ;hey , didja miss me
davetalbot654 ;yeah you ?
dorkasaurus_rex93 ;whered u go
davetalbot654 ;im back
dorkasaurus_rex93 ;thank god
davetalbot654 ;lol
dorkasaurus_rex93 ;no seriously , some weirdo was talking to me and wouldnt leave me the fuck alone , but now i can just talk to u and his messages owont come up
davetalbot654 ;lol ok , so whats up
dorkasaurus_rex93 ;whered u go
davetalbot654 ;crashed
dorkasaurus_rex93 ;as in slept , or ur computer died
davetalbot654 ;comp died
dorkasaurus_rex93 ;that sucks
davetalbot654 ;yeah it happens , hows my lil sweetie today ? ?
dorkasaurus_rex93 ;okay , how r u
davetalbot654 ;tired , babysat today
dorkasaurus_rex93 ;ur kids ? , or other kids
davetalbot654 ;my site rs , Sisters*
dorkasaurus_rex93 ;thats cool , how many ?
davetalbot654 ;plus my
dorkasaurus_rex93 ;holy crud
davetalbot654 ;yeah
dorkasaurus_rex93 ;how old is ur other kid ?
davetalbot654 ;miss me today
dorkasaurus_rex93 ;tons
davetalbot654 ;yeally ?
dorkasaurus_rex93 ;ur r doesnt work really well does it , lol , my last computer was missing a key , lol
davetalbot654 ;no no it doesnt
dorkasaurus_rex93 ;like it wasnt missing really , just , the top part
davetalbot654 ;lol
dorkasaurus_rex93 ;so it was not fun
davetalbot654 ;lol , you are too cool
dorkasaurus_rex93 ;why ?
davetalbot654 ;your funny
dorkasaurus_rex93 ;well yay me
davetalbot654 ;lol
dorkasaurus_rex93 ;how many people u talkin to
davetalbot654 ;like
dorkasaurus_rex93 ;oh
davetalbot654 ;a couple friends and you
dorkasaurus_rex93 ;well i ll let u go
davetalbot654 ;no
dorkasaurus_rex93 ;r u sure
davetalbot654 ;you dont need to , i like talking to you
dorkasaurus_rex93 ;god cos i like talking to u , good*
davetalbot654 ;i also use this chat thing called imvu
dorkasaurus_rex93 ;whats that ?
davetalbot654 ;its all d and stuff , did you think of me last night ?
dorkasaurus_rex93 ;totally
davetalbot654 ;lol took you long enough
dorkasaurus_rex93 ;i know i went pee , lol
davetalbot654 ;lol , ok i will forgive you this time
dorkasaurus_rex93 ;good cos otherwise i would have peed my pants and i havent done that in like years , lol
davetalbot654 ;lol , good that wouldnt be too attractive
dorkasaurus_rex93 ;lol
davetalbot654 ;so you eally want to met me ?
dorkasaurus_rex93 ;totally
davetalbot654 ;ok , gonna dress sexy for me ?
dorkasaurus_rex93 ;whatcha want me to wear ?
davetalbot654 ;the sexiest thing you have , umm how about something red ?
dorkasaurus_rex93 ;okay , cos thats ur favorite color
davetalbot654 ;lol yep , dress ?
dorkasaurus_rex93 ;i dont know if i have a red dress , but ill wear a dress if u want
davetalbot654 ;ok , red thong ? , lol
dorkasaurus_rex93 ;sure , lolol o , that i can do
davetalbot654 ;well ell me what you think the sexes t thin you have is
dorkasaurus_rex93 ;hold on , miss me ?
davetalbot654 ;of course
dorkasaurus_rex93 ;uh huh , sure sure , whatcha been doing ?
davetalbot654 ;nothing reading
dorkasaurus_rex93 ;fuck . my moms already bitching about dishes . , ill bbi afm , boo , didja go have icecream ?
davetalbot654 ;im goin to a club sorry
dorkasaurus_rex93 ;hmph , okay , whatcha gonna do next weekend ? , hint hint , nudge , nudge
davetalbot654 ;you
dorkasaurus_rex93 ;lol , lol , when u gonna come over ?
davetalbot654 ;we will figure that out
dorkasaurus_rex93 ;okay thats cool , was just trying to figure out if i was going to start pretending to be sick so i dont have to go to school on friday , lo lololol
davetalbot654 ;ll , lol , yes do that but i gotta go
dorkasaurus_rex93 ;okay , have fun
davetalbot654 ;later , hello
dorkasaurus_rex93 ;hey , didja have fun last night
davetalbot654 ;yeah , went and watched the ufc fights
dorkasaurus_rex93 ;thats cool , those kinda freak me out , cost heyre so man to each other
davetalbot654 ;it was awsome
dorkasaurus_rex93 ;im totally watching the ninja warriors i tivo d , lol , they crack me up
davetalbot654 ;t is an awsome show , what you doing this weekend ?
dorkasaurus_rex93 ;u
davetalbot654 ;oh yeah ! ?
dorkasaurus_rex93 ;just stealing ur answer from yesterday , lol
davetalbot654 ;lol , well fine if you don't want to
dorkasaurus_rex93 ;ouch , harsh , i didnt say that , lol
davetalbot654 ;lol
dorkasaurus_rex93 ;whatcha thinking ?
davetalbot654 ;nothin much , you ?
dorkasaurus_rex93 ;watching ninja warriors and play ring rocket mania , lol , and being totally annoyed by ths total gym commercial
davetalbot654 ;lol , fun
dorkasaurus_rex93 ;that water is soooo o gross
davetalbot654 ;yeah but i still want to br on the show
dorkasaurus_rex93 ;did u put in a video for the american warrior thing ?
davetalbot654 ;no , i wanted too
dorkasaurus_rex93 ;may be theyll do it again
davetalbot654 ;they will , hmmmm
dorkasaurus_rex93 ;hmmm what ? , u know what i totally miss , jack in the box , i totally want a chicken fajita pita , oooh or or or or or , egg rolls , num my
davetalbot654 ;never had it
dorkasaurus_rex93 ;omg its so oooo oooo good , u ve been deprived , lololol , like ur life wont be complete until uve done ninja warrior or had a chicken fajita pita from jack in the box
davetalbot654 ;lol
dorkasaurus_rex93 ;its the octopus guy , and he actually makes it past the first obstacle , omg and the second
davetalbot654 ;no way
dorkasaurus_rex93 ;totally , and almost died on the thrid but . . . but is sorta stuck , theyre all clapping for him
davetalbot654 ;lol
dorkasaurus_rex93 ;ive never seen him pass before , and then that stupid hang glider guy , he got stuck on the first one and face planted , lol
davetalbot654 ;yay
dorkasaurus_rex93 ;a year old made it farther than almost every one
davetalbot654 ;wow , what r u doing this weekend tho ?
dorkasaurus_rex93 ;ure coming over right ?
davetalbot654 ;if you want
dorkasaurus_rex93 ;well totally
davetalbot654 ;ok so what are we dion g
dorkasaurus_rex93 ;whatever u want
davetalbot654 ;well give me some ideas
dorkasaurus_rex93 ;well we could watch movies . . . or idk . . . play
davetalbot654 ;play ?
dorkasaurus_rex93 ;yeah , u know , with each other
davetalbot654 ;how so ?
dorkasaurus_rex93 ;idk . . . . what do u like ?
davetalbot654 ;you tell me what you like
dorkasaurus_rex93 ;i like u , |i mean what do u want me to say ? ive only been with one guy . . so like , i havent done enough to say what i like u know ? |
davetalbot654 ;then tell me what you want to try
dorkasaurus_rex93 ;pretty much anything , except stuff with my butt , lolol
davetalbot654 ;lol
dorkasaurus_rex93 ;thats just blech to me
davetalbot654 ;lol , ok
dorkasaurus_rex93 ;what do u want to try ?
davetalbot654 ;there is nt much i havent done
dorkasaurus_rex93 ;lol well then
davetalbot654 ;i havent had a threesome
dorkasaurus_rex93 ;that might be hard with only the two of us
davetalbot654 ;ah i know , i havent done anal
dorkasaurus_rex93 ;and prolly wont this weekend too , lol
davetalbot654 ;i havent taped it
dorkasaurus_rex93 ;me either
davetalbot654 ;i havent taken pics
dorkasaurus_rex93 ;are those all things u want to do/ , like u havent done them , but u want to ?
davetalbot654 ;no anal
dorkasaurus_rex93 ;so threesome and the pics or filming ?
davetalbot654 ;the rest i think could be fun
dorkasaurus_rex93 ;so then . . . i mean . . , what do u want to do ?
davetalbot654 ;it doesnt matter , we cant do a some , we cant film
dorkasaurus_rex93 ;yeah cos i dont have any friends that would , do u ? , and i dont have a camera , do u ?
davetalbot654 ;yes to the friends no to the camera , and pics may not be a good idea
dorkasaurus_rex93 ;oh how come ? , what kind of friends ?
davetalbot654 ;what if we get caught ? , i have guy friends and girl friends that would
dorkasaurus_rex93 ;um , why would we get caught ?
davetalbot654 ;im not saying we would
dorkasaurus_rex93 ;so whatever , i mean , if u want to try soemthing great , and if not thats cool too
davetalbot654 ;do you want me to take pics of you ?
dorkasaurus_rex93 ;i mean it could be cool but not if u dont want
davetalbot654 ;i mean what would you do for me to take pics of ? , and would you want to do a some ?
dorkasaurus_rex93 ;um . . idk to both , lol , i mean like what do u want to take pics of ? , and , like , what friends ? i mean i havent even seen them , lol
davetalbot654 ;lol , idk would you rather it be a guy or a girl ?
dorkasaurus_rex93 ;idk . . . girls kinda freak me out like that , like . i mean , idk , whered u go ? , lol
davetalbot654 ;sorry got booted
dorkasaurus_rex93 ;its cool , whatcha thinking ?
davetalbot654 ;nothin , umm do you shave done there ?
dorkasaurus_rex93 ;i trim
davetalbot654 ;cool , i shave
dorkasaurus_rex93 ;i know , i saw
davetalbot654 ;lol , soooo
dorkasaurus_rex93 ;so what ?
davetalbot654 ;you stopped talkin
dorkasaurus_rex93 ;u stopped , so i just waited
davetalbot654 ;you have to talk too
dorkasaurus_rex93 ;well duh
davetalbot654 ;im bored and horny
dorkasaurus_rex93 ;wont be next weekend , lol , how long u gonna stay ?
davetalbot654 ;idk
dorkasaurus_rex93 ;like i mean r u gonna stay the weekend , the night , or just a little while
davetalbot654 ;what do you want ?
dorkasaurus_rex93 ;|i mean u could stay the whole time if u want , but i mean its up to u|
davetalbot654 ;no i asked you
dorkasaurus_rex93 ;duh i said u could stay the whole weekend , i mean i think that would be cool , my moms leaving money for pizza and stuff , but . . . . its up to u
davetalbot654 ;well how about we see how things go ?
dorkasaurus_rex93 ;thats cool too
davetalbot654 ;ok
dorkasaurus_rex93 ;i have to go for a little bit . . . . . bbiaf kay ?
davetalbot654 ;hey , hey
dorkasaurus_rex93 ;hey
davetalbot654 ;whats up , doing anything this weekend ?
dorkasaurus_rex93 ;u tell me
davetalbot654 ;yeah
dorkasaurus_rex93 ;what am i doing ?
davetalbot654 ;a tall bald guy who is well hung ? , lol
dorkasaurus_rex93 ;well yay me , lol
davetalbot654 ;dont you want to ?
dorkasaurus_rex93 ;totally do , thats why i said yay me , duh
davetalbot654 ;lol , well ok tell me where you live , hello ?
dorkasaurus_rex93 ;oh sorry my mom was talking to me , lol , i have to go help with dinner really quick , bb iaf
davetalbot654 ;hello ?
dorkasaurus_rex93 ;how r u ? , missed me ?
davetalbot654 ;yep yep yep
dorkasaurus_rex93 ;how come ure not talk in got me
davetalbot654 ;i can ask you the same ?
dorkasaurus_rex93 ;cos i was waiting for u , didja miss me ?
davetalbot654 ;yes i did
dorkasaurus_rex93 ;well yay me , i missed u too , when ya gonna come and see me ?
davetalbot654 ;when i get my check
dorkasaurus_rex93 ;when do u get ur check
davetalbot654 ;friday
dorkasaurus_rex93 ;cool , so do u want to wait til saturday or r u coming friday
davetalbot654 ;friday
dorkasaurus_rex93 ;well they said they might cancel our half day cos we had a snow day today , so i wont be home til like is that okay
davetalbot654 ;yeah , want me to pick you up from school ?
dorkasaurus_rex93 ;well idk cos i wont know if we r doing a half day or not til like tomorrow
davetalbot654 ;so let me know to mar rw
dorkasaurus_rex93 ;kay
davetalbot654 ;cuz i think that would be best
dorkasaurus_rex93 ;u think , with everyone around ?
davetalbot654 ;im just picking you up , not like we'e doing anything wrong
dorkasaurus_rex93 ;yeah but at least if u picked me up from my house no one would see
davetalbot654 ;are you affraid of someone seeing
dorkasaurus_rex93 ;idk . . . not really , i just dont like everyone in my business
davetalbot654 ;so just dont tell anyone anything
dorkasaurus_rex93 ;well duh , just figured if no one saw no one could ask questions , but whatever , whatcha think i ing
davetalbot654 ;you know im scared
dorkasaurus_rex93 ;why ?
davetalbot654 ;cuz your young i just think that i would be more com fer table eeting you in public , im not saying that im going to get in trouble its just
dorkasaurus_rex93 ;its just ?
davetalbot654 ;im more com fer table with that
dorkasaurus_rex93 ;kay , i have to go help my mom with dinner , ill bbiab is that okay ? , r u here ? , well im not sure if im gonna be able to talk to u before tomorrow since ure not on but . . . . . , edit , edit , edit
davetalbot654 ;hwy , hey
dorkasaurus_rex93 ;hey
davetalbot654 ;what was this you wot e
dorkasaurus_rex93 ;i gave u my address
davetalbot654 ;well gie it to me again
dorkasaurus_rex93 ;lol kay , edit , edit
davetalbot654 ;ok , so what time ?
dorkasaurus_rex93 ;i ll be home by , brb have to pee , lol , sorry stopped for ice cream too
davetalbot654 ;when am i cummin ? , i need the zup code
dorkasaurus_rex93 ;sorry my computer totally died
davetalbot654 ;zip code
dorkasaurus_rex93 ;like yahoo wouldnt load
davetalbot654 ;kylie give me the zip code , please
dorkasaurus_rex93 ;edit , sorry , my yahoo isnt working right
davetalbot654 ;well i tried to mapquest it , sw wms fine to me , *seems
dorkasaurus_rex93 ;i totally got booted , and then couldnt sign back on
davetalbot654 ;its cool , ok whole address
dorkasaurus_rex93 ;removed , edit
davetalbot654 ;ok one sec , you told me belle veiw before , ok when ?
dorkasaurus_rex93 ;when do u want to ?
davetalbot654 ;your mom gone/ , ? ? ? ? ? ? ? ? ? ? ?
dorkasaurus_rex93 ;she will be in the morning , be here at
davetalbot654 ;you wat me there at ? , give me your number and i will call when im on my way
dorkasaurus_rex93 ;removed
davetalbot654 ;ok ans i will call you whe i get to your road so you can mett me at the end of your drive way if thats cool
dorkasaurus_rex93 ;thats cool
davetalbot654 ;ok so what time like or ?
dorkasaurus_rex93 ;yeah
davetalbot654 ;ok , how about , wht time do you get out of school ?
dorkasaurus_rex93 ;thats cool
davetalbot654 ;ok it take me an hour to get there are you gonna be home at ?
dorkasaurus_rex93 ;yeah
davetalbot654 ;o kill call you to marrow , :-*
dorkasaurus_rex93 ;boo , i got home early . . . r u here ?
davetalbot654 ;yeah im here
dorkasaurus_rex93 ;well im home , u gonna leave now ?
davetalbot654 ;i mcharg in my cell and getting dressed
dorkasaurus_rex93 ;how long of a drive is it ? like an hour right ? , so ure late , lolo lololol
davetalbot654 ;how am i late ?
dorkasaurus_rex93 ;cos if it takes u an hour u wont be here at , lol , but ill get over it , ill just take a shower and stuff
davetalbot654 ;i asked you lastnite was ok member ?
dorkasaurus_rex93 ;no lol , sorry , cos if i remembered i wouldnt have come home early , lololol
davetalbot654 ;well i did
dorkasaurus_rex93 ;thats cool , no big gee , ill just shower and get purty , lol
davetalbot654 ;lol , ok ill call you in a few
dorkasaurus_rex93 ;kay , my home or cell number ?
davetalbot654 ;hey wait heres my cell , call me when you get out of the shower
dorkasaurus_rex93 ;kay
davetalbot654 ;ok ima go cash me check and head that way right now
dorkasaurus_rex93 ;kay , ttys
