ID;msg
deaf1_one ;/m/wa . you ?
constantconstance92 ;f lakewood
deaf1_one ;|I'm in kennewick , a good hours south east from you . . what are you up to ? |
constantconstance92 ;nut in , just bord , chat in , u
deaf1_one ;|sme bored , cant sleep|
constantconstance92 ;im violet , u
deaf1_one ;nice to meet you Violet I'm Will
constantconstance92 ;nice meet u
deaf1_one ;|thats a nice photo you have in your profile , cute lookin|
constantconstance92 ;ty ty
deaf1_one ;very welcome , |you dont look in that pic , I'd say more like or |
constantconstance92 ;nope , lol
deaf1_one ;you dont mind chatting with someone my age ?
constantconstance92 ;took it about two wks ago , no
deaf1_one ;|cool , the one I have its more like a months old|
constantconstance92 ;kewl , ur cute
deaf1_one ;thank you , ever been to kennewick ?
constantconstance92 ;no
deaf1_one ;|I think I've been to Lakewood before , I used to Live around that way Enumclaw , bremerton , so I'm sure I've been at least through there|
constantconstance92 ;we just moved here , about mths ago
deaf1_one ;where from ?
constantconstance92 ;arizona , tempe
deaf1_one ;|cool , my prother now lives in Arizona| , oops brother*
constantconstance92 ;kewl
deaf1_one ;talking to a cute girl got me all exce ited now i cant spell
constantconstance92 ;lol , u funny
deaf1_one ;I try to be , why you up so late ? or is it early ?
constantconstance92 ;cant sleep , not gong to skool today
deaf1_one ;why not ?
constantconstance92 ;i gots a doc appt
deaf1_one ;|I see , what you seeing the doc for ? if thats ok to ask|
constantconstance92 ;i got to get a shot for skool
deaf1_one ;|a shot , alrighty|
constantconstance92 ;yeah its bs , i was suposed to have it already or something
deaf1_one ;what is it called ?
constantconstance92 ;i duno , mom said do it , and not go to skol , i said SWEET
deaf1_one ;lol yeah I'd do that too
constantconstance92 ;i was a like a day off for a shot , no problem o , lol
deaf1_one ;lol , dont like school huh ?
constantconstance92 ;nope , hate it
deaf1_one ;I hated school also , |I didn't finish either , got tired of the bs from the schools|
constantconstance92 ;its no fun
deaf1_one ;you right it isn't , hey can I add you ? I'm liking ya already
constantconstance92 ;sure
deaf1_one ;thanks cutie , so single ?
constantconstance92 ;lol yes silly , u
deaf1_one ;|yes I am , some times it sucks but sometimes its nice , I get to flirt more|
constantconstance92 ;i gots to go wil
deaf1_one ;|alright , have a good night and sweetdreams|
constantconstance92 ;u , c ya lt8
deaf1_one ;you bet , nighty night , hi Violet
constantconstance92 ;hiya
deaf1_one ;how you doing ?
constantconstance92 ;good u
deaf1_one ;|good , just a little frustrated|
constantconstance92 ;y
deaf1_one ;|supposed to have a package in today , still not here and I ran the varification number on UPS and it said it was on the truck for dilivery this morning|
constantconstance92 ;poo
deaf1_one ;yeah
constantconstance92 ;is it important ?
deaf1_one ;a computer motherboard I ordered
constantconstance92 ;o
deaf1_one ;imbi ul ding my son and daughter a new computer
constantconstance92 ;o kewl
deaf1_one ;|I gave them my old one that I made but its fucking slow , so I'm making a faster better one|
constantconstance92 ;kewl
deaf1_one ;so how was the shot ?
constantconstance92 ;lol fine
deaf1_one ;in the ass or shoulder ?
constantconstance92 ;ass
deaf1_one ;lol well I could have given it to you , and a little kiss to make it feel better
constantconstance92 ;he he
deaf1_one ;it just got here
constantconstance92 ;the nurse didnt kiss it
deaf1_one ;lol , well I'm excited now
constantconstance92 ;kewl , hey a
deaf1_one ;how you doing sexy
constantconstance92 ;ok , u
deaf1_one ;I'm good working on a computer I just built for my kids
constantconstance92 ;nice
deaf1_one ;uh huh
constantconstance92 ;hwo old r they
deaf1_one ;and
constantconstance92 ;kewl
deaf1_one ;uh huh , if you get into my profile and into photos you will see them
constantconstance92 ;k , aww , cuties
deaf1_one ;thanks , so what are you up to ?
constantconstance92 ;nut in , cant sleep
deaf1_one ;I'm sorry come crawl in with me I'll get ya sleeping
constantconstance92 ;u got a nice big bed
deaf1_one ;|uh huh , only problem , kids took it|
constantconstance92 ;dang
deaf1_one ;lol would you actually crawl in bed with me ?
constantconstance92 ;me bee
deaf1_one ;oh really
constantconstance92 ;would u crawl n bed wif me
deaf1_one ;yes why not ? you dont bite too hard do ya
constantconstance92 ;unless u want me to
deaf1_one ;may be start with nibbles , you like to be nibbled ?
constantconstance92 ;i duno , we wil have c
deaf1_one ;we will huh ? you going to come visit ?
constantconstance92 ;no silly , i cant drive
deaf1_one ;|I know , then how will we see ? |
constantconstance92 ;i duno
deaf1_one ;|you dont mind my age ? you'd let me nibble on you , cuz if I start nibbling I'll be licking and sucking too|
constantconstance92 ;no i dont , me bee , i think ur cute , and ur ncie
deaf1_one ;|thanks , I think your cute too , and you seem very sweet| , too bad you werent in the same town huh ?
constantconstance92 ;yep
deaf1_one ;|I'm on a waiting list to get my own place , and if you lived in town here you'd have to come visit after I got the place|
constantconstance92 ;but i dont
deaf1_one ;|yeah that sucks , maybe we'll think of something later on |
constantconstance92 ;me bee , hugs
deaf1_one ;so you have a cam ?
constantconstance92 ;no sow wy
deaf1_one ;|its ok , was wondering how you got your pic ? |
constantconstance92 ;i used have one , mom threw it out
deaf1_one ;why ? were you being bad on it ?
constantconstance92 ;she thought i was
deaf1_one ;but you werent ? no sexy photos ?
constantconstance92 ;no
deaf1_one ;|alrighty , I have a naughty pic|
constantconstance92 ;realy
deaf1_one ;uh huh
constantconstance92 ;kewl , lol , its not in ur album
deaf1_one ;lol well yeah why you wanna see it ? its a umm lower pic
constantconstance92 ;sure
deaf1_one ;ok dont scream , sending
constantconstance92 ;firewall , it no come
deaf1_one ;email addy ?
constantconstance92 ;. com
deaf1_one ;ok brb , ok sent it will be a hotmail address ok ?
constantconstance92 ;ok , ill go look
deaf1_one ;ok a href target blank link to wee willy pica , you like ?
constantconstance92 ;yes , hugs , i m go bed soon
deaf1_one ;|ok , can I join ? |
constantconstance92 ;lol , sure come on over , lol
deaf1_one ;|lol I wish , lakes hours to drive| , well good night and sweet dreams dream of me
constantconstance92 ;nite nite , hugs
deaf1_one ;hi
constantconstance92 ;hey a
deaf1_one ;how you doing ?
constantconstance92 ;good u
deaf1_one ;|I'm ok been busy , have my self a migraine tonight|
constantconstance92 ;aww , hugs
deaf1_one ;|sorry to make this short but I am going to lay down , bye for now |
constantconstance92 ;by
deaf1_one ;hi good look in
constantconstance92 ;hey a , feeln better ?
deaf1_one ;|how are you ? yes I'm feeling better , still slight head ache but mush better|
constantconstance92 ;good , im ok
deaf1_one ;|thats good , what are you up to ? |
constantconstance92 ;nut in cant sleep , u
deaf1_one ;playing a game
constantconstance92 ;hey cutie
deaf1_one ;how you doing ?
constantconstance92 ;good u
deaf1_one ;|I'm good , , thinking of taking my kids for a drice shortly|
constantconstance92 ;kewl , they will like tat
deaf1_one ;|yeah I know they will , too bad your arent here , I'd take you too|
constantconstance92 ;yep , tht would be fun
deaf1_one ;|I'm sure it would , I'd have you sit in the middle so every time I shifted I'd get close between your legs |
constantconstance92 ;he he
deaf1_one ;you like trucks ?
constantconstance92 ;what wuld ur kids say , yes
deaf1_one ;|lol I'm not sure , I'd have to make sure they dont see| , I have a dodge truck and a Willys pickup
constantconstance92 ;kewl , i wuld like c those
deaf1_one ;|cool , they arnt the best looking |
constantconstance92 ;that ok
deaf1_one ;|hmm maybe in a week or so I'll go to Cle Elum to visit family and see if I can make it over to you , hopefully the kids mom will call and want them for a weekend|
constantconstance92 ;that would so rawk
deaf1_one ;yes I know
constantconstance92 ;huggs
deaf1_one ;you home alone ?
constantconstance92 ;yes
deaf1_one ;did you want me to call ?
constantconstance92 ;sure , yeah , whats the
deaf1_one ;I dont know you need to tell me the number I was going to call you
constantconstance92 ;lol mom has all our incoming calls routed to her cel
deaf1_one ;|thats sucks , hmm well how about we do this later then ok ? the house is full here anyone might grab the phone well think of something|
constantconstance92 ;cant sit by it , and Ill just say hi
deaf1_one ;'you going to call direct ? or what ? , its long distance
constantconstance92 ;i got a calling car i can use , card
deaf1_one ;ok
constantconstance92 ;i gots a little cold
deaf1_one ;I'm sorry
constantconstance92 ;its okay , i sound funny
deaf1_one ;you promise no giving out the number ?
constantconstance92 ;i prmoise
deaf1_one ;hold on
constantconstance92 ;k , u there ?
deaf1_one ;ok here the number -3205
constantconstance92 ;kewl hang on , i gotta gets offline
deaf1_one ;ok , |well it looks like I'm not going any where , he is being a pain in the butt , but thinking of taking him out side just to get him out of the house|
constantconstance92 ;kewl , ill be here when you get back
deaf1_one ;well not going yet
constantconstance92 ;i liked talking
deaf1_one ;so what did you think ? , |me too , you sound pretty young , but nice , I think the sqeek was my hearing aid|
constantconstance92 ;lol , it was prolly my cold
deaf1_one ;|yeah , well if you want to try to call again , make sure I know on here first ok ? |
constantconstance92 ;i will , promise
deaf1_one ;thanks , so what are your plans for the day ?
constantconstance92 ;i slept late , its pres day so no skewl , then i just been watching tv
deaf1_one ;yeah I know
constantconstance92 ;and surfing
deaf1_one ;|cool , so what did you think of my voice ? |
constantconstance92 ;i liked it , it was good hear y , see that ur real z
deaf1_one ;I'm real , having a bad hair day
constantconstance92 ;there ya r
deaf1_one ;he's being a pain wants to play my game , still here ?
constantconstance92 ;yeah sow wy
deaf1_one ;sorry for ?
constantconstance92 ;not answer in
deaf1_one ;|its ok , are you just staring|
constantconstance92 ;lol , ud like that huh
deaf1_one ;lol yeah why not , but I'd like to stare at you too
constantconstance92 ;lol , u better take him to play
deaf1_one ;he's playing now , you like muscles ?
constantconstance92 ;yes
deaf1_one ;I've got some , you'll get to feel them someday
constantconstance92 ;yep , i will
deaf1_one ;|well I better go for now , maybe I'll turn the cam on again for you |
constantconstance92 ;k , id like that
deaf1_one ;catch you later , hi
constantconstance92 ;hey a
deaf1_one ;what you doing ?
constantconstance92 ;nut in
deaf1_one ;I'm talking and playing a game
constantconstance92 ;kewl , moms cooking dinner
deaf1_one ;I want some
constantconstance92 ;lol , s pga he tti
deaf1_one ;yummy
constantconstance92 ;yeah it wil b good , im sure
deaf1_one ;|I like taking bread put butter on it and garlic salt , put the oven on broil , rack at the top and brown the bread there , yummy|
constantconstance92 ;yummy
deaf1_one ;mm hhmm , I'm a good cook
constantconstance92 ;kewl , i luv to eat , u make pie/
deaf1_one ;no
constantconstance92 ;aw dang , pie my my fav , is
deaf1_one ;lol well I'm sure I could but I dont cuz I cant have much of it
constantconstance92 ;tru , i forget bout that
deaf1_one ;its ok , you bringing me some dinner ?
constantconstance92 ;lol , it wil b col , cold
deaf1_one ;lol thats what the mo crow ave is for
constantconstance92 ;lol
deaf1_one ;i like lots of olives in my spag getti
constantconstance92 ;ee www , i dont live ol vies
deaf1_one ;lol damn , hey sexy
constantconstance92 ;hey a
deaf1_one ;how are you ?
constantconstance92 ;good you
deaf1_one ;|I'm good , gettin bored|
constantconstance92 ;why
deaf1_one ;|not much to do , lol no one and nothing to do|
constantconstance92 ;ah , lol , what u do today
deaf1_one ;just a lot of running i needed to do and have to finish tomorrow
constantconstance92 ;ah kewl
deaf1_one ;so what are you up to ?
constantconstance92 ;nut in , bord
deaf1_one ;|I'm sorry , so been telling your g/f at school about me|
constantconstance92 ;havnt yet no
deaf1_one ;yet ?
constantconstance92 ;i dont have a lot of friends
deaf1_one ;|I'm sorry , I know how that is , I had like through out school , hardly any friends , |
constantconstance92 ;yeah well peeps think im weird
deaf1_one ;|yeah same here , why do they think you are wierd ? |
constantconstance92 ;i duno , they call me scary , and spooky
deaf1_one ;|because you are different , sounds like me , I was different and because of that I was always tormented , |
constantconstance92 ;yep , exactly , fuckers
deaf1_one ;yeah , dont feel bad I know how you feel
constantconstance92 ;do u want me to tell ne about you
deaf1_one ;|thats up to you , if you want to tell someone go ahead , as long as it doesn't make problems|
constantconstance92 ;kewl , u tel ne bout me , man i keep getting booted
deaf1_one ;I'm sorry , so what would you tell a friend ?
constantconstance92 ;that i had a cute bf
deaf1_one ;oh yeah ? you want me to be your b/f huh
constantconstance92 ;yeah
deaf1_one ;|well right now all it can be is online , |
constantconstance92 ;i know , i miss u , hey a
deaf1_one ;how are you ?
constantconstance92 ;good u
deaf1_one ;I'm good
constantconstance92 ;good , i missed u
deaf1_one ;|missed you too , |
constantconstance92 ;hugs
deaf1_one ;what are you up to ?
constantconstance92 ;nut in , hoping u wuld b on
deaf1_one ;I'm here now
constantconstance92 ;kewl
deaf1_one ;working on my kids computer that I made them
constantconstance92 ;ah , they like it
deaf1_one ;|yeah , its much faster than the last one I made|
constantconstance92 ;good
deaf1_one ;|still needs a little work , but thats what I do| , so what did you do all day ?
constantconstance92 ;skew l
deaf1_one ;anything fun ?
constantconstance92 ;not realy , same old , u
deaf1_one ;|made some runs , worked on my ex bro inlaws truck , then on mine , took kids to school and picked them up| , been busy
constantconstance92 ;kewl , at lest ur werent bored
deaf1_one ;well kinda , brb ok
constantconstance92 ;k
deaf1_one ;|I need to go for a little take my shot and feed my kids ok , but I will be back|
constantconstance92 ;k , huggs
deaf1_one ;back
constantconstance92 ;k , huggs
deaf1_one ;what you doing ?
constantconstance92 ;nut in
deaf1_one ;nutin ? sounds exciting
constantconstance92 ;yeah whoo hoo , lol
deaf1_one ;what are your plans for the rest of the night ?
constantconstance92 ;just this , got some homework
deaf1_one ;what kind of work ?
constantconstance92 ;english
deaf1_one ;|eeww nasty , what they thinkin you cant talk ? |
constantconstance92 ;LOL
deaf1_one ;am I interupting your homework ?
constantconstance92 ;naq , naw
deaf1_one ;alright , you have your computer in your room or what ?
constantconstance92 ;my room
deaf1_one ;thats cool , hey whats nawlins ?
constantconstance92 ;new orleans
deaf1_one ;|aww , you want to go and be naughty there are something ? |
constantconstance92 ;me bee , its a cool city
deaf1_one ;well I wouldn't know
constantconstance92 ;well me either , but i heard , lol
deaf1_one ;lol what would you do there ?
constantconstance92 ;duno , look at all the kewl places , and anne rice lives there
deaf1_one ;there has to be some reason you want to go there , cool , |well before you go there , you have to come here|
constantconstance92 ;he he , or u here
deaf1_one ;yeah one of those
constantconstance92 ;my bday a int til june
deaf1_one ;|thats a ways , mine isn't until Jan| , so do I get to ask personal questions ?
constantconstance92 ;k , what ya wanta to ask
deaf1_one ;umm do you shave your umm yeah that
constantconstance92 ;no
deaf1_one ;why not ?
constantconstance92 ;i duno , not a lot of hair
deaf1_one ;|alright , still growin huh ? |
constantconstance92 ;yes
deaf1_one ;so still nice and smooth
constantconstance92 ;lol , yeah , i guess
deaf1_one ;I shave mine
constantconstance92 ;kewl
deaf1_one ;yah nice and smooth
constantconstance92 ;what else
deaf1_one ;well thats all I shave
constantconstance92 ;i meant what else u want a know , silly
deaf1_one ;lol hmm do you like touching your self ?
constantconstance92 ;a little
deaf1_one ;have you slipped you finger in at all ?
constantconstance92 ;no , just hte outside
deaf1_one ;feels good ?
constantconstance92 ;yes
deaf1_one ;wait until you feel a tongue there instead
constantconstance92 ;lol , u do that me ?
deaf1_one ;you bet
constantconstance92 ;kewl
deaf1_one ;I love sucking and licking there
constantconstance92 ;u get a hairdut ? , cut lol
deaf1_one ;|yeah , need to cleach again| , bleach*
constantconstance92 ;ahh
deaf1_one ;this is my daughter
constantconstance92 ;ah
deaf1_one ;so think one of these nights I give you a show
constantconstance92 ;kewl , id like that
deaf1_one ;awesome
constantconstance92 ;im hafta go soon
deaf1_one ;ok catch me late rok I'd love to hear from you
constantconstance92 ;ok
deaf1_one ;"sorry I missed you ;-8 , hey"
constantconstance92 ;heya !
deaf1_one ;how are you ?
constantconstance92 ;good u
deaf1_one ;|I'm good , was actually just about to head out , thinking of taking the kids to the park , what are you up to ? |
constantconstance92 ;nut in , just surfin , thats all
deaf1_one ;surfin for ?
constantconstance92 ;nut in
deaf1_one ;surfin for nuts
constantconstance92 ;lol
deaf1_one ;well in that case i have just the nuts for you
constantconstance92 ;kew wl
deaf1_one ;|well sweetie I gotta run with the kids , catch me tonight if you can ok ? maybe we'll talk on the phone again|
constantconstance92 ;k
deaf1_one ;miss ya
constantconstance92 ;miss u
deaf1_one ;bye for now sexy
constantconstance92 ;bye bue , hey ya
deaf1_one ;hi , how are you ?
constantconstance92 ;good u
deaf1_one ;I'm alright , what are you up to ? looking for some hot guys huh j/p
constantconstance92 ;lol , bord
deaf1_one ;I'm downloading game upgrades
constantconstance92 ;kewl , what for
deaf1_one ;add new maps to the games and stuff
constantconstance92 ;kewl
deaf1_one ;what kind of games do you like ?
constantconstance92 ;the sims
deaf1_one ;|I've always wanted to play that , I play things like action shooter games , star wars and star trek games|
constantconstance92 ;i dont liek the shoot stuf
deaf1_one ;|sorry , my son and I compete each other online|
constantconstance92 ;thats kewl
deaf1_one ;yup
constantconstance92 ;i just dont like to play em
deaf1_one ;its ok
constantconstance92 ;waht ya do in
deaf1_one ;downloading and talking to you
constantconstance92 ;he he , ok
deaf1_one ;when you coming to sit on my lap ?
constantconstance92 ;he he when ya want me
deaf1_one ;|right now , sliding you slowly on to my lap while my cock slides in little at a time |
constantconstance92 ;brb gots p
deaf1_one ;ok
constantconstance92 ;back
deaf1_one ;front , does that sound fun
constantconstance92 ;i cant wait play
deaf1_one ;|I bet , I cant wait to teeach you | , |well sweets I need to go work on my truck before it get too late ok , I'll catch you in a bit if you are still here |
constantconstance92 ;ok
deaf1_one ;hey
constantconstance92 ;hey
deaf1_one ;how you doing ?
constantconstance92 ;good u
deaf1_one ;I'm ok taking a short break from a game my son and I are playing against each other
constantconstance92 ;kewl
deaf1_one ;|yeah , what are you up to ? |
constantconstance92 ;just seeing if ur on , bored
deaf1_one ;|yeah I'm a little bored too , did you change your profile pic ? looks a little diff|
constantconstance92 ;yes
deaf1_one ;|you look pretty small , may I ask how much you weigh ? if thats ok| , |wow , how tall are you ? | , |cool , your a feather huh ? | , I could just pick you up to eat you
constantconstance92 ;yeah , lol
deaf1_one ;so what other photos you have ?
constantconstance92 ;thats all , i had those few before mom took it
deaf1_one ;ok , |I wish you had a cam , would be nice to see you now|
constantconstance92 ;me
deaf1_one ;then you could really be bad , but hey I better get back to the game he's being a monster I'll catch you in a bit ok ?
constantconstance92 ;k
deaf1_one ;|have fun , or try to | , hey I'm back finished with the games
constantconstance92 ;kewl
deaf1_one ;I have to get dressed still in my pj's
constantconstance92 ;lol , k
deaf1_one ;so what are your plans today ?
constantconstance92 ;nut in
deaf1_one ;|nutin ? sounds fun , come over here and do nutin|
constantconstance92 ;lol , its far silly
deaf1_one ;aww but we could have so much fun
constantconstance92 ;i know , u should come see me
deaf1_one ;|when I get the chance I will , right now I have to save some money for a trip to spokane next month , have to take my daughter to shriners|
constantconstance92 ;k
deaf1_one ;its a check up but she'll end up getting more surgery
constantconstance92 ;o wahts wrong
deaf1_one ;she had club feet when she was born
constantconstance92 ;o
deaf1_one ;when she was months she had surgery one her foot , you home alone ?
constantconstance92 ;no
deaf1_one ;ok well I have to get going for now ttyl sexy
constantconstance92 ;k
deaf1_one ;|hey , I just got back in from dinner , whats up ? |
constantconstance92 ;hiya ! , just wanted to say hi
deaf1_one ;|hi , what are you up to ? |
constantconstance92 ;nut in , just ate
deaf1_one ;anything good ?
constantconstance92 ;tacos
deaf1_one ;yummy
constantconstance92 ;ug on aa be around a while
deaf1_one ;|I think so , nothing coming up that I know of|
constantconstance92 ;kewl
deaf1_one ;up to no good huh ?
constantconstance92 ;me bee , r u
deaf1_one ;|just talking to you , so I guess thats being up to no good j/p|
constantconstance92 ;lol
deaf1_one ;so what did you do today ?
constantconstance92 ;|finished my homework watched a moive , blade | , u
deaf1_one ;pretty good isn't it ?
constantconstance92 ;its ok
deaf1_one ;|not alot , took the kids to BK for lunch , made a couple stops then to the park for a while , and back here , | , I want to see blade
constantconstance92 ;me
deaf1_one ;so what are you doing the rest of the night ?
constantconstance92 ;duno
deaf1_one ;|same here , I have no idea what I'm doing tonight|
constantconstance92 ;dang , lol , bad ur not here
deaf1_one ;oh yeah ? what would we be doing ?
constantconstance92 ;prolly kissing
deaf1_one ;mmmm and ?
constantconstance92 ;lol , u tell me
deaf1_one ;why me ? dont you have any idea what you'd like to be doing ?
constantconstance92 ;im shy about it , i want make u happy
deaf1_one ;you want to make me happy ? what about you ? dont you want to be happy ?
constantconstance92 ;yes
deaf1_one ;and what would you want that would make you happy ? , thinking ?
constantconstance92 ;|lol i told u i was shy about that , mebee after we r togehter I wont be|
deaf1_one ;|oh yeah ? I know you're shy , I am to a point too , kinda took my self out of the major shyness , took a long time|
constantconstance92 ;|i know id like to kiss you , i love kissin and fell you holding me|
deaf1_one ;|that would be great . its nice to feel lips on mine , and the feel of someone hugging back is awesome|
constantconstance92 ;i cant wait to be naked with u
deaf1_one ;oh yeah ? I'd like to feel your soft body rubbing on mine , what else would you like ?
constantconstance92 ;feel you kissing my neck , breathing in my ear
deaf1_one ;|I'll lightly run my teeth over your neck , nibble and suck your ear lobe| , brb , back
constantconstance92 ;k
deaf1_one ;so been telling any friends abotu me yet
constantconstance92 ;lol no
deaf1_one ;why not ? want me all to your self
constantconstance92 ;yep
deaf1_one ;|lol , well you know , it coudl be a long time before we even get a chance to meet or do anything|
constantconstance92 ;lol i know , i wish i could get a cam
deaf1_one ;me too
constantconstance92 ;when u gone give me that show ? lol
deaf1_one ;|lol , well as soon as I dont have the kids here , not wanting them to wake up and see|
constantconstance92 ;yeah that would be BAD
deaf1_one ;uh huh , but you'll get it
constantconstance92 ;lol
deaf1_one ;your just dying to see me jack off on cam for ya huh ? , uh huh , so you are in your room huh ?
constantconstance92 ;yep
deaf1_one ;|thats cool , what a good place to have your computer , hmm maybe you can tell your mom you want a digital cam so you can take pics of friends and put them on the computer , cuz those cams can be used as a webcam too|
constantconstance92 ;ill try that
deaf1_one ;lol , |you can get cheap ones at wal-mart for like , they will come off the puter and you can cary it around and take pics , then plug it in put the pics on the computer , or use it as a webcam| , still here sweetie ? , |well I'm falling asleep , catch me shortly please , just message me | , hello
constantconstance92 ;hey a
deaf1_one ;what you doing/>
constantconstance92 ;nut in , u
deaf1_one ;|just chatting , letting my kids watch a movie for bed|
constantconstance92 ;kewl
deaf1_one ;what happen earlier you stopped talking , then I started falling asleep
constantconstance92 ;mom was talking to me sow wy
deaf1_one ;ok no problem
constantconstance92 ;what movie u watching
deaf1_one ;they wanted to watch star wars
constantconstance92 ;kewl
deaf1_one ;so coming over for a ride ?
constantconstance92 ;what kinda ride ?
deaf1_one ;hmm a ride on me
constantconstance92 ;kewl , i like that
deaf1_one ;uh huh I'm sure you would like it
constantconstance92 ;so would u
deaf1_one ;oh yeah of course I would , what happen ?
constantconstance92 ;mom came in
deaf1_one ;|ok , she didn't see anything did she ? |
constantconstance92 ;no
deaf1_one ;ok
constantconstance92 ;lol , u cam wasnt on , so no biggie
deaf1_one ;no but she can read
constantconstance92 ;lol , yeah
deaf1_one ;can I ask you something ?
constantconstance92 ;sur
deaf1_one ;where is your dad ?
constantconstance92 ;they got divorced
deaf1_one ;|I see , I'm sorry , does he live close to you ? |
constantconstance92 ;no
deaf1_one ;where at ? if ok to ask
constantconstance92 ;i really dont want a talk about him , i hate him
deaf1_one ;|ok , I'm sorry . I grew up not even knowing mine , get this my mom doesn't even know . and my step dad was an abusive asshole , so yeah I feel the same about him|
constantconstance92 ;ok , hugs , snug les up close
deaf1_one ;runs hands through your hair and holds you close , hey good look in
constantconstance92 ;hey a
deaf1_one ;how you doing ?
constantconstance92 ;ok , u
deaf1_one ;I'm doing ok . looking up game info
constantconstance92 ;kewl
deaf1_one ;|yeah , how was your day ? |
constantconstance92 ;it was ok
deaf1_one ;just ok ? no guys chasing you ?
constantconstance92 ;nope
deaf1_one ;damn i would have , I'd sneak you to a bath room stall
constantconstance92 ;he he , we would get in trouble
deaf1_one ;|I'm sure we would , if caught| , so what are your plans for the night ?
constantconstance92 ;homework
deaf1_one ;lots ?
constantconstance92 ;bout go do it now , yeah
deaf1_one ;|alright , I should let you go do it huh ? | , miss you , hey sexy
constantconstance92 ;hiya
deaf1_one ;how are you ?
constantconstance92 ;good u
deaf1_one ;I'm good , what are you up to ?
constantconstance92 ;nut in , just chat n , u
deaf1_one ;|just got back home , been running all day|
constantconstance92 ;dang
deaf1_one ;went to Or . last night braught back a car
constantconstance92 ;kewl , thats good
deaf1_one ;|yeah I gave the car ro my ex wife a while back , she never did anything with it and said I coudl take it back . so I'll be using it for trip , do better on gas than my truck|
constantconstance92 ;what trip
deaf1_one ;the st I have to take my daughter to spokane
constantconstance92 ;o , yeah
deaf1_one ;yup yup , I coudl really use some time to get laid going to help ?
constantconstance92 ;lol , well my mom is gonna b gone next week days
deaf1_one ;|yeah but I have my kids to care for , I'm sorry , they'll be gome for spring break|
constantconstance92 ;ok , kewl
deaf1_one ;what have you been up to lately ?
constantconstance92 ;nut in , just going skool
deaf1_one ;|cool , I've been pretty much doing the same thing every day , take the kids to school pick them up and take care of them |
constantconstance92 ;kewl
deaf1_one ;yeah thats what a dad should do
constantconstance92 ;yep , why dont mom
deaf1_one ;well sweetie I'm not feeling too good I need to go ok ? sorry . . mom should too
constantconstance92 ;k , feel better
deaf1_one ;|I hope so , thanks . . nighty night sweetie| , hi
constantconstance92 ;hey
deaf1_one ;how are you ?
constantconstance92 ;good u
deaf1_one ;|I'm alright , been feeling icky today|
constantconstance92 ;im so w wy , hugs
deaf1_one ;its ok
constantconstance92 ;lol
deaf1_one ;|hi sorry its been a while , I've been busy miss talking to you |
constantconstance92 ;I miss you
deaf1_one ;miss you too , hey
constantconstance92 ;HEY !
deaf1_one ;how you doing ?
constantconstance92 ;good u
deaf1_one ;|I'm ok , giving up tonight from working on a couple cars|
constantconstance92 ;aww , y
deaf1_one ;|its dark , getting windy and getting on my nerves|
constantconstance92 ;he he
deaf1_one ;what are you up to ?
constantconstance92 ;nut in , just bored
deaf1_one ;|I'm sorry , wish I could help|
constantconstance92 ;me , so when is ur kids spring break ?
deaf1_one ;think its the first week of April
constantconstance92 ;ahh , mines the last wk of this month
deaf1_one ;cool
constantconstance92 ;what ya been doing
deaf1_one ;not much same thing I do every day . taking care of the kids and all
constantconstance92 ;kewl , how r they
deaf1_one ;|they are good , have teachers connfrence with my daughters teacher tomorrow and for my son friday|
constantconstance92 ;kewl , just to talk ? , r they doing bad
deaf1_one ;|no dont think so , it happens to all kids they have a confrence|
constantconstance92 ;ahh , yeah my mom goes some tm es too
deaf1_one ;are you doing bad ?
constantconstance92 ;in math yes
deaf1_one ;they was my bad spot too
constantconstance92 ;math hates me
deaf1_one ;I hate math
constantconstance92 ;LOL
deaf1_one ;so what you doing now ?
constantconstance92 ;nut in , listenin to music , chat in w if u , ive missed u
deaf1_one ;missed you too
constantconstance92 ;kewl , hugs
deaf1_one ;when you getting here ?
constantconstance92 ;lol , soon i hope , r u here
deaf1_one ;|that would be nice , but I think it'll need to wait until I have my own place|
constantconstance92 ;y
deaf1_one ;well right now if you came here not sure what my grandparents would think abotu your age coming in here
constantconstance92 ;ah ok , i see , makes cents
deaf1_one ;yeah
constantconstance92 ;lol , there is a dance place here that teach s belly dancin , i asked mom if i could go
deaf1_one ;awesome , and ?
constantconstance92 ;she sg on nna save the , so i cna
deaf1_one ;awesome
constantconstance92 ;yeah i think it will b kewl
deaf1_one ;|yeah , it would |
constantconstance92 ;moms calling i got s go , hugs
deaf1_one ;ok bye sweetie
constantconstance92 ;heya !
deaf1_one ;|hi , arent you up late ? |
constantconstance92 ;yes , lol
deaf1_one ;what are you doing ?
constantconstance92 ;nut in , bored , u
deaf1_one ;same
constantconstance92 ;kewl
deaf1_one ;my daughter got a hold of sis sors today and chopped her long hair i had to fix it
constantconstance92 ;Oh nos
deaf1_one ;she looks like a boy now
constantconstance92 ;dang
deaf1_one ;so cant sleep ?
constantconstance92 ;nope
deaf1_one ;|you should relax , and rub your self , you'll get tired from that|
constantconstance92 ;lol
deaf1_one ;you dont wanna do that ?
constantconstance92 ;not now no
deaf1_one ;|sorry if I missed you , hope you are well . good night and sweetdreams|
constantconstance92 ;HEYA !
deaf1_one ;busy catch you later
constantconstance92 ;k , i miss u
deaf1_one ;hi sorry I missed you earlier
constantconstance92 ;heya ! , its ok
deaf1_one ;how are you ?
constantconstance92 ;ok , u
deaf1_one ;|I'm ok , building an other computer |
constantconstance92 ;dang , y
deaf1_one ;|for a friend , its an old one , nothing new in it . |
constantconstance92 ;ah , kewl
deaf1_one ;|well its supposed to go to a year old , so nothing special , just making it work| , what are you up to ?
constantconstance92 ;nut in , just finis ed my homework
deaf1_one ;|cool , so what now ? need laid ? |
constantconstance92 ;he he , lol yes , if its you , i wish i could see u
deaf1_one ;you like me alot huh ? , in person
constantconstance92 ;yes
deaf1_one ;yeah me too , too bad we were nt closer
constantconstance92 ;yep
deaf1_one ;that would be awesome
constantconstance92 ;yeah , me be eu can come see me
deaf1_one ;|right now I have no money , well getting short , maybe some other time ? I hope|
constantconstance92 ;ok
deaf1_one ;see I have left and it has to get me to spokane the st
constantconstance92 ;ok
deaf1_one ;or maybe if you can wait until this summer when the kids are n there
constantconstance92 ;ok
deaf1_one ;|I know its a while but , not much I can do , I went to the apartment I am on the list now|
constantconstance92 ;kewl , thats good
deaf1_one ;|yeah , I'm happy| , did you leave me ? , hi
constantconstance92 ;hey a
deaf1_one ;how are you ?
constantconstance92 ;good u
deaf1_one ;I'm good , what are you up to ?
constantconstance92 ;nut in , u
deaf1_one ;nothing right now , so have you been a naughty girl lately ?
constantconstance92 ;lol im always good
deaf1_one ;always no way
constantconstance92 ;he he
deaf1_one ;|well damn it be bad , come get on top|
constantconstance92 ;he he , ok
deaf1_one ;|right now , I want you naked on top of me | , |well I have to run , flirt with you later|
constantconstance92 ;k
deaf1_one ;|chrish812001 ( 3/21/2005 :03:01 PM ) : You have just been DEATHWISHED ! Tonight at midnight your true love will realize they like you . something good will happen to you at :00-4:00 pm tommorow , it could be anywere . Get ready for the biggest shock in your life . if you break this chain u will be cursed with realtionship problems for the next yrs . . . . . . . . . if u have love for someone copy and send this to ur whole list and in min . ur true love will send u a message or call . . . . . . . . . dont ask just do it . . . . . . . . . | , hi
constantconstance92 ;hey a
deaf1_one ;how are you ?
constantconstance92 ;ha ha , lol
deaf1_one ;hi how are you ?
constantconstance92 ;ok you
deaf1_one ;|I'm alright , just bored| , what are you up to ? , hey baby
constantconstance92 ;hey
deaf1_one ;how are you ? , miss you , hi sexy
constantconstance92 ;hiya
deaf1_one ;how are you ?
constantconstance92 ;good you
deaf1_one ;|I'm ok , bored and got that need a laid feeling|
constantconstance92 ;lol , kewl
deaf1_one ;you coming to help me out
constantconstance92 ;when i can drive sur , lol
deaf1_one ;lol thats in a couple years huh ?
constantconstance92 ;yeah , lol
deaf1_one ;|damn , I want you sooner|
constantconstance92 ;lol
deaf1_one ;so have you been flirting with any guys lately ?
constantconstance92 ;not realy
deaf1_one ;not really ? so a little
constantconstance92 ;me bee , why you jealous
deaf1_one ;nope , so getting a b/f soon ?
constantconstance92 ;no
deaf1_one ;why not ?
constantconstance92 ;wasnt lookin for one
deaf1_one ;alright
constantconstance92 ;what you doing
deaf1_one ;so still no webcam ? , |nothing , just finished diner|
constantconstance92 ;moms not gonna let me get another cam
deaf1_one ;aww damn .
constantconstance92 ;sow wy
deaf1_one ;tell her you want a cheap digital from wal-mart so you can put some photos on your computer
constantconstance92 ;lol , i wish
deaf1_one ;yeah those cheap ones work like webcams too
constantconstance92 ;ill see
deaf1_one ;|ok , would be cool |
constantconstance92 ;k , ill try , hugs , you still got you cam
deaf1_one ;yeah
constantconstance92 ;kewl
deaf1_one ;so what are you up to ?
constantconstance92 ;nut in , just chat in
deaf1_one ;yeah same here . wish I had some company
constantconstance92 ;lol me too , hugs , to bad you cant come see me
deaf1_one ;I wish I could
constantconstance92 ;me to
deaf1_one ;|hey sweets I need to get going for now , I'll catch you again ok ? |
