ID;msg
docman_818;male , , , , , , caucasian , , , urself ? , , , in los angeles , ,
kateri_lynn;almost white girl south ca , ,
docman_818;wow , , , good for u , , , suth means ? , ,
kateri_lynn;long beach area , , , nic pic , ,
docman_818;hehe , , , thx , , , u have any pic or cam ? , ,
kateri_lynn;pics on my profil n yahoo360 , , , cam i sswimming in ocean , ,
docman_818;hehe , , , what happened ? , ,
kateri_lynn;i was tryin to take a pictur of a dolphin n the strap brok , , , and ploosh , ,
docman_818;sux , , , sorry , , , i liek ur pic , ,
kateri_lynn;thanks , ,
docman_818;u look a bit older . . . . , ,
kateri_lynn;ha i wish , ,
docman_818;, , , why u wish ? , , , is perfect ( still think so ? ) , ,
kateri_lynn;awww thanks , ,
docman_818;uw , ,
kateri_lynn;but at least im a TEEEEEN , ,
docman_818;good for u , , , nd im an old man , , , , ,
kateri_lynn;not tht i can tell , ,
docman_818;what ? , ,
kateri_lynn;u dont look likr ur ir anythin like htat , ,
docman_818;ohh thx , , , do u have a bf already ? , ,
kateri_lynn;no , , , i had one sort back in wisconsin , ,
docman_818;just take ur time . . . , , , any experience ? , ,
kateri_lynn;we heldhands n kissd , , , just dint want do anythin mor i guess , ,
docman_818;good enough , , , hehe , , , no petting ? , ,
kateri_lynn;petting ? , , , or touchin , ,
docman_818;what is the different ? , ,
kateri_lynn;i was askin u , , , i didnt kno it was calld pettin , ,
docman_818;i think it is , ,
kateri_lynn;i gues we touchd a little but , , , it jus didn do nothin for me , ,
docman_818;i see , , , cause u still too young , , , |after more years u gona get crazy , belive me | ,
kateri_lynn;lol , , , we just seemd mor like goood fridns , ,
docman_818;thats good , , , he didnt touched u right there ? , ,
kateri_lynn;no , ,
docman_818;good boy , , , , ,
kateri_lynn;eh , ,
docman_818;what ? , , , u wanted ? , ,
kateri_lynn;i dont hink from him , ,
docman_818;why ? , ,
kateri_lynn;i mean he was nice but idunnodocman_818 ( 08/24/06 :18:52 PM ) : i see , ,
docman_818;i see , ,
kateri_lynn;just had a bf to say i had one i i guess , ,
docman_818;did u touched him ? , , , hehehe , , , funny , ,
kateri_lynn;on top his pants ya , ,
docman_818;u felt something ? , ,
kateri_lynn;umm DUH , , , wasnt much i dont hink , , , think , ,
docman_818;hehe , , , u ever seen a boy naked ? , ,
kateri_lynn;when changin his diapers ya , ,
docman_818;hehehehehe , , , u so funny , ,
kateri_lynn;, , , be ruight back , ,
docman_818;i like ur pic , ,
kateri_lynn;back , ,
docman_818;ok , , , thx god , , , u here , , , i missed u , ,
kateri_lynn;lol , , , awwwww , ,
docman_818;hehe , ,
kateri_lynn;now whos funny ? ? ? , ,
docman_818;u , , , , ,
kateri_lynn;"=; , ,"
docman_818;r u kathy ? , ,
kateri_lynn;noo , , , i prefer kate , ,
docman_818;nice name , , , im peter , ,
kateri_lynn;hi peter , ,
docman_818;|how come u tlaking to mee , im | ,
kateri_lynn;want me be honst ? ? ? , ,
docman_818;yes , ,
kateri_lynn;cuz ur talking back to me , ,
docman_818;hehe , , , so it is a conversaion ? , , , , ,
kateri_lynn;sems like it me , ,
docman_818;good , , , so we r sart , , , smart , ,
kateri_lynn;yup , ,
docman_818;would u talk n phone too ? , ,
kateri_lynn;may bee eeee eeee eeee
docman_818;hehe , , , ok , , , guess whatt happend , ,
kateri_lynn;wht , ,
docman_818;i just try to close my window and turn on my air , ,
kateri_lynn;did u fall out ? , ,
docman_818;and the lady in the cross apartment was in the window , , , |and im naked ( I did NOT need to know that , thanks . ) | ,
kateri_lynn;"OHMY , , , ""> , ,"
docman_818;hehe , , , i feel shy , , , notu , , , u ever seen a man naked ? , ,
kateri_lynn;nop , ,
docman_818;hehe , , , so u dont know how it feels , ,
kateri_lynn;no , ,
docman_818;good , , , u goona see later hopefully , ,
kateri_lynn;, ,
docman_818;what ? , , , dont be shay , , , part of life , ,
kateri_lynn;shay , , , lol , ,
docman_818;why ? , , , shy , ,
kateri_lynn;i just am shy i gues , ,
docman_818;hehe , , , u dont have to do it for real first . . . , , , r u herE ? , ,
kateri_lynn;yaaaaaaa , , , tryin figur out wht u meant , , , u dont hav to do it for real first , ,
docman_818;i mean online u can do it , ,
kateri_lynn;ohhhhhhhhhh , , , duh me , ,
docman_818;"|im doing \""sex\"" most here , cuse it is safe . . . . . ( He should have stayed there too . ) | , , that is the true , ,"
kateri_lynn;i gues so , ,
docman_818;see ? , , , im right , ,
kateri_lynn;hmmmmm , , , may be eeee eeee ee
docman_818;and if u cuoriois here is the first step , ,
kateri_lynn;okkkk , ,
docman_818;nobody is bothering u , , , i know it about myself , , , im always shy for real . . . . , , , hard to get a girl . . . , ,
kateri_lynn;no way , , , ur soooo cute , ,
docman_818;why ? , , , what u mean cute ? , ,
kateri_lynn;u are , , , that smile of urs , ,
docman_818;thx anyways , , , u r pretty too , , , wish u to be older , ,
kateri_lynn;im jut kinda plain , ,
docman_818;i know u , , , u plain all the time , , , u make fun of me , ,
kateri_lynn;huh ? , ,
docman_818;kiddin , , , may i hear ur voice ? , ,
kateri_lynn;how bout tomorow or somthin ? , ,
docman_818;why tommorow ? , ,
kateri_lynn;my throat hurts toniht , ,
docman_818;u dont have a mic here ? , , , ohh yes , ,
kateri_lynn;been coughin , ,
docman_818;i know that is the reason u dont wana talk , ,
kateri_lynn;had one of thos summr colds , ,
docman_818;i dont care , , , just wanted to hear u , ,
kateri_lynn;ill see how it is tomoros k ? , , , plz , ,
docman_818;i dont belive u , , , no plz , , , just wana hear it , ,
kateri_lynn;let me see if my sis left her cell round , ,
docman_818;maybe u not even a girl , , , ok , , , ? ? , , , <ding> , ,
kateri_lynn;k gimme ur number , ,
docman_818;i dont have any , , , i have phonecard , , , prepaid , ,
kateri_lynn;hwo can i callu then , ,
docman_818;i can call u , , , with a prepaid phonecall , ,
kateri_lynn;its my SISTRS cell , ,
docman_818;its ok , ,
kateri_lynn;i gotta call u , ,
docman_818;i dont cal lanymore , , , only if u let me , ,
kateri_lynn;she would KILLLL me if i gave out that number , ,
docman_818;dont worry , , , u can trust me , ,
kateri_lynn;sory im not takin that chanc , ,
docman_818;ok , , , than , ,
kateri_lynn;wht , ,
docman_818;nothin , , , im just sorry we canyt talk , ,
kateri_lynn;see u dont trust ME , , , we can just ur being goofy , ,
docman_818;whatever , , , u can see my webcam so u can trust me , ,
kateri_lynn;ok , ,
docman_818;what ok ? , ,
kateri_lynn;if u want show me ur webcam , ,
docman_818;can u see ? , ,
kateri_lynn;ya , , , a littl dark ther , ,
docman_818;sorry , , , no more light , ,
kateri_lynn;nice musles , ,
docman_818;i donthave musles , , , im not bodybuilder , ,
kateri_lynn;looked liek it to me , ,
docman_818;whatever , , , im not musleguy , , , hehe , , , im regular , ,
kateri_lynn;u got mor than i do , ,
docman_818;u girl , , , u dont need musle , ,
kateri_lynn;lol , ,
docman_818;u need to be pretty , , , u dont have mic on ur computeR ? , ,
kateri_lynn;nop , ,
docman_818;sux , , , i really wana hear u , , , can we do something ? , ,
kateri_lynn;never had a reaon to hav one , , , i can call u , ,
docman_818;|but i dont have number , my roomates doeas| , , but if i give it out same thing happens , , , they dont lik eto be called because of me , ,
kateri_lynn;but my sistr is the one i hav to live with n its alredy a pain sometimes to liv with her , ,
docman_818;i belive u , , , but she never gonna know i called u , , , on that phone , ,
kateri_lynn;if she hears her phon ring she will , ,
docman_818;not gonna show a number cause it is prepaid , , , put it slient , , , brb , , , im here , ,
kateri_lynn;|listn if we are gona do this , we gotta do it soon cuz if she goes lookin for her p hon n i have it| , , shes gona kill me , ,
docman_818;so , , , tell me , , , i ll call u quick , , , for seconds , , , dont worry , , , no more than that , ,
kateri_lynn;so if ur not gona let me call tonight i gotta go put it back , ,
docman_818;sorry , ,
kateri_lynn;k i need to put it back thn be right back , ,
docman_818;ok , ,
kateri_lynn;back , ,
docman_818;ok , ,
kateri_lynn;oh so now ur mad ? , ,
docman_818;im not , , , why ? , ,
kateri_lynn;u turned off the cam , ,
docman_818;ohh , , , u saw me already . . . , , , no ? , ,
kateri_lynn;was kind nic see u n tallk to u , ,
docman_818;im here , , , r u going somewherE ? , ,
kateri_lynn;not right now , ,
docman_818;ok , , , so why u said by ? E , ,
kateri_lynn;i dont recal seein that , , , sory , ,
docman_818;hehe , , , ok , , , why u wana see me again ? , ,
kateri_lynn;sure , ,
docman_818;but im naked . . . . , ,
kateri_lynn;oh , ,
docman_818;i know u dont see it , , , cause i donot move my cam , ,
kateri_lynn;nop i didnt , ,
docman_818;good , , , i dont think u want that . . . , ,
kateri_lynn;im not no baby , ,
docman_818;good , , , so what is ur favorite music ? , ,
kateri_lynn;hip hop stuff , ,
docman_818;good , ,
kateri_lynn;its got a godd beat , ,
docman_818;u dont have mor epics ? , ,
kateri_lynn;i have a few on that yaho bit , ,
docman_818;ohh ok , , , i love that look , ,
kateri_lynn;whic on , ,
docman_818;on that pic , , , do u have ur ttits already ? , ,
kateri_lynn;yeah some , ,
docman_818;nice , , , i love when they r still perky , , , so cute , ,
kateri_lynn;lol , ,
docman_818;hehe , , , and u have hair on ur pussy ? , ,
kateri_lynn;thers a little grwoing , ,
docman_818;nice , , , u must be very pretty , ,
kateri_lynn;i dont kno bout that , ,
docman_818;about what ? , , , u dont masturbating ? , ,
kateri_lynn;if thats pretty , ,
docman_818;mustbe , , , i didnt say it is , , , just must be , ,
kateri_lynn;oh , ,
docman_818;hehe , , , wish to see u one day , ,
kateri_lynn;maybe , ,
docman_818;i dont think so , , , im old , ,
kateri_lynn;ur not THATTTTTTT old , ,
docman_818;|anyways when i wa sin my country like monts ago i had a gf , she was | , , thx , ,
kateri_lynn;in your country ? , , , what r u talking about , ,
docman_818;im from germany originaly , ,
kateri_lynn;oh , ,
docman_818;i just live in los angeles for now , ,
kateri_lynn;oh ok , ,
docman_818;so i made some pic of her , ,
kateri_lynn;ok , ,
docman_818;she was cute , , , u wana see some ? , ,
kateri_lynn;most guys take pics of their gf , , , sure , ,
docman_818;its not like that , , , she wanted it , ,
kateri_lynn;ok , , , u goin to email thm ? , ,
docman_818;can i show it herE ? ( And there folks I saw more of a teen girls body than I EVER want to see again . ) , ,
kateri_lynn;i guess so , , , she looks prety , ,
docman_818;yes she is , , , we were just friends , , , do u like her ? , ,
kateri_lynn;shes pretty , , , how old was she ? , ,
docman_818;, , , why ? , ,
kateri_lynn;just askin , ,
docman_818;ok , , , photos r my hobby , , , so thats why she asked me , ,
kateri_lynn;cool , , , oh ok , ,
docman_818;i have a lot of pics , ,
kateri_lynn;cool , ,
docman_818;it is , , , r u here ? , ,
kateri_lynn;ya , ,
docman_818;u stoped talkijng , ,
kateri_lynn;went pee , ,
docman_818;ehhe , , , wash ur hands , ,
kateri_lynn;i did , ,
docman_818;god girl , ,
kateri_lynn;lol , ,
docman_818;good , , , so u never masturbated b4 ? , ,
kateri_lynn;a littl bit , ,
docman_818;good girl , , , u like it ? , , , im sure ur little pussy liked it , ,
kateri_lynn;it hurt a littl , ,
docman_818;why ? , , , what did u do ? , ,
kateri_lynn;rubbed it bu i think i did it hard , ,
docman_818;u have to feel it girl , , , sometimes im hard too with my penis , ,
kateri_lynn;that cn happen ? , ,
docman_818;yes bacue i wana enjoy it and sometimes dont feel . . . . , , , maybe we can do sometimes together here online , , , would be fun , ,
kateri_lynn;mayb , , , but that seems lik that fake cyber stuff , ,
docman_818;and ? , , , what u care if u enjoy it ? , ,
kateri_lynn;its like everyon out here is fake , , , i like real stuf i can touch , ,
docman_818;why would u let me to touch u ? i dont think so , ,
kateri_lynn;u know ? , ,
docman_818;yes i would show u how to touch a girl but i dont think u would let me , , , |im not fake , u can see me on my cam| ,
kateri_lynn;mayb after we get usd to each othr som more , ,
docman_818;|i dont wana real sex , just show u how to get an orgasm ( still wrong buddy ) | , , u would like to feel my kises on ur clit , ,
kateri_lynn;i wuld like that ? ? , ,
docman_818;im sure , , , i dont know u wana feel or not , , , i just know u would love it , , , when u feel , ,
kateri_lynn;hmmm , , , ok i guess , ,
docman_818;ok , , , but never happens im sure , , , why would u do it with an old ? , ,
kateri_lynn;wht never happens , ,
docman_818;we meet , ,
kateri_lynn;i dont realy care bout ages , ,
docman_818;and ur parents ? , ,
kateri_lynn;they died yrs ago , ,
docman_818;oh sorry , , , and u live with who ? , ,
kateri_lynn;my sistr , ,
docman_818;how old is she ? , ,
kateri_lynn;, ,
docman_818;damn girl , , , im sosorry , ,
kateri_lynn;thanks , ,
docman_818;its ok , , , maybe she would care about it , ,
kateri_lynn;she doesnt realy want me around to much , ,
docman_818;i see , ,
kateri_lynn;shes us uly just worried img on a mess up somthin with her boy fri dns
docman_818;and im sorry , , , ohh comon , , , why would u , ,
kateri_lynn;now , , , cuz shes 'saddled' with me , , , i h eard her talkin bout it on the phone one day , ,
docman_818;what that means ? , , , im sorry my english is not that good ( seems to be fine to me ) , ,
kateri_lynn;shes stuck withme , ,
docman_818;stuck ? , ,
kateri_lynn;says im worse thn if i was a baby , , , i talk back , ,
docman_818;i see , ,
kateri_lynn;yeah shes my gaurdian until im , ,
docman_818;sorry to hear , , , and y u dont have ur own phone ? , ,
kateri_lynn;she wont let me , ,
docman_818;so how can i call u tomorrow ? , ,
kateri_lynn;dont kno , , , she taks her cell with her , ,
docman_818;hmm too bad , , , do u have a digital camera ? , ,
kateri_lynn;i DID have , ,
docman_818;and ? , ,
kateri_lynn;its in the ocean , , , remembr , ,
docman_818;ohh with dolphins now ? 000 , ,
kateri_lynn;yeahhhhhhhhhhhhhhh , ,
docman_818;sux , , , what r u wearing now ? , ,
kateri_lynn;shirt n sweats , , , she keeps the ac waaaaaaaaaaaay up , ,
docman_818;ohh ok , , , should be naked with me , , , even if we dont see eachother , ,
kateri_lynn;she keeps it FREEEEZing in the house , ,
docman_818;sorry , ,
kateri_lynn;thats why i got ths cold , ,
docman_818;sorry , , , im naked too hot here , , , wana see ? , ,
kateri_lynn;ok , ,
docman_818;u not shy ? , , , ? , ,
kateri_lynn;not on here , ,
docman_818;hehe , , , not even if u see my penis ? , ,
kateri_lynn;no its ok , , , i promis i wont scream or nything , ,
docman_818;hehe , , , so u wana see it now ? , , , , ,
kateri_lynn;sure , , , nice , ,
docman_818;do u like it ? , ,
kateri_lynn;yeah ( puke ) , ,
docman_818;hehe , , , ok , , , i thought it is ugly ( what you wanted to DO with it is ugly ) , , , would u touch it for real ? , ,
kateri_lynn;i wouldnt say its ugle , , , it wont bite me will it , ,
docman_818;i dont think so , , , ll love u im sure , , , , ,
kateri_lynn;lol , ,
docman_818;|i would touch ur little pussy too , but soft , not like u do | , no its hard . . . . , ,
kateri_lynn;sure laugh at me , ,
docman_818;im not , , , i just wana feel good when im doing it , ,
kateri_lynn;yes u are ^ , , , wow that got BIGGEr , ,
docman_818;yes , , , cause of u , ,
kateri_lynn;how did I do that , ,
docman_818;|i dont scary u anymore , dont worry | ,
kateri_lynn;i wasnt scard , ,
docman_818;i was thinking u touchhing it , , , ohh good , , , r u shy ? , ,
kateri_lynn;and that mad it get biggr ? , ,
docman_818;yes , , , my imagination , , , and i touched him a little bit , ,
kateri_lynn;i saw , ,
docman_818;ok , , , , , , r u shy ? , ,
kateri_lynn;right now ? , , , not with u , ,
docman_818;hehe , , , ok , , , |but if u would have a cam like me , would u show ur private ? | ,
kateri_lynn;i might , ,
docman_818;ohh ok , , , u r nice girl , , , i like u very much , ,
kateri_lynn;i like u too , ,
docman_818;thx , , , do u know how to play penises ? , ,
kateri_lynn;no , ,
docman_818;never did b4 ? , ,
kateri_lynn;nop , ,
docman_818;i see , , , u have time to learn it , ,
kateri_lynn;ok , ,
docman_818;but if u want we can spend some time with presentation , ,
kateri_lynn;when , ,
docman_818;i dont know , , , up to u , ,
kateri_lynn;what IS that tho , , , ive nevr heard of that gam , ,
docman_818;what game ? , ,
kateri_lynn;play peniss , , , penises , , , i dont kno what that is , ,
docman_818;how to touch it , ,
kateri_lynn;ohhhhh , ,
docman_818;penis = dick , ,
kateri_lynn;OHhhhh no , , , didnt do that , ,
docman_818;never ? , ,
kateri_lynn;i just did my old boyfridns over his pants , ,
docman_818;hehe , , , so if u feel like u can practice with me , ,
kateri_lynn;i wont hurt it willllllll i ? , ,
docman_818;what ? , , , i dont think so , , , i ll show u , ,
kateri_lynn;ok , ,
docman_818;like a peetting , , , if u want that , ,
kateri_lynn;oh ok , ,
docman_818;would be nice , ,
kateri_lynn;sure , ,
docman_818;when ? , ,
kateri_lynn;i dunno , , , when are u thinkin bout ? , ,
docman_818;u have to find it oput , , , i dont know , ,
kateri_lynn;i prob wotn be here this weekdn , ,
docman_818;when u feel like ? , , , ok , , , im going to irvine tomoorrow , , , i can stop bye to say hi at least5 , ,
kateri_lynn;my sis is takin me up to visit a fridn of hers outside of sanfransisco , ,
docman_818;i see , , , so maybe next weekend , ,
kateri_lynn;maybe , ,
docman_818;only if u want that too , ,
kateri_lynn;but thats the holiday , , , i dont kno wht she has plannd , ,
docman_818;ohh u right , , , i see , , , and where we could meet ? , ,
kateri_lynn;i know im gone be here the weekd after , , , its my birthday weekend , ,
docman_818;wow , , , happy brthdy , ,
kateri_lynn;not now , , , on the th , ,
docman_818;so would be a nice present if u would have a real orgasm ( better present would be you in handcuffs ) , ,
kateri_lynn;lol , , , that wuld be differnt for sure , ,
docman_818;i know , , , my lips r the best , ,
kateri_lynn;lol , ,
docman_818;u wana seehow i cum ? , ,
kateri_lynn;ok , , , was that the whitish stuf , ,
docman_818;yes , , , why ? , ,
kateri_lynn;never saw that b4 , ,
docman_818;hehehe , , , really ? , ,
kateri_lynn;realy , ,
docman_818;nice i could show u something new , ,
kateri_lynn;why did u put it in2 ur hand ? , ,
docman_818;now i have to take a shower , , , where should i do ? , ,
kateri_lynn;I dunno thats why i askd , ,
docman_818;so its easy to wash it , ,
kateri_lynn;ohh ok , , , so ur goin to go take a shower thn ? , ,
docman_818;i didnt have a napkin close to me , , , yes , , , i need to wash myself ( and I need to bleach my eyes ) , , , why ? , ,
kateri_lynn;lol , , , just askin , , , u said u had to , ,
docman_818;maybe i ll come back later , ,
kateri_lynn;ok , ,
docman_818;hehe , , , was nice to talk to u , , , kate , ,
kateri_lynn;u too , ,
docman_818;so have agood evening , , , |see u soon , i hope| ,
kateri_lynn;u too , ,
docman_818;r u here ? , , , hey , , , how r u ? , , , r u here ? , ,
kateri_lynn;bored , ,
docman_818;ehh , , , me too , , , just got home , , , do u remember me ? , ,
kateri_lynn;wher did u go , ,
docman_818;when ? , ,
kateri_lynn;yeahhhhhhhhhhhh , ,
docman_818;im here , ,
kateri_lynn;when did i remembr u , , , havnt forgottn u , ,
docman_818;thx , , , u so pretty , , , so can i call u now ? , ,
kateri_lynn;sis took her cell with her to vegas the weekdn , ,
docman_818;r u alone ? , ,
kateri_lynn;me n my cat , ,
docman_818;ehh , , , why u didnt tell me ? , ,
kateri_lynn;tell u what ? , ,
docman_818;u alone , ,
kateri_lynn;thot i did tel u i had a cat , ,
docman_818;we could go to a movie , , , or somewhere , ,
kateri_lynn;oh , ,
docman_818;no u didnt , ,
kateri_lynn;my sis just decide to go this morning , , , she left with one of her bf , ,
docman_818;i seee , , , |so u alone , great . . | , , without phone ? , , , idont think so , , , how can u reach her if something is wrong ? , , , , ,
kateri_lynn;i can prob pul the cord outta the computer , , , but its a huggggggge hassl , ,
docman_818;why ? , ,
kateri_lynn;she left me a prepaid that if i call her shell kill me if its nto importin , , , lol , ,
docman_818;ohh comon , , , poor girl , ,
kateri_lynn;she said shes checkn the numbers whn she gets back too , ,
docman_818;ok , , , whatever , , , u dont wana hear my voice , , , fine . . . , ,
kateri_lynn;hey i cant forc u to believe me , , , i do but i cant cal u either , , , i ordered the piza online , , , so what did u do today , ,
docman_818;work , ,
kateri_lynn;ugh , , , wht do u do that u had to work on a saturday , ,
docman_818;waiter ( Dont you mean math teacher ? ) , ,
kateri_lynn;oh , , , make some good tips ? , ,
docman_818;yes , ,
kateri_lynn;cool , ,
docman_818;im nice to everibody , ,
kateri_lynn;:-* , ,
docman_818;hehe , , , i was thinking to go to irvine , ,
kateri_lynn;how far is that ? , , , n why , , , irrrrrrrrrr vine , , , lol , ,
docman_818;to my frined , , , but its too late , , , so have u played lately ? , ,
kateri_lynn;ya , ,
docman_818;with what ? , ,
kateri_lynn;meeee , ,
docman_818;hmm , , , how was that ? , ,
kateri_lynn;ok i guess , ,
docman_818;did ur pussy liked that ? , ,
kateri_lynn;it felt ok , ,
docman_818;hmm , , , im jelious , , , , ,
kateri_lynn;sory , ,
docman_818;i was always wanted to watch a girl . . . . masturbbating : ? ) , , , ! , , , r u shy ? , ,
kateri_lynn;ya i guess , ,
docman_818;too bad , , , so i never ognna see u , , , i guess , ,
kateri_lynn;mayb in a coupl of weeks yet , ,
docman_818;really ? , , , but not naked im sure . . . . , ,
kateri_lynn;mayb , , , well see , ,
docman_818;thats a dream for me ( still dreaming ? ) , ,
kateri_lynn;awww , ,
docman_818;but i realy wana teach u how to play together , ,
kateri_lynn;mayb ok ? , ,
docman_818;okok , , , dont worry , , , im not pushing , , , its up to u , ,
kateri_lynn;ok , , , >< , ,
docman_818;ehhe , , , im so sorry u already played . . . , , , i feel to play now again , ,
kateri_lynn;lol , ,
docman_818;what , , , ? , ,
kateri_lynn;probly will play later , ,
docman_818;u klaughing on me ? , , , when ? , , , when u see me ? , ,
kateri_lynn;oops hang on doorbell hopfully my pizz , ,
docman_818;hmm , , , ? ? , ,
kateri_lynn;back , ,
docman_818;ok , , , did u eat already ? , ,
kateri_lynn;no just got som n sat down , ,
docman_818;hehe , , , ok , , , go eat , ,
kateri_lynn;i am , ,
docman_818;okok , ,
kateri_lynn;arent u hungry ? , ,
docman_818;im , , , but i dont have anything , ,
kateri_lynn;aww , , , but if ur a waiter dont ur work at lik a restraunt ? ? ? , , , i would think u wuldnt BE hungry , ,
docman_818;i do , , , but its boring to eat all day the same , ,
kateri_lynn;oh , ,
docman_818;u wana invite me for a slice ? , ,
kateri_lynn;hmm , , , tempting , ,
docman_818;what ? , ,
kateri_lynn;to invite u for a slic , ,
docman_818;why ? , ,
kateri_lynn;i dont kno when my sis is cming back , ,
docman_818;ohh ok , , , dont worry i dont wana go to u , , , i was just imagined it , ,
kateri_lynn;sory , ,
docman_818;what ? , ,
kateri_lynn;that u cant come ovr now , , , bbesides im well , , , moody , ,
docman_818;i wish if u want , , , but i dont know it is a good idea ? , ,
kateri_lynn;well im on my u kno now , ,
docman_818;what u mean ? , ,
kateri_lynn;my girl stuff , ,
docman_818;what u mean ? , , , bleeding ? , ,
kateri_lynn;yeah , ,
docman_818;|so , i dont wana go to u only to have sex . . . | , , silly , ,
kateri_lynn;but im not good compny , ,
docman_818;so how come u masturbated if u bleeding ? , ,
kateri_lynn;i startd today , , , prob wht caused it , ,
docman_818;ohh comoon , , , u a good actress , , , whatever , ,
kateri_lynn;:-< , ,
docman_818;u r a player , ,
kateri_lynn;dontkno what that means but im not in a mood to deal with ur bs , , , latr , , , heyyyyyyyyy wher u been hidin ? ? ? , ,
docman_818;hey , , , r u here ? , , , <ding> , ,
kateri_lynn;yeah , , , sorry , ,
docman_818;ohh ok , ,
kateri_lynn;was in bathroom , ,
docman_818;how r u sweetheart ? , ,
kateri_lynn;k , ,
docman_818;how is ur sys ? , ,
kateri_lynn;ok i guess , ,
docman_818;hehe , , , good , , , so how was the first schooldaY ? , ,
kateri_lynn;ugh , ,
docman_818;hehe , , , , ,
kateri_lynn;boy told m i need a bag ovr my face , ,
docman_818;why ? , , , u ugly ? , , , or what ? , ,
kateri_lynn;said i was plane jane or somthin like htat , ,
docman_818;shit , , , sorry , ,
kateri_lynn;i heard him talkin to another boy , ,
docman_818;why u dont kick them in the ass ? , ,
kateri_lynn;cuz i not like that , ,
docman_818;u r nice , , , i know u , , , u deserv something nicer , , , so still wana meet ? ( if yu dont mind my sending someone in my place ) , ,
kateri_lynn;ya , ,
docman_818;hehe , ,
kateri_lynn;if u do , ,
docman_818;glad to hear , , , yesyes , , , question is where and when , ,
kateri_lynn;sory , , , yahoo just shut down , , , n disappeard , ,
docman_818;ok , , , sorry too , , , so the question is where and when , ,
kateri_lynn;ok as i was syin til yahoo did tht , ,
docman_818;|ok , i know| ,
kateri_lynn;beckys goin to sanfran for some work this fri n saturday , ,
docman_818;hmm , , , so ? , ,
kateri_lynn;u want come over fri or say , ,
docman_818;but what time ? , , , cause on fiday i have time only after at night . . . , ,
kateri_lynn;i get hom from school at bout ish , , , taht wuld be fine , , , i coudl get home n cleaned up n ready , ,
docman_818;so probalby i can be there earliest , ,
kateri_lynn;u want me to plan on then ? , ,
docman_818;or i have time tomorow afternoon , , , what u mean plan ? , ,
kateri_lynn;be all dressd up n ready , ,
docman_818;yes , ,
kateri_lynn;mayb try some of beckys makup , ,
docman_818;i have tom drive there at least hour , , , u dont need that , , , comon , , , i like u natural , , , , ,
kateri_lynn;ok , ,
docman_818;we just ognna talk , ,
kateri_lynn;i thot i might try it for u , ,
docman_818;up to u , , , but i dont need it , , , be natural , , , thats what i like , ,
kateri_lynn;ok , , , we culd go into the hot tub later mayb , ,
docman_818;|hehe , im shy| ,
kateri_lynn;i meant in suits silly , ,
docman_818;i know , , , but still . . . , , , so u want me to take my swimmsuit ? , ,
kateri_lynn;if u want , ,
docman_818;ok , , , u still dont have a phone ? , , , be right back , ,
kateri_lynn;k , ,
docman_818;be here tomoroow night , , , ok ? , , , no phone yet ? , , , hey , , , sorry , ,
kateri_lynn;did u get the yaho boot too ? , ,
docman_818;my friends was here , , , nope , ,
kateri_lynn;oh , , , so u had to hide me ? , ,
docman_818;i have to pick him up in about minutes , , , nope , ,
kateri_lynn;oh , ,
docman_818;he was knocking on the door , ,
kateri_lynn;ahh , ,
docman_818;he just went to the store close to my house , , , and i gonna pick him up later , , , |so , u wana meet at ur place ? | , , r u sure ? , ,
kateri_lynn;well i cant driv no where , ,
docman_818;i know , , , im just asking , , , u dont think im old for u ? even we just talk ? , ,
kateri_lynn;im takin a photo type class , ,
docman_818;what that menas ? , ,
kateri_lynn;its calld imaging class , ,
docman_818;and ? , , , what is that ? , ,
kateri_lynn;were gona learn how to use dif types of carmeras n vidoe n stuff , ,
docman_818;wow , , , nice , , , so u have camera already ? , ,
kateri_lynn;nope , ,
docman_818;, , , its ok , ,
kateri_lynn;there going to get us one next week , ,
docman_818;u odnt even have phone ? , ,
kateri_lynn;we gotta have permission slips n stuff , ,
docman_818;i wana call ulater oon , , , wow , , , nice , ,
kateri_lynn;beckys gettin me on for my bday she said , ,
docman_818;ok , , , i have to go , , , be back soon , , , hes vcalling , ,
kateri_lynn;k , ,
docman_818;still here ? , ,
kateri_lynn;yup , ,
docman_818;good , , , im glad , ,
kateri_lynn;what kidn of car do u have ? , ,
docman_818;whY ? , ,
kateri_lynn;is it a sporty one n fancy n stuff ? , ,
docman_818;kind of , , , but not very fancy , , , years old , , , wh ? , , , y ? , ,
kateri_lynn;just nosy , ,
docman_818;okok , , , it is important ? , , , , ,
kateri_lynn;well i dont wana opn the door if its not ur car there int he driveway , ,
docman_818;ok , , , u gonna see me dont worr , , , y , , , |but what is important for u in a person , let see in a boy| ,
kateri_lynn;that thry nice to me , ,
docman_818;ok i see , ,
kateri_lynn;n your nice me , ,
docman_818;i try to , , , i cant be rude with u , , , u r very nice , ,
kateri_lynn;awww thanks , ,
docman_818;just too young , , , and how much time u gonna have for me ? , ,
kateri_lynn;well my sis wont be back until sunday afternoonish , ,
docman_818;i see , , , i dont wana stay that much , , , -2 hours , ,
kateri_lynn;ok , , , thats fine , ,
docman_818;or maybe earlier if u dont like me , , , , ,
kateri_lynn;nooooooo , ,
docman_818;hehehe , ,
kateri_lynn;im sure we will get along fine , ,
docman_818;|have u ever met someone here , online ? | ,
kateri_lynn;a girl back in wisconsin , ,
docman_818;u went there ? , , , or what ? , ,
kateri_lynn;i used to live there , ,
docman_818;i see , , , no boys ? , ,
kateri_lynn;nop , ,
docman_818;uhh , , , im gonna be the firsT ? , ,
kateri_lynn;boy ya , ,
docman_818;hehe , , , and u have more plans to meet somebody ? , ,
kateri_lynn;not that i kno of , ,
docman_818;|okok , just be careful when u meet someone , most of them r crazy here| , and u r soo young . . . ( still doesn't stop you does it ? ) , ,
kateri_lynn;ive noticd , ,
docman_818;im just teling u , , , dont be sillly , , , i dont even know y u wana meet me . . . , , , i mean im not stupid . . , , , , ,
kateri_lynn;cuz ur nice , , , n i like u , ,
docman_818;wow thx , , , u saw me already . . . , , , im shy now , , , , , , i shouldnt let u see me , , , especialy like that way , , , . . . , , , on cam , ,
kateri_lynn;soon , ,
docman_818;what ? , ,
kateri_lynn;im getytin my cam on monday , ,
docman_818;and ? , , , i mean u saw me hmmm naked also , , , so i cant look into ur eyes now . . . , ,
kateri_lynn;im gettin it wit my birrthday mondy , ,
docman_818;and ? , ,
kateri_lynn;and what , ,
docman_818;u dont understand me , ,
kateri_lynn;no sorry , ,
docman_818;|when we meet i gonna feel bad ( Hey , first honest thing you have told me yet ) | ,
kateri_lynn;bout what , , , i wont , , , im gona be happy , , , :-* , , , u there yet ? , , , :-* , , , , , , >< , ,
docman_818;hey , , , how r u/ , , , do u remember me ? , ,
kateri_lynn;hi , ,
docman_818;|wow she is here , good| ,
kateri_lynn;how wuld i forgt u ina day , , , i was gettin somthing to drink , ,
docman_818;ohh ok , , , i have something too , ,
kateri_lynn;what ? , ,
docman_818;coke , ,
kateri_lynn;oh , , , iv bot pepsi , , , ov got , , , lol , , , finger messd up , , , ive got , , , lol , ,
docman_818;hehe , , , ok , , , i lik epepsi better , , , but now i have only this , ,
kateri_lynn;epepsi , , , i passd it to u , ,
docman_818;hehe , ,
kateri_lynn;lol , ,
docman_818;sorry , , , my fingers . . . , , , |my fingers thinking they r on ur pretty body now , and keep shaking | ,
kateri_lynn;"""> , ,"
docman_818;hehe , , , just kidding , ,
kateri_lynn;why u say that ? , ,
docman_818;cause , , , i was imagine my fingers touching u softly , ,
kateri_lynn;i wuld like that , ,
docman_818;really ? , , , and where on ur body ? , , , ur back ? , ,
kateri_lynn;anywher , , , but noooooooooo tickling , ,
docman_818;hmm , , , tickling ? , , , what is that ? , ,
kateri_lynn;yeah , , , u kno touching peopl on certan spots and making them giggle , ,
docman_818;what is that ? , ,
kateri_lynn;cuz it tickles , ,
docman_818;no way , , , only softly , ,
kateri_lynn;thats somtimes what makes it tickl , , , like my feet are sooo ticklishy , ,
docman_818;|no , im not that| , , if u feel so u gonna let me know and i go somewhere else on ur body , ,
kateri_lynn;sure , ,
docman_818;anywhere u like , ,
kateri_lynn;where wuld u want to put them ? , ,
docman_818;|hmm , i need ur premmission| ,
kateri_lynn;ok u hav my permissin , ,
docman_818;anywhere u want me to put them , ,
kateri_lynn;i dont kno , ,
docman_818;tell me , ,
kateri_lynn;holdin hands , ,
docman_818;hmm , , , nice , , , and/ , ,
kateri_lynn;i dont know , , , where wuld you want to , ,
docman_818;hmm , , , allover , , , ur back , , , ur legs . . . , , , ur butt , ,
kateri_lynn;my butt ? ? ? ? , , , lol , ,
docman_818;uhum , , , u know just softly , ,
kateri_lynn;ok , , , i wuld let u try that , ,
docman_818;hmm , , , in ur pants ? , , , or without ? , ,
kateri_lynn;hmmm , , , which wudl u prefer ? , ,
docman_818;first pants and clothes , ,
kateri_lynn;ok , , , but no laughin at me k , ,
docman_818;why should i ? , ,
kateri_lynn;cuz im gona be probably a little nervous , ,
docman_818;im gonna be more dont worry , ,
kateri_lynn;oh ok , ,
docman_818;hehe , , , and after ? , , , would u let me touch softly more ? , ,
kateri_lynn;prob not so much as nervus , , , if ur gentle , ,
docman_818;what u mean ? , , , ohh of course , , , dont worry , , , i take care of u , , , nothing what u dont want to , ,
kateri_lynn;:-* , ,
docman_818;but i wana touch softly ur front part too . . . , , , ur tittis , , , maybe . . . , , , i dont know u like it . . . , ,
kateri_lynn;i can let u try , , , ok , ,
docman_818;hmmm , , , and maybe ur belly , , , and little more down . . . , , , ur legs . . , , , kneee , , , and back to ur legs . . . , , , i would touch her too a little , ,
kateri_lynn;her ? , ,
docman_818;uhum , ,
kateri_lynn;who her , ,
docman_818;ur pussy , ,
kateri_lynn;im not gona have anyone ther , , , oh u call it a her ? , , , lol , ,
docman_818;yes , , , she belongs to u , ,
kateri_lynn;ahh ok , ,
docman_818;i ll make her happy . maybe , ,
kateri_lynn;ok , , , >< , ,
docman_818;hehe , , , and if u like i would kiss u allover . . . , ,
kateri_lynn;hmm , , , that sounds interstin , ,
docman_818;why ? , ,
kateri_lynn;cuz i havnt had that done b4 , ,
docman_818;|u ll love it , when i show u how| , , really softly , ,
kateri_lynn;ok , ,
docman_818;no hurry , ,
kateri_lynn;:-* , ,
docman_818;i yhope u gonna love it , ,
kateri_lynn;hang on a min , ,
docman_818;ok , , , let me know if u here , , , <ding> , , , u lost ? , , , u lost ? , ,
kateri_lynn;im back , , , sory my food beepd , ,
docman_818;okok , , , dont worry , , , eat , , , go and eat , ,
kateri_lynn;i can eat n type , ,
docman_818;ok , , , try , ,
kateri_lynn;lol , ,
docman_818;i wish to call u . . . , , , can i some how ? , ,
kateri_lynn;I can try later whn my sister comes home , ,
docman_818;what ? , ,
kateri_lynn;she put the phon so that all cals to her cell , ,
docman_818;i see , ,
kateri_lynn;but sometimes i can us her cell to call back to wisconsin , ,
docman_818;so i can call u ? , , , if i call u wont see my number anyways , , , so dont worry , ,
kateri_lynn;she will anser the phone , ,
docman_818;ehh , , , so get it for a while , ,
kateri_lynn;especialy sinc school strtd , ,
docman_818;u dont have a home phone ? , ,
kateri_lynn;n then we were getting prank calls so she set it up so only certain numbrs get thru to ths house phone , , , the rest go to her cell , ,
docman_818;u wana try , , , i dont answere until u do , , , ok ? , , , and she wont see my number , ,
kateri_lynn;but wht are u goin to say if she answes ? , ,
docman_818;nothing , , , let see u have to answere : im kathe , , , if its different i wont answere , ,
kateri_lynn;XXXX , , , k , , , let me sign off a min , ,
docman_818;ok , , , ? , ,
kateri_lynn;it didnt ring , ,
docman_818;i tried , , , and it is just a voicemail of her , , , becka nitz ? , , , r u sure u sign out ? , ,
kateri_lynn;yeah thats her , , , u talk to her or her voicmail , ,
docman_818;nope , , , no way , , , i dont wana u in trouble , ,
kateri_lynn;good , ,
docman_818;i wana talk to u , , , nobody else , ,
kateri_lynn;good , ,
docman_818;u finished eating ? , ,
kateri_lynn;almost , ,
docman_818;ok , , , take ur time , ,
kateri_lynn;lol , , , i dont eat tht much , ,
docman_818;why ? , ,
kateri_lynn;cuz i dont need to , ,
docman_818;okok , ,
kateri_lynn;im not that big , ,
docman_818;|i saw u , u have to eat to be healty| ,
kateri_lynn;i do , ,
docman_818;hehe , , , ok , , , so u still wana meet in person/ , ,
kateri_lynn;yeah , ,
docman_818;hmmok , ,
kateri_lynn;u still plannin on tomorow night for a littl bit ? , ,
docman_818;ok , , , if i have time after work , , , i ll let u know , , , or maybe sat night is better , ,
kateri_lynn;what tiem do u get off of work , ,
docman_818;|around , \| , , but long beach is too far , ,
kateri_lynn;where do u liv ? , ,
docman_818;in san fernando , , , r u still here ? , ,
kateri_lynn;yeah , , , waitn for mapquest , , , thats not that far , ,
docman_818;i know , ,
kateri_lynn;like miles , ,
docman_818;hehe , , , if traffic is good minutes , ,
kateri_lynn;so u should be here by bout or so then , ,
docman_818;or a bit later , ,
kateri_lynn;it wuld mak my day go faster in schol knowin u will e there that night , ,
docman_818;hehe , , , |but dont wait if i can make it we ll meet next time , ok/| ,
kateri_lynn;well how will i know if ur not coming ? , ,
docman_818;can i call u , , , so i can tell u , , , i ll call u around , ,
kateri_lynn;u just found out wher the cals co , , , the calls go to , ,
docman_818;dont worry i dont answere , , , |if its not u : hi , im kathy| ,
kateri_lynn;but I CANT if they dont get thru , ,
docman_818;i know , , , prob she ll change , ,
kateri_lynn;can u get onlin tomorro , , , befor u come , ,
docman_818;did u tell anybody u wana meet me ? , , , sure , , , i think i can , ,
kateri_lynn;like who wuld i tell ? , ,
docman_818;but im sure it ll be better on saturday ok ? , , , ur friends , ,
kateri_lynn;well then ill giv u the addy tomorrow when you get onlin , , , n then u can tell me if ur gona make it that night or sat ok ? , ,
docman_818;ok , , , ok , , , sweety , ,
kateri_lynn;okiessssss , , , :-* , ,
docman_818;im just wondering i dont want anybody to tell her u r here online , , , she gonna tell u not to use the internet anymore , ,
kateri_lynn;she dont pay attention to what i do , ,
docman_818;ohh ok , , , how tall r u ? , ,
kateri_lynn;, , , mayb now , ,
docman_818;ohh ok , , , and like pounds ? , ,
kateri_lynn;yup , ,
docman_818;wow , , , u very skinny , , , im a big guy i think , , , u dont mind ? , ,
kateri_lynn;no , , , u dont look that big , , , I mean ur face , , , lol , ,
docman_818;hehe , , , not even other of my part is big . . . ( 2nd honestly thing he said . ) , ,
kateri_lynn;that lookd big to me , ,
docman_818;what ? , ,
kateri_lynn;u did , ,
docman_818;what i did ? , ,
kateri_lynn;the othr lookd big to me , ,
docman_818;what is that ? , ,
kateri_lynn;u knowwwwwwwww , , , , ,
docman_818;hhe , , , u affraid to tell me ? , , , dont be shy , ,
kateri_lynn;ur 'him , , , lol , ,
docman_818;hehe , , , did u like it ? , ,
kateri_lynn;"yeah ""> , ,"
docman_818;"""> , , , hehe , , , so probably u can see it for real too . . . , , , if he is not too shy , , , , ,"
kateri_lynn;ok , ,
docman_818;but if u dont want thats ok , ,
kateri_lynn;ok , , , i wuldnt stop u , ,
docman_818;u dont wana start . . . , , , im affraid , , , , ,
kateri_lynn;afraid of me ? , ,
docman_818;uhum , , , what u gonna say , ,
kateri_lynn;whts the question , ,
docman_818;othing , , , , ,
kateri_lynn;lol , ,
docman_818;hehe , , , now u make me crazy , , , im thinking of u . . . and hmmmm getting hot here . . . , , , wish u to be hee now , ,
kateri_lynn;lol , ,
docman_818;do u masturbate a lot ? , ,
kateri_lynn;a littl , ,
docman_818;like every day ? , ,
kateri_lynn;prob not THJAT much , , , a coupl times a week i guess , ,
docman_818;ohh ok , , , when was the last time ? , , , i see , , , did u do it today already ? , ,
kateri_lynn;coupl days ago , ,
docman_818;ohh ok , , , can u hold it until we meet ? , ,
kateri_lynn;i suposssssssssse , ,
docman_818;why nu say like that ? , ,
kateri_lynn;cuz i wasth inkin bout doing it tonight , , , but sinc u askd me nottttttt tooooo , ,
docman_818;hmm , , , |how bout if we do it together now , and together when we meet on sat | ,
kateri_lynn;not whil im sittin at the computr , , , thats funny , ,
docman_818;why ? , ,
kateri_lynn;i do it whn i go to bed the night , ,
docman_818;ohh i see , , , why only that ? , ,
kateri_lynn;cuz thts whn i feel comy , , , comfy , ,
docman_818;i see , , , understand , , , but im very hard now , , , cause of u , ,
kateri_lynn;is that good or bad ? , ,
docman_818;very good , ,
kateri_lynn;oh ok , ,
docman_818;|i wish u to be here , i would let u touch him if u want too| ,
kateri_lynn;wuldnt that hurt him , ,
docman_818;no , , , i ll show u how to do , , , did i show u already on my cam ? , ,
kateri_lynn;i dont remembr if u did or not , ,
docman_818;u want me now ? , , , , ,
kateri_lynn;if u want to , ,
docman_818;hmm ok , , , do u se eme ? , ,
kateri_lynn;not realy , , , see somethin movin , , , but its gray , , , turn a light on or somethin , , , do u have th lights off ? , ,
docman_818;now ? , , , nope , , , something is wrong , , , u have an msn messenger ? , , , i think my cam is sux here , ,
kateri_lynn;no i dont , ,
docman_818;u wana download it real quick ? , ,
kateri_lynn;try shuttin it off n then on again , ,
docman_818;it is much better , ,
kateri_lynn;not realy , ,
docman_818;now ? , , , hold on , , , i have to change the yahoo , ,
kateri_lynn;ok , ,
docman_818;u want me to do that ? , , , ok , ,
kateri_lynn;sure , ,
docman_818;u wana sign out for a bit and i can try to call u , , , ? , ,
kateri_lynn;is becky doesnt kno the number , ,
docman_818;what number ? , ,
kateri_lynn;she cant add it to h list that goes thru to the house n it will go to her cell or voicmail , ,
docman_818;my number its blocked , , , cant see , , , nope , , , cause my number is not visible , , , belive me , ,
kateri_lynn;those realy wont go thru to me , ,
docman_818;i wont even give it out to her , , , dont worry , , , so can we try ? , ,
kateri_lynn;i gave it to you , , , we did , ,
docman_818;ok , , , u wana sign out for minutes ? , ,
kateri_lynn;|and if it didnt ring her to me , its not goin to unless she adds it| , , k , ,
docman_818;ok , , , i ll call u in minute , ,
kateri_lynn;it didnt ring here , ,
docman_818;r u here ? , , , ? ? ? ? ? ? ? ? ? , , , <ding> , ,
kateri_lynn;im here , ,
docman_818;i called u , , , same thing happened , ,
kateri_lynn;todl u it prob would , ,
docman_818;its ok , , , can u see me now ? , ,
kateri_lynn;yeah , ,
docman_818;ok , , , ts not scary ? , , , ? , , , , , , pickaboo , ,
kateri_lynn;sory yahoo crashd , ,
docman_818;i know , , , sorry , , , too , , , why u dont download the msn , , , its easy to do , ,
kateri_lynn;cuz it wuld take forevr on dialup , ,
docman_818;ohh ok , , , i see , , , imm here , ,
kateri_lynn;there u are again , ,
docman_818;hehe , , , i wish to see u too , ,
kateri_lynn;soon , ,
docman_818;"ok , , , hope so , , , so u want me to show how to touch \""him\"" ? , ,"
kateri_lynn;sure , ,
docman_818;hehe , , , ok , , , now ? , ,
kateri_lynn;sure , ,
docman_818;ok , , , ask me if u wana know something , , , , ,
kateri_lynn;ok , ,
docman_818;r u here ? , ,
kateri_lynn;yeah , ,
docman_818;why r u so quet ? , ,
kateri_lynn;watchin , ,
docman_818;hhe , , , do u like it ? , ,
kateri_lynn;yeah , ,
docman_818;ok , , , would u touch it ? , ,
kateri_lynn;i wont hurt it ? , ,
docman_818;no way why ? , , , u gonna feel how to touch it dont worry . . . , , , , ,
kateri_lynn;ok , , , wow , , , thats close , , , lol , ,
docman_818;hehe , , , i hope u gonna love it to play with eachother . . . , , , do u have hair on ur pussy ? , ,
kateri_lynn;a littl bit , ,
docman_818;thats nice , , , and under arms ? , ,
kateri_lynn;yeah , , , but i shav those , ,
docman_818;ok , , , me too , ,
kateri_lynn;under ur arms ? , ,
docman_818;but dont shave ur pussy , , , , , , yes , , , im very clean , ,
kateri_lynn;i dont wana put anything sharp down there , ,
docman_818;and i shave my balls too ( what is WITH guys wanting things shaved ? ) , ,
kateri_lynn;i might cut myself , ,
docman_818;TRUE , ,
kateri_lynn;ur balls ? , ,
docman_818;|here i ll show u , see ? | ,
kateri_lynn;ur too close , , , ohhhhhhhhhhh , , , ok , , , thos things , , , soryr i m so dumb , ,
docman_818;|so if u wana try to kiss it , there is no hait to bother u | , , u not dumb , ,
kateri_lynn;but i didnt kno what thos were , ,
docman_818;ohh ok , , , i showed u , , , now u know , ,
kateri_lynn;ok , , , , , , :-* , , , there u go , ,
docman_818;|the main thing is if u touch the penis , u have to move the skin up and down| ,
kateri_lynn;ok , ,
docman_818;and what do u do with ur pussy ? , ,
kateri_lynn;rub it , ,
docman_818;u gonna show me ? , ,
kateri_lynn;whenu come over ? , ,
docman_818;uhum , ,
kateri_lynn;i can try , , , but ill prob behsy , , , be shy , ,
docman_818;ohh ok than , , , never mind , , , maybe we can do it together . . . , ,
kateri_lynn;lets see wht happens whn u get here ok , , , ya , ,
docman_818;u start and i start , , , and after i help u finish with my tounge , , , sure , , , let se , , , maybe u dont like me at all , , , r u here ? , , , ? ? ? ? ? ? ? , ,
kateri_lynn;sory , , , i had to pee , ,
docman_818;okok , ,
kateri_lynn;i culdnt hold it anymor , ,
docman_818;is ur pussy wet a bit ? , , , okok , ,
kateri_lynn;yeah , ,
docman_818;why u dont rub it a bit for now ? , ,
kateri_lynn;jus a littl bit k , ,
docman_818;ok , , , up to u , , , maybe u can cum too with me now . . . if u horny enough , ,
kateri_lynn;i dunno , , , it feelt funny on the chari , , , chair , ,
docman_818;hehe , , , why ? , , , just open ur legs . . , ,
kateri_lynn;cuz im sittin here , ,
docman_818;like me . . , , , im sitting here too , ,
kateri_lynn;k , ,
docman_818;think im doing it for u . . . , ,
kateri_lynn;ok , , , wow it got big , ,
docman_818;how is ur pussy ? , ,
kateri_lynn;funny feeling , ,
docman_818;why ? , ,
kateri_lynn;i dunno , ,
docman_818;do u enjoy it ? , ,
kateri_lynn;yeah , ,
docman_818;so plesure her , , , i wish to be there with u , , , and kiss it , ,
kateri_lynn;u can be tomorow night , ,
docman_818;hmmm , , , and kiss it ? , ,
kateri_lynn;yeah , ,
docman_818;hmm , , , u never had that experience b4 ? , ,
kateri_lynn;just rubbing thru my old bf cloths , ,
docman_818;he rubbed u ? , ,
kateri_lynn;no , ,
docman_818;who did ? , ,
kateri_lynn;nobody did , ,
docman_818;ohh ok , , , u said old bf clothes , ,
kateri_lynn;i rubbed over his clothes , ,
docman_818;ohh his penis ? , , , why ? , ,
kateri_lynn;his area yeah , , , i duuno , ,
docman_818;he told u ? , ,
kateri_lynn;he put my hand down there , ,
docman_818;how was it ? , ,
kateri_lynn;ok i guess , ,
docman_818;hehe , , , im not that rude , , , u still rubbing urself ? , ,
kateri_lynn;it feels ufunny to do it on a chair , ,
docman_818;hmm , , , but u think u ll cum ? , ,
kateri_lynn;i dont know , , , i dont hink i have befor , ,
docman_818;u ust rubbing it ? , ,
kateri_lynn;yeah butbeckys suposd to be home soon , ,
docman_818;ok , , , sorry , , , so what now , , , i ll finish , ,
kateri_lynn;k , ,
docman_818;u wana see me cum ? , ,
kateri_lynn;ok , ,
docman_818;ok , , , watch , ,
kateri_lynn;k , , , that whit stuff is the stuff that can get m pregnat right ? , , , cuz i dont wana get pregnat , ,
docman_818;yes , , , u dont get pregnant , , , cause we dont gonna put it into ur pussy . . . . , , , u can get pregnant only if we have sex , ,
kateri_lynn;oh , ,
docman_818;with petting u cant get pregnant , ,
kateri_lynn;where are u goign to put it thn ? , ,
docman_818;nowhere , , , we just gonna have play if u like it too , ,
kateri_lynn;oh lik kiss it ? , ,
docman_818;uhum , ,
kateri_lynn;ok , ,
docman_818;|and i ll cum in ur hand or in mine or in a towel ( gee , what a gentleman ) | ,
kateri_lynn;ok , ,
docman_818;but not into ur pussy , , , |and if u later wana put it in , how it feels we can use a condome| ,
kateri_lynn;ok , , , are u goin to bring those with u then in case we do that latr ? , ,
docman_818;if u want , , , but i dont think u have to ur virginity to me , , , u still rubbing ? , ,
kateri_lynn;not right now , , , we can decid if we do that when u get her ok ? , ,
docman_818;get her ? , ,
kateri_lynn;here , , , get here , ,
docman_818;ohh ok , , , sure , ,
kateri_lynn;sory , ,
docman_818;we dont even have to do this , , , im gonna be there to know u and to talk , ,
kateri_lynn;ok , ,
docman_818;it is just so excited . . . , ,
kateri_lynn;yeah i know , ,
docman_818;i hope for u too , ,
kateri_lynn;, ,
docman_818;what u think ? , ,
kateri_lynn;i think im excited , ,
docman_818;about ? , ,
kateri_lynn;seein u , ,
docman_818;ohh ok , , , maybe u dont gonna like me . . . , ,
kateri_lynn;i already DO like u , ,
docman_818;hmm that nice , , , thx a lot , , , i like u too , ,
kateri_lynn;:-* , ,
docman_818;and i ll try to feel u good , , , very good , ,
kateri_lynn;ok , , , >< , ,
docman_818;u r so pretty , , , do u have any pic ? , ,
kateri_lynn;thanks , , , just thos on my profile n the yahoo360 link , ,
docman_818;i saw ur blond one , , , i saw olny one , ,
kateri_lynn;go down tot he links , ,
docman_818;send me the link , ,
kateri_lynn;and click on the yahoo one , ,
docman_818;where exactly , ,
kateri_lynn;hang on , ,
docman_818;ok , ,
kateri_lynn;, , , there u go , ,
docman_818;hold on , ,
kateri_lynn;k , ,
docman_818;whgat r u doin ? , ,
kateri_lynn;waitn for u , ,
docman_818;im here , , , i was waiting for u , , , , ,
kateri_lynn;u said hold on whil u looked at the pics , ,
docman_818;wow i love ur photos , , , u so cute , ,
kateri_lynn;awww thanks , ,
docman_818;i can see only one , ,
kateri_lynn;click on the ones below , , , did u see the rest ? , ,
docman_818;no , , , something is wrong , , , here is better , , , u r an angel , , , , ,
kateri_lynn;there u go , ,
docman_818;wow babe , , , lovely , , , i love u , ,
kateri_lynn;awww , , , thanks , ,
docman_818;u r so cute . . . . , ,
kateri_lynn;thanks , ,
docman_818;im realy affraid to see u , , , no more ? , ,
kateri_lynn;why ? , ,
docman_818;i dont know , ,
kateri_lynn;i thik thats it , ,
docman_818;|cause u beautyful and smart , and soooo young| , , i think thats why cause u r sooo young , , , i never met a girl like this at ur age . . . . , ,
kateri_lynn;i wont bite , ,
docman_818;i know , , , i can bite my just like easy . . . , ,
kateri_lynn;lol , ,
docman_818;hehe , , , u have hobbys ? , ,
kateri_lynn;oh man . . . . . , , , hang on a min , ,
docman_818;what ? , , , whY ? , ,
kateri_lynn;my cats chewin up one of my stuffd frogs again , ,
docman_818;hehehehe , ,
kateri_lynn;k , , , grrrr , , , badddd kitty , ,
docman_818;hehe , , , so u gonna have ur camera next week ? , ,
kateri_lynn;shuld have , ,
docman_818;hmmok , , , but i hope i can see u b4 , , , , , , where in long beach u live ? , ,
kateri_lynn;yeah u can , ,
docman_818;? , ,
kateri_lynn;by the airport , ,
docman_818;it is an apartment ? , ,
kateri_lynn;no a house , ,
docman_818;ohh nice , , , and crazy neighbors ? , ,
kateri_lynn;nooo , ,
docman_818;if i leave my car there they dont gonna tell ur sys ? , ,
kateri_lynn;she alwys has tons of guys comin over , , , thye prob jsut think its for her again , , , nothing new , ,
docman_818;hm , , , i just dont wana risk , , , and what if shes coming home when im there ? , ,
kateri_lynn;shes workin up in san fran this weekend , , , she is NO way leavin , , , cuz tis her first job bit out of town , ,
docman_818;what she doeas ? , ,
kateri_lynn;and she wants to ov up in the company , , , she works for a fashion magazin , ,
docman_818;i see , , , ohh ok , , , i got ya , ,
kateri_lynn;yeah , ,
docman_818;hmm i cant wait until tmorrow or saturday , , , what r u doin ? , ,
kateri_lynn;talkin to u , ,
docman_818;"hhee , , , |guess what , my penis is sooo small now . . . "">| ,"
kateri_lynn;:-* , , , im sory ? , ,
docman_818;my penis is soo small now . . . . . , , , , ,
kateri_lynn;is it supposd to be> , , , ? , ,
docman_818;yes , , , but u would laugh at him , ,
kateri_lynn;nooooooo , ,
docman_818;hehe , , , wanacheck it out ? , ,
kateri_lynn;not right now im tryin to download a song n its slowin up my computer , ,
docman_818;okok , ,
kateri_lynn;but i will tomorow night tho ok ? , ,
docman_818;how ? , ,
kateri_lynn;when u gethere silly , ,
docman_818;hehe , , , i hope its not gonna be small than , ,
kateri_lynn;lol , ,
docman_818;hehe , , , saturday is good for u ? , ,
kateri_lynn;:-* , ,
docman_818;i dont think i can do it tomoorow , ,
kateri_lynn;if u want it to be yea , ,
docman_818;maybe only later , ,
kateri_lynn;if that wuld be easier , ,
docman_818;what time u go to bed , ,
kateri_lynn;tonight im gona go prob bout , , , im tired , , , i hav to be up at to get ready for school , ,
docman_818;and tomorow , , , or sat ? , ,
kateri_lynn;sat i will sleep in , ,
docman_818;where ? , ,
kateri_lynn;my bed , , , where else wuld i sleep ? , ,
docman_818;what time ? , , , but what time ? , ,
kateri_lynn;i dunno might stay up later , , , like or , , , depends of if ur here or not , ,
docman_818;ohh ok , ,
kateri_lynn;|ir ur not , i will go to bed| ,
docman_818;|why , when im there ? | ,
kateri_lynn;if ur here or coming ill stay up , ,
docman_818;hmm , , , i cant even wait to se eu , ,
kateri_lynn;i kno the feelin , ,
docman_818;whY ? , ,
kateri_lynn;cuz i cant wait either , ,
docman_818;hmm , , , |what u waiting for ? what gonna happen , tell me pls| ,
kateri_lynn;u to get here , , , lol , ,
docman_818;and ? , , , what r ur plan ? , ,
kateri_lynn;i dunno , , , didnt kno i needed a plan , , , lol , ,
docman_818;noyt like that , , , im just cuorious , ,
kateri_lynn;im jsut a happy nervous , ,
docman_818;hehehe , , , dont be , , , cause im more nervous , ,
kateri_lynn;lol , ,
docman_818;i dont even know how u can talk like this to a old guy r you talk like this to someone you believe to be ) , ,
kateri_lynn;i like u tho , ,
docman_818;but im old , , , how about ur age ? , ,
kateri_lynn;ill be on sunday , , , sundays my birthday remembr , ,
docman_818;|wow , ok i got it now| , , so i have to give u a nice present , , , what would u like ? , ,
kateri_lynn;mayb u culd bring me a birthday cake on saturday if u came that day , ,
docman_818;sure , , , u dont have any relatives coming over ? , ,
kateri_lynn;no , ,
docman_818;how come ? , ,
kateri_lynn;cuz its just me n my sis , ,
docman_818;i see , , , no adult around u ? , ,
kateri_lynn;just her , ,
docman_818;u think its good for u guys ? , ,
kateri_lynn;no other chioce , ,
docman_818;i know . . . , ,
kateri_lynn;either that or i wuld go into fostercare , ,
docman_818;i just want u to be happy , , , i see , , , and she is aloud to take care of u ? , ,
kateri_lynn;yeah , , , shes my guardian , ,
docman_818;good , ,
kateri_lynn;so u gona bring me a present thn ? , ,
docman_818;yes , , , |plus hmmm if u like too u gonna get an other present , like natural . . . | , , but i dont know maybe it is to early for u . . . u dont think so ? , ,
kateri_lynn;no its my body , ,
docman_818;and u think ur body is ready ? , ,
kateri_lynn;yea , ,
docman_818;hmm ok , , , ready for what ? , ,
kateri_lynn;everythin , ,
docman_818;alright , , , we ll see , , , |i u feel so , we can make ur body happy . . . but only after midnight | ,
kateri_lynn;after midnight ? , , , why , ,
docman_818;u turn on sunday right ? , , , that is ur birthday , , , , ,
kateri_lynn;yeah , , , ohh ok , ,
docman_818;hehehehe , ,
kateri_lynn;so you want to come ovr saturday then , ,
docman_818;|i think it is better , m u dont think so ? | ,
kateri_lynn;probaby so ur not tired after workin , , , do u want to com in the afternoon or when ? , ,
docman_818;dont worry about me , , , |i wish , but im working| ,
kateri_lynn;dangggggggg again , ,
docman_818;prob i can get off early , ,
kateri_lynn;do u work sundy ? , ,
docman_818;i can be there around pm , ,
kateri_lynn;sat night , ,
docman_818;yes , , , sat pm , ,
kateri_lynn;ok its a date , ,
docman_818;or sooner , ,
kateri_lynn;, ,
docman_818;hehehehehehee , , , what happened ? , ,
kateri_lynn;my computr crashd , , , i had to reboot , ,
docman_818;sorry , ,
kateri_lynn;no im sory , ,
docman_818;its ok , ,
kateri_lynn;i culdnt even tell u , ,
docman_818;so what u want for ur bday ? , ,
kateri_lynn;hmmmm , ,
docman_818;|i know its ok , sweety , im still here|
kateri_lynn;give me som choises , , , k , , , wht kind of car do u have ? , , , u there ? , , , hello , , , <ding> , ,
docman_818;sorry pretty girl , , , i got booted , ,
kateri_lynn;oh , , , was ur turn huh ? , ,
docman_818;hehe , , , yes , , , yahoo like us , ,
kateri_lynn;yup , , , so wht kind of car shuld i be lookin for ? , ,
docman_818;and i like u , , , a black sedan , ,
kateri_lynn;ohhh sounds nic , ,
docman_818;but if u want u can just walk out and i ll pick u up and drive us home to u , , , there is any store close to u ? , ,
kateri_lynn;what kind of a store , , , are u thinkin about , ,
docman_818;i dont know , , , where i can pick u up , ,
kateri_lynn;at my house silly , ,
docman_818;|so , i think its weird for me to go to somebodys driveway| , , ok , ,
kateri_lynn;but im not somebody , , , im kate , , , n ur there for me , , , , ,
docman_818;i know , , , hmm , , , that sso nice , , , do u like to kiss ? , ,
kateri_lynn;yah , ,
docman_818;hmm , , , good , , , what music do u like ? , ,
kateri_lynn;nelly n lil wayne , , , hip hop , ,
docman_818;ohh nice , ,
kateri_lynn;just hip hop stuff , ,
docman_818;good enough , , , u still downloading ? , ,
kateri_lynn;yeah its slooooooooooooow , ,
docman_818;, ,
kateri_lynn;its almost done , ,
docman_818;so u stopped rubing urself ? , ,
kateri_lynn;yeah , ,
docman_818;ok , , , |so when u doing it u dont cum , ? | , , never cummed b4 ? , ,
kateri_lynn;i dont think so , ,
docman_818;so u just stop after a while ? , ,
kateri_lynn;yeah , ,
docman_818;hmm intresting , , , and it is wet ? , ,
kateri_lynn;it was , ,
docman_818;ohh ok , , , but u didnt feel anything ? , ,
kateri_lynn;a little bit , ,
docman_818;hmmintresting , , , i hope i can help u , ,
kateri_lynn;:-* , ,
docman_818;r u here or talking to someone else ? , ,
kateri_lynn;are u going to bring me a birthdaycake too ? , ,
docman_818;|yes ( and folks , Del called me at home at am my time to tell me that he DID bring the cake ) | , , what do u like ? , ,
kateri_lynn;chocolate . . . . . . . . . , ,
docman_818;hmmok , , , can i eat it from ur belly ? , ,
kateri_lynn;dont u like chocolate , ,
docman_818;i love it , ,
kateri_lynn;umm wuld that be a bit messy>>> , ,
docman_818;why ? , ,
kateri_lynn;but that wuld be diffrent , ,
docman_818;i ll lick it up , ,
kateri_lynn;the frosting n crumbs , , , ummm ok , ,
docman_818;hehehe , , , do u see sexy pics and videos sometimes ? , ,
kateri_lynn;u showed me som before , , , but othr than that i havnt , ,
docman_818;realy ? , , , where ? , , , cause from those u can learn , ,
kateri_lynn;u showed them to me on here , ,
docman_818;ohh ok , , , those r soft , , , what i made , , , hehe , ,
kateri_lynn;yeah , , , the ones u took of that girl , ,
docman_818;yes , , , it wa sin europe , ,
kateri_lynn;k , , , have ut taken anyu more of girls here , , , those typ of pictures , ,
docman_818;nope , , , not here in usa , , , why ? , ,
kateri_lynn;just askin , ,
docman_818;why u wana se emore pics ? , ,
kateri_lynn;it doesnt mattr to me , ,
docman_818;hene ok , , , just asknig , , , u r too young for that . . . , , , u gonna learn everithing step by step , ,
kateri_lynn;ok , ,
docman_818;r u mad now ? , ,
kateri_lynn;oih no , ,
docman_818;ok , ,
kateri_lynn;so ar u realy going to bring me a cake ? ? ? , ,
docman_818;yes , ,
kateri_lynn;with like happy kate on it ? , ,
docman_818;hmmm , , , maybe , ,
kateri_lynn;maybe just happy birthday kate ? , ,
docman_818;hehe , , , ll see , , , yes , ,
kateri_lynn;ok thanks , ,
docman_818;and what else u want ? , ,
kateri_lynn;somethin to drink maybe to go with the cake , ,
docman_818;coke ? , , , pepsi ? , , , , ,
kateri_lynn;whatever , ,
docman_818;tell me what u like , , , u ever drank alkohol ? , ,
kateri_lynn;yeah , ,
docman_818;wow , , , really ? , , , like what ? , ,
kateri_lynn;back in wisconsin , , , vodka , ,
docman_818;like byself ? , ,
kateri_lynn;at a party , , , it was at a kids hous n thy had a lot of booze , , , i liked the belvder vodka stuff ( I couldnt resist . ) , , , got me giggly fast , ,
docman_818;hehehe , , , u silly , , , u wana get giggly ? , ,
kateri_lynn;sure , ,
docman_818;ohh comon , , , u make me shy and blush . . . u r soooo young , ,
kateri_lynn;what , ,
docman_818;why would u do that ? , ,
kateri_lynn;its fun onc in a while , ,
docman_818;i know , , , and its ur birthday . . . , ,
kateri_lynn;yup , ,
docman_818;i hope u gonna have fun . . . , ,
kateri_lynn;im sure i will , ,
docman_818;hope i can help u with it , ,
kateri_lynn;im sure u can , ,
docman_818;|hmmm , but how ? | ,
kateri_lynn;u know . . . . . , ,
docman_818;i dont , , , tell me , , , at least few things to make sure , ,
kateri_lynn;being with me , , , keepin me company , , , brging me a cake , ,
docman_818;hmm , , , sounds good , ,
kateri_lynn;and ur going kiss me n tuff , ,
docman_818;only if u like . . . , , , what tuff ? , ,
kateri_lynn;sstuff , , , like touch me all ovr , ,
docman_818;what stuff ? : , , , wow , ,
kateri_lynn;and mayb eat cake off of my tummy , ,
docman_818;i would do that for u , , , wowowowwo , , , would be nice . . . , ,
kateri_lynn;, ,
docman_818;would be nice for u . . . , ,
kateri_lynn;yup , ,
docman_818;damn girl , , , i like u very much , ,
kateri_lynn;i like u too , , , :x , ,
docman_818;good , , , how is ur heart feeling ? , ,
kateri_lynn;funny n good at the same time , ,
docman_818;why funny ? , ,
kateri_lynn;i dont kno how else to say it , ,
docman_818;now i feel double weird after u saw me naked again . . . . , , , how can i look into ur eyes now ? , ,
kateri_lynn;look at my pic ? , ,
docman_818;nope , , , when we meet , , , , , , when ur sys leaving ? , , , she is at home now ? , ,
kateri_lynn;shes leavin tomorrow afterwork , , , and ya shes home now , ,
docman_818;ohh , , , and she doesnt care u chating with me ? , ,
kateri_lynn;i dont tell her what i do , ,
docman_818;ohh ok , , , how many rooms u have ? , ,
kateri_lynn;theres bedrooms , , , one for each of us n her offic space , ,
docman_818;i see , , , i think i ll have ashower now , , , u wana come with me ? , ,
kateri_lynn;umm i cant drive silly , ,
docman_818;hehe just kiidding , , , wow , , , i see ur pic here now , ,
kateri_lynn;yeah , ,
docman_818;pretty , ,
kateri_lynn;u like that , ,
docman_818;i love that , ,
kateri_lynn;good , ,
docman_818;maybe if u want i can make some more of u , ,
kateri_lynn;ok , ,
docman_818;hehe , , , only if u like , ,
kateri_lynn;sure , ,
docman_818;hehe , , , what kind ? , , , like that girl ? , ,
kateri_lynn;maybbbbbb , ,
docman_818;u funny , ,
kateri_lynn;-} , ,
docman_818;thats why i like u , , , kiss for now , ,
kateri_lynn;:-* , ,
docman_818;after shower i may come back , , , when u wana go to bed ? , ,
kateri_lynn;i dunno i might watch some tv , ,
docman_818;ok , ,
kateri_lynn;i need a shower too , ,
docman_818;have fun , , , and dont forget me , , , lets go together , ,
kateri_lynn;so ur gona get onlin tomorrow right ? , ,
docman_818;go now with me at the same time , , , yes , ,
kateri_lynn;ok , ,
docman_818;of course , ,
kateri_lynn;ill be int he shower in bout mins , ,
docman_818;or maybe i can visit u just to say hi and we can meet sat , , , ok , , , minutes , , , imagine im there with u , , , , ,
kateri_lynn;ok , ,
docman_818;love ya , ,
kateri_lynn;luv u , ,
docman_818;was nice to talk to u again , , , u r amazing , ,
kateri_lynn;thanks , ,
docman_818;bye now , ,
kateri_lynn;byeeeeeeeee , , , hey . . . . . . wher u at ? ? , , , im missin u , , , hellooooooooooooooooooooo , ,
docman_818;hey girl , ,
kateri_lynn;hiiiiiiiiii , ,
docman_818;how r u , ,
kateri_lynn;thot mayb u werent comin online tnight , ,
docman_818;just got home , , , but i have to go over to my friends house , , , i ll be here later , , , tomorrow . . . , , , isnt too late right now ? , ,
kateri_lynn;are u stillplannin on comign tomorrow ? , ,
docman_818;u gonna be here little bit later ? , , , |if u want tooo , yes| ,
kateri_lynn;I can be , ,
docman_818;|if u dont , so ok| ,
kateri_lynn;or did u want to come tonight yet ? , ,
docman_818;u want me rto com eoveR ? , , , no time tonight , ,
kateri_lynn;if u want t come over tonight or tomorow , ,
docman_818;tom , ,
kateri_lynn;tomorros cool yet , , , u there yet ? , ,
docman_818;r u here ? , , , sorry yahooos ux , ,
kateri_lynn;yeah , , , where did u go , , , oh , ,
docman_818;nowhere , , , tried to com eback , ,
kateri_lynn;pj , , , ohj , , , sorry fingrs off , ,
docman_818;pj ? , ,
kateri_lynn;lol , ,
docman_818;hehehe , , , where is ur mind ? , ,
kateri_lynn;on u , , , and tomorrow , ,
docman_818;on me ? ? , , , why ? , ,
kateri_lynn;waitn to see u , , , n spend my birthdy with u , ,
docman_818;hmmmm , , , u r so sweet , ,
kateri_lynn;so are u , ,
docman_818;what happend with the phone ? , ,
kateri_lynn;she took it with her , ,
docman_818;can i call u already ? , , , the home phone ? , ,
kateri_lynn;no her cell , , , remembr u culdnt get thru , ,
docman_818;and the home number ? , ,
kateri_lynn;i gave u the hom number , , , but shes got them censord , ,
docman_818;yes but i callled u on that and it was no answere only her answering voice , ,
kateri_lynn;|cuz if the numbr isnt added into som systm she has set up , its only goin to go to her cell| ,
docman_818;ihh , , , too bad , ,
kateri_lynn;she had n old bf stalkin her , , , n callin alllllllll the time n havin his friends call , , , so she got this set up , ,
docman_818;u dnt have any phoneboot close to ur house ? , ,
kateri_lynn;not that i know of , , , dont realy go lookin for one tho eithr , , , but ur gona be here tomorrow , ,
docman_818;maybe tomorow moring u cn find one so i can call , , , yes , ,
kateri_lynn;unless u changd ur mind n want to come tonight , ,
docman_818;but i still dont know ur adress , , , hehe , , , its too late honey , , , u dont think so ? , ,
kateri_lynn;e *street* way , , , no *street* way , , , ugh hat this street , , , long beach cali , , , got it ? , ,
docman_818;|hi , stil wking hw r u ? | ,
kateri_lynn;waitin u , , , ive changd clothes lik times alread , , , ur still coming rite ? , ,
docman_818;can i call u now ? , ,
kateri_lynn;u can try but Im pretty sur ur going to get the same thing . . , , , so want me to sign off ? , ,
docman_818;|oh , comon . . u pqety anyways| ,
kateri_lynn;huh ? , ,
docman_818;|if u wxt me , yes . Cn i try to call u ? | ,
kateri_lynn;let me sign off an u can try ok ? , ,
docman_818;u stl want me to come ? , , , |whn i get home i let u knw , ok ? Be good| , , so see u online soon . I hv go nw , , , so see u online soon . I hv go nw , ,
kateri_lynn;hey , , , it didnt ring , , , n ya i still want u to come n bring me a birthday cake tooooo , ,
docman_818;ok ill try in min . bye , ,
kateri_lynn;k , ,
docman_818;there is no phoneboot near ur house ? i wna hear ur vce , ,
kateri_lynn;phon booths dont tak in comin calls , , , and u can hear it when u get her tonight , ,
docman_818;hm ok than . . u cnt call frm home , ,
kateri_lynn;prob not , , , ur prob long distnce , ,
docman_818;r u chating with lot of ppl ? , ,
kateri_lynn;no , , , but im startin to get hungry , ,
docman_818;ok tlk u soon , ,
kateri_lynn;ok , ,
docman_818;u wnt me tn brng sme food later ? , ,
kateri_lynn;sure , , , ill just grab som munchis for now thn , ,
docman_818;bye , ,
kateri_lynn;byeeee , ,
docman_818;hi , ,
kateri_lynn;um hi , ,
docman_818;r u herE ? , ,
kateri_lynn;hiya , ,
docman_818;ok , , , how is everithing ? , ,
kateri_lynn;u leavin soon , ,
docman_818;|uhum , if u want to| , , why ? , , , im just nervous , ,
kateri_lynn;so i can prob cvhange clothes more times , , , lol , ,
docman_818;u dont have to , ,
kateri_lynn;i think i might get in th hot tub to calm down a littl , , , im nervous , ,
docman_818;so should we meet an other time ? , ,
kateri_lynn;no , ,
docman_818;ok , , , if u say so , ,
kateri_lynn;then i wuld be alon for my birthday , , , , ,
docman_818;|ok , but i dont have that much time cause i have to get up early tomorrow ( Oh I am sure you will have to change those plans . ) | ,
kateri_lynn;ok , , , but i thot u were gona stay with me tnight , , , but if u cant its k , ,
docman_818;|i dont have that much time , and i cant sleep there if u mean that . . . | ,
kateri_lynn;ok , ,
docman_818;r u here ? , , , so what u want me to take ? , , , besides the cake ? , ,
kateri_lynn;hmmm , , , somthing to drink mayb , , , i dunno , ,
docman_818;what u want ? , ,
kateri_lynn;surpris me , ,
docman_818;surprise with what ? , , , myself its not enough ? , ,
kateri_lynn;well u askd what else i wanted u to bring , ,
docman_818;do u want food or smnth ? , ,
kateri_lynn;syre , , , sure , ,
docman_818;like what ? , ,
kateri_lynn;maybe grap a pizza , ,
docman_818;ok , , , what kind ? , ,
kateri_lynn;pepperoni n sausage ok with u ? , ,
docman_818;okok , , , , , , medium ? , ,
kateri_lynn;sure , ,
docman_818;ok , , , so u gonna wait for me where ? , ,
kateri_lynn;prob insid the kitchen , , , or living room , ,
docman_818;u gonna wach my car ? and come to me make sure its u , , , ? , ,
kateri_lynn;or pacin the floor . , , , lol , ,
docman_818;pacin ? , ,
kateri_lynn;sure , ,
docman_818;what is that ? , ,
kateri_lynn;u said a black car right , ,
docman_818;yes , ,
kateri_lynn;what kinds of black car cuz its gona be dark time , ,
docman_818;and what we gonna do ? , , , do u like to talk cause im very shy , , , u ll see , ,
kateri_lynn;yeah , ,
docman_818;i ll park front of the house , ,
kateri_lynn;ok n then come in th side door off the drivewya ok , , , cuz thats where peopl we are xpecting to come over come in , ,
docman_818;first come out to se eu its u ok ? , ,
kateri_lynn;k , ,
docman_818;u live in the corner ? , ,
kateri_lynn;i live in a house , ,
docman_818;i know but the house is on the corner ? , , , sorry my english is bad , ,
kateri_lynn;yeah , ,
docman_818;ok , , , r u sure u want me over there ? , ,
kateri_lynn;yeah , ,
docman_818;why ? , , , , ,
kateri_lynn;so we can meat n stuff , ,
docman_818;ok , , , u dont think im too old to meet u ? , ,
kateri_lynn;i dont care bout that stuff , ,
docman_818;whY ? , ,
kateri_lynn;i like how ur nice to me , , , thats wht mattrs to me , ,
docman_818;i see , , , u so sweet , ,
kateri_lynn;u , , , brb i gotta pee , ,
docman_818;what is stuff for u ? , , , ok , , , make sure u clean her after . . . , , , ok ? , ,
kateri_lynn;yea i cleand up , , , lol , ,
docman_818;hehe , , , good girl , ,
kateri_lynn;:-* , ,
docman_818;and what u wana talk about ? , ,
kateri_lynn;everything , ,
docman_818;like ? , ,
kateri_lynn;ayb u can get in the hot tub for a little bit , ,
docman_818;i dont think so , , , im not taking my pants , ,
kateri_lynn;, ,
docman_818;no time for that , ,
kateri_lynn;ur gona come with no pants on ? ? ? ? ? ? , ,
docman_818;but i can talk to u when u inside , , , i mean no bath pants , , , swimm pants , ,
kateri_lynn;ohhhhhhh , , , whew , , , lol , ,
docman_818;ok , , , ill take a shower , ,
kateri_lynn;u gona at least hav sme cake with me , ,
docman_818;brb , , , yes , , , and everithing u want . . . , ,
kateri_lynn;u gona bring ur camera ? , ,
docman_818;u want me too ? , ,
kateri_lynn;u said u were gona take some new picz of me , ,
docman_818;ok , , , sure , , , what kind pic u want ? , ,
kateri_lynn;it dont mattr , ,
docman_818;really ? , , , i think u matter , ,
kateri_lynn;awww , , , i mean whtever ones u wana take , , , u seem to be the xpert at th em , ,
docman_818;not really , , , but its ok , ,
kateri_lynn;ok , ,
docman_818;and what r u doing now ? , ,
kateri_lynn;waitin til u get here , ,
docman_818;hmm , , , ok , , , brb , , , taking a shower , ,
kateri_lynn;ok , ,
docman_818;u tok already ? , ,
kateri_lynn;this mrning , ,
docman_818;i see ok , ,
kateri_lynn;how long wil it take u get get her , ,
docman_818;i dont know , , , prob i ll be there , ,
kateri_lynn;yeah , ,
docman_818;why ? , ,
kateri_lynn;im just coutin the minuts , , , silly , ,
docman_818;hehe , , , u silly , ,
kateri_lynn;u , ,
docman_818;maybe u dont like me evem , ,
kateri_lynn;i wuldnt tell u if I didnt , , , n i DO , , , so , ,
docman_818;hehehe , ,
kateri_lynn;, ,
docman_818;ok i have to wash myself , , , brb , ,
kateri_lynn;k , , , do a good job , ,
docman_818;im here , , , what u mean good job ? , ,
kateri_lynn;washin up , ,
docman_818;hehe , , , where ? , ,
kateri_lynn;everywher , ,
docman_818;r u busy ? , , , i did , ,
kateri_lynn;dont want to see u com over dirty , , , lol , ,
docman_818;u didnt help me . . , ,
kateri_lynn;well cuz ur not here , ,
docman_818;hehe , , , ok , ,
kateri_lynn;i cant if ur there and Imhere , , , duhhhhhhhhhhhh , ,
docman_818;so u gonna wait for me outside ? , ,
kateri_lynn;i can come out whn i see the car park , ,
docman_818;ok , ,
kateri_lynn;IF i see it , ,
docman_818;good idea , ,
kateri_lynn;black car in a black night . . , ,
docman_818;so see u soon than , ,
kateri_lynn;can u tell me what type it is , ,
docman_818;|where is the entrance , on *street*| ,
kateri_lynn;yeah , ,
docman_818;its a small car , , , ok , , , ur house the last one ? , ,
kateri_lynn;yup , ,
docman_818;ok , , , so i ll park at the end , , , ok ? , ,
kateri_lynn;ok , ,
docman_818;so watch me , , , i dont wana knock or something , ,
kateri_lynn;ill keep lookin out for ur , ,
docman_818;im shy . . . . . . , , , damn , ,
kateri_lynn;or u can just knock n come in , ,
docman_818;between and m , ,
kateri_lynn;ok , , , illkeep peekin out , ,
docman_818;im not knocking , , , hehe , ,
kateri_lynn;ok , , , lol , ,
docman_818;maybe i go a wrong place , ,
kateri_lynn;just waan walk on in> ? , , , oh yeah , , , lol , ,
docman_818;and a lady over there wana me . . . , ,
kateri_lynn;wana u ? , , , for what ? , ,
docman_818;yes , , , like want me to something u know , , , , ,
kateri_lynn;ohhhhhhhhhhhh , ,
docman_818;maybe she is horny . . . . , ,
kateri_lynn;yeh ive heard of her , , , mayb she is , , , she might kiss u or somthing , ,
docman_818;but she is old like . . . , , , so i dont want that , , , ohh yes , ,
kateri_lynn;i heard she was , , , almost , ,
docman_818;and i get blush , , , ohh , ,
kateri_lynn;she prob cant run tha fast then , ,
docman_818;ok i dont mind if she wana kiss me . . . , , , ok , ,
kateri_lynn;what typ of black car u got , , , so i can knwo its u , ,
docman_818;small , , , u cantse eit in the sark , , , dark , , , black small car , , , , ,
kateri_lynn;ok , ,
docman_818;see u soon , ,
kateri_lynn;byeeeeeeeee , , , mayb flash ur lights when u park ? , ,
