ID;msg
double_102000 ;hey
guurly_guurl_1993 ;asl
double_102000 ;where r u from in nj ? ? , same here , cnj monmouth co
guurly_guurl_1993 ;cool
double_102000 ;so what brings u into this room
guurly_guurl_1993 ;i'm bored off my ass , l lol
double_102000 ;dont u have work to do
guurly_guurl_1993 ;um , no , asl
double_102000 ;im old here old enough to be your daddy
guurly_guurl_1993 ;f nj , |um , my dad's older| , lol
double_102000 ;ok , lol
guurly_guurl_1993 ;so what's up
double_102000 ;not much
guurly_guurl_1993 ;sucks to be us
double_102000 ;why is that
guurly_guurl_1993 ;cos we're bored off our asses
double_102000 ;that is true
guurly_guurl_1993 ;so anyway
double_102000 ;yes how can i help u
guurly_guurl_1993 ;i dunno
double_102000 ;u have any pic
guurly_guurl_1993 ;yeah , in my profile
double_102000 ;any others
guurly_guurl_1993 ;nope , my camera broken
double_102000 ;give me a call
guurly_guurl_1993 ;okay , let me get my calling card
double_102000 ;ok
guurly_guurl_1993 ;|btw , i'm michelle|
double_102000 ;kevin , r u there , u have a good day
guurly_guurl_1993 ;i just found my card , hold on . i'm getting the phone , lol
double_102000 ;ok , <ding>
guurly_guurl_1993 ;i'm calling
double_102000 ;lol
guurly_guurl_1993 ;omg u're cute
double_102000 ;lol , so what town do u live in
guurly_guurl_1993 ;i live on the shore , u ?
double_102000 ;u not go na tell me
guurly_guurl_1993 ;i guess it depends on why ? , lol
double_102000 ;just cour ios
guurly_guurl_1993 ;ur cam locked up , lol
double_102000 ;the daughter i never had
guurly_guurl_1993 ;where r u ?
double_102000 ;now , middletown , and u , nothing to say
guurly_guurl_1993 ;no i got hit by bots , lol , i hate those things , all fake and shit
double_102000 ;i added u ok
guurly_guurl_1993 ;i'm like thirty miles from u
double_102000 ;cool , what r u doing in a /2 hr
guurly_guurl_1993 ;nothing
double_102000 ;soda bug er
guurly_guurl_1993 ;huh ?
double_102000 ;care to meet
guurly_guurl_1993 ;sure , could be cool , what do u want to do , ?
double_102000 ;yes i think so , u tell me i have no idea where u r but a /2 hr away
guurly_guurl_1993 ;well i'm not from here , so i don't know what's to do
double_102000 ;call me back
guurly_guurl_1993 ;hold on a sec , um , i called my dad to have him add minutes to my card , it's the one he gave me so i could call him and my friends back home , that way my mom won't bitch , lol , so it will take a minute
double_102000 ;ok
guurly_guurl_1993 ;so what do u want to do ? , |ur cam is sorta locking up my computer , can i close it ? | , <ding>
double_102000 ;sure
guurly_guurl_1993 ;sorry didnt' mean to buzz u , i hate that , lol
double_102000 ;np , so do u know what town
guurly_guurl_1993 ;yeah , lol
double_102000 ;ug on a tell me
guurly_guurl_1993 ;i do know where i live , yeah , r u gonna tell me what we're gonna do ?
double_102000 ;lol , nothing nothing at all talk came into my mind
guurly_guurl_1993 ;won't that be boring ? , like we can do that on here , lol
double_102000 ;u have something else on your mind , call , so what do u think
guurly_guurl_1993 ;well i just don't want to be bored . lol
double_102000 ;u wont be bored>
guurly_guurl_1993 ;how do u know ? , i mean u won't even say what we're going to do , lol
double_102000 ;trust me , ya buy u a soda starts , call me , and ill tell u , and where is it u live
guurly_guurl_1993 ;i'm still waiting for my dad to call me back , letting me know he added minutes
double_102000 ;do u want me to call u
guurly_guurl_1993 ;no
double_102000 ;ok
guurly_guurl_1993 ;cos then u're number will show up on my caller id , and that' sin my mom's room , and that could be ugly , lol
double_102000 ;ok , np
guurly_guurl_1993 ;i mean i don't think i want to tell her i was hanging out with hot guys while she was gone , she might never ever leave again
double_102000 ;so where is it that u live
guurly_guurl_1993 ;r u gonna stay for a while ?
double_102000 ;if u like
guurly_guurl_1993 ;that could be cool , did u just do that ?
double_102000 ;what happen
guurly_guurl_1993 ;or did i do it on accident
double_102000 ;yes
guurly_guurl_1993 ;oh whoops , lol , do u know where brick is ?
double_102000 ;yes , u decline
guurly_guurl_1993 ;dunno , is it the same as this ?
double_102000 ;yes
guurly_guurl_1993 ;when do u have to go back home ?
double_102000 ;by
guurly_guurl_1993 ;really ? , why ?
double_102000 ;have to pick up by wife
guurly_guurl_1993 ;thats not really even time to have dinner . :9
double_102000 ;we can meet the sake of meeting
guurly_guurl_1993 ;i guess we could just hang out here
double_102000 ;and who knows
guurly_guurl_1993 ;who knows what ?
double_102000 ;we can do it again if it clicks , call me
guurly_guurl_1993 ;do what ?
double_102000 ;call me , meet again , a longer time , and who knows
guurly_guurl_1993 ;well i'd sorta like to know , lol , so i knwo what to wear , lol
double_102000 ;mmmm mmmm mmm
guurly_guurl_1993 ;i think u're just messing with me
double_102000 ;skirt , no no
guurly_guurl_1993 ;then what do u want to do ?
double_102000 ;play with u , hold u kiss u , feel u
guurly_guurl_1993 ;kiss me where ?
double_102000 ;all over , call me , lets meet , times a wasting
guurly_guurl_1993 ;i like the idea of the kisses
double_102000 ;well , meet me , :- ? , u there
guurly_guurl_1993 ;calling
double_102000 ;ok , what happen
guurly_guurl_1993 ;i dunno i'll call back
double_102000 ;ok
guurly_guurl_1993 ;can we meet on the beach ? , i mean the corner makes me feel sort a weird , my house is right across the street from teh beach
double_102000 ;i need and address
guurly_guurl_1993 ;well duh
double_102000 ;so i can map quest it
guurly_guurl_1993 ;but r u gonna come to the beach ? , then we can just go back to my house , ccos no ones there
double_102000 ;ok fair enough
guurly_guurl_1993 ;and we're too new for anyone to know us , lol , so r we still gonna kiss and stuff ?
double_102000 ;the en give me your address , u bet
guurly_guurl_1993 ;good cos u're cute , but wont' cuddling and kissing get kinda of boring ?
double_102000 ;have u ever had a guy go down on u
guurly_guurl_1993 ;no , my bf never did , lol
double_102000 ;eat your pussy
guurly_guurl_1993 ;he never did , why ?
double_102000 ;would u like that
guurly_guurl_1993 ;could be cool , what do u want ?
double_102000 ;have u ever given head
guurly_guurl_1993 ;yes
double_102000 ;cool , so r u game
guurly_guurl_1993 ;well i don't want to play games , lol , what do u want ?
double_102000 ;your address
guurly_guurl_1993 ;lol , do u like that ?
double_102000 ;r u off from school now
guurly_guurl_1993 ;yeah
double_102000 ;do i like what
guurly_guurl_1993 ;i cut today , kevin daily: have u ever given head
double_102000 ;yessss ssss ssss sss
guurly_guurl_1993 ;is that what u want ?
double_102000 ;yessssssssssssssssss
guurly_guurl_1993 ;will u still do the other thing my bf wouldn't ?
double_102000 ;and what was that
guurly_guurl_1993 ;u asked if a guy has ever gone down on me
double_102000 ;yes yes yes , make u cum , a number of times
guurly_guurl_1993 ;so
double_102000 ;waiting u
guurly_guurl_1993 ;|my address , but u're meeting me at the beach right/| , removed , mantoloking
double_102000 ;zip code
guurly_guurl_1993 ;my house is right on the beach
double_102000 ;r u off tomorrow
guurly_guurl_1993 ;not supposed to be , i'll go take a shower , so i'm ready when u get here
double_102000 ;we can make a day of it , listern i can only stay a /2 hr
guurly_guurl_1993 ;well come to night , i know , it's cool , i'm good with that , i'll take care of u
double_102000 ;how do i get it touch
guurly_guurl_1993 ;what do u mean ?
double_102000 ;when i leave wher do i meet u , want to make it tomorrow
guurly_guurl_1993 ;no , come tonight and tomorrow , lol
double_102000 ;love your style
guurly_guurl_1993 ;so if u leave right now , u can stay for like minutes , so , go , lol
double_102000 ;it will take a good /2 hr and then i have to turn around
guurly_guurl_1993 ;okay , so meet me on the beach kay ?
double_102000 ;lets make it tomorrow , i stll have to look it up
guurly_guurl_1993 ;well hurry so u can come , i'm going to jump in the shower , so i'm nice and clean , have u left yet ?
double_102000 ;no
guurly_guurl_1993 ;well hurry , that way u can get back in time , lol
double_102000 ;ok going
guurly_guurl_1993 ;what kidn of car ? , so i know it's u ?
double_102000 ;where am i meet u at the beach , blue blazer
guurly_guurl_1993 ;there's a boardwalk right at the end of the street .
