ID;msg
dragonrage613 ;hey there
13 y.o. girl ;that sexyboy613 from teenspot right ?
dragonrage613 ;yep , damn you look so good
13 y.o. girl ;ur hot too , but ur not , its ok if ur older just dont lie
dragonrage613 ;I didn't think you would talk to me if you knew
13 y.o. girl ;how old r u
dragonrage613 ;( aha ! )
13 y.o. girl ;ya thats cool
dragonrage613 ;so what you want to talk about ?
13 y.o. girl ;idk
dragonrage613 ;u for real or just being shy ?
13 y.o. girl ;u dont care im ?
dragonrage613 ;nope
13 y.o. girl ;k , where u from
dragonrage613 ;MI you ?
13 y.o. girl ;ya but where
dragonrage613 ;|oh , Waterford| , you ?
13 y.o. girl ;near AA
dragonrage613 ;AA ?
13 y.o. girl ;ann arbor
dragonrage613 ;oh gotcha , so what do you like to do ?
13 y.o. girl ;hang out party movies music
dragonrage613 ;what kind of parties ?
13 y.o. girl ;l old a fun kind
dragonrage613 ;sex parties ?
13 y.o. girl ;lol i havnet done that
dragonrage613 ;|ok , lol , what do you mean by fun then ? |
13 y.o. girl ;um other stuff . . , lol
dragonrage613 ;come on tell me ! lol
13 y.o. girl ;we did some stuff that my mom wouldnt like , LOL
dragonrage613 ;come on gimme details
13 y.o. girl ;my ex liked weed
dragonrage613 ;so you smoked weed ?
13 y.o. girl ;ya
dragonrage613 ;that it ?
13 y.o. girl ;thats all i smoked ya
dragonrage613 ;no i mean is that all you did that your mom wouldn't like ? lol
13 y.o. girl ;noooo oooo oooo there was more
dragonrage613 ;like what ?
13 y.o. girl ;i said it was fun stuff
dragonrage613 ;|I know but come on you gotta tell me , lol|
13 y.o. girl ;i had some sh naps , and margarite a , s
dragonrage613 ;that's cool , so you were drinking and smoking pot , nothing wrong with that , I was doing that at , lol
13 y.o. girl ;ya ?
dragonrage613 ;hell yeah , |we were drinking , smoking , girls were taking their clothes off , blowing all the guys|
13 y.o. girl ;lol
dragonrage613 ;some were already having sex , were you getting naked and blowing your boyfriend ?
13 y.o. girl ;um no
dragonrage613 ;I was just asking , lol
13 y.o. girl ;well thats y we broke up , he was do in some skank , some ho he pickjed up there
dragonrage613 ;you wouldn't give it up to him ?
13 y.o. girl ;it was n that
dragonrage613 ;|oh , I was just curious| , I'm sorry , guys are dogs sometimes
13 y.o. girl ;it was like
dragonrage613 ;|I mean if I was younger or you were older and we were dating , shit I wouldn't fuckin cheat on a girl that looks as good as you|
13 y.o. girl ;ya ur cool , but jared turend out to b a asshole
dragonrage613 ;sorry to hear that
13 y.o. girl ;he was just imature u no ? ?
dragonrage613 ;yeah
13 y.o. girl ;haha that ho dumped him too
dragonrage613 ;lol that's funny as hell
13 y.o. girl ;ya , u got any more pix ?
dragonrage613 ;on myspace I do but I don't remember if my profile is private or not so you may have to add me
13 y.o. girl ;ok , whats ur addy , kk hold on
dragonrage613 ;alright
13 y.o. girl ;ya its private , whats ur email , or name
dragonrage613 ;dragonrage613 . com
13 y.o. girl ;ok im *Decoy* , but dont call me that , call me *Decoy*
dragonrage613 ;*Decoy* , I know , lol
13 y.o. girl ;kk , *Decoy* a gay name but thats who i am
dragonrage613 ;I approved your request , *Decoy* ? , is that your last name or something ?
13 y.o. girl ;ya , its german
dragonrage613 ;I see , |sorry for your luck on that one , lol| , jk
13 y.o. girl ;haha , that u singing ? , haha
dragonrage613 ;in a pic ?
13 y.o. girl ;j/k
dragonrage613 ;I thought I took that off there , lol
13 y.o. girl ;dianes ur gf ?
dragonrage613 ;no , she's just a friend , I've known her for a long time
13 y.o. girl ;ok , o snap u wrestle ? ?
dragonrage613 ;yes I do
13 y.o. girl ;"omg ur abs , lol , "">"
dragonrage613 ;what ?
13 y.o. girl ;i c them , lol , thats bad to say huh
dragonrage613 ;you like ?
13 y.o. girl ;ya
dragonrage613 ;lol , thank you
13 y.o. girl ;lol , that ur dog , ?
dragonrage613 ;blondie ? , yeah her name is Nala
13 y.o. girl ;awww shes cute
dragonrage613 ;|thanks , she's getting old| , she's gonna be this year
13 y.o. girl ;aw , u got mad tatts , me like e , lol
dragonrage613 ;hahaha
13 y.o. girl ;"u looking at mine ? , ;"
dragonrage613 ;I've seen yours
13 y.o. girl ;ooooh lol ok
dragonrage613 ;you don't have many
13 y.o. girl ;ya , i dont rem me br what i have on ms , i mite have some more
dragonrage613 ;you got some sexy ones where I can see your body ? lol , after all you've seen mine
13 y.o. girl ;not relly , lemme look , me and ashley , us again , haha my bro said that looks liek scissor z
dragonrage613 ;|kinda does , lol|
13 y.o. girl ;ash n me , is this in myspace , i think so , u still there>
dragonrage613 ;yep
13 y.o. girl ;ok i got no butt lol
dragonrage613 ;|I can't really see too good , it's all pixilated|
13 y.o. girl ;huh , umean blox ?
dragonrage613 ;yeah
13 y.o. girl ;o sorry , u cant any ?
dragonrage613 ;can you try to send them as attachments in an e-mail ?
13 y.o. girl ;ya i guess , what addy
dragonrage613 ;dragonrage613 . com
13 y.o. girl ;k , now ?
dragonrage613 ;sure
13 y.o. girl ;kk hold on
dragonrage613 ;k
13 y.o. girl ;ok i snet them , sent , u get them ?
dragonrage613 ;lemme check , |damn , you are a sexy thing| , lol
13 y.o. girl ;""">"
dragonrage613 ;|you say you ain't got no butt , looks sexy to me , I wouldn't mind seeing that in a thong or a g string| , haha
13 y.o. girl ;haha u wish , my uncle says he s surprised in dont down when is it , cuz i dont have any butt
dragonrage613 ;lol
13 y.o. girl ;so what u do for fun
dragonrage613 ;|wrestle , practice w my band , write poetry and song lyrics , play video games , basic guy stuff , lol|
13 y.o. girl ;u write poetry ? ? wow
dragonrage613 ;I've actually submitted work of mine to poetry . com and been nominated for a couple awards
13 y.o. girl ;o damn
dragonrage613 ;some of them are in my blog if you d like to read them some time
13 y.o. girl ;kk lemme look
dragonrage613 ;my favorite on there is probably Sacred Seduction
13 y.o. girl ;wow is that about ur gf ?
dragonrage613 ;|at the time yes , she's an ex gf now|
13 y.o. girl ;why did u break up
dragonrage613 ;she left me
13 y.o. girl ;o thats so sad ! !
dragonrage613 ;decided she would rather be with a girl
13 y.o. girl ;OMG , ur kidding
dragonrage613 ;no I'm not , I knew she was bi but she loved to fuck which is why I was shocked and heartbroken when she left me
13 y.o. girl ;omg thats so sad , and wrong , was that cat ? , or brittney or christine ? , lol ya im readinrg ur blog
dragonrage613 ;Brittney
13 y.o. girl ;wow , she really must have messed u up , u dont deserve that
dragonrage613 ;|she used to be real pretty , now she's all fucked up and with some other guy now|
13 y.o. girl ;omg a guy ? ? ? , wtf
dragonrage613 ;yeah I know
13 y.o. girl ;well then she was lying to u , prolly hc eat in too , cheating
dragonrage613 ;yeah I know for a fact she was
13 y.o. girl ;o dang
dragonrage613 ;yeah
13 y.o. girl ;dang , i hope u didnt let that get to u to much
dragonrage613 ;I blew up his car
13 y.o. girl ;omg LOL , r u kidding ? ? ?
dragonrage613 ;|so yeah , it didn't get to me at all| , |no I'm not kidding , lol|
13 y.o. girl ;howd u do that , ur not gonna tell me ? ? , tht as ok
dragonrage613 ;|i put a rag in his gas tank and lit it ( He's a keeper , huh ? ) |
13 y.o. girl ;o snap
dragonrage613 ;the old fashioned way , lol
13 y.o. girl ;did anyone catch u ?
dragonrage613 ;nope
13 y.o. girl ;dang , u crack me up , when did this happen
dragonrage613 ;about a year ago now
13 y.o. girl ;dang , so u dont have agf now ?
dragonrage613 ;nope
13 y.o. girl ;can i ask u somthin
dragonrage613 ;sure
13 y.o. girl ;in ur blog , the last one , was that when that happened ? , ok sorry i shoul ndt have asked
dragonrage613 ;which blog ? the Goodbye one ?
13 y.o. girl ;ya , o my bad sorry
dragonrage613 ;no it's okay , i guess i just dont understand what your e asking
13 y.o. girl ;that one sounds like u were having a rough time , was it b/c of her ?
dragonrage613 ;yeah
13 y.o. girl ;i hope u no shes no good right
dragonrage613 ;yeah I know
13 y.o. girl ;r u sad right now ? , i shouldnt have asked my bad
dragonrage613 ;no I'm not sad , I'm over it
13 y.o. girl ;u mad at me ?
dragonrage613 ;no , why would I be ?
13 y.o. girl ;idk ur not talking , guess ur busy
dragonrage613 ;|I'm talking to a couple friends , that's all|
13 y.o. girl ;oh sorry
dragonrage613 ;|no it's okay , I wanna keep talking to you |
13 y.o. girl ;ok , u got any other tatts ? , besides whats in ur ms ?
dragonrage613 ;nope , getting more soon though
13 y.o. girl ;u go to school or u got a job ?
dragonrage613 ;I'm looking for a job right now
13 y.o. girl ;cool , ur tight with ur bros huh
dragonrage613 ;yeah
13 y.o. girl ;i saw in uhr blog , ur got sisters ?
dragonrage613 ;nope , really I'm an only child
13 y.o. girl ;huh
dragonrage613 ;I just have friends who are like brothers to me
13 y.o. girl ;oooh ok lol , i looked at ur videos , that really hurt when they do that ?
dragonrage613 ;hell yeah
13 y.o. girl ;lol , then y dod u do it , *do
dragonrage613 ;it's fun , really it only hurts when you get hit with stuff or when somebody bigger than me lands on me
13 y.o. girl ;haha it only hurts , hey i g to g , ur names gary right ?
dragonrage613 ;yeah , why you gotta leave ?
13 y.o. girl ;ur busy
dragonrage613 ;|I'm still talking to you , I still want to talk to you| , you don't have to go
13 y.o. girl ;well u gotta talk then
dragonrage613 ;what u wanna talk about ?
13 y.o. girl ;idk
dragonrage613 ;lol
13 y.o. girl ;u gonnna b on later ?
dragonrage613 ;yeah why ?
13 y.o. girl ;ttyl ?
dragonrage613 ;u run out of things to talk about ?
13 y.o. girl ;ya so did u , lol
dragonrage613 ;I don't really know what to ask you , lol
13 y.o. girl ;haha , whats ur fav color ? , like that ?
dragonrage613 ;white or blue , lol , what's yours ?
13 y.o. girl ;lime green
dragonrage613 ;nice
13 y.o. girl ;fav food , ?
dragonrage613 ;|homemade hamburgers , you ? |
13 y.o. girl ;schnitzel , my mom makes mmmm mmmm mmmm mmmm , fav movie
dragonrage613 ;too many lol
13 y.o. girl ;lol ok
dragonrage613 ;yours ?
13 y.o. girl ;right now . . . . . . definitely maybe
dragonrage613 ;nice
13 y.o. girl ;u c it ?
dragonrage613 ;no I didn't
13 y.o. girl ;well im a go
dragonrage613 ;ok , if you really want to
13 y.o. girl ;well , ill ttyl , later gater
dragonrage613 ;why you leaving ? you got something to do ?
13 y.o. girl ;my moms bugging me about the dishwasher , i have to empty it
dragonrage613 ;|alright , well get back on later if you can|
13 y.o. girl ;bla bla bla , ya ok
dragonrage613 ;for sure ?
13 y.o. girl ;ya
dragonrage613 ;ok cool , ttyl then
13 y.o. girl ;:-h , :-h , :-h
dragonrage613 ;:-h
13 y.o. girl ;:-h
dragonrage613 ;hey
13 y.o. girl ;hi
dragonrage613 ;how are you ?
13 y.o. girl ;ur comp fixed ?
dragonrage613 ;nope , I'm on my dad's
13 y.o. girl ;whewre r u
dragonrage613 ;my dads house
13 y.o. girl ;o sorry lol
dragonrage613 ;thats okay , howve you been ?
13 y.o. girl ;k , bored , hungry lol
dragonrage613 ;lol , take any new pictures lately ?
13 y.o. girl ;um idk , when did i show u pix
dragonrage613 ;|last time I was on , lol|
13 y.o. girl ;i NO but when was that
dragonrage613 ;a couple weeks ago
13 y.o. girl ;idk then , u c these ?
dragonrage613 ;I have now , lol , they still come up all pixilated though
13 y.o. girl ;huh
dragonrage613 ;box ey , little boxes
13 y.o. girl ;o sorry
dragonrage613 ;that's okay , so what've you been up to lately ?
13 y.o. girl ;we had a half day today
dragonrage613 ;that's cool , what'd you do for the other half ?
13 y.o. girl ;parent conferences , oh nuthin , i went to ashleys for wa wile
dragonrage613 ;have sex and do drugs or what ? lol
13 y.o. girl ;haha no its been mad boring
dragonrage613 ;that sucks
13 y.o. girl ;ya no fun
dragonrage613 ;if I was there we'd have some fun
13 y.o. girl ;o ya ? ?
dragonrage613 ;hell yeah
13 y.o. girl ;im ready that
dragonrage613 ;ok , what u wanna do ?
13 y.o. girl ;idk
dragonrage613 ;lol
13 y.o. girl ;whatta wanna start with
dragonrage613 ;anything really , I just go with it
13 y.o. girl ;well , name something and ill say yes or no LOL
dragonrage613 ;drinking ?
13 y.o. girl ;omg , rlz ? , where
dragonrage613 ;anywhere , I've got buyers
13 y.o. girl ;cool , i was gonna say cuz i cant go to a bar , lol
dragonrage613 ;I know neither can I lol
13 y.o. girl ;ya but u prolly look , i dont
dragonrage613 ;|lol , ok , u come up with something now|
13 y.o. girl ;pizza , or chinese lol
dragonrage613 ;|pizza , no chinese for me| , lol
13 y.o. girl ;kk , what kind
dragonrage613 ;any kind
13 y.o. girl ;no anchovies ok ?
dragonrage613 ;ewww , lol
13 y.o. girl ;or pine appel , thats just wrong
dragonrage613 ;what do you like on your pizza ?
13 y.o. girl ;my mom loves pineapple , good thing shes not here HAHA , i likes a usga eda best , oir pepperoni
dragonrage613 ;sounds good to me
13 y.o. girl ;kk
dragonrage613 ;|so , we'll get drunk , eat pizza , then what ? |
13 y.o. girl ;whatever , im so ready for fun
dragonrage613 ;"what do you mean by \""whatever\"" ?"
13 y.o. girl ;well nothing dangerous , like , with weapons , guys always wanna drink then get out an if e or something , a gun , sheesh
dragonrage613 ;|ok , so nothing dangerous , what do you want to do ? |
13 y.o. girl ;party
dragonrage613 ;dance ?
13 y.o. girl ;hellz ya , no blowing up cars ok ?
dragonrage613 ;what about pole dance ?
13 y.o. girl ;i dont have a pole to dance on lol
dragonrage613 ;|ok , what about striptease ? |
13 y.o. girl ;u or me
dragonrage613 ;u
13 y.o. girl ;o dang , rlz ? , lol
dragonrage613 ;yeah ! why not ? lol
13 y.o. girl ;well , u gonna take a turn too ?
dragonrage613 ;u take off something I'll take off something
13 y.o. girl ;ooooh
dragonrage613 ;deal ?
13 y.o. girl ;sui re
dragonrage613 ;|ok , what would you take off first ? |
13 y.o. girl ;idk , what u want first ?
dragonrage613 ;shirt
13 y.o. girl ;k and u ?
dragonrage613 ;|I'll match you , my shirt|
13 y.o. girl ;kk lol
dragonrage613 ;what's next ?
13 y.o. girl ;u pick
dragonrage613 ;pants
13 y.o. girl ;k , and u too ?
dragonrage613 ;yep
13 y.o. girl ;then ?
dragonrage613 ;take a break and make out for a minute ?
13 y.o. girl ;"only , if ur , a good kisser , ;"
dragonrage613 ;I am VERY good
13 y.o. girl ;kk
dragonrage613 ;then your bra ?
13 y.o. girl ;me to , ok , theres not much there
dragonrage613 ;I still wanna see
13 y.o. girl ;k
dragonrage613 ;then I'll take off my tank top
13 y.o. girl ;i hope u dont wear a bra , lol kk
dragonrage613 ;what kind of undies you wear ?
13 y.o. girl ;depends , i got bikinis and thongs
dragonrage613 ;thong ?
13 y.o. girl ;k , u ?
dragonrage613 ;boxers
13 y.o. girl ;lol , ok
dragonrage613 ;take em off ?
13 y.o. girl ;urs or mine ?
dragonrage613 ;urs
13 y.o. girl ;k , and u to ?
dragonrage613 ;yep , |well , we'd be naked , then what ? |
13 y.o. girl ;up to u
dragonrage613 ;run my hands all over your body ?
13 y.o. girl ;u wanna ?
dragonrage613 ;if you ll let me
13 y.o. girl ;ya
dragonrage613 ;let me suck on your tits ?
13 y.o. girl ;um , u got a beard ?
dragonrage613 ;nope
13 y.o. girl ;kk
dragonrage613 ;that a yes ? , ?
13 y.o. girl ;sure , ya
dragonrage613 ;what would you want to do to me ?
13 y.o. girl ;what do u like best
dragonrage613 ;sex
13 y.o. girl ;lol well DUH
dragonrage613 ;lol
13 y.o. girl ;what way
dragonrage613 ;doggy style
13 y.o. girl ;u wanna do that with me ?
dragonrage613 ;if you ll let me
13 y.o. girl ;if i do ?
dragonrage613 ;you wanna do that ?
13 y.o. girl ;thats cool if u wanna , thats ur fav ?
dragonrage613 ;it doesn't matter what position
13 y.o. girl ;kk
dragonrage613 ;|hmmm , so when are we gonna do this ? |
13 y.o. girl ;its got to be when my moms gone
dragonrage613 ;when is she gonna be gone ?
13 y.o. girl ;actually , shes left this afternoon , to go to my gram z house
dragonrage613 ;when will she be back ?
13 y.o. girl ;sunday afternoon
dragonrage613 ;so you're by yourself all weekend ?
13 y.o. girl ;gram z lives in pittsburg , ya , i sued to stay with my dad , but he moved out , *used to , in dec , my gram z had a tia
dragonrage613 ;so you're gonna have the house to yourself until sunday ?
13 y.o. girl ;like a stroke , yesterday , ya til sunday , my mom trusts me LOL
dragonrage613 ;when do you want me over there ?
13 y.o. girl ;o dang , u really wanna come over ?
dragonrage613 ;hell yeah
13 y.o. girl ;ur not playin me ?
dragonrage613 ;|ur makin me want you and u got the perfect setup with ma being gone , hell yeah I wanna come over|
13 y.o. girl ;kk , can i ask u something
dragonrage613 ;sure
13 y.o. girl ;u wont be oh like noelys so lame ok ? , dont be judging , ok ?
dragonrage613 ;why would I ?
13 y.o. girl ;idk
dragonrage613 ;I wouldn't , do worry okay ? , don't , *
13 y.o. girl ;k
dragonrage613 ;|now , where do you live ? |
13 y.o. girl ;um i never did it doggy , u think im lame ?
dragonrage613 ;i dont think your e lame
13 y.o. girl ;u really wanna do that with me anyway ?
dragonrage613 ;I can teach you what you don't know , yes I do
13 y.o. girl ;i dont want u to think im stupid , cuz i only did it one way so far , with my ex , hey hold on
dragonrage613 ;|ur not stupid , but I need to know where you live|
13 y.o. girl ;br bf one
dragonrage613 ;k
13 y.o. girl ;its my mom hold on
dragonrage613 ;k
13 y.o. girl ;|8-|| sorry shes talking a lot hold on|
dragonrage613 ;|well , talk to me on here while you're on the phone , lol|
13 y.o. girl ;ok back , she gave me more t suff to do
dragonrage613 ;lol
13 y.o. girl ;more stuff
dragonrage613 ;so where do you live ?
13 y.o. girl ;ok , *street address* , *town* , where r u now
dragonrage613 ;waterford
13 y.o. girl ;k , how long u think itll b ?
dragonrage613 ;i don't know , I need your whole address though so I can directions online
13 y.o. girl ;kk , mi
dragonrage613 ;|number , street , city , state , zip|
13 y.o. girl ;i gave it to u , *full address* , u there ?
dragonrage613 ;yeah I'm here
13 y.o. girl ;k
dragonrage613 ;|I'm reading these directions , hold on|
13 y.o. girl ;k , ima go pee , brb lol
dragonrage613 ;k
13 y.o. girl ;back
dragonrage613 ;ok , |Alright , I'm gonna print these out and I'll be over as soon as possible okay ? |
13 y.o. girl ;kk , like what a hour ?
dragonrage613 ;you gonna be wearing something sexy for me when I get there ?
13 y.o. girl ;ur bringing pizza , ? , lol
dragonrage613 ;|I'm bringing condoms , lol|
13 y.o. girl ;lol k , u no what exit off ?
dragonrage613 ;|I'm not going that way , I don't like express ways|
13 y.o. girl ;oh ok
dragonrage613 ;you gonna wear something sexy for me when I show up ?
13 y.o. girl ;ya , what like a skirt ?
dragonrage613 ;short one ?
13 y.o. girl ;k , whats ur car ?
dragonrage613 ;nice little thong ? , ford ranger
13 y.o. girl ;what color
dragonrage613 ;purple
13 y.o. girl ;omg lol rlz
dragonrage613 ;|yeah , not by choice|
13 y.o. girl ;lol ok , u got a cell ?
dragonrage613 ;-672-4533
13 y.o. girl ;k
dragonrage613 ;what's ur number ?
13 y.o. girl ;-- , ima go shower and stuff , ok ?
dragonrage613 ;k
13 y.o. girl ;cya soon , :-*
