ID;msg
dveightus ;|Hey ! It's me--dv8 from myspace ! ! I just figured out your messenger thingie on your profile . Duh *slaps forehead* heehee . Add me , ok ? Please ? ? This man is really persistent and desperate to molest a child . ) | , , , , , , Hey sexy , , , , , ,
ima_beangirl2 ;hey ! , , , , , ,
dveightus ;HI ! ! ! :-* , , , , , , , You got a hold of me ! ! ! ! , , , , , , , yayyy< , , , , , ,
ima_beangirl2 ;yea ! ! ! , , , , , , , lolz , , , , , ,
dveightus ;How ya doin Beanie ( heehee I LOVE your name ! ) , , , , , ,
ima_beangirl2 ;im good u , , , , , ,
dveightus ;Happy now ! :x , , , , , ,
ima_beangirl2 ;kewl ! , , , , , , , so ur in oregon ? ? , , , , , ,
dveightus ;Yep . On the windy coast , , , , , , , which is why I'm a blowhard , , , , , ,
ima_beangirl2 ;lol , , , , , ,
dveightus ;, , , , , ,
ima_beangirl2 ;ur funny , , , , , ,
dveightus ;You make me feel goofy -} , , , , , ,
ima_beangirl2 ;u dont care im ? ? , , , , , ,
dveightus ;|not if u don't care that I'm48 ( Ahh , try . ) | , , , , ,
ima_beangirl2 ;i dont , , , , , , , , , , , , ,
dveightus ;|Anyway , we're just TALKING ! ! I don't think our lovely government has outlawed THAT yet ! ! ! ( Paranoid , are we ? ) | , , , ,
ima_beangirl2 ;lol , , , , , ,
dveightus ;|So I LOVE yourpics ! ! Especially the one I commented on where you look professionally made up . Are u a model ? ? ( Groom much , Mr . Fried ? ) | , , , , ,
ima_beangirl2 ;no , , , , , , , i wish , , , , , ,
dveightus ;|Well , you don't have to wish too hard . You're in the right place , and you look GORGEOUS ! ! ! ! ! | , , , ,
ima_beangirl2 ;, , , , , ,
dveightus ;"So I thought it was trippy that you're in Laguna Beach cause I bought my dad a condo in \""Leisure World\"" right up El Toro from Laguna Canyon , , , , , , , is that near you ? , , , , , ,"
ima_beangirl2 ;yea , , , , , ,
dveightus ;"really ? Like close by for real or \""L . A . close\"" which could be MILES , , , , , , , lol some girl one time told me she was \""right next to there\"" and she was in SAN BERNADINO , , , , , , , heehee , , , , , , , hello ? ? ? , , , , , ,"
ima_beangirl2 ;sorry my dog wantedout , , , , , ,
dveightus ;heehee yeah I gotta take my guys out for a walk soon , , , , , ,
ima_beangirl2 ;i live off el toro , , , , , ,
dveightus ;"WOW ! ! ! That is close , , , , , , , it's fate ( cue \""twilight zone\"" music ) doo doo dee doo , , , , , ,"
ima_beangirl2 ;lol , , , , , ,
dveightus ;so do you know Angel ? , , , , , , , personally or just myspace ? , , , , , ,
ima_beangirl2 ;just myspace , , , , , ,
dveightus ;|well , what a fine group of young ladies you have there in Laguna Beach heehee| , , , , ,
ima_beangirl2 ;lol i gues yea , , , , , ,
dveightus ;I just pulled up that pic--how cum your lips are so wet ? , , , , , ,
ima_beangirl2 ;lip gloss i luv it ! ! ! , , , , , ,
dveightus ;|well , it's REALLY sexy . and HOT ( whew ! ) | , , , , ,
ima_beangirl2 ;realz ? ? , , , , , ,
dveightus ;I'm sweatin , , , , , ,
ima_beangirl2 ;i got a kinds of lip glozz , , , , , ,
dveightus ;~ and drooling , , , , , ,
ima_beangirl2 ;"""> , , , , , ,"
dveightus ;oops bad me > , , , , , ,
ima_beangirl2 ;lol , , , , , ,
dveightus ;mmmm do you have flavored lip gloss ? , , , , , ,
ima_beangirl2 ;yea , , , , , ,
dveightus ;I bet the boyz luv it ! ! ! , , , , , ,
ima_beangirl2 ;bubble bum strawbery , , , , , , , grape , , , , , ,
dveightus ;oooh i wanna taste , , , , , ,
ima_beangirl2 ;realz ? ? , , , , , ,
dveightus ;well yes , , , , , ,
ima_beangirl2 ;kewl , , , , , ,
dveightus ;"""> , , , , , , , is that ok ? ? , , , , , ,"
ima_beangirl2 ;yea , , , , , ,
dveightus ;wow ! ! :-* , , , , , , , you're really cool ! ! , , , , , , , would yer boyfriend be mad ? , , , , , ,
ima_beangirl2 ;i dont have , , , , , ,
dveightus ;you don't ? ? what . all the guyz in Laguna are GAY ? ? ? ? , , , , , ,
ima_beangirl2 ;lol , , , , , , , they must b , , , , , ,
dveightus ;They ARE or else they'd be all over you heehee so what flavor ya wearin today ? ? , , , , , ,
ima_beangirl2 ;grape , , , , , ,
dveightus ;oh oh oh ! ! ! I want some ! ! ! You're teasing me on purpose , , , , , ,
ima_beangirl2 ;no im not lol , , , , , ,
dveightus ;|I oughta put you over my knee and *spank* ya ! ! ( Ah , how freaking charming . ) | , , , , , , ( but not too hard ) , , , , , , , then I'd give you a BIG hug nnnngh ! , , , , , , , yoo hoo , , , , , , , | ? ? still there ? what , the dog came back in ? ? ? | , , , , , , |ok ok I wouldn't spank you , I was just goofin | , , , , , , shit ! I'm at work and I've got a meeting . people just showed up . Say something ! ! ! ! , , , , , , , , , , , , , , come baaaaaaaack , , , , , , , beanie ? ? ? , , , , , , , my little bean has been refried and gone away , , , , , , , I gotsta go--I'll try back later --bye:-* , , , , , ,
ima_beangirl2 ;there ? , , , , , ,
dveightus ;|I wuz , but I had go . What happened to you ? | , , , , ,
ima_beangirl2 ;ey , , , , , ,
dveightus ;| OK I had to go again . My computer's at the office , so I'm in and out a lot . I'll try again tomorrow . Sorry *boo*hoo* You're really sweet :-*| , , , , , , unless you're still on now ? , , , , , , , bye :x , , , , , ,
ima_beangirl2 ;ey , , , , , ,
dveightus ;Hey you ! ! ! , , , , , , , :-* , , , , , , , where'd you go yesterday ? ? You disappeared right in the middle of a sentence lol ! ! ! , , , , , ,
ima_beangirl2 ;got booted , , , , , , , owwy , , , , , ,
dveightus ;|ohhh , I hate it when that happens . did it hurt ? | , , , , ,
ima_beangirl2 ;olz no , , , , , ,
dveightus ;I'll kiss it and make it all better , , , , , ,
ima_beangirl2 ;D , , , , , ,
dveightus ;:-*muah , , , , , , , booted in the booty ? , , , , , , , heehheee , , , , , ,
ima_beangirl2 ;olz , , , , , ,
dveightus ;so . . . what flavor are u today ? , , , , , , , yesterday was grape , , , , , ,
ima_beangirl2 ;trawberry , , , , , ,
dveightus ;STOP ! ! ! That's my fav , , , , , , , strawberry lips mmmmmmmmm , , , , , ,
ima_beangirl2 ;o way ! ! ! , , , , , ,
dveightus ;would you let me have a juicy taste ? ? ? , , , , , ,
ima_beangirl2 ;ure , , , , , ,
dveightus ;no way sure ? , , , , , , , hi\uh ? , , , , , , , huh , , , , , ,
ima_beangirl2 ;like wear lip glozz ? , , , , , ,
dveightus ;|uhhh . . . . . . . hmmmm haven't really tried it , but I will if you like it ! ! ! ! | , , , , , , I like to taste it ! ! ! ! , , , , , ,
ima_beangirl2 ;k kewlz , , , , , ,
dveightus ;|I just like the way it makes you look in that pic , like a professional model or something . All moist and sexy| , , , , ,
ima_beangirl2 ;, , , , , ,
dveightus ;heehee so . . do you know guys that wear lip gloss ? , , , , , , , maybe I SHOULD ? ? ? , , , , , ,
ima_beangirl2 ;ea , , , , , , , hey r ghey ! ! ! , , , , , ,
dveightus ;would you taste MINE ? ? ? , , , , , ,
ima_beangirl2 ;ure , , , , , ,
dveightus ;mmmmmm that'd be kewl ! ! , , , , , , , would you sit in my lap & give me a kiss so I could taste your strawberry lips ? ? , , , , , ,
ima_beangirl2 ;ure , , , , , ,
dveightus ;"""> gulp really ? ? ? , , , , , ,"
ima_beangirl2 ;ea , , , , , ,
dveightus ;geez you are hot , , , , , ,
ima_beangirl2 ;ww ty , , , , , ,
dveightus ;soooo . . . now that you're in my lap . . . . what else could I do ? ? ? ? , , , , , , , :x how bout a hug ? ? , , , , , ,
ima_beangirl2 ;duno , , , , , , , olz , , , , , , , k , , , , , ,
dveightus ;ohhhh you drive me NUTZ -} ! ! ! , , , , , ,
ima_beangirl2 ;realz ? ? , , , , , ,
dveightus ;ABSOLUTE REALZZZ--~ but then I'd wanna kiss your neck . . . . . . . , , , , , ,
ima_beangirl2 ;, , , , , ,
dveightus ;do u like that ? , , , , , ,
ima_beangirl2 ;ea , , , , , ,
dveightus ;heehee is that a no ? , , , , , , , |yea that's a no , or yea you like that ? | , , , , ,
ima_beangirl2 ;like it , , , , , ,
dveightus ;|oh damn ! ! ! OK so lets play a make v\believe game , ok ? First you blindfold me| , , , , , , so I can't see you , , , , , , , I'm helpless , , , , , , , you take my hand , , , , , , , where would you put it ? , , , , , ,
ima_beangirl2 ;n my face , , , , , ,
dveightus ;mmmmm I like that ! ! ! , , , , , , , so I could stroke your cheek , , , , , ,
ima_beangirl2 ;, , , , , ,
dveightus ;and touch your wet lips , , , , , , , I bet they're REALLY soft ! ! ! ! ! , , , , , ,
ima_beangirl2 ;ea , , , , , ,
dveightus ;yea ? ? ? ? ? Ohhhhh gosh , , , , , , , so then what ? you're in complete control . , , , , , , , here's my finger touching your lips , , , , , ,
ima_beangirl2 ;duno , , , , , ,
dveightus ;remember I'm blindfolded so I can't see you so you have to move my hand for me , , , , , , , how about if I stroked your hair ? ? , , , , , ,
ima_beangirl2 ;k , , , , , ,
dveightus ;|mmmmmmm i bet it smells sweet , too , Just like you and your strawberries lol ! ! ! | , , , ,
ima_beangirl2 ;olz yea , , , , , , , like smell good , , , , , ,
dveightus ;|I figured you did , with the fruity lip stuff and all| , , , , , , i bet your hair smells like flowers , , , , , , , |I'd just caress it with the very tips of my fingers . . . down to your neck , then back up again| , , , , ,
ima_beangirl2 ;, , , , , ,
dveightus ;god you're cute ! so in that pic you have on a low cut blouse or just a bra ? I see astrap . . , , , , , ,
ima_beangirl2 ;nak top , , , , , ,
dveightus ;hmmmmm nice ! ! You have the right top for a tank top ! ! ! , , , , , ,
ima_beangirl2 ;l , , , , , ,
dveightus ;It makes me wanna nibble right at the base of your beautiful throat . . , , , , , , , you sure have perfect skin ! ! ! ! , , , , , ,
ima_beangirl2 ;w ty ty , , , , , ,
dveightus ;"OK I think you better get off my lap now or . . . . . things'll start to happen ! ! ! ! ""> , , , , , ,"
ima_beangirl2 ;k , , , , , ,
dveightus ;*phew* wow . , , , , , , , >< , , , , , , , you make me feel good ! ! ! ! , , , , , , , You really are a nice girl to talk to me and stuff . Most girls as hot and pretty as you are all stuck up and stuff , , , , , ,
ima_beangirl2 ;realz ? ? , , , , , ,
dveightus ;"|yeah , you try and talk , and they get all snotty and like get all \""fuck off\"" and everything| , , , ,"
ima_beangirl2 ;amb , , , , , ,
dveightus ;"|hey , it's HARD out here on the internet lol ! ! ! | , , , , , , |My favorite is girls who show off their mostly naked body , then when you tell them you like it , they're all like \""ewwww , gross ! ! You dirty old man ! ! \"" and I'm like \""well , damn , YOU'RE the one showin your tits , I just said they were nice\"" weird . I don't get it ! |"
ima_beangirl2 ;ea thats crazy , , , , , ,
dveightus ;it's a big ol goofy world , , , , , , , heehee , , , , , ,
ima_beangirl2 ;olz , , , , , ,
dveightus ;uh oh ! ! It's :30 and I gotta go to the bank so I can pay my guys . They get all bitchy if their checks bounce lol ! ! ! , , , , , ,
ima_beangirl2 ;k , , , , , ,
dveightus ;|so , I leave the 'puter on but sometimes I'm gone so if you IM me and I don't cum right back , it doesn't mean I'm ignoring you ( I'd NEVER do that ! ! ! ) it just means i'm not here . Plus I gotta take my old dogies out to the park . | , , , ,
ima_beangirl2 ;k , , , , , , , ave fun , , , , , ,
dveightus ;wanna see their pic ? , , , , , ,
ima_beangirl2 ;k , , , , , ,
dveightus ;| ? ? ? it won't let me send a file . I'll email em , ok ? | , , , , ,
ima_beangirl2 ;k , , , , , ,
dveightus ;"or--can u see the pic on my \""image\"" over on the right>>>>>>>> , , , , , ,"
ima_beangirl2 ;o , , , , , , , ( , , , , , ,
dveightus ;do you have a head and shoulders icon at the end of your messenger ? ? ? just click on it , , , , , ,
ima_beangirl2 ;mg , , , , , , , hats not dogs , , , , , ,
dveightus ;|heee I thought you'd SEEN that ! ! No , it's NOT dogs , hang on| , , , , , |there , hows that ? | , , , , ,
ima_beangirl2 ;ewl , , , , , ,
dveightus ;|here , I got another one| , , , , , , he's a old old man doggie , , , , , , , his name's Dylan , , , , , ,
ima_beangirl2 ;ww , , , , , ,
dveightus ;|this is my fat girl Lucky . you can't really tell cause she's far awauy , but she's shar-pei and shepherd mix| , , , , ,
ima_beangirl2 ;ewl , , , , , ,
dveightus ;"you should put YOUR pic up there on yours . just click it and click \""browse\"" and put in a pic , , , , , ,"
ima_beangirl2 ;k , , , , , ,
dveightus ;OH YEAH ! ! ! ! ! :x:x:x , , , , , , , goddam girl ! ! you're like this MOVIE STAR or something ! ! ! , , , , , ,
ima_beangirl2 ;mg no way , , , , , ,
dveightus ;that is a great shot ! ! ! ! , , , , , , , omg yes way ! ! ! , , , , , , , WAYYY way ! ! ! ! , , , , , ,
ima_beangirl2 ;, , , , , ,
dveightus ;I just wanna gobble you up ! ! ! , , , , , , , grrrrrowf ! ! > , , , , , , , lurrrrp , , , , , ,
ima_beangirl2 ;, , , , , ,
dveightus ;|so . . . was that first pic TOO bad ? ? I usually leave that up , but I won't if it offends you| , , , , ,
ima_beangirl2 ;ea its eww , , , , , ,
dveightus ;hmmm how about this one ? , , , , , ,
ima_beangirl2 ;he fat doggie ? , , , , , ,
dveightus ;no , , , , , , , gimme a sec , , , , , , , there--party time ! ! ! , , , , , ,
ima_beangirl2 ;h ok , , , , , , , ts a gurl , , , , , ,
dveightus ;ummm . . . yeah . I kinda like girls , , , , , ,
ima_beangirl2 ;ol , , , , , ,
dveightus ;|I know , how about THIS one ? | , , , , , , she's this model I heard about , , , , , , , |pretty hot , huh ? | , , , , ,
ima_beangirl2 ;MG , , , , , ,
dveightus ;, , , , , , , Oh My God ? , , , , , , , what ? , , , , , ,
ima_beangirl2 ;hats me , , , , , , , illy , , , , , ,
dveightus ;really ? who knew ! ! ! -o , , , , , ,
ima_beangirl2 ;olz , , , , , ,
dveightus ;|here , lemme try another| , , , , , , oops . It's a doomed affair , , , , , ,
ima_beangirl2 ;? , , , , , ,
dveightus ;|well , ones a dog , the other's CAT ! ! ! ! ! ! ! | , , , ,
ima_beangirl2 ;ol , , , , , ,
dveightus ;It'll never work out . How will they raise the children ? ? , , , , , , , there . hows THAT ? , , , , , ,
ima_beangirl2 ;ol , , , , , , , k , , , , , ,
dveightus ;"It says \""Pork the one you love\"" , , , , , , , oops . bad me . I meant \""Pork . The one you love . \"" , , , , , ,"
ima_beangirl2 ;olz , , , , , ,
dveightus ;shit wrong one ! ! ! ! , , , , , , , lemme go back , , , , , ,
ima_beangirl2 ;though u had go , , , , , ,
dveightus ;I do but you make me silly and i wuz havin too much fun ! ! ! ! < , , , , , ,
ima_beangirl2 ;olz ok , , , , , ,
dveightus ;|there . hows that ? that's some handsome STUD in Ocho Rios , Jamaica on a cruise . pretty suave , eh ? And now , I DO have to go ! ! ! | , , , , You really made my day ! *muah* :-* , , , , , , , ttyl , , , , , ,
ima_beangirl2 ;< , , , , , ,
dveightus ;, , , , , , , :x , , , , , , , bye , , , , , ,
ima_beangirl2 ;y , , , , , ,
dveightus ;"Hi sweetie :-* , , , , , , , Just stopped in for a minute--I got a date tonite ! ! ! < , , , , , , , Maybe I'll get lucky heehee anyway I gotta go but I saw you on so I figured I'd say hi ! ""> , , , , , ,"
ima_beangirl2 ;u there ? ? , , , , , ,
dveightus ;HI ! ! ! , , , , , , , I'm here :-* , , , , , ,
ima_beangirl2 ;what ya doin , , , , , ,
dveightus ;goofin off . Just cleaned out my 'myspace' mailbox , , , , , , , got a lot of REALLY weird shit , , , , , ,
ima_beangirl2 ;realz ? , , , , , ,
dveightus ;I sent u a message about it , , , , , ,
ima_beangirl2 ;i saw that , , , , , , , what happened , , , , , ,
dveightus ;yeah . Evidently there's a group of lesbo politico women--you know the kind that have hairy legs and are old and bony , , , , , ,
ima_beangirl2 ;lol ok , , , , , ,
dveightus ;"that don't like it when people of \""inappropriate age relationships\"" , , , , , , , are friends , , , , , ,"
ima_beangirl2 ;, , , , , ,
dveightus ;so they sent emails to me and to myspace complaining that you and Angel were being abused by evil ugly me > , , , , , , , |I am , evidently , the devil himself | , , , , , oops I meant :-& , , , , , ,
ima_beangirl2 ;OMG i hope i diont hafta make a new pro , , , , , , , GAWD , , , , , ,
dveightus ;|No , they left you alone| , , , , , , I'm the evil one , , , , , ,
ima_beangirl2 ;lolz , , , , , ,
dveightus ;"|anyhow , I took you guys out of my \""top \"" for the time being , just to cool them off . stupid bitches . Evidently there's like lots and lots of drama on myspace| , , , , , |and if there's not enuff , they'll make up some new stuff -}| , , , , ,"
ima_beangirl2 ;yea , , , , , , , lolz , , , , , ,
dveightus ;|but , enough of that . whatchoo doin ? | , , , , ,
ima_beangirl2 ;nutin , , , , , , , just chatin , , , , , ,
dveightus ;heehee just a boring Sunday ? How far are you from the ocean ? , , , , , ,
ima_beangirl2 ;bout miles , , , , , ,
dveightus ;|oops . Too far to walk down & hang out , huh ? | , , , , ,
ima_beangirl2 ;yea , , , , , , , that sux , , , , , ,
dveightus ;|Whenever I'm down there and my senile father gets on my nerves , I cruise down to the beach and hang . It mellows me out| , , , , , , but the big question for today is . . . . . . . . . . . . , , , , , , , WHAT FLAVOR LIP GLOSS ? ? ? ? ? ? , , , , , ,
ima_beangirl2 ;lolz strawberry , , , , , ,
dveightus ;? [35moh damn ! ! ! again ? ? ? ? I gotta have a lick ! ! ! , , , , , , , *slurrrrrrrpppp*:-* , , , , , ,
ima_beangirl2 ;, , , , , ,
dveightus ;r u sure you never modeled or anything ? ? , , , , , ,
ima_beangirl2 ;yep , , , , , ,
dveightus ;who took those pics ? , , , , , , , on your profile ? , , , , , ,
ima_beangirl2 ;my mom , , , , , ,
dveightus ;|Wow , she's pretty good . I sometimes do some work with a site called www . childsupermodels . com | , , , , ,
ima_beangirl2 ;no way , , , , , ,
dveightus ;|no nudes or nothin , just nice stuff| , , , , ,
ima_beangirl2 ;kewlz , , , , , ,
dveightus ;No way what ? , , , , , , , oh , , , , , , , |It's no big deal , what they do is I take the pics and send them to the site| , , , , ,
ima_beangirl2 ;what u do , , , , , , , oh , , , , , ,
dveightus ;then they manage the site for % fee , , , , , , , |but it costs $29 . 95 per month to join , and guys do all the time ! | , , , , ,
ima_beangirl2 ;wow , , , , , ,
dveightus ;|some of the girls ( not mine ) make like $5 , a month| , , , , ,
ima_beangirl2 ;wow , , , , , , , ! ! , , , , , ,
dveightus ;I never had a model as hot as you , , , , , , , I bet YOU'D make bank$$$$$ , , , , , , , |anyway , check out the site . You don't have to be over or anything , cause it's all clean and everything| , , , ,
ima_beangirl2 ;ok , , , , , ,
dveightus ;it's girls in bathing suits and shorts and stuff , , , , , ,
ima_beangirl2 ;ok , , , , , ,
dveightus ;|So , the big question is , would your mom let you model for me ? ? | , , , , , I mean after she met me and if you wanted to and all that , , , , , ,
ima_beangirl2 ;i duno , , , , , , , , , , , , ,
dveightus ;|well , check it out first and don't mention it to her yet . See what you think . | , , , , ,
ima_beangirl2 ;ok , , , , , ,
dveightus ;"|I wasn't gonna mention it yet , but lookin at your pics drives me krazee -}| , , , , , , plus i wuz hopin for a strawberry kiss ""> , , , , , ,"
ima_beangirl2 ;, , , , , ,
dveightus ;mmmmm is that a yes ? ? ? ? ? , , , , , ,
ima_beangirl2 ;a kiss yea , , , , , ,
dveightus ;< woo hooo , , , , , , , |I wouldn't ask for more ! That would be bad , I think . | , , , , ,
ima_beangirl2 ;lolz , , , , , , , y ? ? , , , , , ,
dveightus ;"well I ahhh ""> you're makin me feel funny , , , , , , , what else could I ask for ? , , , , , ,"
ima_beangirl2 ;i duno , , , , , , , lolz , , , , , ,
dveightus ;a hug too ? >< , , , , , ,
ima_beangirl2 ;yea , , , , , ,
dveightus ;:x sigh , , , , , , , you have ta ask me now , , , , , , , heehee out of ideas ? So do you have a bikini or a piece suit ? , , , , , ,
ima_beangirl2 ;both , , , , , ,
dveightus ;wow ! ! would you let me photograph you in the bikini ? , , , , , ,
ima_beangirl2 ;ok , , , , , ,
dveightus ;that'd be kewl ! ! sooooo . . . . . could I get my kiss from you in your bikini ? ? , , , , , ,
ima_beangirl2 ;ok , , , , , ,
dveightus ;I wouldn't be in your bikini , , , , , , , would you . . . . . sit in my lap when u kissed me ? , , , , , ,
ima_beangirl2 ;ok , , , , , ,
dveightus ;would you like my arms around your waist ? ? pulling you to me ? , , , , , ,
ima_beangirl2 ;yea , , , , , ,
dveightus ;"oh my *gulp* ; , , , , , ,"
ima_beangirl2 ;, , , , , ,
dveightus ;what if my hand kinda slipped down around your back and was just a teensy bit below your waist ? ? ? ? ? , , , , , , , sorta kinda on your hips , , , , , ,
ima_beangirl2 ;ok , , , , , ,
dveightus ;but maybe a little on your butt ? , , , , , , , just a little , , , , , ,
ima_beangirl2 ;kewl , , , , , ,
dveightus ;would you press against me ? , , , , , ,
ima_beangirl2 ;yea , , , , , ,
dveightus ;|OHHHH GOSH ! ! ! Ummm . . . when u kiss , do you use your tongue ? | , , , , ,
ima_beangirl2 ;sumtimes , , , , , ,
dveightus ;would you with me ? ? , , , , , ,
ima_beangirl2 ;ok , , , , , ,
dveightus ;soooooo . . . when u press up against me and kiss me real hard with your sexy tongue . . . . . , , , , , , , what if . . . . you know . . . I got excited ? , , , , , ,
ima_beangirl2 ;i duno , , , , , , , , , , , , ,
dveightus ;oh Amy ! ! ! , , , , , , , you wouldn't get mad or anything ? , , , , , ,
ima_beangirl2 ;no , , , , , ,
dveightus ;OGOD ! ! You are TOO much ! ! ! So you're kissing me and pressed up against me and my hand is on your side and then kinda gently cups your ass as I pull you to me . . . . . , , , , , ,
ima_beangirl2 ;, , , , , ,
dveightus ;Oh jeez , , , , , , , oh Amy Amy , , , , , , , :x , , , , , ,
ima_beangirl2 ;:x , , , , , ,
dveightus ;|You know I'd want to do more , but it would HAVE to be up to YOU ! ! You tell me what next--make me take a cold shower . . . . . . . | , , , , , , or keep going ? ? ? ? ? ? , , , , , ,
ima_beangirl2 ;well i dont like cyber , , , , , ,
dveightus ;|I'm not talking about cyber , I mean for real . When I cum down there next month| , , , , ,
ima_beangirl2 ;oh , , , , , , , if i like u lotz id want u keep goin , , , , , ,
dveightus ;"I HATE \""cybering\"" ! ! That's where some yr old gay guy pretends to be a yr old girl and gets you to do all kindsa stuff , , , , , , , Gosh I hope you like me lotz I sure like YOU TONS ! ! ! ! ! ! , , , , , ,"
ima_beangirl2 ;:x , , , , , ,
dveightus ;You're WAY different than even like or or year old girls I've talked to . You're REAL ! ! No bullshit . Even what u just said about cybering ic EXACTLY how I feel ! ! ! , , , , , ,
ima_beangirl2 ;lolz well im , , , , , ,
dveightus ;Well you ACT , , , , , ,
ima_beangirl2 ;aww , , , , , ,
dveightus ;|I had a year old girl work for me who is really fucked up in the head , and she got pregnant by some meth addict who's in jail and had the kid and her whole LIFE is messed up and SHE'S ok to mess around with , but YOU'RE too young ? ? who figures this stuff out ? ? ? | , , , ,
ima_beangirl2 ;wow , , , , , ,
dveightus ;plus I'm just talkin about making out and stuff . Nothing major . , , , , , ,
ima_beangirl2 ;yea i saw pregnant and went , , , , , ,
dveightus ;"|yeah , wow . It's like , after you're or you can be as big an asshole as you wanna and that's fine , but OBOY if your birth certificate shows a lower age , then you're a second class citizen with no rights ! ! ! | , , , I say REVOLUTION ! ! ! ! heeheehee , , , , , , , |Yeah , you oughta MEET this dumbo . If ever ANYBODY on EARTH should NOT have akid , its her . She has what they call \""anger issues\"" and \""self esteem\"" issues . | , , , ,"
ima_beangirl2 ;bah , , , , , ,
dveightus ;Here's a secret: they ain't 'issues' . she's a brat who needs to control her temper and take care of her kid ! ! ! , , , , , , , |wow , did I go off on a rant ? ? | , , , , , , sorry , , , , , , , I get steamed X- ( , , , , , ,
ima_beangirl2 ;lolz , , , , , , , its ok , , , , , ,
dveightus ;Grrrrrrr lol ! , , , , , , , I'd rather have you on my lap and not think about all that crap :x , , , , , , , hey--that rhymed ! ! , , , , , , , maybe i'm a rapper ? , , , , , , , yo yo what up homey ? , , , , , ,
ima_beangirl2 ;lolz , , , , , ,
dveightus ;Ohhhh you're getting me goofy:-B , , , , , ,
ima_beangirl2 ;lolz me ? ? , , , , , , , ithink ur alreayd goofy , , , , , ,
dveightus ;moi ? why I'm shocked ! ! ! ~ , , , , , , , |then , why am I drooling ? | , , , , ,
ima_beangirl2 ;lolz i duno , , , , , ,
dveightus ;heeheehee you are phenomenal ! ! You know I adore you madly ! ! :-* But my goofy ( and THEY ARE fuckin goofy ) doggies are whining that it's walkie time , , , , , ,
ima_beangirl2 ;ok , , , , , ,
dveightus ;"mmmmmm well it was sure fun talking to you . Do you have a cell phone ? wouldja wanna actually talk sometime ? ? ? , , , , , , , |Oh , I meant to tell you , when you go to the child model site , scroll down to \""budding-beauties\"" and they have archived sets you can look at . | , , , , otherwise you'll need a password , , , , , , , AMY ? ? ? ? , , , , , , , , , , , , ,"
ima_beangirl2 ;hey , , , , , , , sowwy i took my dog out , , , , , , , i though u was , , , , , , , no i dont have a celly , , , , , , , do u , , , , , , , u back ? ? , , , , , , , hey , , , , , ,
dveightus ;Hey back atcha ! ! ! :-* , , , , , ,
ima_beangirl2 ;hey ! ! , , , , , ,
dveightus ;hey ! ! hey ! ! ! , , , , , , , hee hee , , , , , ,
ima_beangirl2 ;lolz , , , , , ,
dveightus ;so whats goin on ? , , , , , ,
ima_beangirl2 ;nutin much , , , , , , , u ? ? , , , , , ,
dveightus ;work > , , , , , ,
ima_beangirl2 ;that sux , , , , , ,
dveightus ;but you brighten it up O , , , , , ,
ima_beangirl2 ;what u do , , , , , ,
dveightus ;did you check out the model site ? , , , , , ,
ima_beangirl2 ;yea , , , , , ,
dveightus ;Music biz--I book and promote concert tours , , , , , ,
ima_beangirl2 ;kewl , , , , , ,
dveightus ;ohh goody--what did u think of the site ? , , , , , ,
ima_beangirl2 ;its kewl , , , , , ,
dveightus ;did it look like fun ? , , , , , ,
ima_beangirl2 ;yea , , , , , ,
dveightus ;we could put you in your little bikini , , , , , ,
ima_beangirl2 ;, , , , , ,
dveightus ;and then the trick is to be provocative without nudity so we sucker the old codgers in . . . . . wait a minit ! ! I'M a old codger , , , , , ,
ima_beangirl2 ;lolz , , , , , ,
dveightus ;r u back , , , , , ,
ima_beangirl2 ;yea , , , , , ,
dveightus ;ok there u r , , , , , , , god I love this pic>>>>>>>>>>>>>>>>>>>>>>>>>>>>>>>>>>>>>>>>> I hope ours turn out that good ! , , , , , ,
ima_beangirl2 ;"""> , , , , , ,"
dveightus ;|that's EXACTLY what we're going for . . . sexy , mysterious , deep dark woman of mystery hee hee| , , , ,
ima_beangirl2 ;ok , , , , , ,
dveightus ;|So we have to figure a way to get your mom's ok , but not now , 'k ? | , , , ,
ima_beangirl2 ;ok , , , , , ,
dveightus ;|I can't WAIT to do test shots on you ! ! ! I'm no pro , but you could make ANYBODY look like a great photog| , , , , ,
ima_beangirl2 ;lolz , , , , , , , no way , , , , , ,
dveightus ;YES WAY ! ! Biiiiiiig way ! ! , , , , , , , do you have a digital camera ? , , , , , , , I want MORE shots now ! ! ! ! ( I'm soooooooooooo greedy ! ! ) , , , , , ,
ima_beangirl2 ;no i wish , , , , , ,
dveightus ;, , , , , , , ratz , , , , , , , darn :-& , , , , , , , shoot , , , , , , , heck -} , , , , , ,
ima_beangirl2 ;lolz , , , , , ,
dveightus ;horny ~ , , , , , , , oops , , , , , , , how'd HE get in there ? , , , , , ,
ima_beangirl2 ;lol , , , , , ,
dveightus ;you are SOOOooooo adorable I'm dyin ! ! ! :x , , , , , , , |I thought about you last night , too . after I went home| , , , , ,
ima_beangirl2 ;realz ? , , , , , ,
dveightus ;yep realz ! , , , , , ,
ima_beangirl2 ;kewl , , , , , , , hey momz home i g to g , , , , , ,
dveightus ;, , , , , , , ok , , , , , , , ttyl ? , , , , , , , still there ? , , , , , , , :-*just wanted to say nitey nite . . . . . . I'll see u in my dreams ! ! ! :x , , , , , ,
ima_beangirl2 ;myspace killed my pro im hafta make a new ! ! ! ! ! ! 111 , , , , , ,
dveightus ;? ? ? ? ? why ? ? ? how ? ? ? what for ? ? ? ? X- ( ooohhhh those assholes ! ! ! , , , , , , , I'm really sorry , , , , , , , |I wonder why , though . Your profile was A OK and followed all the rulz . | , , , , , , |Hey gorgeous ! ! ! :x It's me again . Your profile is still up , what made u think it was gone ? ? /| , , , , ,
ima_beangirl2 ;I duno it was gone this morning ! ! ! ! , , , , , ,
dveightus ;still there ? , , , , , , , :x , , , , , , , |Sometimes they work on stuff and take down your profile for 'maintenance' for a few hours . It's cool now , though| , , , , , , Honey pie :x , , , , , , , Just stopped by to say good night , , , , , , , u ~there ? ? , , , , , , , sigh :-* night , , , , , ,
ima_beangirl2 ;hey ! , , , , , , , whos suzi creamcheese , , , , , , , u there , , , , , ,
dveightus ;U still up ? ? , , , , , , , sweet baby girl:-* , , , , , , , sorry I was working--had a show yesterday & got hung up at the club doing a buncha shit , , , , , , , Suzi Creamcheese was a nasty girl in a song by Frank Zappa & The Mothers Of Invention ( google them ! ) a seminal music group from the Hippie '60's . , , , , , ,
ima_beangirl2 ;hey , , , , , ,
dveightus ;Hi Ho ! ! , , , , , , , still there ? ? ? ? , , , , , , , wahhhhhh ! ! ! ! ! dammit ! ! ! I'm gettin professional at missin you ! ! ! , , , , , , , Come here you . Come on . Closer . Closer . , , , , , , , |I gotta go out for awhile , but I HOPE to be back around . :-*| , , , , , , R U THERE NOW ? ? ? ? , , , , , , , I just got yer message on myspace so i figgered you'd be there , , , , , , , |But , I figured wrong again ! ! ! :-&| , , , , , , Honey bunch ! ! :x , , , , , , , |where ya bean , bean ? | , , , , , , <ding> , , , , , , , AMYYYYYYYYYY , , , , , , , WHERE ya been ? , , , , , , , | you won't even talk to me ? ? ? I've left you messages on myspace , which I see you've read , but you don't answer . Your email bounced back unread , and now I can SEE you on , but you haven't even tried to get a hold of me . What did I do ? ? ? ? ? | , , , why do you hate me ? ? ? , , , , , , , |you're not a bean girl , you're a mean girl ! ! ! ! | , , , , , , > , , , , , , , [- ( , , , , , , , you gonna say SOMETHING someday ? ? ? Or just leave me hanging wondering what I did that was so bad ? , , , , , , , X- ( , , , , , , , |meanie ! ! ! tease me and lead me on and then , after you have me drooling ~ you just up and leave ! ! ! ! | , , , , ,
ima_beangirl2 ;hey , , , , , ,
dveightus ;You're ALIVE ! ! ! ! ! ! ! ! , , , , , , , and . . . still on I hope , , , , , ,
ima_beangirl2 ;OMG my computer bleiw up , , , , , ,
dveightus ;Like recently ? ? ? , , , , , ,
ima_beangirl2 ;yea thats y i been gone , , , , , ,
dveightus ;I saw you were on a few times but never answered me , , , , , , , I thought you were mad at me and it bwoke my widdle heart , , , , , ,
ima_beangirl2 ;omg no ! , , , , , ,
dveightus ;:x ahhhhhhhh , , , , , , , I wuz feelin bad ! ! :-& , , , , , , , Then ignore my last note to you on myspace , , , , , ,
ima_beangirl2 ;i culdnt get on ! ! ! 1 , , , , , ,
dveightus ;well I'm sorry I was so overly sensitive , , , , , ,
ima_beangirl2 ;its ok , , , , , ,
dveightus ;"I saw you checked in for a few minutes every once in a while--now it makes sense ! ! ! You probably were using somebody elses puter and just had time to pick up your messages , , , , , , , I missed ya ""> , , , , , ,"
ima_beangirl2 ;i missed u , , , , , ,
dveightus ;*gulp* *gosh* :-* , , , , , , , |ok so I won't ever get paranoid again , 'k ? | , , , , ,
ima_beangirl2 ;ok , , , , , ,
dveightus ;so what u been doin ? , , , , , , , and what the heck did you do to your myspace page ? ? ? it's all . . . . sanitized ! , , , , , , , no more wet lips full of strawberry lip gloss , , , , , , , | ( luckily , I saved the pics ! ! ! ) | , , , , ,
ima_beangirl2 ;, , , , , ,
dveightus ;so did you flip out and get all freaked they were going to delete you ? , , , , , ,
ima_beangirl2 ;yea , , , , , , , i did , , , , , ,
dveightus ;|hey , whose that girl ? | , , , , , , why ? , , , , , , , can u see my pic over here ? >>>>>>>>>>>>>>>>>>>>>>>>>>>>>>>>>> , , , , , ,
ima_beangirl2 ;lolz , , , , , ,
dveightus ;I like him ! , , , , , , , So . . . . can u see the pic on my messenger ? , , , , , , , It's my ? [38mFAVORITE ? [30m ! ! ! , , , , , ,
ima_beangirl2 ;yep , , , , , ,
dveightus ;( I tell everybody it's this famous magazine model I know ! ! ! ) , , , , , ,
ima_beangirl2 ;lol , , , , , , , realz ? , , , , , ,
dveightus ;"sure ! ! ! and a coule guys were like \""what's her website ? ? can I join ? ? ? she is HOT ! ! , , , , , , , couple , , , , , ,"
ima_beangirl2 ;OMG , , , , , ,
dveightus ;"|I told em it was a \""private\"" site , but she MAY open to the public soon lol ! ! ! | , , , , ,"
ima_beangirl2 ;lol , , , , , ,
dveightus ;We may have a fan club already lol ! ! ! , , , , , ,
ima_beangirl2 ;OMG , , , , , ,
dveightus ;, , , , , ,
ima_beangirl2 ;a fan club , , , , , ,
dveightus ;~ , , , , , , , I'm your NUMBER ONE ! ! ! , , , , , , , heheheh , , , , , , , |anyway , that's the POINT . we get your pics up at that child-model site and people sign up cause they think you're really cool and they like the pics ! | , , , , ,
ima_beangirl2 ;oh ok , , , , , , , kewl , , , , , ,
dveightus ;$$$$$$$$$$$$$$$$$$$$$$$$ we hope , , , , , , , | ( plus it's fun , too ! ) | , , , , ,
ima_beangirl2 ;kewl , , , , , ,
dveightus ;So maybe . . . . . . I'm cummin down there in about weeks , , , , , , , like the middle of April , , , , , ,
ima_beangirl2 ;realz ? , , , , , ,
dveightus ;AFTER I get my fucking TAXES done for the fucking government X- ( , , , , , ,
ima_beangirl2 ;omg , , , , , ,
dveightus ;|GOD ! Wait till you're old enough to pay taxes . It's like , I don't work hard enough for an entire year , NOW I gotta put in about or hours for Uncle Sammy| , , , , , |omg ? ? what , meeting little ol me ? ? ? | , , , , , , I'm just a goofball -} , , , , , , , a big nerd :-B , , , , , ,
ima_beangirl2 ;im nervous , , , , , ,
dveightus ;You're like this exotic princess O , , , , , , , what you got to be nervous about ? ? , , , , , ,
ima_beangirl2 ;lots , , , , , , , lol , , , , , ,
dveightus ;"oh pfooey; , , , , , , , lots like what ? , , , , , , , You know I adore you :x , , , , , , , so I'M the one who's gonna be nervous ! ! ! ! , , , , , , , I'll just walk right up to you on the street and say . . . . . . . . , , , , , ,"
ima_beangirl2 ;, , , , , ,
dveightus ;"heehee ""> , , , , , , , or maybe I'll be like REALLY kewl and say . . . . . . . , , , , , ,"
ima_beangirl2 ;lol , , , , , ,
dveightus ;HEY ! Who let THAT guy in here ! ! ! ! , , , , , , , lol , , , , , , , So what have you been doing with NO computer ? Driving the boyz krazee ? ? ? , , , , , ,
ima_beangirl2 ;i gues , , , , , , , lol , , , , , ,
dveightus ;you guess ? ? I bet you got'em LINED up , , , , , , , begging for dates and stuff , , , , , ,
ima_beangirl2 ;lol no , , , , , , , boys at schol r dumb , , , , , ,
dveightus ;evidently ! ! , , , , , , , |boys are . . . well , boys . They don't even START to grow up till about ! ! ! | , , , , , , |I go down to the Strip Club here every now and then and these guys , years old are STILL telling fart jokes and acting like year olds . And they wonder why the girls won't dance for them ! ! ! | , , , , ,
ima_beangirl2 ;lol , , , , , ,
dveightus ;|They oughta make a rule , like young boys at about should HAVE to hook up with women about | , , , , , , |cause at , boys are at their sexual peak , while women don't get theirs till about ! ! | , , , ,
ima_beangirl2 ;wow , , , , , ,
dveightus ;|And girls abour your age should have to hook up with guys about -50 because older guys take their time and can teach you how your body reacts and stuff , without going nuts like young boys do and blowin their wad and goin to sleep lol ! ! ! | , , , , , , Many sub-saharan tribes in Africa do that , , , , , , , as well as south sea island tribes in tahiti and Samoa , , , , , ,
ima_beangirl2 ;kewl , , , , , ,
dveightus ;|In borneo , a young man's first sexual experience was usually with his own mother ! ! ! ! ( They have different views on sex and incest in those kinds of primitive environments ) | , , , , ,
ima_beangirl2 ;wow , , , , , ,
dveightus ;and a girl with her own dad , , , , , , , |Yeah , what's natural in one society is EVIL in another . It's all about social morals in that particular society . | , , , , ,
ima_beangirl2 ;yea , , , , , ,
dveightus ;the world is one strange weird place -} , , , , , ,
ima_beangirl2 ;yep , , , , , ,
dveightus ;and so am I heeheehee , , , , , , , YEP ? ? ? ? , , , , , , , oh yeah ? ? ? grrr . . . . heeheehee you're so CUTE YOU DRIVE ME FUCKIN NUTSO ! ! ! ! ! , , , , , , , I wanna cum down there RIGHT NOW and bite your toes , , , , , , , I mean nose , , , , , , , or toes . either way , , , , , ,
ima_beangirl2 ;lol , , , , , ,
dveightus ;oh amy amy amy , , , , , , , heehee his nose too , , , , , , , so is your computer fixed so you'll be around for a while now ? ? , , , , , ,
ima_beangirl2 ;yep , , , , , ,
dveightus ;OH GOODY ! ! No more disappearing ? , , , , , , , so you made me HUNGRY grrrrrrrrr . . . . I need to go get sum dindin , , , , , , , |but letz stay in touch , 'k ? ? ? ? ? ? ? | , , , , ,
ima_beangirl2 ;kk , , , , , ,
dveightus ;ahhhhhhhh ! ! ! ! ! , , , , , , , |sorry , she just came in| , , , , , , |I keep her in a closet , but she keeps gettin out ! ! ! | , , , , , , Jesus ! what a loudmouth ! ! ! , , , , , , , I have no fuckin idea . . . . . . . . . . , , , , , , , check out this yoyo , , , , , , , yikes ! ! ! , , , , , , , lol ! ! ! ! *muah* smooch , , , , , , , see ya , , , , , , , :-* , , , , , ,
ima_beangirl2 ;by , , , , , ,
dveightus ;byebye *slurrrrrrrp* you're delicious ! ! ! , , , , , ,
ima_beangirl2 ;hey ! , , , , , , , ? ? ? , , , , , ,
dveightus ;I'm baaaaaaaack ! ! ! , , , , , ,
ima_beangirl2 ;hey ! ! , , , , , ,
dveightus ;I don't even know what that is ! ! ! , , , , , , , heehee whatcha ddon ? , , , , , , , doon , , , , , , , doin jesus I can't type , , , , , ,
ima_beangirl2 ;just chatin u , , , , , ,
dveightus ;gettin my house exterminated , , , , , , , had to move my cats and doggies so they could spray for carpenter ants yecch ! ! ! , , , , , , , just swung by the office to pick some shit up and saw you IM'd me so of course I HAD to stop what I was doing and say hi :-* , , , , , ,
ima_beangirl2 ;hey ! ! ! ! , , , , , ,
dveightus ;"ho ! ! ! , , , , , , , not calling you a \""ho\"" , , , , , , , just saying \""hi\"" \""ho\"" \""heehee\"" , , , , , , , never mind I think I breathed too much of the pesticide , , , , , ,"
ima_beangirl2 ;lol , , , , , , , b careflu ! ! ! , , , , , ,
dveightus ;then I thought of you and . . . . . . , , , , , , , what can I say ? , , , , , ,
ima_beangirl2 ;ur so cute ! ! , , , , , ,
dveightus ;"""> gosh , , , , , , , |ur the cutie , I'm just a goof| , , , , ,"
ima_beangirl2 ;lol , , , , , , , ok , , , , , ,
dveightus ;so what you been doin on Spring Break ? ? , , , , , , , or are u on break ? ? , , , , , ,
ima_beangirl2 ;that was last week , , , , , ,
dveightus ;heehee I'm SO on top of stuff , , , , , , , I think Colleges are on this week though , , , , , ,
ima_beangirl2 ;i duno , , , , , ,
dveightus ;|anyway , my little darling , I gotsta go get my kitties from the pet babysitter , and put the dogs back in the house and get their food and stuff back inside--I had to move it so it didn't get all full of poison| , , ,
ima_beangirl2 ;ok , , , , , , , by , , , , , ,
dveightus ;|Well , don't be so quick to get rid of me lol ! ! ! | , , , , ,
ima_beangirl2 ;lol , , , , , ,
dveightus ;|The PLAN is for me to see my dad in april , after the th| , , , , ,
ima_beangirl2 ;ok , , , , , ,
dveightus ;so like about weeks , , , , , ,
ima_beangirl2 ;kewl , , , , , ,
dveightus ;will u have any time for me then ? , , , , , ,
ima_beangirl2 ;yes ! , , , , , ,
dveightus ;|great , now I'm CHINESE ! ! ! ! | , , , , ,
ima_beangirl2 ;lol , , , , , ,
dveightus ;well I sure wanna see you ! ! ! ! ! ! ! ! ! :x , , , , , ,
ima_beangirl2 ;me ! ! , , , , , ,
dveightus ;Ohhhhhh >< you just make my head spin and my heart smile , , , , , , , I AM gonna french kiss the monitor ! ! ! ! , , , , , , , mmmmmmm mmmm mmmmm ! ! ! ! ! , , , , , , , I HAVE to run ! ! ! ! ! ! , , , , , ,
ima_beangirl2 ;ok , , , , , , , by , , , , , , , >< , , , , , ,
dveightus ;bye *smooch* :-* , , , , , , , hi honey ! :x you're up late ! ! ! , , , , , ,
ima_beangirl2 ;hey ! , , , , , ,
dveightus ;"Hi snookums ! ! ! ; , , , , , , , I just got online and *whammo* you're there ! ! ! :-* , , , , , ,"
ima_beangirl2 ;lol , , , , , ,
dveightus ;whutz goin on ? , , , , , ,
ima_beangirl2 ;just bored , , , , , , , u , , , , , ,
dveightus ;I just got on to checkmy email , , , , , , , here's one from the insurance adjuster . . . hmmmm , , , , , ,
ima_beangirl2 ;hmm , , , , , ,
dveightus ;HOLY SHIT ! ! ! ! < , , , , , , , They authorized $7500 . 00 for some slight bullshit water damage from a storm last month , , , , , ,
ima_beangirl2 ;wow , , , , , ,
dveightus ;"It'll cost me about $1500 to get it fixed ! ! ! ! , , , , , , , Fuckin WOWEE ! ! Free money ! ! ! what's cooler than THAT ? ? ? ? , , , , , , , |Well , YOU are cooler than that , but other than you , I meant "">| , , , , |so I'll be high rollin in Laguna Beach , baby ! ! B- ) | , , , , ,"
ima_beangirl2 ;nice ! ! ! , , , , , , , i cant wait , , , , , ,
dveightus ;"|I thought so . Usually they're like IMPOSSIBLE to get anything out of ! ! ! But , this area was declared a \""County disaster Area\"" ( whatever the fuck THAT means lol ! ! ) because of flooding ( but not me , I live up on a hill ! ) ( whatever the fuck THAT means lol ! ! ) so they have so many claims they gave up on checking them| , , , ,"
ima_beangirl2 ;lol kewl , , , , , ,
dveightus ;Oh GOD me me neither ! ! ! ( can't wait ) , , , , , , , I want u here right nowwwwwwwww , , , , , , , , , , , , ,
ima_beangirl2 ;, , , , , , , u still wanta take pics ? , , , , , ,
dveightus ;, , , , , ,
ima_beangirl2 ;"""> , , , , , ,"
dveightus ;|Gee , lemme see . . . do I want a hot , gorgeous girl posing just for me . . . lemme think about it for , like about a millionth of a second ! ! ! ! ! | , , , , YES ! ! ! ! ! ! ! ! ! ! ! ! ! ! ! ! ! ! ! ! ! ! ! ! ! ! ! ! ! ! ! ! ! ! ! ! ! ! ! ! ! ! ! ! ! ! ! ! ! ! , , , , , ,
ima_beangirl2 ;lol , , , , , ,
dveightus ;what kind of outfits are u gonna bring ? ? , , , , , ,
ima_beangirl2 ;u take pics of lots of gilrs ? , , , , , , , i duno , , , , , ,
dveightus ;yeah . Me and Hugh Hefner , , , , , ,
ima_beangirl2 ;lol , , , , , ,
dveightus ;|No , silly ! I only did it twice before| , , , , , , |once was just for fun , then I found the website| , , , , , , |but she wasn't as cute as you , so we didn't get hardly any hits on it| , , , , ,
ima_beangirl2 ;oh , , , , , ,
dveightus ;|So , like I said--what kind of outfits are u gonna bring ? ? | , , , , ,
ima_beangirl2 ;i duno wahts good ? , , , , , ,
dveightus ;|we need a bikini or swimsuit--I mean , you ARE a beach girl lol ! ! ! And maybe a skirt , with some heels ? do you have any ? ? What size shoe do you take ? ? | , , , ,
ima_beangirl2 ;, , , , , , , yeaa i got lots , , , , , ,
dveightus ;mmm petite . . I may have something , , , , , , , You got lots of heels ? ? , , , , , ,
ima_beangirl2 ;lol no swimsuits , , , , , ,
dveightus ;|heehee OH -|| I'm a dork| , , , , , ,
ima_beangirl2 ;lol , , , , , ,
dveightus ;Anyway . I may have some heels that'll fit , , , , , , , you DO have like a tight short skirt ? ? , , , , , , , and a sexy top , , , , , ,
ima_beangirl2 ;yea , , , , , ,
dveightus ;"ohhhh I AM getting hot ! ! ! dammit girl ! ! ! You're geting me . . ahhh . . . ahem . . . . er rather . . . aroused , , , , , , , ""> , , , , , ,"
ima_beangirl2 ;lol , , , , , ,
dveightus ;I'm gonna need a cold shower ! ! ! ! ~ , , , , , ,
ima_beangirl2 ;awww , , , , , ,
dveightus ;|No---OWWWWW ! ! ! ! lol ! ! how about panties ? ? Do you have any semi-see thru thong types , or regular white ones or what ? ? ? | , , , , ,
ima_beangirl2 ;just regula s diff colors , , , , , ,
dveightus ;"|that should work . Plus I can bring a pair or . They won't let us show too much , anyway . I wanna see exactly what we can get away with . sometimes , if you looked at the site , some girls get away with \""accidental\"" shots that show their panties , and dirty old men go for that ! ! ! heeheehee| , , , sorta like \""oops ! I got to see something I shouldn't ! ! ! ! \"" , , , , , ,"
ima_beangirl2 ;omg ok , , , , , ,
dveightus ;"why \""omg\"" ? , , , , , , , just a little 'upskirt' pany shot , , , , , , , panty , , , , , ,"
ima_beangirl2 ;ok , , , , , ,
dveightus ;"I just wondered why you thought \""oh my god ! \"" ? ? , , , , , ,"
ima_beangirl2 ;i though u meant more than that , , , , , ,
dveightus ;It'll be cool . we won't show anything we shouldn't . , , , , , , , Unless you're feeling daring > , , , , , ,
ima_beangirl2 ;lol , , , , , ,
dveightus ;|some girls get in front of a camera and can't stop ! ! They get krazeee and really flirty and turn into terrible teases . You could be a teaser , I betcha ! ! ! | , , , , ,
ima_beangirl2 ;mebee , , , , , ,
dveightus ;probably have half the boys at school playing with themselves and dreaming about AMY ! ! ! , , , , , ,
ima_beangirl2 ;lol i duno , , , , , ,
dveightus ;|oh , c'mon ! ! Aren't there some boys who kinda hang around you and act real dumb and stuff ? | , , , , ,
ima_beangirl2 ;yea , , , , , , , a couple , , , , , ,
dveightus ;That usually means their dicks are too hard for them to make polite conversations . , , , , , , , and i bet you bat those beautiful eyes at them and 'accidently' rub up against them ? ? ? , , , , , ,
ima_beangirl2 ;lol mebee , , , , , ,
dveightus ;"yeah I bet \""maybe\"" heehee I bet you step too close when you pass by them and \""OOPS ! Didn't mean to bump into you ! \"" while you check out whether they're excited or not ! ! ! , , , , , ,"
ima_beangirl2 ;, , , , , ,
dveightus ;|Ohhh , you ARE a little devil , arent you ? ? | , , , , , I WANT A BIG WET GOOEY KISS RIGHT NOW ! ! ! ! ! ! , , , , , ,
ima_beangirl2 ;:-* , , , , , ,
dveightus ;oh ohhh ohhhhhh OHHHHH OHHHHHHHHH Amy Amy Amy *sigh* , , , , , , , |uh oh . shit--telephone , hang on| , , , , , , |ho ho ho , said the blind carpenter , as he picked up his hammer and SAW . ( get it ? ? Blind ? ? carpenter ? ? saw ? ? see ? ? ) | , , , , , see saw , , , , , ,
ima_beangirl2 ;lol , , , , , ,
dveightus ;|that was the insurance guy . he's cumming . ( Ewww , I hope he cleans it up ! ! ! LOLOL ! ! ! ! ) | , , , , ,
ima_beangirl2 ;lol ur funny , , , , , ,
dveightus ;NO ! dammit ! ! get serious ! ! ! , , , , , , , heeheehee so I'm gonna go and clean up a little and get FILTHY RICH moo hoo haa haaa ( rubs hands greedily ) , , , , , , , and I'm gonna buy you something pretty and nice ! ! ! , , , , , ,
ima_beangirl2 ;KEWL , , , , , ,
dveightus ;you'll have to wait till I get there ! ! ! , , , , , , , |so , out of idle curiousity , you live in Laguna , your folks must do pretty good , yes ? I mean money wise ? ? | , ,
ima_beangirl2 ;yea , , , , , , , moms a research scientist , , , , , ,
dveightus ;dammit ! Now I'll REALLY have to go all out to impress you ! ! lol ! ! , , , , , , , wow ! Research scientist ? ? Verry highbrow ! ! What does she research ? , , , , , ,
ima_beangirl2 ;hell i duno , , , , , , , shes tole me a million times , , , , , ,
dveightus ;|global warming , political trends in sub-saharan Africa ? ? New douche products ? ? | , , , , ,
ima_beangirl2 ;government , , , , , ,
dveightus ;oh SHIT ! ! ! THE GUBMINT ? ? dayum . she one o them thar anti terrorrrerisms peopul ? , , , , , ,
ima_beangirl2 ;sumthin like that , , , , , ,
dveightus ;|NO SHIT ? ? So , does that mean she'll sic the FBI on me ? ? ? :-$| , , , , ,
ima_beangirl2 ;no , , , , , , , lol , , , , , , , its weapons , , , , , , , techy stuf , , , , , ,
dveightus ;mums the word for mom ! ! ! :-$ , , , , , ,
ima_beangirl2 ;i dont tell her nutin ! , , , , , ,
dveightus ;|OH FUCKIN GREAT ! ! ! Weapons ! ! ! So , if I get outta line , I get blasted with some new generation laser nuclear device ! ! ! | , , , ,
ima_beangirl2 ;yeah ! , , , , , , , shhh ! ! ! , , , , , ,
dveightus ;AAAAAAAAGGGGGGHHHHHHH RUN FOR YOUR LIFE ! ! ! ! ! , , , , , , , |I . . . . uh . . . . just remembered , I have to move to Antarctica for a project for the next years , so I'll see you then *gulp*| , , , , , I don't know HOW that little fact escaped my memory , , , , , ,
ima_beangirl2 ;ha ha , , , , , ,
dveightus ;easy for YOU to say ! ! ! , , , , , , , |heeheehee well , hopefully , the govt will keep her occupied . what about yo daddy ? | , , , ,
ima_beangirl2 ;hes a salesman , , , , , , , he sales drugs , , , , , , , lol , , , , , , , pharms , , , , , ,
dveightus ;but you don't live with him ? , , , , , ,
ima_beangirl2 ;nope , , , , , ,
dveightus ;|ahh , now THAT'S A profession I can deal with lol ! ! Can I get a good deal on Viagra ? ? I think I'm gonna NEED it if I'm around you for any length of time heehee ! ! ! | , , , , ,
ima_beangirl2 ;lol , , , , , , , no but i can steal some , , , , , , , i bet hes got some , , , , , ,
dveightus ;|actually , right now I need some ANTI-viagra , to calm me down . You work better than drugs to get me hard ! ! ! | , , , ,
ima_beangirl2 ;lol , , , , , ,
dveightus ;|but feel free to steal some ! Shit , they cost like $10 . 00 a pop ! ! ! | , , , , ,
ima_beangirl2 ;realy ? , , , , , ,
dveightus ;|yeah , really . It's the american way . the drug costs like cents a dose to make , but if it'll help a guys dick---boom ! ten bucks . If it was just a nasal decongestant or antibiotic , it'd be cents| , , ,
ima_beangirl2 ;wow , , , , , , , ok , , , , , ,
dveightus ;ok ? ? you'll get some ? ? You can do that ? ? , , , , , ,
ima_beangirl2 ;ill see if he has ne next time im htere , , , , , ,
dveightus ;|brains AND beauty . Jesus , no WONDER i'm in love :x| , , , , ,
ima_beangirl2 ;lol , , , , , ,
dveightus ;How will we meet ? Can you get away during the day ? at night ? for how long ? ? how will we communicate ? ? ( I won't have access to a computer all the time ) can I call u ? ? , , , , , ,
ima_beangirl2 ;i duno , , , , , ,
dveightus ;? ? ? hey girl--I asked u different questions lol ! ! I dunno which one ? ? , , , , , ,
ima_beangirl2 ;ill hafta figure those out , , , , , , , thats a lot , , , , , ,
dveightus ;|yeah I know . I can give u my cell , so u can call me| , , , , ,
ima_beangirl2 ;kewl , , , , , ,
dveightus ;|But i will die a painful , agonizing death if I get down there and u and I don't hook up | , , , , ,
ima_beangirl2 ;oh we will , , , , , ,
dveightus ;YESSSS ! ! ! ! ( you sound so sure of yourself . all of a sudden it's like YOU'RE in control ! ! ! ) , , , , , , , You realize we'll have to have some rules . , , , , , ,
ima_beangirl2 ;ok , , , , , ,
dveightus ;|Rule --Amy's in charge ! You decide what , when , where and how much we do or don't do . | , , , , , OK so far ? , , , , , ,
ima_beangirl2 ;yep , , , , , ,
dveightus ;Rule -- ? [38mNO SEX ! ! ! ! , , , , , , , |fooling around and stuff is one thing , but we need to have a line that we don't crosee . OK for you ? | , , , , , , cross , , , , , ,
ima_beangirl2 ;ok , , , , , , , , , , , , ,
dveightus ;you're not mad or anything ? sometimes you sound . . . . . horny lol ! I didn't know what you expected . , , , , , , , aagggghhhh don't be sad , , , , , , , |there's TONS of stuff we can do to have fun , I just don't want you to do anything you'll regret later . | , , , , ,
ima_beangirl2 ;ok , , , , , ,
dveightus ;"I mean . . . well . . . are u a virgin ? ? ""> , , , , , ,"
ima_beangirl2 ;yea , , , , , ,
dveightus ;OK let me tell you a little story . Know who the first girl I ever fucked was ? ? , , , , , , , well ? ? , , , , , ,
ima_beangirl2 ;no , , , , , ,
dveightus ;|Her name was Liz Drake . she wa , I was . she worked in a cafe in Northridge , CA . where I went to school . she was a fucking GORGEOUS long blond haired , tight bodied surfer girl . It was amazing . | , , , , |Now , do you know who the SECOND girl I ever fucked was ? ? | , , , , ,
ima_beangirl2 ;no , , , , , ,
dveightus ;Neither do I , , , , , ,
ima_beangirl2 ;lol , , , , , ,
dveightus ;|That's the point . If I'm your first , you will carry me around with you for the rest of your life . I just want you to make sure it's somebody you want in there with you . Does that make sense ? | , , , , ,
ima_beangirl2 ;yea , , , , , ,
dveightus ;|AND BELIEVE ME when I tell you I want you soooooooooooooooooooooooooooooooooooooooooooooooooooooo bad it's killin me ! ! ! ! ! ! ! ! ! ! ! ! ! ! but I want you to be happy , too , and not regret anything . | , , , ,
ima_beangirl2 ;kewl , , , , , ,
dveightus ;"|So , we'll see what we think when we're together . :x:-*;| , , , , , , right now I'd settle for a taste of your strawberry lips mmmmmmmmm , , , , , ,"
ima_beangirl2 ;kiss , , , , , , , lol , , , , , ,
dveightus ;oh damn ! ! ! ! oh AMEEEEEEEEE , , , , , , , |you have NO IDEA the effect you have on me ! ! ! This is wild , and crazy , and a little scary , but I can't help it ! ! ! I HAVE to meet you ! ! ! ! I must , I must ! ! ! | , ,
ima_beangirl2 ;kewl ! ! ! , , , , , ,
dveightus ;because . . . . . . . . . , , , , , , , I have NOooo fucking idea . . . . , , , , , ,
ima_beangirl2 ;lol , , , , , ,
dveightus ;these guys are WILD ! ! , , , , , , , |ohhh , I LIKE that tongue ! ! That's what I'M gonna do to YOU ! ! ! | , , , , ,
ima_beangirl2 ;hehehe , , , , , ,
dveightus ;ewwww . . . creepy . definitely NOT that ! ! ! , , , , , , , partay time ! ! ! , , , , , ,
ima_beangirl2 ;whoooo hoo , , , , , , , >< , , , , , ,
dveightus ;mmmmm yummy ! :-* slurrrrrp*hey darling honey bunchkin ! I must must go and get ready for the insurance guy ! , , , , , ,
ima_beangirl2 ;kk , , , , , ,
dveightus ;|ttyl ! *OHhhhh my little goddesss Amy ! ! ! *licks & slurrrrps* right on your . . . . well , where should I put them ? ? ? | , , , , ,
ima_beangirl2 ;ne where u want ! ! ! , , , , , ,
dveightus ;OH MY GODDDDDDDD ! ! ! ! ! , , , , , , , how about one gentle little lick right between your sweet thighs ? ? ? , , , , , ,
ima_beangirl2 ;kewl ! ! ! , , , , , ,
dveightus ;ohj ohohhhhh ohohhhh shit ! I have to GOO ! ! ! ! ! , , , , , , , |I mean go ! not GOO ! Altho , I may have to do that too ! ! ! | , , , , ,
ima_beangirl2 ;lol kk , , , , , ,
dveightus ;Hey ! we've been hacked ! ! ! I never seen him be4 in my life ! ! , , , , , ,
ima_beangirl2 ;lol , , , , , , , ha ha , , , , , , , eewww , , , , , ,
dveightus ;|jusu , they travel in packs ! ! ! | , , , , , , |ooohhhh , she's cute ! ! ! | , , , , ,
ima_beangirl2 ;shes green ! , , , , , ,
dveightus ;|yeah , but on her it looks good lol ! | , , , , ,
ima_beangirl2 ;lol , , , , , ,
dveightus ;okok I'm gone ! ! I adore you ! ! ! ! ! MUAH big slurpy gooey licks on your yummy little love box ! ! ! :-* , , , , , ,
ima_beangirl2 ;u there ? , , , , , , , u there , , , , , ,
dveightus ;"Here I is ! ! ! ! ! :-* , , , , , , , you still there ? ? , , , , , , , I forgot I left the puter on . Talk to you tomorrow . . . nitey night :x , , , , , , , |:x:x:-*:-* Oh honey ! ! ! :- ? [x1mP I just saw your new profile on myspace . MAN O MAN ! ! ! I had BETTER get my horny old ass down there before you get grabbed up by , gorgeous young boys who would kill to spend one minute with you ! ! ! Baby , you are da bomb ! ! ! ! ; I mean wowee zowee ! ! I knew you were sweet and kind and understanding and warm and caring and loving . . . but who knew you were a GODDESS among mortals ? ? ? / :-* | , , , , , | I wanna lick every square INCH of your luscious bodee ! ! ! Then turn around and do it all again , backwards ! ! wow ! you made my tongue hurt ! ! ! | , , , , , , All the ladies in the house say . . . , , , , , , , so how's my little supermodel ? ? , , , , , , , Those new pics are fuckin OUTRAGEOUS ! ! ! ! , , , , , , , you there ? ? ? , , , , , , , R u back yet ? ? ? , , , , , , , |damn ! ! ! we gotta talk ! ! ! I'm cummin down there soon , you know ! ! There's STUFF to be arranged ! ! ! Next time you're on , message me when a good time to chat would be , OK ? ? ? :x God I miss you already and we haven't even MET yet ! ! ! ! lolz ! ! ! | , , , , |t's okay now , I'm here ! | , , , , , , Hello ? Hello ? Anybody there ? Echo ! , , , , , ,"
ima_beangirl2 ;where you are , , , , , ,
dveightus ;I wuz buzy , , , , , , , But I'm here nowwwww< , , , , , , , Whistle , , , , , , , Amieeeeeeeee , , , , , , , AMY CREAMCHEESE ! ! ! ! You come back here right now ! ! ! ! , , , , , , , | seriously , I gotta talk to you ! ! ! ! ! ~| , , , , , , |well , maybe not all | , , , , , , THAT seriously , , , , , , , , , , , , , , Welcome . I've been expecting you . , , , , , ,
ima_beangirl2 ;hye ! ~ , , , , , , , where you are , , , , , , , hey1 , , , , , ,
dveightus ;hi babycakes ! ! lemme know the SECOND you get on ! ! ! ! , , , , , , , <ding> , , , , , , , Hey ! ! ! :-* , , , , , , , You're STILL not on ! ! You said you were gonna be on today , , , , , , , IM meeeeeeeeeeeeeeee ! ! ! ! ! ! ! , , , , , ,
ima_beangirl2 ;hey ! ! ! ! , , , , , , , u here ? ? ? , , , , , ,
dveightus ;AAAgggggghhhhhh ! ! ! ! ! ! ! ! ! ! ! ! ! ! ! ! ! , , , , , , , did I miss u again ? ? ? ? ? ? ? , , , , , , , will you PUHLEEEEZE tell me what tiem is a good time for u b on ? ? ? It seems after school around :30 or ? ? ? That's when you've been IMing me . Let's aim for that tomorrow OR TELL ME A BETTER TIME ! ! ! ! ! ! ! ! , , , , , ,
ima_beangirl2 ;after skewl is good time , , , , , ,
