ID;msg
ekoplaya20 ;where in nj hun , ?
13 year old girl ;im in nnj , u ?
ekoplaya20 ;like what town
13 year old girl ;well i never say til i know sume one better , wat is ur asl ?
ekoplaya20 ;m redbank nj
13 year old girl ;oh
ekoplaya20 ;uekoplaya20 ( 03/01/07 :21:29 PM ) : ?
13 year old girl ;ur prof says u r
ekoplaya20 ;hmm does it
13 year old girl ;b> i would rather u said the truth and i dont mind if u r older
ekoplaya20 ;oo yah
13 year old girl ;yah just dont like to be lied to
ekoplaya20 ;ok sorry
13 year old girl ;its ok
ekoplaya20 ;soo u got any more pics of ur cute self
13 year old girl ;did u look on myspace ?
ekoplaya20 ;no
13 year old girl ;theres sum more there
ekoplaya20 ;look in sexy as the lil devil
13 year old girl ;lol ty
ekoplaya20 ;u have a webcam , ?
13 year old girl ;no srry i dont'
ekoplaya20 ;soo ur parents know ur on here
13 year old girl ;well my dad knows i chat
ekoplaya20 ;where r they now
13 year old girl ;my dad is in the livin room and i dont have a mom
ekoplaya20 ;soo whats the oldest guy u chatted with
13 year old girl ;welli just talk to anyone that chats w ith me
ekoplaya20 ;what u talk about
13 year old girl ;umm p rtty much anything
ekoplaya20 ;sexual things ?
13 year old girl ;well sumtimes guys ask me about stuff
ekoplaya20 ;like what
13 year old girl ;sexual things
ekoplaya20 ;"like\"" ? ?"
13 year old girl ;i a int say in
ekoplaya20 ;why not
13 year old girl ;so r u ?
ekoplaya20 ;soo why wont u say
13 year old girl ;cauz i dont kiss and tell
ekoplaya20 ;r u a virgin
13 year old girl ;b> r u ? or ?
ekoplaya20 ;does it matter
13 year old girl ;umm yah
ekoplaya20 ;y
13 year old girl ;|dang i hate guys that play stupid games , cya|
ekoplaya20 ;ok im
13 year old girl ;y do u have to play all those games ? , im
ekoplaya20 ;what r u doin
13 year old girl ;just chattin
ekoplaya20 ;soo u a virgin
13 year old girl ;yah , u ?
ekoplaya20 ;no , soo have u done anything like that
13 year old girl ;like wat ?
ekoplaya20 ;b> what sexual things have u done
13 year old girl ;well me and my old bf did sum oral stuff
ekoplaya20 ;like what
13 year old girl ;bj
ekoplaya20 ;u gacve hin a bj ?
13 year old girl ;yep
ekoplaya20 ;did u like it
13 year old girl ;yah it was kool
ekoplaya20 ;did he cum
13 year old girl ;yep
ekoplaya20 ;where
13 year old girl ;mouth
ekoplaya20 ;u like that
13 year old girl ;yah it was ok
ekoplaya20 ;how it taste
13 year old girl ;slimey
ekoplaya20 ;u masturbate ?
13 year old girl ;nah its not my thing
ekoplaya20 ;u know what it is
13 year old girl ;yeah lol
ekoplaya20 ;what is it
13 year old girl ;yep there ya go again , i am not stupid
ekoplaya20 ;u have any really sexy pics of urself ?
13 year old girl ;all i got is the ones on myspace prof
ekoplaya20 ;u wanna talk on the phone
13 year old girl ;lets chat here for now ca uz my dads home
ekoplaya20 ;soo what about q hen shes not
13 year old girl ;that woudl be kool
ekoplaya20 ;b> u have a cell ?
13 year old girl ;no
ekoplaya20 ;soo u cant call me now ?
13 year old girl ;no srry
ekoplaya20 ;u like to talk dirty ?
13 year old girl ;no i dont like phone sex i dont like cyber either , its stupid and fake , geez guess u showed wat u were o after
ekoplaya20 ;huh
13 year old girl ;u quit talkin as soon as is aid i didnt like c byer or phone sex
ekoplaya20 ;i left the room im back now
13 year old girl ;ahh
ekoplaya20 ;soo what else have u done
13 year old girl ;just the oral stuff
ekoplaya20 ;soo u never trued masturbating ?
13 year old girl ;i tried it
ekoplaya20 ;wen
13 year old girl ;a few months ago
ekoplaya20 ;what did u do
13 year old girl ;um touch myself
ekoplaya20 ;y didnt u like it
13 year old girl ;it felt weird doing it myself
ekoplaya20 ;u just gotta a keep rubbin it till it feels good
13 year old girl ;yah it felt icky to be do in it to myself my old bf used to do it
ekoplaya20 ;well if u kept doin it it would start to feel good
13 year old girl ;maybe but i would rather just wait
ekoplaya20 ;soo u home alon yet , whos on ? , hi
13 year old girl ;hiya , hows it goin ?
ekoplaya20 ;u home a lone ? ?
13 year old girl ;my dad is home
ekoplaya20 ;what uwe asr in , wearing
13 year old girl ;i got on jeans and a long sleeve shirt
ekoplaya20 ;soo have u played with urself yet
13 year old girl ;no
ekoplaya20 ;y
13 year old girl ;y do i need to do that ?
ekoplaya20 ;ull like it
13 year old girl ;nah i tried it and id idnt like it
ekoplaya20 ;when did u try
13 year old girl ;a few months ago
ekoplaya20 ;well try it again
13 year old girl ;i dont like it , y play with urself ? i would rather wait til i had a bf
ekoplaya20 ;yes i do it all the tiem
13 year old girl ;well guys do that stuff mroe then girls
ekoplaya20 ;i dunno , can i be ur bf
13 year old girl ;well how would we do that ?
ekoplaya20 ;online and phone bf
13 year old girl ;nah thats fake
ekoplaya20 ;where u live again
13 year old girl ;i want a bf that is real , im down the shore
ekoplaya20 ;where ?
13 year old girl ;im not that far from newark like an hr away
ekoplaya20 ;what town u in
13 year old girl ;i dont say til i know sumone
ekoplaya20 ;u close to brick ?
13 year old girl ;umm i guess
ekoplaya20 ;u guess ?
13 year old girl ;yah lol
ekoplaya20 ;what town
13 year old girl ;i told u i aint sayin , when i get to know u more i will tell u
ekoplaya20 ;well we might acutally live close
13 year old girl ;oh yeah ? , where do u live ?
ekoplaya20 ;lakewood
13 year old girl ;ok let me look it up brb , omg we r close
ekoplaya20 ;where r u
13 year old girl ;im about mins for u , from u
ekoplaya20 ;nice
13 year old girl ;wow
ekoplaya20 ;where r u
13 year old girl ;i told u im afraid to say til i know sumone more , im dood
ekoplaya20 ;oo cmon i told u
13 year old girl ;i get left alone lots , i dont know u at all u mite be a killer or sumthing , just know u aint far from me at all
ekoplaya20 ;if i know what town u live in doesnt mean i know where u livr
13 year old girl ;well still
ekoplaya20 ;soo wanna be my gf
13 year old girl ;i just wanna get to know u sum more , but i think it would be kool if u quit askin my town ! ! lol
ekoplaya20 ;what u wan an know
13 year old girl ;well ithink it woudl just be kool to chat for a while , is that ok ?
ekoplaya20 ;ok
13 year old girl ;kool
ekoplaya20 ;ask questions
13 year old girl ;let do questions k ? , i will go first , do u got bros or sis ?
ekoplaya20 ;nope
13 year old girl ;me either , ur turn , hello ?
ekoplaya20 ;u ask ur then ill ask
13 year old girl ;u aint no fun
ekoplaya20 ;ok what u like to do
13 year old girl ;i like movies music ha ing with my friends softball shoppin , do u have a kool car ?
ekoplaya20 ;its ok
13 year old girl ;do u have a kool car ? ? , wat kind ?
ekoplaya20 ;a gallant
13 year old girl ;srry didnt mean to repeat myself lol , hmm havent seen that , ur turn
ekoplaya20 ;soo what sur sex ties t outfit
13 year old girl ;well i got a rlly cute skirt and i wear a belly shirt with it , have u had lots of gfs ?
ekoplaya20 ;like
13 year old girl ;ur turn
ekoplaya20 ;u have a cell
13 year old girl ;no i broke mine and my dad wont get me a new one til the contract is up in april
ekoplaya20 ;when r u home alone
13 year old girl ;well my dad works days but he sumtimes goes out to show houses at nite and sumtimes stays all nite with his gf
ekoplaya20 ;he home now ?
13 year old girl ;yep
ekoplaya20 ;sooo u cant call me
13 year old girl ;not rite now , y do u wanna talk on the phone ?
ekoplaya20 ;yah
13 year old girl ;how come ?
ekoplaya20 ;soo ic an hear u
13 year old girl ;ok
ekoplaya20 ;u cant be on the phone when hes home ?
13 year old girl ;yah i can but he will know by hearing me , i am talkin to a guy , then he will ask questions
ekoplaya20 ;tell him im a friend from skol
13 year old girl ;well maybe , wat is ur number ?
ekoplaya20 ;u gunan call me ?
13 year old girl ;how long will u be home ?
ekoplaya20 ;u gunan call me now ?
13 year old girl ;im gonna see wat he is doin
ekoplaya20 ;ok go check
13 year old girl ;k hes on it
ekoplaya20 ;hes on the phone ?
13 year old girl ;yup , do u live by urself ?
ekoplaya20 ;no
13 year old girl ;is it ur cell i will be calling ?
ekoplaya20 ;yah
13 year old girl ;k
ekoplaya20 ;u gunna be home alone tonight ?
13 year old girl ;idk , he may or may not be here
ekoplaya20 ;u dont have a webcam do u
13 year old girl ;no , do u ?
ekoplaya20 ;yah
13 year old girl ;kool
ekoplaya20 ;b> jerkin off right now
13 year old girl ;how come ?
ekoplaya20 ;lookin at that devil pic of u
13 year old girl ;lol , kool
ekoplaya20 ;u take any new pics ?
13 year old girl ;no , ? ? ? ? ? ?
ekoplaya20 ;u wanan see it ? ( talking about his winky )
13 year old girl ;sure , |wow ( i hate this part , you always have to comment on it ) |
ekoplaya20 ;wow ?
13 year old girl ;big
ekoplaya20 ;u like
13 year old girl ;yah !
ekoplaya20 ;wat would u do
13 year old girl ;wat do u wanna do ?
ekoplaya20 ;u tell em
13 year old girl ;imia int got that much exper e ience , lol
ekoplaya20 ;well what do u think
13 year old girl ;wat ever u wanted me to
ekoplaya20 ;what u doin over there
13 year old girl ;watch in u
ekoplaya20 ;thats all ?
13 year old girl ;yah
ekoplaya20 ;wat u wearing
13 year old girl ;i got on jeans and a shirt
ekoplaya20 ;not gettin horny ?
13 year old girl ;i dont get worked up on the puter , but its kool to see u
ekoplaya20 ;talk dirty
13 year old girl ;i gtg i told u i dont cyber , cya
ekoplaya20 ;ur gon , go in , hey
13 year old girl ;hi yta
ekoplaya20 ;why u leave me be4
13 year old girl ;cauz u was tryin to get me to say stuff i didnt wanna and i just got tried of sayin no
ekoplaya20 ;oo im sorry
13 year old girl ;its ok , i just didnt know wat to do so i left
ekoplaya20 ;u home alone ?
13 year old girl ;no my dad is here
ekoplaya20 ;he sleepin ?
13 year old girl ;not y het , do u work ?
ekoplaya20 ;yah i just got home
13 year old girl ;so wat time r u usualy on during the day ?
ekoplaya20 ;well morrow ill be on for a lil before
13 year old girl ;crap , i got skool , u usually get home at this time ?
ekoplaya20 ;morrow ill be homwe at but ill only be home for like min
13 year old girl ;k , well maybe i can call one day this week , u gone ?
ekoplaya20 ;no im here , cant calll now ? ?
13 year old girl ;nah , srry
ekoplaya20 ;wat about when he s sleep in
13 year old girl ;im gettin off here in like mins i got skool tomorrow
ekoplaya20 ;ok goodnight
13 year old girl ;tty tomorrow i hope
ekoplaya20 ;biored be4 work , im bored , hi , helo
13 year old girl ;wat r u up to ? , u didnt get my reply ?
ekoplaya20 ;nope
13 year old girl ;srry i said hi back
ekoplaya20 ;oo , whats up
13 year old girl ;nm how about u ?
ekoplaya20 ;nad qa just got home
13 year old girl ;just got home from work ?
ekoplaya20 ;yah
13 year old girl ;kool , glad it wasnt me hehe , |i mean from working , im only kiddin ya ! ! |
ekoplaya20 ;soo u home alone tonight ?
13 year old girl ;no my dad is here
ekoplaya20 ;oo dam soo u cant call me again
13 year old girl ;srry , u there ?
ekoplaya20 ;yah
13 year old girl ;i will sneak the phone but i cant stay on for a long time k ?
ekoplaya20 ;ok
13 year old girl ;so wat is ur number ?
ekoplaya20 ;-448-4564
13 year old girl ;k give me a few ok ?
ekoplaya20 ;ok
13 year old girl ;hey wat is your first name ?
ekoplaya20 ;u there
13 year old girl ;yah wats ur first name
ekoplaya20 ;ill answer , u thee
13 year old girl ;getting ready , i gotta phone card so it will be a min
ekoplaya20 ;what do u need a phone card for ?
13 year old girl ;cauz i have an aunt that i talk to tha lives in ohio , ok hiding int hte br brb
ekoplaya20 ;? ?
13 year old girl ;hey ur number dont work
ekoplaya20 ;what number u dial in
13 year old girl ;-448-4564
ekoplaya20 ;what mean its not work in
13 year old girl ;i tried call in twice , it keeps saying invalid number , trying one more tim
ekoplaya20 ;try -270-5768 , hello , u there , hello
13 year old girl ;it keeps saying its invalid
ekoplaya20 ;why do u have a phone card ?
13 year old girl ;i told u cauz my aunt lives in ohio and i talk to her sumtimes , she sent me a card so i could call her when i need to talk to sum one
ekoplaya20 ;well u dont need a phone card to call me
13 year old girl ;well i dont want it to show up on my the bill
ekoplaya20 ;it will just show up as a local cal
13 year old girl ;r u sure ?
ekoplaya20 ;yes , hello
13 year old girl ;ok lemme see where dad is and i will call again , calling
ekoplaya20 ;what number ?
13 year old girl ;the one
ekoplaya20 ;ok
13 year old girl ;k going to hide in br
ekoplaya20 ;? ? / , ? /
13 year old girl ;im back
ekoplaya20 ;was he comin
13 year old girl ;yah
ekoplaya20 ;well sound cute
13 year old girl ;aww ty , u sounded way kool , thought u left
ekoplaya20 ;soo what town u in
13 year old girl ;told u ai ant sayin til i know u , u still here ?
ekoplaya20 ;ya
13 year old girl ;srry it was such a hassle to try to get u called , i always worry my dad will catch me
ekoplaya20 ;hi
13 year old girl ;hi
ekoplaya20 ;soo wen u gunna b home alone
13 year old girl ;its hard to tell but my dad is goin to a conference thing at the end of the month and his gf is goin too
ekoplaya20 ;ok and where will u b
13 year old girl ;i will be here
ekoplaya20 ;wat would u wanna do
13 year old girl ;idk
ekoplaya20 ;think
13 year old girl ;wat do u wanna do ?
ekoplaya20 ;u tell me
13 year old girl ;wtf ? im , u r the guy
ekoplaya20 ;well wat have u done
13 year old girl ;well i have done sum stuff , i thought we talked about it
ekoplaya20 ;i dunno
13 year old girl ;well idk either , lol i have done sum stuff
ekoplaya20 ;like wat
13 year old girl ;kissin and stuff
ekoplaya20 ;stuff
13 year old girl ;touching and stuff , wat all have u done ?
ekoplaya20 ;everything
13 year old girl ;kool
ekoplaya20 ;u give head ?
13 year old girl ;yah
ekoplaya20 ;have u been fn gered
13 year old girl ;yeah
ekoplaya20 ;did u like it
13 year old girl ;yeah it was kool
ekoplaya20 ;did u moan
13 year old girl ;well i wasnt too noisy lol i was a lil bit embarassed
ekoplaya20 ;why
13 year old girl ;well i didnt know how to act and didnt want him to laugh at me
ekoplaya20 ;soo u gave him head
13 year old girl ;yep
ekoplaya20 ;soo maybe we could do that
13 year old girl ;yah , that would prolly be ok
ekoplaya20 ;u take any new pics ?
13 year old girl ;no srry
ekoplaya20 ;u should get a webcam
13 year old girl ;i would if my dad would lemme
ekoplaya20 ;do u have bucks
13 year old girl ;ya
ekoplaya20 ;soo go out and get it
13 year old girl ;lol , i dont wanna get caught
ekoplaya20 ;hey if he goes to bed early call the -448-4564 nuymber
13 year old girl ;ok , ok ?
ekoplaya20 ;ok
13 year old girl ;is that ur cell ?
ekoplaya20 ;soo what would u do if u had a webcam
13 year old girl ;idk , would be hard to know for sure
ekoplaya20 ;what do u think
13 year old girl ;prolly just talk on it
ekoplaya20 ;u wouldnt do anything
13 year old girl ;well prolly not , sum one could put it on the net then i would be in deep crap
ekoplaya20 ;well i wouldnt
13 year old girl ;well idk i dont even know u very much yet
ekoplaya20 ;i g to g call that number later
13 year old girl ;k , bye
ekoplaya20 ;bored , bored and horny , hi , hi
13 year old girl ;hows it goin ?
ekoplaya20 ;wats up
13 year old girl ;same old stuff , how about u ?
ekoplaya20 ;home alone ?
13 year old girl ;no lol
ekoplaya20 ;whos on , hi
13 year old girl ;how r u ?
ekoplaya20 ;ok where u been
13 year old girl ;just been busy
ekoplaya20 ;with ?
13 year old girl ;friends and skool and stuff
ekoplaya20 ;when u gun an be home alne
13 year old girl ;idk y ?
ekoplaya20 ;soon ?
13 year old girl ;well my dad is goin at the end of the month
ekoplaya20 ;soo we gun an be able to hang out
13 year old girl ;yah if u wanna i would like that
ekoplaya20 ;u home alonen ow ?
13 year old girl ;no my dad is here
ekoplaya20 ;he sleeping ? /
13 year old girl ;not yet
ekoplaya20 ;u take any new pics ?
13 year old girl ;umm no
ekoplaya20 ;oo , what uw earing
13 year old girl ;my jammer z
ekoplaya20 ;wich r
13 year old girl ;sleep pants and a t
ekoplaya20 ;do anything with any gus y lately
13 year old girl ;no , wat have u been doin ?
ekoplaya20 ;not much
13 year old girl ;brb
ekoplaya20 ;im bored d
13 year old girl ;k back
ekoplaya20 ;where u go
13 year old girl ;im starvin , so i got sumthing to eat
ekoplaya20 ;can u call me ? /
13 year old girl ;i cant tonite , its hard for me to call and stuff , my dad is usualy around and i got skool alld ay , it will be easier in the summer
ekoplaya20 ;whs y that
13 year old girl ;ca uz my dad is usualy here and in summer he will be work in , and i willb e home
ekoplaya20 ;soo what u wanna do with me
13 year old girl ;well we talked about a lot of stuff
ekoplaya20 ;ok ? ?
13 year old girl ;well we can do that stuff if u wanna
ekoplaya20 ;what stuff
13 year old girl ;geez u dont rmember ?
ekoplaya20 ;of pr gtp
13 year old girl ;wat ?
ekoplaya20 ;i forgot
13 year old girl ;well then i guess it a int worth talkin about then
ekoplaya20 ;was it play with me
13 year old girl ;forget it , ttyl
ekoplaya20 ;where u goin
13 year old girl ;gawd
ekoplaya20 ;bored , hey , any1on ? ? ? , hey baby
13 year old girl ;hi
ekoplaya20 ;whats up
13 year old girl ;nm , how aobut u ?
ekoplaya20 ;nuthing im horny
13 year old girl ;hmm
ekoplaya20 ;hmmm , u there
13 year old girl ;yup
ekoplaya20 ;what u doin
13 year old girl ;just chattin
ekoplaya20 ;home alone ?
13 year old girl ;no dad is here
ekoplaya20 ;soo u said he is gunna be gone at the end of the month
13 year old girl ;yep
ekoplaya20 ;what day u know ?
13 year old girl ;he is leavin on the thy
ekoplaya20 ;ok till when
13 year old girl ;well is on a thurs and he is gone until sunday
ekoplaya20 ;soo im gunan come over ?
13 year old girl ;well if u still want to
ekoplaya20 ;yah i dont know what town u even live in yet
13 year old girl ;i will tell u , when it gets closer
ekoplaya20 ;u live in brick ?
13 year old girl ;im not say in yet but im close
ekoplaya20 ;can u sneak in sum where and call me
13 year old girl ;its a pain trying to talk on the phone when he s home
ekoplaya20 ;please will u
13 year old girl ;i cant
ekoplaya20 ;what u wear in
13 year old girl ;i have on jeans and a sweatshirt
ekoplaya20 ;what u gun an wear when i cum over
13 year old girl ;wat kinda clothes do u like ?
ekoplaya20 ;sumthing sexy
13 year old girl ;do u like jeans or skirts ?
ekoplaya20 ;skirts
13 year old girl ;k , i will wear a skirt then
ekoplaya20 ;b> and u want my dick in u
13 year old girl ;well yah if u r easy first time
ekoplaya20 ;huh ?
13 year old girl ;first time we do it
ekoplaya20 ;what u mean
13 year old girl ;im a virgin i just dont want it to hurt first time
ekoplaya20 ;its goin to im thick
13 year old girl ;well can u just be easy first time ?
ekoplaya20 ;easy when i put it in ?
13 year old girl ;yep , and can u bring condoms ?
ekoplaya20 ;ok
13 year old girl ;k , do u wanna drink n stuff ? , where did u go ?
ekoplaya20 ;hey , im fuckin bored
13 year old girl ;so go out
ekoplaya20 ;oo ur online ? ?
13 year old girl ;yep
ekoplaya20 ;on invisble ?
13 year old girl ;yah
ekoplaya20 ;y
13 year old girl ;idk
ekoplaya20 ;dad home
13 year old girl ;i didnt even r lly realize it
ekoplaya20 ;u home alone ?
13 year old girl ;no
ekoplaya20 ;dam dont he go out
13 year old girl ;yah , but he does live here
ekoplaya20 ;soo cant call me ?
13 year old girl ;no , so u aint gonnna talk to me now ?
ekoplaya20 ;i am , what u wanna taal k abou it
13 year old girl ;we can talk online , i hope u can make it at the end of the month
ekoplaya20 ;u said uw anted to drink ?
13 year old girl ;yah if u do
ekoplaya20 ;u sure ur
13 year old girl ;y woudl u ask that ?
ekoplaya20 ;ur drinkin and havin sex
13 year old girl ;so ? , u never did anything when u was my age ?
ekoplaya20 ;i dunno p , i forget
13 year old girl ;i mean i cant buy it myself or anything , and heck if it bugs u we dont have to
ekoplaya20 ;soo wheere u live
13 year old girl ;told u i woujld tell u when it gets closer
ekoplaya20 ;wish u would tell me now
13 year old girl ;y ?
ekoplaya20 ;cause i do tn wanna wait till then and then find out u live all far
13 year old girl ;i dont
ekoplaya20 ;ok where
13 year old girl ;told u i will tell u , im like m ions from u
ekoplaya20 ;so ou get any new pc is
13 year old girl ;just the one on my prof , u get any ?
ekoplaya20 ;u seen mine right
13 year old girl ;i saw one
ekoplaya20 ;u saw me on cam tro
13 year old girl ;just ur stuff
ekoplaya20 ;whay skool u go to
13 year old girl ;geez , if i tell u u will know where i live
ekoplaya20 ;well maybe i could pick u up from skool
13 year old girl ;not til my dad is out of town
ekoplaya20 ;isn the sleep in
13 year old girl ;yah
ekoplaya20 ;well call me while he sleep in
13 year old girl ;im not call in again
ekoplaya20 ;y
13 year old girl ;"cauz its a pain in ;the ass"
ekoplaya20 ;well hes sleepin he wont know
13 year old girl ;ya and if he wakes up
ekoplaya20 ;hang up
13 year old girl ;im not call in , wat can we say on phone we cant say here ?
ekoplaya20 ;i just wanna hear u
13 year old girl ;u did already
ekoplaya20 ;heyyy , bed time soon , whos bored , hi , soo u ron , <ding> , iom np redd , bored dd , ? ? , ?
13 year old girl ;wat ?
ekoplaya20 ;wat u doin
13 year old girl ;just watchin in the room
ekoplaya20 ;its the end of the month
13 year old girl ;its boring too
ekoplaya20 ;when is ur dad leaving
13 year old girl ;th
ekoplaya20 ;b> soo we got days
13 year old girl ;yah , i keep check in the calend dar
ekoplaya20 ;than i ge tto fuck u
13 year old girl ;yah
ekoplaya20 ;its gun an hurt u know that right
13 year old girl ;yah thats y i asked u to be easy first time
ekoplaya20 ;soo u never done it be4 right
13 year old girl ;no i havent
ekoplaya20 ;just sucked a dick right
13 year old girl ;yep , does htat b ug u ?
ekoplaya20 ;no , soo where can i cum
13 year old girl ;u got condoms ?
ekoplaya20 ;yah
13 year old girl ;then u can do it where ve u want
ekoplaya20 ;b> i would like to do it bare and pull out
13 year old girl ;but cant i get pregnant that way ?
ekoplaya20 ;not if i dont cum in u
13 year old girl ;u r totally sure ?
ekoplaya20 ;yh
13 year old girl ;k
ekoplaya20 ;i wanan cum on u
13 year old girl ;ok
ekoplaya20 ;ut here
13 year old girl ;yep
ekoplaya20 ;soo whats the oldest guy u been with , what u do with him
13 year old girl ;the stuff we talked about , oral stuff
ekoplaya20 ;wheres ur dad now
13 year old girl ;in the living room
ekoplaya20 ;soo am i gunan get in trouble for fuckin ui
13 year old girl ;y would u get in trouble ?
ekoplaya20 ;cause im older then u
13 year old girl ;and whos gonna know ?
ekoplaya20 ;ok ur not gunan tell any1
13 year old girl ;no im not gonna tell anyone , im not stupid
ekoplaya20 ;ok good , i wish we could talk on the phoen or e , more
13 year old girl ;it would be kool , im srry but its a pain
ekoplaya20 ;i dont get why u cant use the phone wit him there
13 year old girl ;i dont want to get caught talkin to u , i will lose my puter and everything
ekoplaya20 ;justs ay ur talkin to a friend . . . u do talk to friends on the phoen when hes there right
13 year old girl ;yah , but he cant tell when im talkin to a boy , if u r afraid to come then dont come , just say so so i know
ekoplaya20 ;im not
13 year old girl ;ok , well u got all these questions and stuff
ekoplaya20 ;why should i be afraid
13 year old girl ;well u r askin if u r gonna get in trouble and stuff , i dont v feel like i should have to like beg sumone
ekoplaya20 ;nah u dont , i was just skin
13 year old girl ;ok just check in
ekoplaya20 ;bbooorrreddd , whos up , mourning , who son invis ble , hi , hi
13 year old girl ;hi , y didnt u speak earlier ?
ekoplaya20 ;wen
13 year old girl ;u said hi and i said hi back and u wouldnt answer
ekoplaya20 ;never got a hi back
13 year old girl ;oh well i said hi but u musta not got it
ekoplaya20 ;home alone ?
13 year old girl ;lol no
ekoplaya20 ;mourn ign , bored d
13 year old girl ;hey
ekoplaya20 ;hey
13 year old girl ;how r u
ekoplaya20 ;ok u
13 year old girl ;im do in ok , wat u been up to ?
ekoplaya20 ;not much , just woke up
13 year old girl ;lol , i got up like an hr or so ago
ekoplaya20 ;home alone ?
13 year old girl ;no
ekoplaya20 ;days ? ?
13 year old girl ;u r coming ?
ekoplaya20 ;ya
13 year old girl ;omg ! ! that is soo kool
ekoplaya20 ;what u gunna wear for me
13 year old girl ;i was thinkin about a skirt
ekoplaya20 ;ok what else
13 year old girl ;well i got sum real cute shirts
ekoplaya20 ;panties , ?
13 year old girl ;yah lol
ekoplaya20 ;y
13 year old girl ;well i would feel weird without them , r u comin on thurs ?
ekoplaya20 ;yah what time
13 year old girl ;well do u wanna come like or so ca uz he is leavin around
ekoplaya20 ;well i might have work till soo how about then
13 year old girl ;ok that would be tter , that way if gram want anything i can do it before u come
ekoplaya20 ;u have stocking or anything
13 year old girl ;yah i got sum tites
ekoplaya20 ;ok , i like them
13 year old girl ;where do u live again ?
ekoplaya20 ;jackson , where do u live ?
13 year old girl ;man to lok in , Mantoloking
ekoplaya20 ;man to lok in road
13 year old girl ;no the town
ekoplaya20 ;is it off the parkway
13 year old girl ;i guess
ekoplaya20 ;whats ur address ill do a mapquest
13 year old girl ;i a int say in exact yet , i a int that far from brick
ekoplaya20 ;is man to lok in road by eu
13 year old girl ;no
ekoplaya20 ;b soo when i get there we just gunna tsr at makin out
13 year old girl ;well wat do u wanna do ? do u wanna talk a while ? walk on the beach ? or wat ?
ekoplaya20 ;we can start makin out
13 year old girl ;kool
ekoplaya20 ;get any new pics ?
13 year old girl ;no , do u ?
ekoplaya20 ;soo cant call me ?
13 year old girl ;not rite now
ekoplaya20 ;hello o , mourning , hey there , hi , helloo ? ? , hello o
13 year old girl ;i was hop in u would come online
ekoplaya20 ;wats up
13 year old girl ;nm how about u ?
ekoplaya20 ;nada
13 year old girl ;same here
ekoplaya20 ;morrow ?
13 year old girl ;u still coming ? , hello ?
ekoplaya20 ;ya
13 year old girl ;yay ! ! , oclock still ?
ekoplaya20 ;well cakll me at
13 year old girl ;y ? , y cant u just come ?
ekoplaya20 ;well i dont know where u live . . . 2 i dont wanna just show up without talkin to u first
13 year old girl ;ok , u here ?
ekoplaya20 ;ya , he home now ? ?
13 year old girl ;yah he is packin and boy is he bein a bitch
ekoplaya20 ;y
13 year old girl ;he waited til hte last minute and now hes in a big hurry and tryin to find stuff
ekoplaya20 ;hey all l
13 year old girl ;he will be gone tomorrow
ekoplaya20 ;wat time he leaving
13 year old girl ;noon
ekoplaya20 ;i have no idea where u live
13 year old girl ;i live in mantoloking
ekoplaya20 ;i dont know where that is
13 year old girl ;its not that far from brick
ekoplaya20 ;wats ur address ill do a mapquest
13 year old girl ;i aint givin it unless u r sure u r coming
ekoplaya20 ;yes i am
13 year old girl ;k , wat time ?
ekoplaya20 ;like
13 year old girl ;k , Mantoloking
ekoplaya20 ;u live near adams ton road
13 year old girl ;yah
ekoplaya20 ;wich is by man to king road , . . .
13 year old girl ;ok
ekoplaya20 ;?
13 year old girl ;booted , did u find it ?
ekoplaya20 ;ya , min
13 year old girl ;kool , so will u be here by :30 ?
ekoplaya20 ;call me at
13 year old girl ;k
ekoplaya20 ;-448-4564
13 year old girl ;um but do u think u can make it by :30 ?
ekoplaya20 ;i can try , y
13 year old girl ;cauz i would like to be ready and stuff when u come
ekoplaya20 ;well u got all day to get ready
13 year old girl ;i mean a time would be nice so i can have my shower , but i wanna s hower just before u come
ekoplaya20 ;ya -6 as long u call me
13 year old girl ;i will call i promise
ekoplaya20 ;cabt call me now ? ?
13 year old girl ;not while my dad is here , u gotta work tomorrow ?
ekoplaya20 ;ya
13 year old girl ;k , i am rlly excited about u comin
ekoplaya20 ;whys that
13 year old girl ;cauz we r gonna have fun
ekoplaya20 ;oo ya
13 year old girl ;u want me to get pizza for u tomorrow ?
ekoplaya20 ;ok
13 year old girl ;wat do u want on it ?
ekoplaya20 ;plain
13 year old girl ;no pepperoni ?
ekoplaya20 ;dont matter
13 year old girl ;ok
ekoplaya20 ;soo what if u dont like me
13 year old girl ;i will
ekoplaya20 ;how do u know
13 year old girl ;i like u so far
ekoplaya20 ;call me when leaves morrow also
13 year old girl ;u gonna get off work early ?
ekoplaya20 ;no ih just wanna talk to be 4h and
13 year old girl ;how come ? , i dont get it
ekoplaya20 ;cause i do
13 year old girl ;ok
ekoplaya20 ;soo u got ur outfit ?
13 year old girl ;yah , skirt , rite ?
ekoplaya20 ;what else
13 year old girl ;i got a belly shirt im gonna wear with it
ekoplaya20 ;ok , u got any new pics
13 year old girl ;lol that one is dumb
ekoplaya20 ;when did u take the ese
13 year old girl ;they were ones i found and got scanned , the one in blue i took like wks ago
ekoplaya20 ;any more , oops e
13 year old girl ;n o
ekoplaya20 ;lemme see a agai , b> soo u gunna let me finger u
13 year old girl ;yah
ekoplaya20 ;u gunna moan for me
13 year old girl ;"lol yah , "">"
ekoplaya20 ;wish u had sum more body pics
13 year old girl ;sigh
ekoplaya20 ;u have them
13 year old girl ;no i dont
ekoplaya20 ;imh orny
13 year old girl ;can u wait til tomorrow ?
ekoplaya20 ;well ill be horny morrow ]
13 year old girl ;lol
ekoplaya20 ;soo where can i cum
13 year old girl ;well i just dont wanna get pregnant
ekoplaya20 ;ok , soo where can i
13 year old girl ;u got condoms ?
ekoplaya20 ;no
13 year old girl ;can u bring sum ?
ekoplaya20 ;i can try , soo what u gunna do when i walk in
13 year old girl ;i wanna hug u
ekoplaya20 ;ok then
13 year old girl ;well wat u gonna do ?
ekoplaya20 ;wat u want
13 year old girl ;well i would like a hug
ekoplaya20 ;ok , then
13 year old girl ;hey i gtg , i got skool tomorrow , hey i wont be able to call til i get outta skool
ekoplaya20 ;what time is that
13 year old girl ;:25
ekoplaya20 ;ok
13 year old girl ;k , i will tty later , bye !
ekoplaya20 ;cant sleep whos up , well u didnt call me back soo i guess u dont want me to come
13 year old girl ;hey , i do want u to come , where r u ?
ekoplaya20 ;im home , -844-2843 thats ur number ?
13 year old girl ;yah
ekoplaya20 ;oo
13 year old girl ;dont call it tho
ekoplaya20 ;i called it twice u didnt answer
13 year old girl ;it goes to an answering thingy first , now my dad will ask me about hte number
ekoplaya20 ;just say it was a wrong number
13 year old girl ;no its an answering thing , damn
ekoplaya20 ;huh
13 year old girl ;i just dont want him to know , and ask me questions about the number
ekoplaya20 ;just say u didnt know the number soo u didnt answer it
13 year old girl ;ok , r u coming ?
ekoplaya20 ;soo im not gunna get in trouble am i
13 year old girl ;how u gonna get in trouble ? only person gonna get in troulbe is me now
ekoplaya20 ;why u
13 year old girl ;if he sees that nub mer
ekoplaya20 ;soo u live in a neighbor hood ?
13 year old girl ;yah i live on the beach , do u wanna meet me on the beach ?
ekoplaya20 ;nah that would be harder , be outside ur house tho
13 year old girl ;ok , u coming now ? , ?
ekoplaya20 ;why didnt u cal me in min like i said
13 year old girl ;idk i was getting ready to call again
ekoplaya20 ;well call me in min
13 year old girl ;y cant u just come ?
ekoplaya20 ;i want to talk to u on the phone till i get there
13 year old girl ;ok
ekoplaya20 ;soo call me in min
13 year old girl ;u r rlly coming ?
ekoplaya20 ;yah
13 year old girl ;yay ! ! !
ekoplaya20 ;call me in min
