ID;msg
erickbigdick ;hi can we chat
babigirl_babygirl3 ;sure , interst in name , asl
erickbigdick ;. m . philly , u
babigirl_babygirl3 ;almost nj side of philly , that ok wit u ?
erickbigdick ;if u fuck an older guy before
babigirl_babygirl3 ;a yr old , but he ws rough n it was fast , but tht was kind goood
erickbigdick ;ok , have u ever been to philly
babigirl_babygirl3 ;we liv d near germantown in som shit tty apts before
erickbigdick ;now where u at
babigirl_babygirl3 ;my moms tll wok rs there
erickbigdick ;now where u live
babigirl_babygirl3 ;ovr by the afb mc gure or somthing lik that , just out sid pem brt on
erickbigdick ;how close to philly u are , now
babigirl_babygirl3 ;it takes mom like - min get to work
erickbigdick ;ok , u live with ur dad ?
babigirl_babygirl3 ;hes dead
erickbigdick ;sorry to hear about it
babigirl_babygirl3 ;thnx
erickbigdick ;u welcome , u been with black guys before ?
babigirl_babygirl3 ;kissd one , color dont mattr
erickbigdick ;u have older sister or brother ?
babigirl_babygirl3 ;nop , jus me
erickbigdick ;u never invite a guy over while ur mon at work ?
babigirl_babygirl3 ;just my ex bf , but usualy i was in such as uk y apt i didnt wnat anyone see
erickbigdick ;it dont matter cuz the guy only coming over to fuck and la eve
babigirl_babygirl3 ;no we hng out n stuff for a whil , watch d movies , n ate n stuff
erickbigdick ;what time ur mom leave for work everyday ?
babigirl_babygirl3 ;it changs , shes a shift manger at the xray dept at the hosp it l , shell b home in bout an hour tonight , n then tom row does a shift
erickbigdick ;she never come home early ?
babigirl_babygirl3 ;hel no
erickbigdick ;does she work on the weekend ?
babigirl_babygirl3 ;not this week dn , she sg onto can coon , with her fancy sno by dr bf
erickbigdick ;u gonna be there by yourself ?
babigirl_babygirl3 ;im go in be a this hous by the shor watch in his littl dogs , but img on a sneak n pack my computr tower n use his monitor n stuff
erickbigdick ;thats a nice time for a guy to come spend the weekend with u ? , can i be the one
babigirl_babygirl3 ;u wuld wana come see ME ? ? ?
erickbigdick ;hell yeah , u be by yourself
babigirl_babygirl3 ;n thos shitty dogs , what wuld we do
erickbigdick ;fuck every day ant night , and watch movies
babigirl_babygirl3 ;u wuldnt be rough wuld u ?
erickbigdick ;no i will take it easy on u , u like to suck dick ?
babigirl_babygirl3 ;i do but an othr thing he did was hold my head dwn on his lap , i bout choked to death
erickbigdick ;i will never do that , i will let u be yourself
babigirl_babygirl3 ;hey im carla , whts ur name lol
erickbigdick ;im jean
babigirl_babygirl3 ;hi jean
erickbigdick ;nice meet u
babigirl_babygirl3 ;same herr , here
erickbigdick ;whats ur favorite position ?
babigirl_babygirl3 ;position ?
erickbigdick ;to get fuck ?
babigirl_babygirl3 ;iv only been on my bck
erickbigdick ;so would u invite me over ?
babigirl_babygirl3 ;i could do that
erickbigdick ;let me know so that i can make a lie to my parents
babigirl_babygirl3 ;giv me min i need som more soda k ?
erickbigdick ;k
babigirl_babygirl3 ;k back
erickbigdick ;cool , would u be scare if my dick is too big ?
babigirl_babygirl3 ;is it th on ur profile ?
erickbigdick ;yes
babigirl_babygirl3 ;i lik it , it dont scar me , scare
erickbigdick ;k
babigirl_babygirl3 ;nice , any of ur face ?
erickbigdick ;yes
babigirl_babygirl3 ;ur soooo cute
erickbigdick ;thanks
babigirl_babygirl3 ;lol , the last one jus finish d load in
erickbigdick ;ok
babigirl_babygirl3 ;sorry yaho crashd on me
erickbigdick ;its cool , u like when a guy down on u ?
babigirl_babygirl3 ;no s done that b4 , i ve heard bout it tho
erickbigdick ;would u even try anal ?
babigirl_babygirl3 ;wunt that hurt like LOTS ? ? ?
erickbigdick ;do u have any other friends that like sex ? , females
babigirl_babygirl3 ;not that ive realy kno to talk to like that
erickbigdick ;when was the ast time u had sex ?
babigirl_babygirl3 ;bak in octobr
erickbigdick ;when u want me to come down ?
babigirl_babygirl3 ;i dunno i m gonna be there lik thurs - sun aftrnnoon , at least it2 days otta school
erickbigdick ;i can come and fuck the whole day and go back to philly
babigirl_babygirl3 ;which day ?
erickbigdick ;the day thats good for u or this weekend ?
babigirl_babygirl3 ;fri wuld be good
erickbigdick ;cuz im going on spring break fri ady
babigirl_babygirl3 ;ok , then u wana come thurs , their leaving like round noon to catch thr flight at
erickbigdick ;they are leaving friday ?
babigirl_babygirl3 ;no thurs , im going ovr like i think
erickbigdick ;i can come over ur mom crib fuck u till
babigirl_babygirl3 ;n then snobbys gona tell me this loooooooong list of sht to do his dam dogs , moms gona be there
erickbigdick ;i thought ur mom was leaving ?
babigirl_babygirl3 ;im not gona be at her hous , img on a be a this on the shore , by mant log i king or something like that
erickbigdick ;u know the address ?
babigirl_babygirl3 ;no but i can get it tomorrow , if not ill hav it by wed
erickbigdick ;no problem , i can come fuck u on thursday night
babigirl_babygirl3 ;u got a cool ride ?
erickbigdick ;nope just a nissan maxima my dad bought me
babigirl_babygirl3 ;hey tht6 works too , so ur in collge if ur goin on sprin break ?
erickbigdick ;yes
babigirl_babygirl3 ;whtcha studyin ?
erickbigdick ;and work part time , mechanical eng .
babigirl_babygirl3 ;sound lik a LOT of schol work , i hate school work
erickbigdick ;u have a nice ass , ?
babigirl_babygirl3 ;i guess so , i get some wh isles n stuff
erickbigdick ;so how tall are u
babigirl_babygirl3 ;short
erickbigdick ;cool i ca pick u up , can
babigirl_babygirl3 ;prob , im lbs
erickbigdick ;cool , u want me to cummmmm in ur mouth ?
babigirl_babygirl3 ;as long as u dont hol my head down on it
erickbigdick ;never
babigirl_babygirl3 ;sweet , :-*
erickbigdick ;thanks , how long would u let me fuck u ?
babigirl_babygirl3 ;i dont know , theres time limits or something ?
erickbigdick ;nope in case the dick hurt u , cuz u might be very tight
babigirl_babygirl3 ;we can go as it happns i gues thn
erickbigdick ;ok no problem , u never cut school and go home early ?
babigirl_babygirl3 ;no
erickbigdick ;u go to a private school ?
babigirl_babygirl3 ;our schols got security shit n they watch to mak sure u dont leave , no but its shitty
erickbigdick ;oh ok i see
babigirl_babygirl3 ;brb i gotta pee
erickbigdick ;i have to take a shower sexy , i see u in a few
babigirl_babygirl3 ;hi
erickbigdick ;whats up , did u get the address ?
babigirl_babygirl3 ;not yet
erickbigdick ;ok no problem
babigirl_babygirl3 ;but its inman to l king , something like that
erickbigdick ;i can wait till u get it , so u been thinking about me already /
babigirl_babygirl3 ;yeah , last nite
erickbigdick ;so ur mom coming back on saturday or sunday ?
babigirl_babygirl3 ;sunday , their fl it comes in like at sumthing
erickbigdick ;if u want me to come spend the over friady night i can do that ?
babigirl_babygirl3 ;sure
erickbigdick ;i want to know from u first so that i can tell my mom a lie
babigirl_babygirl3 ;u liv with ur folks to ?
erickbigdick ;yep
babigirl_babygirl3 ;u can come over e it hr nite , just let me kno so i can turn off ht alarm
erickbigdick ;the house dont have a camera ?
babigirl_babygirl3 ;oh no , just are elly loud sir n thing if u come in a door if its turned on , i accu i dently did , tit
erickbigdick ;the dogs are in the cage ? or walking around
babigirl_babygirl3 ;they hav their own ROOM
erickbigdick ;they know u very well ?
babigirl_babygirl3 ;enoghy for me to tak car of them , their poo dls , fancy schmancy poodles , spoil d poodles , they have a bet tr bed than i do i think
erickbigdick ;yahoo kick me off
babigirl_babygirl3 ;glad ur back
erickbigdick ;why ?
babigirl_babygirl3 ;i missd u'
erickbigdick ;already , u will fall in love if i spend the night at ur crib
babigirl_babygirl3 ;prob
erickbigdick ;so ur mom used to live u by yourself before or the first time ?
babigirl_babygirl3 ;be for
erickbigdick ;im just making sure so that we are not gonna get into trouble
babigirl_babygirl3 ;no
erickbigdick ;how long u been fucking black guys ?
babigirl_babygirl3 ;nev r had a black bf be for
erickbigdick ;since when u start thinking about fucking one ?
babigirl_babygirl3 ;sinc i found u
erickbigdick ;cool , but u know how im older than u would u keep everything discreet ? , a secret
babigirl_babygirl3 ;ya
erickbigdick ;so do u have any females friends that be coming over once ur mom go on a trip like that ?
babigirl_babygirl3 ;no , iv only been at this schol since jan , my old fri dns are back in philly
erickbigdick ;oh ok i see
babigirl_babygirl3 ;hey , u gona brin some rubbrs
erickbigdick ;i have a few , like of them
babigirl_babygirl3 ;thats a few , i just dont wana hav a baby
erickbigdick ;i would never c ummmm in ur pussy , i would cum mmmm mmmm mm in ur mouth or ass never in ur pussy unless u are on a shot or pils
babigirl_babygirl3 ;im nto on no pills
erickbigdick ;thats why i will never cum mmmm mmmm mm in ur pussy
babigirl_babygirl3 ;ok
erickbigdick ;u have long hair ?
babigirl_babygirl3 ;its bout to my armpits
erickbigdick ;u wouldnt mind if i pull it while im fucking u doggie style
babigirl_babygirl3 ;as long as u leav it in my head
erickbigdick ;it will be there
babigirl_babygirl3 ;good
erickbigdick ;its just a soft touch
babigirl_babygirl3 ;imk in cd a attach dto it
erickbigdick ;how would u react if i want to lick ur body from head to toes ?
babigirl_babygirl3 ;i might g igggle
erickbigdick ;ok im not gonna do it , i will wait till u can resist from it
babigirl_babygirl3 ;im tick is lh
erickbigdick ;thats why i ask cuz not many girls can hand dle a guy licking a pussy
babigirl_babygirl3 ;i dont kno if im ticklish down the rt ho , i kno my feet n sides are
erickbigdick ;i will try tp ur pussy
babigirl_babygirl3 ;ok
erickbigdick ;what u like doing the most sexually ?
babigirl_babygirl3 ;i just had these x a cup ld of times
erickbigdick ;the guy just bend u over and fuck thats it
babigirl_babygirl3 ;prety much ya
erickbigdick ;any other positions
babigirl_babygirl3 ;nop
erickbigdick ;how long u were getting fuck ? , like minutes , or an hour
babigirl_babygirl3 ;may bm in
erickbigdick ;did u scream ?
babigirl_babygirl3 ;no , i crid a littl whn he was hurtin me
erickbigdick ;did u ask him to stop or u can handle pain /
babigirl_babygirl3 ;i ask d him to stop , h ws hardn rough
erickbigdick ;that hapen in philly or nj ?
babigirl_babygirl3 ;phill lly
erickbigdick ;how many times he fucked ? , only once or hes the one that fuck u twice
babigirl_babygirl3 ;he did it x , he said it wuld bee a sir the first time , i mean the nd but it wasnt , i think it ws just him
erickbigdick ;the first time u get fuck did u bleed ? , since u were a virgin i guess ?
babigirl_babygirl3 ;jus a littl
erickbigdick ;so i dont think that i will fuck u on ur mom bf bed , cuz u will be bleeding
babigirl_babygirl3 ;img on a hav my own bed in the guest room , or of thm i shuld say
erickbigdick ;ok i see , im hard right now just by talking u
babigirl_babygirl3 ;so whn u wana come ovr thurs or fri or just stay from thurs on
erickbigdick ;i dont think u will be able to handle me for a night , i will come and leave
babigirl_babygirl3 ;well we cn cuddl aftr
erickbigdick ;we can but i will be horny around u cuz im already interested in u
babigirl_babygirl3 ;:-*
erickbigdick ;so what u doing right now
babigirl_babygirl3 ;thinkin buot whn u come over
erickbigdick ;im about to take a shower u will see me soon just a couple more days
babigirl_babygirl3 ;yea aaaa aaaa a , ok
erickbigdick ;i will come over to satisfy u for days
babigirl_babygirl3 ;cool
erickbigdick ;i will come saturday morning to spend the whole day with u
babigirl_babygirl3 ;which day , thurs fri or say
erickbigdick ;satuday
babigirl_babygirl3 ;sat , k
erickbigdick ;u will get some dick thursday and friday night , to hours at least
babigirl_babygirl3 ;so wht time u think in bout coming over thur night then , so i know to turn of the alrm n expect u
erickbigdick ;pm
babigirl_babygirl3 ;cool
erickbigdick ;im about to go pick up my mom i will talk to u in a few
babigirl_babygirl3 ;ok
erickbigdick ;:-*
babigirl_babygirl3 ;:-* , hey sory but im sooooooo tird , im gona crash catch up wit u tomorow k ? , :-*:-* , hey
erickbigdick ;whats good
babigirl_babygirl3 ;got th addy
erickbigdick ;ok sexy
babigirl_babygirl3 ;:-* , le me know he nur ready it
erickbigdick ;i will sexy
babigirl_babygirl3 ;sory i left last night , i got tired
erickbigdick ;its ok , cuz i came back late
babigirl_babygirl3 ;i waz hping u wuldnt be mad
erickbigdick ;no i dont get mad that easy for little thing like that
babigirl_babygirl3 ;><
erickbigdick ;so how was school
babigirl_babygirl3 ;norml , suck d
erickbigdick ;i see
babigirl_babygirl3 ;typ in sa requirment , ummm hello i already KNO how to type
erickbigdick ;so u good
babigirl_babygirl3 ;but just st upd shit , so wht did u do today ?
erickbigdick ;just go work thats it
babigirl_babygirl3 ;oh ya u got that prt time job right ? , wht do u do there ?
erickbigdick ;drive a school bus
babigirl_babygirl3 ;im sory , i culd NTO do that , hate riding on them
erickbigdick ;but it was the easiest one for me to be able to create time for school
babigirl_babygirl3 ;i can und rst and that
erickbigdick ;yep , and i dont work hard
babigirl_babygirl3 ;i spos u got lots of aspirin thn huh ?
erickbigdick ;nope my kids are good on the bus , cuz im more relax , im a young guy
babigirl_babygirl3 ;n thats prob why u cant stay al nite then huh ?
erickbigdick ;not really cuz i have to be up at am
babigirl_babygirl3 ;k i get tht now , i gotta b up at , sumtims i hit snooz til , but bus comes at
erickbigdick ;sometimes i get up at , i leave the crib around
babigirl_babygirl3 ;i wish i culd get ready that fast
erickbigdick ;just a shower thats it , |jeans , tshirt , sneaks or tims |
babigirl_babygirl3 ;ur luck i , i gotta showr n dry my hair n thn pic out my cloths , n put at least a lil makup on or i look lik a ghost
erickbigdick ;man dont wear make ups , |just lotion , deodorant , cologne |
babigirl_babygirl3 ;tru
erickbigdick ;yep , girls cant make up their mind once it comes to dress
babigirl_babygirl3 ;nop
erickbigdick ;ok no problem
babigirl_babygirl3 ;:-* , u lookin ward tomorow
erickbigdick ;yes
babigirl_babygirl3 ;me :-* , u busy ?
erickbigdick ;not at all
babigirl_babygirl3 ;oh ur just no talkin much
erickbigdick ;i was talking to my mom
babigirl_babygirl3 ;oh sory
erickbigdick ;no im good
babigirl_babygirl3 ;so u stil coming tomorow righ ?
erickbigdick ;yes
babigirl_babygirl3 ;sweet , im gona try n pack my comutr tower n my suitcase so i can get onlin but i dont know if i can fit it , i dont wana u se his computr
erickbigdick ;im feeling u
babigirl_babygirl3 ;:x
erickbigdick ;so did u get the address
babigirl_babygirl3 ;yah , u ready it ?
erickbigdick ;yes
babigirl_babygirl3 ;mantoloking jersey
erickbigdick ;thanks , im gonna check to see how far u are on www . mapquest . com
babigirl_babygirl3 ;k
erickbigdick ;u hare an hour and minutes away , i dont think its a good idea for tomorrow night
babigirl_babygirl3 ;why not ?
erickbigdick ;friday night will be better cuz i dont have to work on saturday
babigirl_babygirl3 ;wht time do u get of work tomoro ? , u culd come earilir if u want
erickbigdick ;i wil be dont with work at like oclock and it will be rush hour it can take me hours to get there
babigirl_babygirl3 ;ohhhh h
erickbigdick ;the only way it will be ok if i leave around
babigirl_babygirl3 ;that wuld work yet wuld nt it , i culd ordr som pizza us
erickbigdick ;then i will get there late i will be only there for an hour or less cuz i have to drive back for almost hours , i thought u were like minutes away
babigirl_babygirl3 ;that wuld prob b ok for our st nite tho wuldnt it ? , i am now prob , but ill be over by th ssh or start in tom row morning
erickbigdick ;we will talk about it , even if i have to come up late
babigirl_babygirl3 ;wel lets talk cuz i dont kno if i will ha the computr tomorrow
erickbigdick ;u have a cell phone ?
babigirl_babygirl3 ;hells no , mom gots one but sh keeps it with her
erickbigdick ;ok
babigirl_babygirl3 ;u got one ? , i culd call u around and see whts up
erickbigdick ;i dont have one
babigirl_babygirl3 ;see u sound like me , lol
erickbigdick ;but i can give u the house number
babigirl_babygirl3 ;k
erickbigdick ;edit just ask for jean
babigirl_babygirl3 ;wont ur mom wonder bout a girl call in , ur u got a lot callin ?
erickbigdick ;nothing just a friend call
babigirl_babygirl3 ;cool
erickbigdick ;im gonna tell my mom that im going to nj on friday to spend the night if u want
babigirl_babygirl3 ;ok sweet
erickbigdick ;or half a night
babigirl_babygirl3 ;sou wana plan on fri night thn ?
erickbigdick ;i want to use all the days that we have , since u want to see me tomorrow night
babigirl_babygirl3 ;ok , so we gona plan on both nights n u stayin ovr on fri night , right ?
erickbigdick ;im gonna see how uh and dle the dick tomorrow night first to see if i can spend the night the next day
babigirl_babygirl3 ;ok , so u want me plan on like thn tomorow ?
erickbigdick ;hopefully
babigirl_babygirl3 ;wht happend ? , u there yt ?
erickbigdick ;im here , i didnt go anywhere
babigirl_babygirl3 ;oh' , yahoo jus went poof n gone on me
erickbigdick ;yahoo always tripping
babigirl_babygirl3 ;i see that
erickbigdick ;so are u excited , or nervous
babigirl_babygirl3 ;both ?
erickbigdick ;yes
babigirl_babygirl3 ;lol
erickbigdick ;i was watching something on the news thats why im scare and nervous
babigirl_babygirl3 ;imn to a serial kill r , :-*
erickbigdick ;its not about that
babigirl_babygirl3 ;are U a serial killer ?
erickbigdick ;cops who get online and and try to set people up that try to talk to a minor for sex
babigirl_babygirl3 ;lol
erickbigdick ;not at all
babigirl_babygirl3 ;im not no pig , pinky swer
erickbigdick ;ok , so
babigirl_babygirl3 ;so wht u think in
erickbigdick ;nothing just nervous
babigirl_babygirl3 ;:-*
erickbigdick ;the house is next to the shore
babigirl_babygirl3 ;that hous has lik the whole side of thb lc ok , its lik huge , n it IS the shore i swer
erickbigdick ;ok , ur mom is not worry about leaving u there by yurself ?
babigirl_babygirl3 ;no , its got n alarm systm lik i told u , ni just will leav it off start in bout
erickbigdick ;u know the code and everything
babigirl_babygirl3 ;ive got my own set up for this week dn , mom says h can put in temp ones n tak them out latr
erickbigdick ;cuz if the alarm ring the cops will come over , if they found u by yourself ur mom will get into trouble
babigirl_babygirl3 ;no thy call first
erickbigdick ;oh ok
babigirl_babygirl3 ;some servic
erickbigdick ;cool
babigirl_babygirl3 ;its happnd a coupldof times whil i was there before
erickbigdick ;cool
babigirl_babygirl3 ;its no big deal
erickbigdick ;cool
babigirl_babygirl3 ;so we l be sweet
erickbigdick ;defenitely
babigirl_babygirl3 ;:-* , br b gotta pee
erickbigdick ;k
babigirl_babygirl3 ;sory got mor soda to
erickbigdick ;its ok , do u have any more pics
babigirl_babygirl3 ;i wish , mon only got me this computr with her taxes , my othr one died n these wer the only two i had on my webpage
erickbigdick ;oh ok
babigirl_babygirl3 ;u drinkin anything ?
erickbigdick ;when i come over ?
babigirl_babygirl3 ;dont mattr to me well ya a littl , be ttr wait til they are sure gone , so prob any tim after , but i thot u workd til ?
erickbigdick ;i work till , i dont have time to finsh , once i drop p the last kid home im done
babigirl_babygirl3 ;ohhhh , wel i shuld prob hav a round bout time to mak sure iv got the alarm of , its a BIG house n i may not see u driv up
erickbigdick ;i will park around the corner and walk to the front door for u to come open the door , i will ring the bell
babigirl_babygirl3 ;ok , use the one that sfac in the street
erickbigdick ;ok thats the one i will use , thats where the house number is or the other side
babigirl_babygirl3 ;i dunno , lol , iven evr look d , but its like th ONLY house on that side of th block , besides th grage
erickbigdick ;ok , if the weather is nice u might be at the front door
babigirl_babygirl3 ;or u culd go on the beach n jump all round lika crazy guy to get my at ention n , lol
erickbigdick ;ok
babigirl_babygirl3 ;im kiddin , lol
erickbigdick ;i know u are
babigirl_babygirl3 ;whew , i can jus imagin u doing that , lol
erickbigdick ;it will be too dark so u will not be able to see me
babigirl_babygirl3 ;not yhr good point
erickbigdick ;if i was on the beach jumping
babigirl_babygirl3 ;u mite fall ovr
erickbigdick ;u are very funny i like that , how many guys been try to holla at u lately online ?
babigirl_babygirl3 ;jus a cup l , but mos of thm yell at me bein in chat rooms
erickbigdick ;ok , even though i didnt hell at u but im scare like shit
babigirl_babygirl3 ;thts why i lik talkin to u to cuz u talk to me , i wont bite
erickbigdick ;im scared if its not a set up , thats why im scare
babigirl_babygirl3 ;im real , dont kno wht els i can do for ua
erickbigdick ;ok
babigirl_babygirl3 ;wht else u doing ?
erickbigdick ;nothing listen to music
babigirl_babygirl3 ;wht kind ?
erickbigdick ;hip hop
babigirl_babygirl3 ;bring me som
erickbigdick ;u llisten to rap
babigirl_babygirl3 ;i lik some of it , somthing with a beat
erickbigdick ;nice , so did ur mom knows that u are not a virgin anymore ?
babigirl_babygirl3 ;helllllllllllllllllllll no
erickbigdick ;ok , so anything that u would me to try with u ? , tomorrow night
babigirl_babygirl3 ;i dunno , ive only had it th one way
erickbigdick ;anything that u are always curious ?
babigirl_babygirl3 ;i dont kno bout wht there is so not a clue sory
erickbigdick ;its cool
babigirl_babygirl3 ;:-*
erickbigdick ;u keep teasing me
babigirl_babygirl3 ;well sory , i just dont kno
erickbigdick ;its ok u are doing fine
babigirl_babygirl3 ;cool
erickbigdick ;so are u watching tv
babigirl_babygirl3 ;tryin find somthin to watch
erickbigdick ;maybe u can watch me :-$
babigirl_babygirl3 ;u on tv ?
erickbigdick ;nope only if we video tape the sex tomorrow night
babigirl_babygirl3 ;hmmm , nev re seen myself like that be for , wel never seen ANY1 like that before
erickbigdick ;u never see a porn before
babigirl_babygirl3 ;nope
erickbigdick ;u dont be checking those porn sites online
babigirl_babygirl3 ;lol
erickbigdick ;im shock , :- ?
babigirl_babygirl3 ;why ?
erickbigdick ;cuz i saw ur email in one of those sex groups things
babigirl_babygirl3 ;WHT ?
erickbigdick ;where did we meet ? , in a inteeracial room ?
babigirl_babygirl3 ;a regional , i get y elld at less in thos
erickbigdick ;i thought i meet u in a interracial room
babigirl_babygirl3 ;but5 tht wuld xplain som of the emails iv been gettin , no just regi ional , trus me i get yelled at WAYYYYYY mor if i leav thos rooms
erickbigdick ;oh ok all u have to do is lie about ur age
babigirl_babygirl3 ;why bothr ?
erickbigdick ;i was talking about before
babigirl_babygirl3 ;huh , lie bout my ag in wht ?
erickbigdick ;in ur profile
babigirl_babygirl3 ;oh the ?
erickbigdick ;u were gonna get a lot of guys try to hit on u
babigirl_babygirl3 ;othrwis yaho wuldnt let me chat , thats why i ended up wti behind my name
erickbigdick ;if u put yahoo will let u chat
babigirl_babygirl3 ;i lik being + , lol
erickbigdick ;i got u , what time ur mom will be home ?
babigirl_babygirl3 ;u mean tonight
erickbigdick ;yes
babigirl_babygirl3 ;shes cov ring part of a nigh shift for xtra mony to cover whn shes gona be gone , so prob not hom til bout am , she said sh can slep on the flight
erickbigdick ;i got u sexy carla
babigirl_babygirl3 ;to moron it esure
erickbigdick ;ok
babigirl_babygirl3 ;jus remembr its the ONLY hous on th one side of the street , mom says she usd to get lost a cup ld of times driving over there
erickbigdick ;i will find it , cuz of the address from mapquest
babigirl_babygirl3 ;ok i see googl mpas putts it a littl off from where it is , but its got lik brikc n shingls stuff on it nn white boards or siding
erickbigdick ;cool
babigirl_babygirl3 ;jus look for the wht garage , nt hath uuuu ge house
erickbigdick ;i cant miss it babe
babigirl_babygirl3 ;i hop not , u want me to order som pizza ?
erickbigdick ;if u want some wait till i get there
babigirl_babygirl3 ;ok
erickbigdick ;what time u be going to bed every night
babigirl_babygirl3 ;us uly bout now
erickbigdick ;i dont want to make u get up late for school , cuz i go to bed late every night
babigirl_babygirl3 ;im not go in tomorow , but i get sleep til , wer leavin to moro for hte house bout , mom jus wants a littl nap , but weve gotta be there by so they can leav by
erickbigdick ;what time thr y flight leave , they
babigirl_babygirl3 ;let me lok
erickbigdick ;k
babigirl_babygirl3 ;il ooo ooks like , but moms scrbllin t culd be they hav to be there by then , but the flight in comes in am sundy
erickbigdick ;where did u get the information
babigirl_babygirl3 ;moms got that writ tn down to , they chang planes in dallas
erickbigdick ;cool
babigirl_babygirl3 ;but i am get in sleepy
erickbigdick ;me sexy
babigirl_babygirl3 ;ill mak sur i take a good nap on fri tho , so ill be awake for fri night , n ill grab one tomoro to ok
erickbigdick ;ok babe see u
babigirl_babygirl3 ;so i wont fal asleep on u
erickbigdick ;:-*
babigirl_babygirl3 ;so i shul have the alarm off by right
erickbigdick ;yep
babigirl_babygirl3 ;oh wht colors ur car , i prob wont be abl to tell wht it is at night
erickbigdick ;i might drive my dad car its mitsubishi silver jeep or my mcar a nissan altima , black
babigirl_babygirl3 ;i kno wht a jeep loks like but no CLUE wht a nissan looks lik , sory , but colors i can tel
erickbigdick ;just like any passenger car like toyota or honda
babigirl_babygirl3 ;so black or silver wht hah and som guy at my door , oh ok
erickbigdick ;see u sexy
babigirl_babygirl3 ;moms got a honda
erickbigdick ;cool
babigirl_babygirl3 ;:-*
erickbigdick ;:-* , nite
babigirl_babygirl3 ;nite
erickbigdick ;how come u home , u didnt go
babigirl_babygirl3 ;ya im there , why are U here , wht happend
erickbigdick ;i had to go pick up my mom to work later on
babigirl_babygirl3 ;i told u i was gona try n take my computre tower
erickbigdick ;why u never call me ?
babigirl_babygirl3 ;cuz i thot u were WORKIn
erickbigdick ;u take my number down
babigirl_babygirl3 ;n then u were coming here
erickbigdick ;u going to school tomorrow morning ?
babigirl_babygirl3 ;no , cant get ther
erickbigdick ;what time u will be up
babigirl_babygirl3 ;tomorow ? , or here til ?
erickbigdick ;tomorrow time u will get up ?
babigirl_babygirl3 ;dogs ned to go out by n then i will prob lay back do nw for a bit
erickbigdick ;u wouldnt mind if i come at
babigirl_babygirl3 ;in the mornin ?
erickbigdick ;yes
babigirl_babygirl3 ;i thot u had to wrk ?
erickbigdick ;i d5rive a school bus , so im free after am
babigirl_babygirl3 ;u ntl when , u gotta do it in tha ftr noon
erickbigdick ;i have to go back at , i can stay up there till
babigirl_babygirl3 ;how bout we wait til a ftr may bn then u can stay long r
erickbigdick ;ok
babigirl_babygirl3 ;i still wana kno why u ditchd me today
erickbigdick ;i a int dish eu
babigirl_babygirl3 ;shit i ned to go turn the alrm back on , be back
erickbigdick ;k
babigirl_babygirl3 ;k
erickbigdick ;so what u doing
babigirl_babygirl3 ;well don wondering why UR not HERE
erickbigdick ;are u sure that u are ?
babigirl_babygirl3 ;no im , ill b in a monht
erickbigdick ;u know that im
babigirl_babygirl3 ;and ? , im nmot a baby
erickbigdick ;u know that i can go to jail just for talking u
babigirl_babygirl3 ;no way
erickbigdick ;yes
babigirl_babygirl3 ;besidw wuld i liv have to tell somohne ?
erickbigdick ;cuz i try to meet u for sex
babigirl_babygirl3 ;my mom wuld whip the shiiiiiiiiittttttttt outta me if i told , if sh evn beleved me
erickbigdick ;then they will put my ass in jail , cuz u will tell
babigirl_babygirl3 ;we lim not tell in no one , last tim i told my mom anything i got smack d , one of her 'friends' tried to kiss m n he was UGYL , she smack d my ups id the head n said he said i did it to him , so i dont tell her SHIT no more
erickbigdick ;k
babigirl_babygirl3 ;im stil mad u didnt com tho , wht if i dind stuff my computr tower int my suitcase ? , id been mad , evn more mad
erickbigdick ;how did u being the computer , its big , bring
babigirl_babygirl3 ;jus the tower , im usin his keybord n mous n monitor
erickbigdick ;what about the dsl
babigirl_babygirl3 ;hes got cabl
erickbigdick ;ur dont have the same thing
babigirl_babygirl3 ;its th sam ethernet plug , jus usd his instal disk , not that bigga deal
erickbigdick ;oh ok i know
babigirl_babygirl3 ;i heard kids talki at scholo bout doing it
erickbigdick ;im still scare honestly
babigirl_babygirl3 ;im sory
erickbigdick ;cuz i will regret it if u set me up
babigirl_babygirl3 ;wht do u want me do ?
erickbigdick ;can u call me now
babigirl_babygirl3 ;i prob can aft rita k the dogs for a night walk , the s guys have a sch dule , good f grief
erickbigdick ;ok its cool
babigirl_babygirl3 ;wana give me bout min ?
erickbigdick ;its cool u dont have to call me anymore
babigirl_babygirl3 ;i can but i realy gotta go tak dogs out k , be bak in a coupl of mins ?
erickbigdick ;ok do ur thing
babigirl_babygirl3 ;well or so
erickbigdick ;take ur time
babigirl_babygirl3 ;man , fussy on wher they potty , u there ? , lemme kno whn u get back , i tried but i cant wait up any long r , img i on top rob get online tomorrow dur in the days inc i dont have to go schoool , i may b in or out but ill try n catch up with ur or call u between the shiftstuf , talk u tomorow , :-*
erickbigdick ;talk to u tomorrow , i thought u were gonna be online so that we can chat so if u get online and im not on just call me -878-0807
babigirl_babygirl3 ;i mon now , sory this be div got is soooo oooooooooooooooooooo comfy
erickbigdick ;hi
babigirl_babygirl3 ;hi , im soooooooooooooo sory i wok u uo
erickbigdick ;its all god , good
babigirl_babygirl3 ;lol
erickbigdick ;u are not sound like
babigirl_babygirl3 ;i told u im almost
erickbigdick ;ok so when is ur birthday
babigirl_babygirl3 ;may st
erickbigdick ;why do u put that u were a scorpio on uy myspace profile , so what u lying ? , so why u lying ?
babigirl_babygirl3 ;i had lie on my spc , thy killd my othr one
erickbigdick ;u could at least keep the same month
babigirl_babygirl3 ;so i usd my mom sb day
erickbigdick ;oh ok
babigirl_babygirl3 ;her bday is nov , thy r were the s guys this morn ifying the shugggggggggggggggggge kite things , but thy had lik layers on thm , ive nevr seen them inperson b4
erickbigdick ;u were outside the house
babigirl_babygirl3 ;i was wt ching from the offic , it loks out ovr the beach , i hd to tak the dogs at at am , n aftr that i wnt back bed , its re eeee aaaaaaaaaallllllllllllll llllllllllllllllllllllll llllllllllllllllllllllly soft
erickbigdick ;nice
babigirl_babygirl3 ;i wana tak it hom with me
erickbigdick ;what did u eat all day
babigirl_babygirl3 ;hmmm , actul i havnt eaten day , i made a grlld chees last nigh
erickbigdick ;u have money ?
babigirl_babygirl3 ;ya some
erickbigdick ;like how much
babigirl_babygirl3 ;he lft like fo me to get food n stuff n then the rest is for me to keeep , so i can ordr pizza or eat whts here , why ?
erickbigdick ;u only like pizza
babigirl_babygirl3 ;u want some pizza tonight , well i think thts all that wuld deliv r , i do lik mexicn n of cours mcdonds n arbys , but i dont gt tak out food of tn
erickbigdick ;i see
babigirl_babygirl3 ;wht kind of foood do u lik ?
erickbigdick ;anything really as far is koo , cook , well done
babigirl_babygirl3 ;lol , so no rarre stuff huh ? , im a goood cook , i hav be or i wuld be hungry
erickbigdick ;|iim more into cheese steaks , spaghetti , pizza , burger king , etc . . . |
babigirl_babygirl3 ;burgr king is gooooooooooooooooooooooo , the chee es stakes are ok bu i dont lik the peppers
erickbigdick ;said no peppers on it , u have choices before they make it for u
babigirl_babygirl3 ;i tried that tim n the person made a ugly fac at me , like how DAREE i change it
erickbigdick ;anytime u go to a cheese steaks they ask u how u want it , |mine always like mayonnaise , ketchup , fried onions , salt , paper thats it |
babigirl_babygirl3 ;iv just bens card to ask for it differ n , il hav to try that next timme , urs sounds goooooooooood toooo
erickbigdick ;so u take a shower already ?
babigirl_babygirl3 ;no , i neeed tho , hes got a jet tub here , thts soooo oooo on ice , i culd lik living her almos
erickbigdick ;i thought u been there before
babigirl_babygirl3 ;cept for th huge dogs n hes n ass , ya but not mor thn a little bit , nev r slept her be for , or st yd the night , camd in nra cup ld of times
erickbigdick ;how did u get familiar with house in less than a day
babigirl_babygirl3 ;i went snoop in last nih t , iv got a bedroom n a bthroom to use
erickbigdick ;where did u went shopping ?
babigirl_babygirl3 ;thos he showed me last night , snooping , his bed roms upstairs n stuff , im in a gust room he said , wht the hel els am i gona do in here ? , of cours im gona go lookin around , hes got a big BIG flt tv in his room
erickbigdick ;he left u a key in case u want to go outside
babigirl_babygirl3 ;n it looks out ovr the beach , iv the an alarm code , i jus stay righ by the house
erickbigdick ;would u be there by the house tonight once i get there
babigirl_babygirl3 ;its cold to wait out sid , but i can w thc out the wind of oru , if i kno bout wht time to sit there , n i will lev the alarm off for a whil to , lik i did last night
erickbigdick ;u cant leave the alarm off for a long time , ?
babigirl_babygirl3 ;ik no thats why i wnt in turn d it back on last nite whn u got on here with me , but n hour or so wont mattr , thers lik hardly anyon out here yet
erickbigdick ;ok
babigirl_babygirl3 ;so u thinkin bout thn tonight ?
erickbigdick ;one second
babigirl_babygirl3 ;k
erickbigdick ;i will defenitely making it thereby the latest if the est rafi ic
babigirl_babygirl3 ;yea aaaa a
erickbigdick ;be on the look out about this time , defenitely
babigirl_babygirl3 ;i will l , ill tun the alarm off at thn ok
erickbigdick ;is best cuz i know that i will leave my crib around to , its on hour and half drive
babigirl_babygirl3 ;ok
erickbigdick ;u gonna be ready for me
babigirl_babygirl3 ;how do u wnt me ready ?
erickbigdick ;how ever u want it , if u want to start sucking me from the door u can do it , or if u want me to fuck u right there we can
babigirl_babygirl3 ;so wht ur gona come in with it hangyin out ur pants ? , if u come in lik that ill start suckn u right thn
erickbigdick ;nice
babigirl_babygirl3 ;that wuld b so cool
erickbigdick ;nice i call u
babigirl_babygirl3 ;huh ?
erickbigdick ;i was just cal in gu from online
babigirl_babygirl3 ;up rob wil only gt the voice mial , only certain numb rs come in that mom hassel cted , shes paranoid lik that
erickbigdick ;oh ok
babigirl_babygirl3 ;did u get th voice mail cuz i didnt heer it ring
erickbigdick ;yes the voice thing
babigirl_babygirl3 ;sory i shuld hav told u
erickbigdick ;its all good
babigirl_babygirl3 ;":-* , :x><; , wht time do u gota leav to do ur run ?"
erickbigdick ;how u know they call it run ?
babigirl_babygirl3 ;i RIDE a bus ? , duh
erickbigdick ;oh ok sexy
babigirl_babygirl3 ;but im off min b4 tho , u muct have th yuonger kids
erickbigdick ;older kids
babigirl_babygirl3 ;i ride with the high schol kids , oh my schol starts at am , it so sucks
erickbigdick ;they school start at am
babigirl_babygirl3 ;i wuld lik it to strt at like , lol
erickbigdick ;get out a
babigirl_babygirl3 ;im out
erickbigdick ;thats nice
babigirl_babygirl3 ;n start at , odd dd times , why cnt they say - ?
erickbigdick ;cuz they stupid
babigirl_babygirl3 ;lol
erickbigdick ;so u want me to come tomorrow morning again to see u ?
babigirl_babygirl3 ;ther is lik crap to watch on tv , i thot u wer styin the night ?
erickbigdick ;depends how uh and dle the dick , i will leave late around or
babigirl_babygirl3 ;ok so u jus gona hav some cloths with u in case u do stay ok cool , i culd handly that , i hop , or at lest try
erickbigdick ;sounds cool
babigirl_babygirl3 ;u gona brin some condoms ?
erickbigdick ;yes , if u want me to use them
babigirl_babygirl3 ;goood i dont wana get prgnant
erickbigdick ;i will cum mmmm in ur mouth
babigirl_babygirl3 ;ok , but mayb hav some jus in case tho k ?
erickbigdick ;defenitely
babigirl_babygirl3 ;u want me to hav pizzza or ordr it whn you get her ?
erickbigdick ;u dont have to order anything
babigirl_babygirl3 ;ok
erickbigdick ;im gonna try to get some money from my dad for gas and tolls
babigirl_babygirl3 ;ok or i culd giv you some \
erickbigdick ;thanks but u might need it
babigirl_babygirl3 ;i culd giv u sme tho , i get keep wht i dont spen on pizza or stuff
erickbigdick ;ok thanks
babigirl_babygirl3 ;my ple sur
erickbigdick ;im so hard right now just thinking about fucking u
babigirl_babygirl3 ;i cant wate for it either
erickbigdick ;but im very nervous
babigirl_babygirl3 ;i am , but happy
erickbigdick ;the reason why im nervous cuz u under age , thats my problem
babigirl_babygirl3 ;i wont tel my mom i prom miss ssss sse , or no else , no else to tell any wy , lol
erickbigdick ;i dont know if u are really want to see me or try to get me lock up ?
babigirl_babygirl3 ;why wuldio want get u lockd up ? , thn i culdnt see u or talk to u anymore , i like u LOTS N LOTS , no nes been this nic me in a loooooooooooooooooong time
erickbigdick ;ok
babigirl_babygirl3 ;he usd to tak us on picnic n campin and stuf whn he didnt hav to work , n then whn he died mom jus changd , got al weird n shit
erickbigdick ;how ur dad die ?
babigirl_babygirl3 ;driv by shoot in , he was a bartender , n he had put som guys outta th bar that night , n they thnk one of thm came back to get even , thy dont know for sure , he was kill d not hrs too , n lik peopl hurt
erickbigdick ;when that shit happen ?
babigirl_babygirl3 ;dec , the th , so xmas kind as ucs
erickbigdick ;i feel u
babigirl_babygirl3 ;n hten mom jus wantd to get us outta ther , i dont re mb mer her cryin much , but i did , n we ended up in philly
erickbigdick ;where u used to live before moving to philly ?
babigirl_babygirl3 ;detroit , ya , we just left prety much evrything , at lest wht mom culdnt see , n we got on a train
erickbigdick ;why ur left everything ?
babigirl_babygirl3 ;i dont kno
erickbigdick ;u should at least take some valuables stuff
babigirl_babygirl3 ;i guess he wt ned to leav it out of her mind , i got pack suitcases n thats it , i got a few picsof my dad n som clothes n thats bout it
erickbigdick ;ok
babigirl_babygirl3 ;thn she found this shittttttttttttttty apt , iha td to go out sid it was ewwww , hook rs living the rn nasty loking peopl , guys wuld lok at me n stare , i ws glad whn we gott outta ther
erickbigdick ;the guys was try to fuck u or want a piece of ur ass
babigirl_babygirl3 ;thy jus see md to look thru me , n thy would get this nas yt smile , so i didn go out sid much
erickbigdick ;oh ok , can i ask u a personal question ?
babigirl_babygirl3 ;sur
erickbigdick ;why u want me to fuck u ?
babigirl_babygirl3 ;cuz i like u , n i want to see wht its lik whn its nice , not rough lik my old bf , n i realy lik u
erickbigdick ;what makes u like me that much ?
babigirl_babygirl3 ;i dunno , we v been tlk inn your nice to me , i thot u likd me to ? , u do dont u ?
erickbigdick ;i like u but once i found out about ur age i got scare
babigirl_babygirl3 ;im sory , i cnt help tht
erickbigdick ;cuz i be seeing people getting online just to get older men lock up by invite them over to meet once u get there the cops are waiting for u
babigirl_babygirl3 ;im not no cop , i dont lik thm , thy didnt find out who kill d my dad
erickbigdick ;ok
babigirl_babygirl3 ;i will mak u happy nite , i promis ok ?
erickbigdick ;i will leave everything in GOD hands , and ur hands
babigirl_babygirl3 ;my hands ok , il do my best
erickbigdick ;u dont have to do ur best as far u are gonna be the only in the crib and its not set up
babigirl_babygirl3 ;jus me n the dogs but thyl be in their room
erickbigdick ;ok
babigirl_babygirl3 ;il hav to show u their room , its lik HUUUGe
erickbigdick ;i might come early cuz u make me feel more comfortable even though i will still be scare
babigirl_babygirl3 ;n thy v got the slam b stuff beds n stuff , well jus let me kno bout wht time so i can turn off th alarm ok , i dont wan to forget it in open the door or hav u acidently set it of
erickbigdick ;u have to come in the door to make me feel comfortable , when i ring the bell , dont just open the door for me
babigirl_babygirl3 ;i wil but if i dont hav it of befor , i might forget u kno
erickbigdick ;turn it off by
babigirl_babygirl3 ;ok , im get in happi r
erickbigdick ;ok
babigirl_babygirl3 ;:-*
erickbigdick ;ok im gonna try to get dollars from my dad from work so i will talk to u later on before i come up there
babigirl_babygirl3 ;ok
erickbigdick ;bye
babigirl_babygirl3 ;bye , :-*
erickbigdick ;:-* , hi
babigirl_babygirl3 ;wht the hell ? ? ?
erickbigdick ;its me
babigirl_babygirl3 ;i know
erickbigdick ;how long u been online ?
babigirl_babygirl3 ;but you should be almost here
erickbigdick ;u just got on
babigirl_babygirl3 ;ive been on for like ovr hrs
erickbigdick ;im about to leave my crib now
babigirl_babygirl3 ;so hwo long then
erickbigdick ;i should be there by to
babigirl_babygirl3 ;k
erickbigdick ;its an hour and half drive
babigirl_babygirl3 ;ill turn the alarm off at , k ?
erickbigdick ;ok , bye
