ID;msg
a_latino_man559 ;hi
ilovethaocean ;hi asl ?
a_latino_man559 ;m fresno ,  you ?
ilovethaocean ;/ f/ca ,  how are you ?
a_latino_man559 ;?  ,  wow ,  really ?
ilovethaocean ;ya
a_latino_man559 ;ok ,  got a cam ?
ilovethaocean ;naw ,  mom took it and sold it on ebay because she said i could get in trouble
a_latino_man559 ;lol ,  any more pictures ?
ilovethaocean ;more .  .  .  i'll send l8r okay ?
a_latino_man559 ;ok ,  mic ?
ilovethaocean ;no ,  i'll send that picture now if you want it
a_latino_man559 ;ok ,  send it ,  <ding> ,  oops ,  so what's on your mind ?
ilovethaocean ;nothing much ,  just bored lol you ?
a_latino_man559 ;bored and horny ,  lol ,  what are you wearing ?
ilovethaocean ;shirt and shorts ,  and i dun cyber ,  it's boring and lame
a_latino_man559 ;ok ,  virgin ?
ilovethaocean ;ya
a_latino_man559 ;ever seen a nude guy ?
ilovethaocean ;any dude showed me a picture of himself on here
a_latino_man559 ;want to see my cam ?
ilovethaocean ;i guess so
a_latino_man559 ;ever seen a hard penis ?
ilovethaocean ;ya ,  one dude showed me a picture of his on here ,  i told you
a_latino_man559 ;like it ?  ,  hold on ,  like it ?  ,  <ding>
ilovethaocean ;ya ,  can you show me your face ,  i wanna see if your cute or not lol
a_latino_man559 ;ok
ilovethaocean ;you are cute
a_latino_man559 ;texas ,  ever masturbate ?
ilovethaocean ;maybe
a_latino_man559 ;touch your pussy right now for me
ilovethaocean ;no
a_latino_man559 ;ok ,  so where from ?
ilovethaocean ;you ?
a_latino_man559 ;where is that ?  ,  Fresno
ilovethaocean ;kewl ,  is up in wine country ,  like santa rosa area
a_latino_man559 ;ah ,  ever seen porn ?
ilovethaocean ;how do you mean ?
a_latino_man559 ;videos ?  internet ?
ilovethaocean ;no
a_latino_man559 ;ever been touched ?
ilovethaocean ;nah i've just kissed
a_latino_man559 ;would you touch my penis if you could ?  ,  lol
ilovethaocean ;would you want me2 ?
a_latino_man559 ;oh yeah ,  wouldu ?
ilovethaocean ;if you wanted me2
a_latino_man559 ;what would you do to it ?
ilovethaocean ;what would you want me do ?
a_latino_man559 ;go up and down with your hand ,  and play with my balls
ilovethaocean ;i never done that before
a_latino_man559 ;I'll teach you ,  would you let me play wit yourpussy ?
ilovethaocean ;are you like real ?
a_latino_man559 ;lol ,  well ,  you're kind of far ,  but maybe ,  why ?
ilovethaocean ;just asking .  .  .  because like i said cyber stuff is like boring
a_latino_man559 ;I know ,  I prefer the real thing ,  why ?  you wanna do it in person ?
ilovethaocean ;well i'm curious about it ,  because a friend said she did it
a_latino_man559 ;what did she do ?
ilovethaocean ;she touched a guys thing ,  like you said
a_latino_man559 ;did she put it in her mouht ?
ilovethaocean ;if she did she didn't tell me she did .  .  .  do guys like it when girls do that ?
a_latino_man559 ;we love it ,  we love when you suck on it like a lolly pop
ilovethaocean ;o ok
a_latino_man559 ;would do it ?
ilovethaocean ;if you wanted me ,  would you want me ?
a_latino_man559 ;yes ,  ever seen a guy cum ?
ilovethaocean ;no
a_latino_man559 ;you live kind of far or i'd go right now ,  lol
ilovethaocean ;go where ?
a_latino_man559 ;meet you
ilovethaocean ;real ?
a_latino_man559 ;ya ,  like that ,  lol ,  edit ,  like it ?
ilovethaocean ;haven't looked yet ,  will check in a minute ,  okay ?
a_latino_man559 ;ok ,  what would you want me to do to you ?
ilovethaocean ;well ,  i dunno any thin about that sort of stuff ,  what would you wanna do with / me ?
a_latino_man559 ;rub your pussy ,  then insert my finger inside it ,  would you like that ?
ilovethaocean ;maybe
a_latino_man559 ;I may want to lick it and stick my tongue inside you
ilovethaocean ;i never done that before
a_latino_man559 ;you'll love it ,  its the best ,  so wanna for reals ?
ilovethaocean ;ya ,  do you wanna ?  why did you show me those websites btw ?
a_latino_man559 ;just ,  why ?
ilovethaocean ;just a skin ,  so you are real ?
a_latino_man559 ;yeah ,  you ?
ilovethaocean ;ya
a_latino_man559 ;when ?  ,  got any more pictures ?
ilovethaocean ;only my pro picture and the i sent you ,  and you asked when ,  right ?
a_latino_man559 ;ya
ilovethaocean ;well ,  my mom is out of town this weekend
a_latino_man559 ;she is ?  ,  who you staying with ?
ilovethaocean ;no1 .  .  .  she has go a conference on the weekend
a_latino_man559 ;really ?
ilovethaocean ;ya
a_latino_man559 ;cool ,  I can try ,  what if I want to stick my cock in your pussy ?  ,  would you let me ?
ilovethaocean ;if you wanted
a_latino_man559 ;would it fit ?
ilovethaocean ;i dunno
a_latino_man559 ;we can try ,  slowly ,  or may be in your ass
ilovethaocean ;wouldn't that hurt ?
a_latino_man559 ;we'll go slowly ,  so what's your number ?
ilovethaocean ;mom forwards her calls her cell when she's at work
a_latino_man559 ;ok ,  you getting wet yet ?
ilovethaocean ;maybe a little ,  but mostly bored ,  is that like all you can do with / it ?
a_latino_man559 ;I know ,  want to see some videos ?
ilovethaocean ;I gotta go bed soon
a_latino_man559 ;ok ,  I'll cum for you then
ilovethaocean ;okay
a_latino_man559 ;try rubbing your pussy as I cum ,  yes ?
ilovethaocean ;i'm going bed ,  night hun .  .  .  talk you soon ,  okay ?
a_latino_man559 ;ok ,  wanna see me cum before you go ?
ilovethaocean ;hey
a_latino_man559 ;hey girl
ilovethaocean ;how are you hun ?
a_latino_man559 ;ok ,  you ?
ilovethaocean ;not bad just came up after having dinner
a_latino_man559 ;cool ,  got any more pictures ?
ilovethaocean ;only the i showed you
a_latino_man559 ;are you horny ?
ilovethaocean ;why ?
a_latino_man559 ;I'm hard ,  what are you wearing ?
ilovethaocean ;shirt and shorts ,  like PJs .  .  .  i told you yesterday that I dun cyber
a_latino_man559 ;ya ,  so this weekend ?
ilovethaocean ;ya
a_latino_man559 ;you sure ?
ilovethaocean ;ya ,  mom is going some seminar run by a drug company tell doctors all about their new medication ,  she's flyin out on friday
a_latino_man559 ;who are you staying with ?
ilovethaocean ;on my own ,  she always leaves me on my own ,  she says i'm big enough take care of myself ,  and i can ,  because i can cook and stuff
a_latino_man559 ;wow ,  how old are you again ?
ilovethaocean ;nothing really big ,  but i can grill burgers and hot dogs and stuff ,  and i'm
a_latino_man559 ;cool ,  so would you suck on it ?
ilovethaocean ;suck on what ?
a_latino_man559 ;my penis ,  and I'll lick your pussy
ilovethaocean ;if you want me
a_latino_man559 ;yeah ,  but not sure if I can make it though
ilovethaocean ;why not ?
a_latino_man559 ;kind of far
ilovethaocean ;how far is it ?
a_latino_man559 ;almost hours ,  what's your address ?
ilovethaocean ;i'm in Petaluma ,  i'll give you my add l8r okay ?
a_latino_man559 ;ok ,  yeah ,  kind of far
ilovethaocean ;how far ?
a_latino_man559 ;I'll let you know on Friday ,  hours minutes
ilovethaocean ;ok when you let me know on friday i'll give you my add okay ?
a_latino_man559 ;ok ,  try to get a webcam so I can see you
ilovethaocean ;i'll try ,  but like i said ,  mom took my cam and sold it on ebay
a_latino_man559 ;lol
ilovethaocean ;she did it's not funny ,  can i give you a quick phone call so i know your not some year old dude trying play me ?
a_latino_man559 ;sure ,  when ?
ilovethaocean ;like now ?
a_latino_man559 ;you did see my cam didn't you ?
ilovethaocean ;ya i did
a_latino_man559 ;this is me
ilovethaocean ;i can't see nothing
a_latino_man559 ;see me ?
ilovethaocean ;ya ,  your cute
a_latino_man559 ;texas ,  let me see yours again ,  I bet your pussy is real tight ,  right ?
ilovethaocean ;well ,  i dunno how tight it is lol
a_latino_man559 ;how many fingers fit inside it ?  ,  too bad you don't live closer ,  I'd show you so much stuff
ilovethaocean ;well you can still come see me
a_latino_man559 ;yeah but is a far dr vie
ilovethaocean ;you obviously dun wanna come see me ,  you keep complaining about how far it is and all
a_latino_man559 ;lol ,  I know ,  I do though ,  can I stay at your house overnight if i go ?
ilovethaocean ;if you wanna ,  we got a guest room
a_latino_man559 ;we can sleep on the same bed ,  I'll teach you stuff
ilovethaocean ;that's kewl ,  what will you teach me ?
a_latino_man559 ;we can shower together ,  how to touch a penis and make it cum ,  real nice ,  then I'll teach you how to fuck it
ilovethaocean ;okay ,  so can i give you that call .  .  .  like i said just a quick one so i can hear your voice
a_latino_man559 ;not yet ,  see ,  I still leave with my ex ,  you can in a little bit
ilovethaocean ;i dun even know your name lol .  what is it ?
a_latino_man559 ;Antonio
ilovethaocean ;that's a kewl name ,  I'm Amanda
a_latino_man559 ;are you for reals or just messing around ?
ilovethaocean ;i'm totally real ,  are you ?
a_latino_man559 ;yeah ,  you sure ?
ilovethaocean ;ya
a_latino_man559 ;so I can plan it ,  I can leave from here on Saturday around so I'll be there around
ilovethaocean ;that sounds great
a_latino_man559 ;I'll stay with you overnight and I'll leave sunday around ,  ok ?
ilovethaocean ;sounds perfect
a_latino_man559 ;what nationality are you ?
ilovethaocean ;well i'm american but my dad is Filipino
a_latino_man559 ;cool
ilovethaocean ;he lives down in social
a_latino_man559 ;cool
ilovethaocean ;school is supposed start me tomorrow so i should probably go bed in about an hour
a_latino_man559 ;ok
ilovethaocean ;so i'm probably gonna get off here in about half an hour so i can have a shower and stuff
a_latino_man559 ;wish i could wash your body
ilovethaocean ;you will be able on saturday ,  well ,  hun i'm off shower and go bed ,  i'll talk you tomorrow or the next day okay hun ?
a_latino_man559 ;hey ,  in the shower ,  rub your pussy a little for me ,  thing it is me feeling you
ilovethaocean ;okay hun ,  night
a_latino_man559 ;night ,  ready for the weekend ?
ilovethaocean ;ya are you ?
a_latino_man559 ;yeah ,  can I put it in your ass too ?
ilovethaocean ;will that hurt ?
a_latino_man559 ;I'll go slowly
ilovethaocean ;so it won't hurt ?
a_latino_man559 ;only a little ,  but you'll like it
ilovethaocean ;btw ,  about what we were talking about yesterday ,  i dun wanna get preggers or nothing
a_latino_man559 ;ok ,  I'll use condoms
ilovethaocean ;kewl ,  brb okay ?
a_latino_man559 ;me too
ilovethaocean ;back
a_latino_man559 ;cool ,  I'm playing games also ,  in case I don't answer fast enough ,  lol
ilovethaocean ;kewl what you playing ?
a_latino_man559 ;world of warcraft
ilovethaocean ;kewl ,  never played that before
a_latino_man559 ;what are you wearing ?  ,  > ,  lol
ilovethaocean ;i'm wearing a shirt and jeans .  .  .  i was supposed go school day ,  but they wouldn't let me because mom hasn't shown them proof i had my shots
a_latino_man559 ;ah
ilovethaocean ;i'll probably be able start on monday
a_latino_man559 ;cool ,  be back in a little ok ?
ilovethaocean ;okay
a_latino_man559 ;back
ilovethaocean ;wb
a_latino_man559 ;brb
ilovethaocean ;okay
a_latino_man559 ;so what you doing ?  ,  <ding>
ilovethaocean ;nothing much ,  you ?
a_latino_man559 ;nothing ,  looking at porn ?  ,  lol
ilovethaocean ;no i'm not
a_latino_man559 ;why not ?
ilovethaocean ;why ?
a_latino_man559 ;I want to look at porn with you ,  wanna ?
ilovethaocean ;why ?
a_latino_man559 ;i'm hard now ,  what's on your mind ?
ilovethaocean ;nothing much thinking about saturday mostly ,  you ?
a_latino_man559 ;you are ?
ilovethaocean ;ya
a_latino_man559 ;what about it ?
ilovethaocean ;well ,  i'm looking forward seeing you
a_latino_man559 ;me too ,  what would you like to do on saturday ?
ilovethaocean ;all the stuff we talked about
a_latino_man559 ;like what ?
ilovethaocean ;like everything we talked about lol
a_latino_man559 ;like ?
ilovethaocean ;omg ,  you no .  .  .  .  i'm embarrassed say lol
a_latino_man559 ;tell me ,  don't be embarrassed
ilovethaocean ;like touch in your thing
a_latino_man559 ;what thing ?  ,  just say it ,  I wanna touch your cock ,  lol
ilovethaocean ;ya ,  that's what i mean lol
a_latino_man559 ;type it
ilovethaocean ;i wanna touch your cock
a_latino_man559 ;what else you want to do to it ?
ilovethaocean ;i don't cyber hun ,  how many times do i have tell you that .  .  .  .
a_latino_man559 ;lol ,  I know
ilovethaocean ;i swear i told you like times now
a_latino_man559 ;I know
ilovethaocean ;well ,  dun try and make me then
a_latino_man559 ;ok ,  what else you thinking about ?
ilovethaocean ;well ,  all the stuff we talked about you know
a_latino_man559 ;cool
ilovethaocean ;like trying all the stuff you wanted do with / me
a_latino_man559 ;oh yeah ,  I want to seat you on my cock ,  inside your pussy ,  and pull you up and down ,  then we can try it in your ass like that too
ilovethaocean ;okay
a_latino_man559 ;i also want to lay you on the bed and stick my cock in your mouth ,  as far as I can
ilovethaocean ;ok
a_latino_man559 ;and I'll go in and out real fast ,  until I cum all over your mouth
ilovethaocean ;if you wanna
a_latino_man559 ;after I cum I want to make you keep sucking my dick while I suck your pussy
ilovethaocean ;brb
a_latino_man559 ;ok ,  you got myspace ?
ilovethaocean ;ya ,  but I haven't updated it in ages lol
a_latino_man559 ;what is it ?
ilovethaocean ;like i said ,  it's not like there's a heap of stuff there but you
a_latino_man559 ;cool
ilovethaocean ;do you ?
a_latino_man559 ;yeah
ilovethaocean ;what is it ?
a_latino_man559 ;see it ?
ilovethaocean ;looking now
a_latino_man559 ;ok ,  you there ?
ilovethaocean ;ya ,  competition is be in slow
a_latino_man559 ;ok ,  so what you wanna talk about ?
ilovethaocean ;I dunno what do you wanna talk about ?
a_latino_man559 ;girls ,  lol ,  what do girls like about guys ?
ilovethaocean ;well i like cute sweet nice guys with / jobs and cars and stuff lol
a_latino_man559 ;lol
ilovethaocean ;and i think that describes you pretty well ,  well ,  if you have a job and a car lol
a_latino_man559 ;yeah ,  that pretty much me ,  ever heard about bj parties ?
ilovethaocean ;what are they ?
a_latino_man559 ;these teenagers meet at a party ,  and all they do is oral sex ,  i guess the guy picks the girls that he wants them to suck his dick and vice versa
ilovethaocean ;never heard of them
a_latino_man559 ;me neither ,  I guess the girls take turns sucking until the last one makes him cum ,  would you ever go to one ?
ilovethaocean ;i dunno
a_latino_man559 ;still thinking about saturday ?
ilovethaocean ;ya
a_latino_man559 ;can I fuck you as hard as I can ?
ilovethaocean ;you can try
a_latino_man559 ;ok
ilovethaocean ;if you want
a_latino_man559 ;I'm gonna have you walk around me nude all the time ,  so I can just fuck you all day long
ilovethaocean ;okay that sounds good
a_latino_man559 ;I'll just bend you over anywhere and fuck your pussy
ilovethaocean ;if you want
a_latino_man559 ;what else is on your mind ?
ilovethaocean ;a few things ,  like wondering when i'm gonna start school
a_latino_man559 ;cool
ilovethaocean ;anyways hun ,  it's i gotta go bed
a_latino_man559 ;ya ,  me too ,  so Saturday for sure ?
ilovethaocean ;ya
a_latino_man559 ;ok
ilovethaocean ;talk to you morrow or the next day okay hun ?
a_latino_man559 ;ok ,  sounds good ,  hey ,  you there ?
ilovethaocean ;ya
a_latino_man559 ;cool ,  what you doing ?
ilovethaocean ;not much ,  you ?
a_latino_man559 ;nothing ,  what you thinking about
ilovethaocean ;not much ,  you ?
a_latino_man559 ;sex ,  lol
ilovethaocean ;lol okay ,  are you still coming on saturday ?
a_latino_man559 ;you want me to ?
ilovethaocean ;ya ,  of course i do
a_latino_man559 ;you're not gonna get in trouble ?  ,  what about the neighbors ?  are they gonna find out ?
ilovethaocean ;we dun talk the neighbours ,  were new here lol
a_latino_man559 ;ok ,  you're not a cop right ?
ilovethaocean ;lol no
a_latino_man559 ;lol
ilovethaocean ;i can't be a cop ,  i'm ,  and i wouldn't wanna be one anyways when i grow up ,  i wanna be a marine biologist
a_latino_man559 ;lol ,  lol ,  cool
ilovethaocean ;I should probably give you my email ,  shouldn't i lol ?
a_latino_man559 ;yeah ,  what is it ?
ilovethaocean ;edit
a_latino_man559 ;hours
ilovethaocean ;kewl ,  so your still gonna be here at ,  right ?
a_latino_man559 ;what's your ?  ,  I believe so
ilovethaocean ;i dun wanna give you my number .  .  mom forwards her calls her cell ,  so I'll just get her .  .  .  but i can call you
a_latino_man559 ;let me see you're pictures again ,  ok
ilovethaocean ;you seen them already
a_latino_man559 ;I know ,  I want to see your body
ilovethaocean ;i know ,  but i only got pictures of my face ,  I'll see all of me on saturday
a_latino_man559 ;ok
ilovethaocean ;you've seen the only pictures i have hun
a_latino_man559 ;ok ,  where would I park when I get there ?
ilovethaocean ;i'm just think in ,  because i dunno if mom is taking the airport shuttle or not
a_latino_man559 ;ok
ilovethaocean ;i think it's probably easiest if you park on the street if that's okay .  .  .  what kind of car do you have anyways ?
a_latino_man559 ;hin day elantra ,  semi new
ilovethaocean ;kewl ,  what color ?
a_latino_man559 ;silver
ilovethaocean ;kewl i like silver
a_latino_man559 ;so ,  are we gonna sleep in the same bed ?  ,  cool
ilovethaocean ;if you want ,  i want
a_latino_man559 ;ok ,  I want to sleep with my penis inside your pussy
ilovethaocean ;okay .  .  .  we can try that .  .  .  btw do you have a cell so i can call and see if your on the way ?
a_latino_man559 ;yeah ,  -709-7468
ilovethaocean ;cool
a_latino_man559 ;want to call me later ?
ilovethaocean ;ya like later tonight ?
a_latino_man559 ;sure ,  around : 30
ilovethaocean ;kewl ,  that sounds good
a_latino_man559 ;so are you really for reals ?
ilovethaocean ;ya ,  are you ?
a_latino_man559 ;ya ,  I'm just being really cautious ,  never done this before
ilovethaocean ;neither have i
a_latino_man559 ;you worried of getting caught ,  ?
ilovethaocean ;a little even though i know mom's not gonna be home lol
a_latino_man559 ;I know ,  I really wish it works out ,  it would be so oo awesome ,  we can do so many things ,  you got a bath tub ?  ,  we'll take a buble bath ,  and fuck in there
ilovethaocean ;we got a jacuzzi in the back yard
a_latino_man559 ;maybe we can go in there ?
ilovethaocean ;that sounds fun
a_latino_man559 ;is your mom there right now ?
ilovethaocean ;i'll go down and see ,  i think she's supposed to go work soon ,  but i'm not sure when ,  why ?
a_latino_man559 ;just wondering ,  if she can catch chatting ,  lol
ilovethaocean ;heh .  .  .  she doesn't do nothing on my competition ,  she has her own lol ,  she gave me her old one
a_latino_man559 ;cool
ilovethaocean ;which is why i'm slow to respond sometimes ,  because this computer is a little slow lol
a_latino_man559 ;ah
ilovethaocean ;brb okay ?
a_latino_man559 ;ok ,  how come you picked me for this weekend ?  ,  and not somebody closer ?
ilovethaocean ;because your nice ,  your cute ,  and your such a sweet guy ,  ,  ,  and i like you
a_latino_man559 ;lol ,  thanks
ilovethaocean ;why didn't you want a girl who was closer ?
a_latino_man559 ;that would be cool ,  but it's not like I am looking ,  plus you seem very nice and sweet ,  and I like you ,  plus I want to teach you so much stuff
ilovethaocean ;now i'm gonna brb ,  okay ?
a_latino_man559 ;ok ,  so you gonna call me in a bit ?
ilovethaocean ;ya in about minutes ,  okay ?
a_latino_man559 ;ok
ilovethaocean ;i was just going down and having something quick dinner
a_latino_man559 ;ok ,  be back in minutes ok ?
ilovethaocean ;ok ,  i'll call in ,  okay ?
a_latino_man559 ;hey cutie
ilovethaocean ;hey hun
a_latino_man559 ;you have a very sweet voice
ilovethaocean ;ty i like yours
a_latino_man559 ;texas ,  I wish you had a cam so I can see you ,  : 0
ilovethaocean ;you have a cool accent btw
a_latino_man559 ;lol ,  texas
ilovethaocean ;where is it from ?
a_latino_man559 ;Mexico
ilovethaocean ;kewl so you were born in Mexico ?  that rocks
a_latino_man559 ;yeah ,  let me see your pictures on yahoo again .  please ,  please ?  ,  lol
ilovethaocean ;sure ,  i'll file transfer it you okay ?
a_latino_man559 ;ok ,  nice ,  you have nice hair
ilovethaocean ;ty
a_latino_man559 ;you have pubic hair yet ?
ilovethaocean ;ya a little lol
a_latino_man559 ;mom me mm ,  I'm gonna play with it ,  and rub your pussy real nice ,  i want to make you want me so so bad ,  I am so hard right now ,  lol
ilovethaocean ;lol
a_latino_man559 ;what you thinking about ?
ilovethaocean ;saturday .  .  .  when you get there i'm probably gonna be chilling on the patio lol so i dun want you come through the door .  .  .  like come the back yard first okay ?
a_latino_man559 ;ok ,  what would you be wearing ?
ilovethaocean ;what do you want me wear ?
a_latino_man559 ;be naked ,  : 0 ,  or just bra and undies ,  or a shirt with no bra and no panties ,  : 0
ilovethaocean ;i'll see okay hun ?
a_latino_man559 ;ok ,  do you get periods yet ?
ilovethaocean ;ya i had mine last week ,  brb
a_latino_man559 ;how many condoms should I take ?  ,  ok
ilovethaocean ;i gotta reboot ,  okay ?
a_latino_man559 ;ok ,  you online ?  ,  got disconnected earlier .  Hey ,  I am going on Saturday ,  I made up up mind ,  ,  ,  .  Just let me know if you are for sure and all .  I'll be online in the morning ,  not sure about the night ,  I may pop in to see if you reply .  It's gonna be so great baby .  ,  ,  ,  hey ,  I'll probably leave at from here ,  so I should be there close to .  If you want call me around : 45 or so .  ,  ,  ,  I'll get some condoms .  ,  hey ,  <ding> ,  still awake ?
ilovethaocean ;hey hun ,  you it's a friday night lol
a_latino_man559 ;lol ,  brb ok
ilovethaocean ;okay
a_latino_man559 ;back ,  so ready for tomorrow ?
ilovethaocean ;ya ,  are you ?
a_latino_man559 ;yeah ,  I get hard just thinking about it
ilovethaocean ;cool
a_latino_man559 ;did your mom leave already ?
ilovethaocean ;ya her flight left like this afternoon
a_latino_man559 ;cool ,  so you home alone ?
ilovethaocean ;ya
a_latino_man559 ;really ?  ,  wow ,  I wish I was there already
ilovethaocean ;me2 ,  but it won't be long lol
a_latino_man559 ;I know ,  i want you so so bad ,  when is she coming back ?  ,  you there ?  ,  <ding>
ilovethaocean ;ya ,  she's coming back on sunday
a_latino_man559 ;where did you go ?  ,  cool ,  what time ?
ilovethaocean ;like or at night i think sell be home
a_latino_man559 ;cool ,  so what you doing ?
ilovethaocean ;nothing much ,  probably gonna go down and grab a snack soon ,  you ?
a_latino_man559 ;having a snack ,  what else you doing on the computer ?
ilovethaocean ;just talking you and reading yahoo news
a_latino_man559 ;really ?  ,  chatting with guys ?  LOL .  Its ok ,  don't worry
ilovethaocean ;just talk in you hun
a_latino_man559 ;really ?  ,  I feel special ,  so ,  what are you wearing ?  ,  for tomorrow ?
ilovethaocean ;what do you want me wear .  .  .  like a top and skirt ?
a_latino_man559 ;yeah ,  wear something that makes you look real nice ,  when is your b-day baby ?
ilovethaocean ;may and ,  you ?
a_latino_man559 ;June
ilovethaocean ;kewl ,  ok ,  gonna go and grab a snack now brb
a_latino_man559 ;ok ,  you back ?
ilovethaocean ;now i am
a_latino_man559 ;cool ,  so what did you get for snack ?
ilovethaocean ;just went and got some potato chips
a_latino_man559 ;cool ,  so what's on your mind ?  ,  what you thinking about pretty lady ?
ilovethaocean ;thinking about morrow
a_latino_man559 ;what exactly you thinking ?
ilovethaocean ;well about all the stuff were gonna do
a_latino_man559 ;really ?  ,  me too ,  I picture your body naked on the bed as I play with it
ilovethaocean ;i hope you won't think i'm a dork or neth in because i'll be do in all of this the first time
a_latino_man559 ;it's ok ,  I'll teach your body
ilovethaocean ;cool
a_latino_man559 ;how does your breasts look ?
ilovethaocean ;like i said yesterday i'll probably be on the patio ,  so you'll like have come through the garage and around the back ,  okay ?
a_latino_man559 ;ok
ilovethaocean ;cool
a_latino_man559 ;I'll be there right before ,  can't wait
ilovethaocean ;neither can i
a_latino_man559 ;: 0 ,  you have very pretty lips
ilovethaocean ;ty
a_latino_man559 ;I am going to kiss them a lot ,  then I'm gonna put them on my dick
ilovethaocean ;i wanna kiss you a lot
a_latino_man559 ;ever seen a penis in person ?
ilovethaocean ;no
a_latino_man559 ;on movies ?  ,  or internet ?
ilovethaocean ;only yours and some dude linked me one on his profile
a_latino_man559 ;ah ,  maybe we can rent a porn movie or something ,  or we can watch a movie at night and make out and fuck
ilovethaocean ;sounds good i like movies
a_latino_man559 ;or dance ,  I'll teach you salsa and feel all your body ,  cool
ilovethaocean ;kewl ,  i dunno how salsa dance ,  and i dun think i have any music to dance it
a_latino_man559 ;i have some
ilovethaocean ;kewl ,  will you bring it with / you ?
a_latino_man559 ;ya ,  so for sure then ?  ,  tomorrow ?
ilovethaocean ;ya ,  for sure
a_latino_man559 ;swear ?
ilovethaocean ;ya ,  i promise
a_latino_man559 ;awesome ,  I'll make it real special for you ,  I'll treat you like a lady then teach your body so much pleasure
ilovethaocean ;cool
a_latino_man559 ;how would you know is me when I get there ?
ilovethaocean ;Im gonna call you at : 45 ,  so i'll know it's you coming through the garage door lol
a_latino_man559 ;ok ,  did I show you my face picture right ?
ilovethaocean ;ya ,  i saw your face on cam
a_latino_man559 ;ok ,  cool
ilovethaocean ;and the picture of you in the zorro mask ,  was that halloween or something ?
a_latino_man559 ;lol ,  you ,  how many condoms should I take ?
ilovethaocean ;i dunno ,  how big are the boxes lol
a_latino_man559 ;like a box ,  how big are your breasts ?
ilovethaocean ;like a .  .  i know small
a_latino_man559 ;they look nice though ,  I'm going to play with them a lot and suck on them ,  and play with your nipples with my tongue ,  what about your vagina ?  is it nice ?
ilovethaocean ;i dunno
a_latino_man559 ;how many fingers fit inside it ?  ,  or ?  ,  me me m ,  hey ,  I better go to bed and rest for tomorrow
ilovethaocean ;ok i'll call you at : 45 okay ?
a_latino_man559 ;ok ,  if you don't want me to come for some reason or your mom is coming home call me before I leave ok ?  ,  I'll be leaving here at
ilovethaocean ;okay ,  your leaving at right ?
a_latino_man559 ;ya ,  its like hours ,  so you can probably call me earlier ,  like : 30
ilovethaocean ;okay ,  if i haven't called before start on the road okay ?
a_latino_man559 ;edit right ?  ,  ok
ilovethaocean ;ya
a_latino_man559 ;ok baby ,  cya tomorrow
ilovethaocean ;c-ya tomorrow hun
a_latino_man559 ;it's go on a be so awesome
ilovethaocean ;i know
a_latino_man559 ;like a dream ,  I'll be the best sex you will ever have ,  night baby
ilovethaocean ;night hun
