ID;msg
abraxisreborn ;where in wi ?
beckibillybob ;milw ,  you ?
abraxisreborn ;like a half hour north of milwaukee
beckibillybob ;kewl a/s ?
abraxisreborn ;/ m
beckibillybob ;what town you in i'm on the north side ,  suburb
abraxisreborn ;Hartford ,  you ?
beckibillybob ;i'm in menomonee falls ,  small world lol
abraxisreborn ;rad
beckibillybob ;so what's up ?
abraxisreborn ;not much ,  chilling ,  you ?
beckibillybob ;same same ,  bored outta my head lol
abraxisreborn ;lol same here
beckibillybob ;so what do you do for a living ?
abraxisreborn ;carpenter
beckibillybob ;neat ,  i go to school lucky me ,  / f (  Just for the record .  .  .  )  ,  ugh
abraxisreborn ;lol ,  it's better than work though
beckibillybob ;if you say so ,  you have a very kewl goatee ,  lol
abraxisreborn ;lol thanks ,  i shaved it off for awhile but i'm gonna start regrow in it ,  very nic epic btw (  She looks twelve .  Ugh .  )
beckibillybob ;that's kewl ,  you think so ?  ,  i'm a dork lol
abraxisreborn ;lol but so am i
beckibillybob ;hey kewl we can be dorks get her then
abraxisreborn ;rad
beckibillybob ;that little devil is cute lol
abraxisreborn ;lol we're talking about the smiley right
beckibillybob ;lol your funny
abraxisreborn ;you got a boyfriend ?
beckibillybob ;no i just got dumped ,  it sucks
abraxisreborn ;awww sorry to hear that ,  any thing i can do to make you feel better ?  (  Testing the waters .  .  .  )
beckibillybob ;aww your sweet ,  its just nice talk a boy that's not a jerk ,  he was mean
abraxisreborn ;there's a lot of them out htere
beckibillybob ;he said that he found another girlfriend ,  at least he was honest lol
abraxisreborn ;well that's still shitty of him
beckibillybob ;i suppose ,  eh he's dumb
abraxisreborn ;lol ,  |u mind i'm ?  (  WHY WOULD SHE MIND ,  LUCAS ?  ARE YOU DOING SOMETHING WRONG ,  PERHAPS ?  )  |
beckibillybob ;no i'm not mean
abraxisreborn ;lol not mean ?  ,  so what are you into ?
beckibillybob ;i like music an i skate
abraxisreborn ;rad ,  i can't skate lol
beckibillybob ;it's ok i fall alot ,  lol ,  i got br uses on my butt right now from a wicked spill lol
abraxisreborn ;I like metal ,  punk and metalcore| ,  lol
beckibillybob ;i'm into like alkaline trio an green day an that stuff .  .  .  i guess i'm not hardcore lol
abraxisreborn ;I should really help those heal (  Oh ,  you are the witty .  .  .  loser .  )  |
beckibillybob ;how do you help a bruise heal mom sez they just gotta go away on their own
abraxisreborn ;lol that's ok ,  everyone is entitled to like what they like
beckibillybob ;hey thanks
abraxisreborn ;lol i'm not sure ,  i'm sure i could find a way
beckibillybob ;you keep winking are you hitting on me ?  lol
abraxisreborn ;hmmmmm maybe (  Or you could not hit on kids .  .  .  just a thought .  )
beckibillybob ;aww tahst so cute
abraxisreborn ;lol ,  lol
beckibillybob ;whatchu laffin about ?
abraxisreborn ;idk ,  just laughing i guess
beckibillybob ;you seem like a lot of fun
abraxisreborn ;lol as long as i can get outta hartford ,  Hartford sucks the fun out a everything
beckibillybob ;me no falls is the same
abraxisreborn ;gotta be better than this hick town though
beckibillybob ;um .  .  .  no .  .  .  it's meno falls ,  lol ,  we have a fleet farm ,  hello z
abraxisreborn ;lol yea well we have a Kmart
beckibillybob ;milw has a Kmart ,  WE have a fleet farm ,  tres lame
abraxisreborn ;we're not big enough for a fleet farm otherwise we'd have a couple
beckibillybob ;lol ,  so do you know meno falls ?
abraxisreborn ;not all that well lol ,  i know where the fleet farm is lol
beckibillybob ;lol ,  i forgive you
abraxisreborn ;but that's cause i go to neu's
beckibillybob ;o ok ,  i will let it pass this time ,  though fleet farm has wicked dickies ,  for less than hot topic
abraxisreborn ;lol yup
beckibillybob ;so i'm sorry if i'm babbling if your busy i can leave you alone
abraxisreborn ;lol i'm not busy at all ,  i'm have in a good time chatting with you
beckibillybob ;aww ty
abraxisreborn ;my pleasure
beckibillybob ;aww you gave me a flower
abraxisreborn ;lol yup ,  and it didn't even cost me much
beckibillybob ;LOL
abraxisreborn ;(  kissing emoticon )
beckibillybob ;aww and a kiss ?  ,  whadda guy
abraxisreborn ;lol yea
beckibillybob ;so whatchu wanna talk about ?
abraxisreborn ;idk anything you want ,  anything you wanna know about me ?
beckibillybob ;um .  .  .  your a carpenter right ?
abraxisreborn ;yup
beckibillybob ;i need new carpet mine is brown and yucky ,  lol
abraxisreborn ;lol ,  so rip it out ,  i could always learn to lay carpet with you
beckibillybob ;you mean i can learn with you right ?
abraxisreborn ;lol yup
beckibillybob ;because i don't know jack about that stuff ,  lol
abraxisreborn ;"|id lay your carpet anytime (  Gee ,  jokes about """" laying carpet """" with a thirteen year-old are HILARIOUS !  Fuckstain .  )  |"
beckibillybob ;wow now i know your hitting on me
abraxisreborn ;lol ,  there's a high likelihood (  Color ME surprised .  .  .  )
beckibillybob ;aww ty
abraxisreborn ;anytime
beckibillybob ;i like you
abraxisreborn ;really
beckibillybob ;ya your real nice me and don't treat me like a kid
abraxisreborn ;why the x
beckibillybob ;most guys treat me like a baby
abraxisreborn ;well i don't like to treat any one like that
beckibillybob ;thanks i preci ate it
abraxisreborn ;especially a girl that i find attractive (  How you can find a kid attractive is beyond me .  )
beckibillybob ;wow no1 sez that stuff me ,  i month a flat dork with glasses lol
abraxisreborn ;i love glasses and i like small hehe (  Yuck .  )
beckibillybob ;no guy likes small boob erz lol
abraxisreborn ;well i do (  Of COURSE you do .  )  ,  so are you saying i'm not a guy ?  lol
beckibillybob ;lol ok i believe you
abraxisreborn ;good ,  so what kinda guys you like ?
beckibillybob ;ones that are nice and funny and like have fun not mean or boring lol
abraxisreborn ;rad ,  i'm nice and funny and i'm not mean lol (  And I'll feel free to disagree .  .  .  )
beckibillybob ;you don't want me for a girlfriend though i'm just a lame kid (  Don't say I didn't give Lucas EVERY chance to walk away from this one .  .  .  )
abraxisreborn ;no your not ,  you seem pretty cool to me
beckibillybob ;aww ty
abraxisreborn ;no need to thank me
beckibillybob ;what do you wanna know about me ?
abraxisreborn ;hmmmm
beckibillybob ;you should add me so we don't get lost lol
abraxisreborn ;what sur biggest pet pieve
beckibillybob ;um peeps who are mean for no reason and teacher's lol
abraxisreborn ;rad ,  i may become a teacher someday lol (  Oh HELLZ no .  )
beckibillybob ;uh oh ,  are you going school ?
abraxisreborn ;not anymore ,  lol ,  but i may go back someday
beckibillybob ;where did you go ?
abraxisreborn ;platteville .  .  .  .  boo lol
beckibillybob ;o jeez i just noticed i don't know your name lol ,  i'm becki
abraxisreborn ;Lucas ,  nice to meet ya becki
beckibillybob ;you ,  so what else you wanna know ?  > ,  do you have any more pictures ?
abraxisreborn ;trying to send you one lol
beckibillybob ;hm doesn't look like its work in ,  can you email it ?  ,  .  com
abraxisreborn ;it may work in a second
beckibillybob ;what's your email i'll trade with you
abraxisreborn ;i gotta upload it
beckibillybob ;o ok
abraxisreborn ;.  com but i have troubles with it right now ,  is it working ?  ,  |oh hey how was vegas ?  (  I commented in my profile that I had just gotten back from Vegas .  Guess he saw another place where it said I was ,  eh ?  )  |
beckibillybob ;haha you ,  it was hell a fun ,  i got pix of that
abraxisreborn ;rad ,  lol i should just stop over sometime (  Oh REALLY ?  You want to MEET this kid ?  You don't SAY .  .  .  )
beckibillybob ;you wanna ?  what would we do ?  ,  i'm hells of bored here
abraxisreborn ;"lol idk ,  |im sure your parents would love that (  """" Mom ,  just an FYI .  .  .  I have a year-old coming over to molest me .  .  .  hope you don't mind .  .  .  """"  )  |"
beckibillybob ;watch dvds play xbox what do you like do ?  ,  mom z at work tonight an to mar own it e like ,  am
abraxisreborn ;dvds and xbox sound fun ,  it would almost have to be on a weekend though cause i gotta go to work at for a couple weeks here
beckibillybob ;oh no that's no good ,  mom don't work weekends
abraxisreborn ;or if it's gonna rain i might be able to cum over (  SO WITTY .  .  .  CUM=COME .  .  .  HAHA .  .  .  )
beckibillybob ;that be cool call in sick tom a row lol ,  i'm so mean
abraxisreborn ;lol i gotta work this week but maybe next week i will
beckibillybob ;nope i'm mad now ,  lol
abraxisreborn ;lol ,  you have a cam ?
beckibillybob ;nope mom says no til (  Just another reminder that SHE'S A KID .  .  .  )  ,  she's lame
abraxisreborn ;lol ,  that's ok
beckibillybob ;dammit i gotta be bored now tom a row ,  xbox by yourself sux ,  you there ?
abraxisreborn ;lol yea i'm here ,  was just talking to my roommate
beckibillybob ;o sorry lol
abraxisreborn ;|hmm well i'll see when i get off work and i'll come online ,  depending on how tired i am i may cum down |
beckibillybob ;o neat
abraxisreborn ;you have no reason to be sorry
beckibillybob ;it would have to be after is that ok it's when she leaves
abraxisreborn ;we'll see
beckibillybob ;if not it's ok ,  can i call you an say hi real quick before dinner ?
abraxisreborn ;idk lol my voice is shot from the game yesterday
beckibillybob ;i forgive you lol
abraxisreborn ;you can have my number if you want though
beckibillybob ;kewl ,  i'm getting a pencil hang on
abraxisreborn ;ok
beckibillybob ;ok shoot
abraxisreborn ;edit
beckibillybob ;do you want me call now or maybe later ?
abraxisreborn ;later would be better
beckibillybob ;ok what time
abraxisreborn ;i gotta charge my phone ,  idk like ish
beckibillybob ;ok i can do that
abraxisreborn ;cool ,  |so you got any other pictures ?  (  Gee ,  WHAT FOR ?  Not a chance ,  Spanky McSpanksalot .  )  |
beckibillybob ;ya but they mostly look like the i have on my prof
abraxisreborn ;lol ok
beckibillybob ;back before mom took the cam lol
abraxisreborn ;lol why d she take it
beckibillybob ;she said she herd on the news that it's not good for peeps my age to have them ,  stupid carol meekins on channel
abraxisreborn ;lol ,  i though she busted you or something lol (  Not that Lucas was hoping for naughty webcam stories from a kid or anything .  .  .  )
beckibillybob ;o jeez no i mean i made faces an took screen grabs a lot but nobody wants see that stuff lol
abraxisreborn ;screengrabs ?  (  Yeah .  Keep dreaming .  )
beckibillybob ;ya like pictures like on my prof
abraxisreborn ;oh ok lol ,  your mom work every tuesday and weds ?
beckibillybob ;nah it changes depend in on her schedule
abraxisreborn ;ic ic ,  she ever work on Fridays lol ?
beckibillybob ;not really i guess she mostly has them off
abraxisreborn ;ic ic ,  than i'll just have to make it down there during the week some time lol
beckibillybob ;ok then ,  tomorrow is good .  .  .  ,  lol
abraxisreborn ;lol that's what i hear
beckibillybob ;ok maybe thursday i let cha but that's it ,  you can't let me end this week bored !
abraxisreborn ;so how am i gonna stop the boredom ?  (  And .  .  .  begin trying to make the kid talk about sex .  Neato !  )
beckibillybob ;um by hugging me till i stop being bored ,  because i mla me and like hug
abraxisreborn ;doesn't sound like that bad of an idea ,  as long as you don't freak if a tent pops up lol (  Crude and disgusting .  .  .  par for the course .  )
beckibillybob ;omg stop it ,  i'm not that cute i promise
abraxisreborn ;yea you are
beckibillybob ;ok then tom a row it is ,  lol ,  i'm just play in
abraxisreborn ;lol ,  play in with what lol ,  j/k
beckibillybob ;oh that was dirty ,  lol
abraxisreborn ;perhaps lol
beckibillybob ;i forgive you again
abraxisreborn ;lol thanks
beckibillybob ;yay hugs !
abraxisreborn ;just for you
beckibillybob ;your so sweet !
abraxisreborn ;nah
beckibillybob ;you are ,  aww another kiss your much !  lol ,  i like it
abraxisreborn ;hehe ,  well i like you
beckibillybob ;yay i like you
abraxisreborn ;rad
beckibillybob ;now what ,  lol
abraxisreborn ;what ?  ,  i gotta go eat in a bit but i'll be back later
beckibillybob ;i might be here i gotta eat ,  talk to you then
abraxisreborn ;|peace and love sexy (  Blah ,  nothing sexy about a kid .  That is just icky .  )  |
beckibillybob ;aww i'm not sexy ,  but thanks
abraxisreborn ;yes you are
beckibillybob ;still want me call you at ?
abraxisreborn ;sure ,  if you want
beckibillybob ;ok i'll talk to you then
abraxisreborn ;you live in town or outside of town ?
beckibillybob ;it's where they are build in the new houses off of Appleton
abraxisreborn ;hmmmm .  .  .  .
beckibillybob ;hm ?
abraxisreborn ;i'll have to get directions from you before id come down lol
beckibillybob ;ya lol i can do that
abraxisreborn ;rad ,  i'll talk to you later though ok sexy
beckibillybob ;i'm not great with them but i'll try my best lol ,  ok
abraxisreborn ;lol i'm sure your best will be good enough
beckibillybob ;aww ty
abraxisreborn ;peace babe
beckibillybob ;i only moved here like mos ago ,  lol ,  ok sorry i'll shut up
abraxisreborn ;don't be sorry ,  i'll be back ina bit ok (  l )  hehe
beckibillybob ;ok ,  bye
abraxisreborn ;hey sexy
beckibillybob ;hi lol ,  i thought you forgot about me
abraxisreborn ;how could i do that ,  i've been work in hour days
beckibillybob ;awww i'm sorry
abraxisreborn ;so what are you up to ?
beckibillybob ;i'm sorry messenger is be in dumb
abraxisreborn ;lol it usually is
beckibillybob ;what were you say in
abraxisreborn ;i said i'm work in hour days
beckibillybob ;awww ,  poor d00d
abraxisreborn ;|lol i need a massage (  Can it be with blunt objects ,  and not like a massage at all ?  I'll volunteer .  .  .  )  |
beckibillybob ;i never gave i don't know if id be good lol
abraxisreborn ;i'm sure you'd be good
beckibillybob ;your sweet
abraxisreborn ;(  kissing emoticon )
beckibillybob ;aww ty for the kiss
abraxisreborn ;i wish i could give you one in person (  Lovely .  Or not .  )
beckibillybob ;i tried call you but you didn't come back an all ,  can i call you maybe now ?
abraxisreborn ;i gotta shower pretty soon lol
beckibillybob ;i was gonna get in the shower in a few
abraxisreborn ;i hate the phone lol
beckibillybob ;id just be say in hi lol
abraxisreborn ;well maybe we should just shower to gether (  Or we could skip it .  )
beckibillybob ;lol ,  i got your id just say hello how are you then be done ,  i just wanna make sure your not like ,  lol
abraxisreborn ;well i guess it's ok lol
beckibillybob ;i only got minutes left on my callin card any how ,  o i was telling you before
abraxisreborn ;what were you telling me ?
beckibillybob ;i moved here about mos ago so don't make fun of my accent lol
abraxisreborn ;lol i won't ,  where you from ?
beckibillybob ;texas
abraxisreborn ;rad
beckibillybob ;i'm gonna pee then call ,  edit ,  right ?
abraxisreborn ;ok ,  |southern accents are hot (  And thirteen year-olds are NOT .  .  .  I'll get my advice on what's hot and what's not from someone with a clue ,  kthx .  )  |
beckibillybob ;wait that's many
abraxisreborn ;yup
beckibillybob ;haha no it's not ,  i can't read
abraxisreborn ;lol yea erase one of the two s ,  edit
beckibillybob ;o jeez i'm right ,  lol ,  ok i'm back
abraxisreborn ;I love the accent (  AND the fact that she sounds twelve ,  I'm sure .  Thanks for the great verify ,  Stormy !  )  |
beckibillybob ;haha whatever
abraxisreborn ;i'm serious
beckibillybob ;aww ty
abraxisreborn ;so you think your mom will be working tomorrow ?  (  Now he REALLY wants to meet .  )
beckibillybob ;i'm not sure i got the schedule on the friday ge ,  hang on
abraxisreborn ;ok
beckibillybob ;i'm back she works at like pm ,  til am ,  then off for the weekend
abraxisreborn ;rad
beckibillybob ;yep
abraxisreborn ;what movie would you wanna see ?  (  Let's make SPECIFIC plans .  .  .  )
beckibillybob ;i dunno where do you wanna go what movies like mayfair ?
abraxisreborn ;lol idk ,  i don't really know that area very well so you'd be the tour guide
beckibillybob ;lol ok ,  i kinda wanted see robots
abraxisreborn ;cool
beckibillybob ;so what do you wanna do
abraxisreborn ;i don't care ,  whatever you wanna do (  winking emoticon )
beckibillybob ;what you wink in at ,  that means flirt in
abraxisreborn ;lol perhaps
beckibillybob ;i'm no dummy you are lol ,  i meant you are flirting ,  lol
abraxisreborn ;lol perhaps
beckibillybob ;ya the rest had evil you total year
abraxisreborn ;lol yup
beckibillybob ;so is this like a date ?
abraxisreborn ;idk is it ?  ,  i have to see if i can cum down yet though (  Cum=come .  .  .  brilliant !  )
beckibillybob ;lol you with the movie an all lol ,  o ok ,  i got movies here if you just wanna stay in
abraxisreborn ;which ever you want
beckibillybob ;i'm kewl with ordering a pizza an staying in an whupping you on the xbox ,  lol
abraxisreborn ;lol ,  sounds cool
beckibillybob ;is there any thin else you wanted knob out me i feel like we talked a lot about you lol ,  that's ok ,  but i wanna share if you wanna ok no more
abraxisreborn ;tell me anything your willing to
beckibillybob ;no you gotta ask me i'll tell lol
abraxisreborn ;you ever date anyone older ?  (  Testing the waters again .  .  .  )
beckibillybob ;um you ,  the one that dumped me
abraxisreborn ;well he's an asshole ,  lol
beckibillybob ;why a pretty much lol ,  totally ,  lol
abraxisreborn ;yup ,  |may i ask how far you've gone ?  (  NO YOU MAY NOT .  .  .  and yet ,  you shall .  * sigh * )  | ,  j/w
beckibillybob ;sure i mean i made out an some touch in an stuff ,  never went all the way ,  is that lame ?
abraxisreborn ;nope ,  not at all
beckibillybob ;i got close twice with my x but i was a little scared ,  i herd it hurts
abraxisreborn ;eya the first time but it feels good too though (  Don't they ALL say this ?  )
beckibillybob ;ya i herd that lol
abraxisreborn ;hehe
beckibillybob ;i think i'm the only from my friends here that didn't do it yet
abraxisreborn ;hmmmm
beckibillybob ;i just nod like i know what's going on lol ,  hm ?  ,  watch think in about dirty boy lol
abraxisreborn ;lol idk
beckibillybob ;ya mmhmm ,  lol ,  what else you wanna know ?  ,  i'm an open book lol
abraxisreborn ;|hmmmm lol do you shave ?  (  Signed ,  sealed delivered .  .  .  PERV .  )  |
beckibillybob ;you mean like my legs an stuff ?  i don't really gotta yet (  haha )  ,  i don't got much shave lol
abraxisreborn ;cool
beckibillybob ;weird question lol
abraxisreborn ;lol i wasn't a skin about your legs though ,  old (  He uses this little sign for her private parts a few times in this chatlog .  .  .  ugh .  )
beckibillybob ;omg you meant my .  .  .  .  o jeez ,  no i don't but i don't got nothing lol (  BECAUSE SHE'S A KID .  .  .  )
abraxisreborn ;|nice (  No ,  most definitely NOT nice .  )  |
beckibillybob ;you think ?
abraxisreborn ;hell yea
beckibillybob ;i thought that made me like a woman an stuff when i get that lol
abraxisreborn ;i wish i could see it lol (  I'm sure you do .  .  .  sick asstart .  )
beckibillybob ;you'd wanna see that ?  ,  eh it's not all that cool lol
abraxisreborn ;|lol well i bet i would think otherwise hehe (  Ugh ,  you are so fired from the human race .  Bye now .  )  |
beckibillybob ;haha ,  funny boy ,  what else you wanna know ?
abraxisreborn ;hmmm idk ,  you ever finger ?
beckibillybob ;what you mean ?
abraxisreborn ;like play with yourself ?  (  Thanks for breaking it down into kid terms .  LOVE that .  )
beckibillybob ;oh no well i tried it once it didn't do nothing for me lol (  Kid is sexually awkward and clueless .  Think that slows Lucas down ?  HELLZ no .  )  ,  i don't think i do it right
abraxisreborn ;hmmm i could always help you out lol
beckibillybob ;you can help me do that don't i gotta be alone ?  lol
abraxisreborn ;lol no you don't
beckibillybob ;see i don't know jack
abraxisreborn ;i could watch lol (  You want to watch a child masturbate .  Fucking disgusting .  )
beckibillybob ;lol ,  |i can't belive you'd wanna see that lol (  Yeah ,  I really can't .  )  |
abraxisreborn ;hell yea i do
beckibillybob ;lol
abraxisreborn ;i'm getting excited just thinking about it lol (  GAG )
beckibillybob ;wow you are ?  ,  i'm not that xc it in ,  like i said i haven't done much so i don't know a lot about it
abraxisreborn ;yea you are ,  well your exciting me
beckibillybob ;hey what does your sn mean ?  i was wonderin that
abraxisreborn ;abraxis is the latin god of balance .  .  .  .  its from a book
beckibillybob ;what book ?  ,  i read a lot
abraxisreborn ;dame an ,  i don't think i spelt that right lol
beckibillybob ;|demian ?  (  Oops ,  almost gave up my year-old status ,  but if it's a book that you created your SN on ,  you'd think you'd know how to SPELL it .  .  .  Lucas = moronosaurus rex .  )  |
abraxisreborn ;by Herman hesse ,  possibly lol
beckibillybob ;lol ,  i never read it ,  is that your fave book ?
abraxisreborn ;not my favorite but it's pretty good
beckibillybob ;cool
abraxisreborn ;what's your favorite movie ?
beckibillybob ;um i gotta say prob .  .  .  don't laff .  .  .  i loved finding nemo
abraxisreborn ;i'm not laugh in
beckibillybob ;it was so good ,  but of all time i just watched good will hunting that was so very good ,  they swore a lot lol
abraxisreborn ;very good movie ,  lol yup
beckibillybob ;but i really liked it ,  hm what else do you wanna know about me before i go get clean an go to bed ?
abraxisreborn ;|mmm i wish i could help you get clean lol (  Can't let a sentence go by without innuendo ,  can you ?  )  | ,  hmmmm .  .  .  .
beckibillybob ;lol omg id feel funny if there was another person in the shower lol
abraxisreborn ;"|lol i wouldn't mind making you feel """" funny """" (  Oh ,  I'm SURE you wouldn't .  )  |"
beckibillybob ;haha ,  well i hope see you tomorrow then i guess unless you wanted keep talking about something .  .  .  ,  i'm getting sleepy though lol
abraxisreborn ;than you should go get some sleep sexy
beckibillybob ;i'm so not sexy ,  lol
abraxisreborn ;yea you are
beckibillybob ;if you say so man
abraxisreborn ;you better believe it
beckibillybob ;do you like wanna really do this stuff with me or is this like on the competition stuff ?
abraxisreborn ;"i really would like to do """" stuff """" with you (  Just checking .  .  .  thanks .  )"
beckibillybob ;kewl ,  well then maybe i'll see ya marow
abraxisreborn ;b>
beckibillybob ;what does that mean ?  ,  you keep do in it
abraxisreborn ;what does this look like (  l )
beckibillybob ;um like a piece of rice lol
abraxisreborn ;it's a part of your body
beckibillybob ;OH my special place lol
abraxisreborn ;he hey up
beckibillybob ;o jeez i feel dumb
abraxisreborn ;don't feel dumb
beckibillybob ;ok whast the smiley got ta do with it
abraxisreborn ;it's the tongue smiley ,  b> ,  what does it look like he s do in
beckibillybob ;|hes sticking out his tongue at it (  Keep playing dumb ,  Baroness ,  maybe he won't go there .  .  .  )  |
abraxisreborn ;|lol what if the tongue was closer (  Yeah ,  he went there .  )  |
beckibillybob ;OH ,  one of my friend z was talking about that ,  i get it
abraxisreborn ;yummy (  That is most definitely NOT fucking yummy .  Cake ?  Yummy .  Thirteen year-old ?  SO NOT YUMMY !  )
beckibillybob ;o you do that ?
abraxisreborn ;yup
beckibillybob ;she said it's like the best thing ever ,  idk if she sly in or not so i agreed lol
abraxisreborn ;most girls love it
beckibillybob ;o ok ,  i trust you you did it i never did lol ,  don't tell my friend z lol
abraxisreborn ;|have you ever given oral ?  (  Gee ,  Lucas .  .  .  why do you want to know ?  )  |
beckibillybob ;ya once ,  idk if i was any good at it
abraxisreborn ;did he cum ?
beckibillybob ;i am about to sound totally lame i'm sorry ,  |does that mean the white stuff ?  (  Come ON ,  how can a sexually ignorant kid be appealing ?  )  |
abraxisreborn ;yup ,  you don't sound lame
beckibillybob ;then you he did
abraxisreborn ;cool ,  did you spit or swallow ?  (  Fucking repulsive .  )
beckibillybob ;he told me swalow it was that right ?
abraxisreborn ;yea
beckibillybob ;o ok ,  that's the most i've done
abraxisreborn ;cool
beckibillybob ;ok shower time
abraxisreborn ;you should try some personal time in there hehe (  Or .  .  .  you could try some personal time reflecting on how sick you are for wanting to screw a kid .  Either way .  )
beckibillybob ;nah i'm just no good at it lol
abraxisreborn ;lol well we could work on that
beckibillybob ;go take your shower an get clean dirty boy lol
abraxisreborn ;lol i'll try
beckibillybob ;i'll talk to you marow ?
abraxisreborn ;when will you be on ?
beckibillybob ;um after soccer so like or ?
abraxisreborn ;cool
beckibillybob ;ok talk to you then ,  i can't wait see you then !  ,  i hope you can make it
abraxisreborn ;hehe ,  me too
beckibillybob ;did you still wanna come over ?
abraxisreborn ;hell yea
beckibillybob ;ok cool ,  cya then !
abraxisreborn ;if you want me to that is
beckibillybob ;ya i do silly
abraxisreborn ;cool
beckibillybob ;bye
abraxisreborn ;peace and love sexy
beckibillybob ;whoa you got a webcam ?
abraxisreborn ;yea lol didn't i tell you that ?
beckibillybob ;no lol ,  lemme c d00d
abraxisreborn ;lol i got a cam
beckibillybob ;o i can't see you good
abraxisreborn ;it's a shitty cam
beckibillybob ;lol
abraxisreborn ;you should find your cam and steal it back lol
beckibillybob ;nah i think she got rid of it it was like mos ago
abraxisreborn ;lol ic ic
beckibillybob ;|come close so i can see you lol (  And get screengrabs .  .  .  thanks ,  Lucas !  )  |
abraxisreborn ;i gotta shave
beckibillybob ;it's ok lol ,  ok shower dammit ,  us top distract in me ,  what is that ?
abraxisreborn ;lol nothing ,  |lol that's what happened when i think of you (  And this is where Lucas shows me what may be the stumpiest ,  ugliest penis I have ever seen .  And that's saying something .  )  |
beckibillybob ;what did i miss ?  ,  i didn't really see what it was you took the cam away ,  |omg is that your thing ?  lol (  Haha ,  that was the only word I could think of to describe it .  Seriously ,  ugly ,  squat penis .  Beef looked over my shoulder and burst into gales of laughter .  It was THAT bad .  I have a screenshot of it ,  check the Follow-up Forums .  )  |
abraxisreborn ;hehe
beckibillybob ;lol wow it looks big me (  Or not .  Dear lord .  I just can't get over how bad it is !  )
abraxisreborn ;you can see it in person if you want (  OH DEAR GOD NO .  )
beckibillybob ;wow i wouldn't know what do with it lol ,  i'll wave at it ,  * waves * ,  lol
abraxisreborn ;lol i'll show you
beckibillybob ;aww ty ,  you don't treat me like a kid that's so kewl
abraxisreborn ;lol i would never do that
beckibillybob ;thanks ,  aww ty for the flower ,  ok shower time me
abraxisreborn ;ok sexy
beckibillybob ;g night
abraxisreborn ;peace ,  i'll be thinking of you (  While you spank the fat midget ?  Awesome !  That should take all of three seconds .  .  .  )
beckibillybob ;awww ,  that's sweet
