ID;msg
artc68 ;yes
amazing_ava_grace ;where at ?
artc68 ;LA and you
amazing_ava_grace ;i'm visiting my aunt in la ,  ,  ,  well ,  ,  ,  close
artc68 ;that's cool ,  ,  ,  how old are you
amazing_ava_grace ;i said already silly ,  ,  ,  look up ^
artc68 ;lol ,  ,  ,  what nationaltiy are you
amazing_ava_grace ;i'm sorta a mutt ,  ,  ,  all sorts of stuff ,  ,  ,  lol ,  ,  ,  what are you ?  ,  ,  ,  hello ?
artc68 ;what nationality are you
amazing_ava_grace ;i said i'm all kinds ,  ,  ,  what are you ?
artc68 ;are you white black hispanic ?
amazing_ava_grace ;|i'm asian ,  i'm portuguese ,  i'm dutch|
artc68 ;oh interesting ,  ,  ,  i wonder what that looks like ,  ,  ,  i'm hispanic
amazing_ava_grace ;i have a picture in my profile ,  ,  ,  do you have a picture /
artc68 ;let me see ,  ,  ,  you know your very young and i'm a lot older than you ,  ,  ,  how old is your aunt
amazing_ava_grace ;she's like in her 's why ?
artc68 ;oh just asking
amazing_ava_grace ;and age is so just a number
artc68 ;not when your ,  ,  ,  Im
amazing_ava_grace ;|yeah ,  it is| ,  ,  because if you're nice you're nice ,  ,  ,  it doesn't matter if you're or
artc68 ;lol ,  ,  ,  yeah but there are some in this world who are bad people who take advantage (  and he happens to be one of them )
amazing_ava_grace ;|yeah ,  i'm a big girl| ,  ,  i got it handled
artc68 ;lol ,  ,  ,  you should be playing with Susie and Scooter at your school
amazing_ava_grace ;do you have a picture ?  ,  ,  ,  ewww rude ,  ,  ,  |first of all ,  i don't know a scooter|
artc68 ;lol
amazing_ava_grace ;|secondly ,  he's probably a jerk|
artc68 ;but ,  ,  ,  but Scooter would be more your age ,  ,  ,  I like to play with girls older than you ,  ,  ,  over is good
amazing_ava_grace ;whatever
artc68 ;Im a very handsome man and just like to keep it legal
amazing_ava_grace ;|if you're so handsome ,  how come i can't see you ?  |
artc68 ;because i would have to send you a picture
amazing_ava_grace ;and ?
artc68 ;I don't know if you would know what to do with an older man ,  ,  ,  but you got nice lips though
amazing_ava_grace ;yep
artc68 ;me too
amazing_ava_grace ;yeah ?
artc68 ;yeah
amazing_ava_grace ;so send me a picture ,  ,  ,  duh
artc68 ;they say I kiss good
amazing_ava_grace ;my lips say that ?  ,  ,  ,  or yours do ?
artc68 ;lol no girls i've been with
amazing_ava_grace ;oh ,  ,  ,  lol ,  ,  ,  duh .  .  .  blond moment
artc68 ;lol ,  ,  ,  b> have you ever kissed a guy ?  (  And so it begins )
amazing_ava_grace ;yeah
artc68 ;do you like it ?
amazing_ava_grace ;yeah
artc68 ;i never kissed anyone yougner than
amazing_ava_grace ;really ?
artc68 ;yup ,  ,  ,  that would be weird
amazing_ava_grace ;why ?
artc68 ;because it would be like kissing a kid ,  ,  ,  and have you ever kissed an older guy ?
amazing_ava_grace ;b> like i card them ,  ,  ,  |if i like a guy ,  what do i care what his age is ?  |
artc68 ;what if he is ?
amazing_ava_grace ;is he nice ?
artc68 ;yes
amazing_ava_grace ;then it's all good
artc68 ;but you would know if he is older than you
amazing_ava_grace ;|yeah ,  but not how much older|
artc68 ;so you haven't don't more than kissing then right
amazing_ava_grace ;who said that ?
artc68 ;no i'm asking you
amazing_ava_grace ;what do you want to know ?
artc68 ;if you done more than kissing
amazing_ava_grace ;yes
artc68 ;like what ?
amazing_ava_grace ;i'm not really one to kiss and tell
artc68 ;I don't know you
amazing_ava_grace ;i know ,  ,  ,  |i mean ,  | ,  ,  it's not like i go around telling people my business
artc68 ;i know ,  ,  ,  where you staying at
amazing_ava_grace ;my aunt's
artc68 ;what part of california
amazing_ava_grace ;oh ,  ,  ,  near la
artc68 ;north of LA ?
amazing_ava_grace ;do you know where long beach is ?
artc68 ;yeah
amazing_ava_grace ;|well ,  that's where my aunt stays|
artc68 ;where you originally from ?
amazing_ava_grace ;the bay area
artc68 ;U here just visiting ?
amazing_ava_grace ;yep
artc68 ;how long ?
amazing_ava_grace ;about another week or so
artc68 ;that is cool
amazing_ava_grace ;yep
artc68 ;you like it here ?
amazing_ava_grace ;it's boring ,  ,  ,  |but ,  still|
artc68 ;how many are visiting with you ?
amazing_ava_grace ;it's just me ,  ,  ,  my mom had to go out of town for a couple of weeks ,  ,  ,  so she left me here ,  ,  ,  but my aunt already had plans ,  so like this weekend ,  it will just be me| ,  i get the house to myself ,  ,  ,  yay me ,  ,  ,  lol
artc68 ;she just left you there ?
amazing_ava_grace ;she who ?  ,  ,  ,  my mom ?  ,  ,  ,  she left me with my aunt
artc68 ;your aunt
amazing_ava_grace ;no she's not leaving until friday morning ,  ,  ,  she's only gonna be gone for like days
artc68 ;your going to be alone all weekend ?
amazing_ava_grace ;yep
artc68 ;what are you going to do ?
amazing_ava_grace ;i dunno ,  ,  ,  i don't know anyone around here ,  ,  ,  so i guess i'll be bored ,  ,  ,  lol
artc68 ;i see ,  ,  ,  b> well i would come over to see if you kiss good ,  ,  ,  just kidding
amazing_ava_grace ;too bad
artc68 ;you got me curious now
amazing_ava_grace ;yeah ?  ,  ,  ,  about ?
artc68 ;yeah ,  ,  ,  kissing someone younger
amazing_ava_grace ;yeah ?
artc68 ;yeah
amazing_ava_grace ;so can i see a picture now ?  ,  ,  ,  do you have a myspace ?  ,  ,  ,  i have a myspace ,  ,  ,  did go see it ?
artc68 ;can i see your myspace ?
amazing_ava_grace ;do you have one ?
artc68 ;well I don't have any pictures on it but can i see your first / ,  ,  ,  ?
amazing_ava_grace ;then send me one silly
artc68 ;ok ,  ,  ,  hold on i'm looking at your myspace ,  ,  ,  cute pictures
amazing_ava_grace ;i know
artc68 ;i'm interested in kissing you now
amazing_ava_grace ;you really wanna ?
artc68 ;do you ?  ,  ,  ,  yes
amazing_ava_grace ;|could be cool .  i'd know for sure ,  but you haven't sent me a pic|
artc68 ;but i'm older thought remember
amazing_ava_grace ;|yeah ,  and i don't care about age ,  remember ?  |
artc68 ;ok ,  ,  ,  I don't have any good ones ,  ,  ,  you there ?
amazing_ava_grace ;|yeah ,  everything got locked up| ,  ,  send it again
artc68 ;it's not a good one
amazing_ava_grace ;so ,  ,  ,  let me decide ,  ,  ,  lol
artc68 ;its dorky
amazing_ava_grace ;|dude ,  you saw my myspace right ?  | ,  ,  that's like all about dorky ,  ,  ,  lol
artc68 ;i look dorky standing in front of a desk
amazing_ava_grace ;where do you work ?
artc68 ;it where i used to work
amazing_ava_grace ;oh ,  ,  ,  that's cool ,  ,  ,  it looks like the airport or something ,  ,  ,  lol ,  ,  ,  you are way cute
artc68 ;I work at same company but we moved ,  ,  ,  really ?
amazing_ava_grace ;really ,  ,  ,  duh ,  ,  ,  i don't say things i don't mean
artc68 ;lol
amazing_ava_grace ;|u don't look old ,  why do you keep saying you're old|
artc68 ;i don't think I am but I'm older than you
amazing_ava_grace ;so .  ,  ,  ,  you're older than anyone who isn't ,  ,  ,  what's your point ?
artc68 ;lol ,  ,  ,  so you want to kiss ?
amazing_ava_grace ;|uh ,  how do i answer that ?  |
artc68 ;lol ,  ,  ,  that is true ,  ,  ,  let me reprase ,  ,  ,  rephrase ,  ,  ,  you want to keep in touch
amazing_ava_grace ;yes ,  ,  ,  of course
artc68 ;and if you get bored we can talk anytime
amazing_ava_grace ;what if i never get bored ?  ,  ,  ,  can we still talk ?
artc68 ;lol ,  ,  ,  sure ,  ,  ,  you have messenger ?
amazing_ava_grace ;we're on messenger
artc68 ;i added you
amazing_ava_grace ;yay us ,  ,  ,  lol
artc68 ;hola ,  ,  ,  lol
amazing_ava_grace ;hola ,  ,  ,  como estas
artc68 ;bien y tu ?
amazing_ava_grace ;estoy cansada
artc68 ;porque ?
amazing_ava_grace ;porque yo no tengo algo para hacer ,  ,  ,  did i say that right ?
artc68 ;good enough ,  ,  ,  lol ,  ,  ,  you have something to do ?
amazing_ava_grace ;because i don't have something to do ,  ,  ,  was that right ?
artc68 ;oh i see ,  ,  ,  yes ,  ,  ,  no tengo algo que hacer
amazing_ava_grace ;whoops ,  ,  ,  sorry
artc68 ;but pretty good
amazing_ava_grace ;|cuando yo quiero hablar en espanol ,  my lengua no quiere trabajar|
artc68 ;you must be smart in school
amazing_ava_grace ;yep ,  ,  ,  i skipped the fourth grade
artc68 ;really ,  ,  ,  your spanish is almost perfect
amazing_ava_grace ;whatever
artc68 ;no that is very good
amazing_ava_grace ;yeah ?
artc68 ;that last sentence you wrote is very good
amazing_ava_grace ;really ?  ,  ,  ,  cool ,  ,  ,  i try hard ,  ,  ,  but sometimes i feel like a dolt
artc68 ;lol ,  ,  ,  no your not ,  ,  ,  your very smart ,  ,  ,  are you sure your ?
amazing_ava_grace ;yeah
artc68 ;i know i was kidding
amazing_ava_grace ;oh ,  ,  ,  see ,  ,  ,  dolt
artc68 ;do you have a cell ?
amazing_ava_grace ;no ,  ,  ,  my mom took it ,  ,  ,  said i used it too much ,  ,  ,  lol ,  ,  ,  whatcha thinking ?
artc68 ;sorry i got booted
amazing_ava_grace ;it's okay
artc68 ;are you going to be on later ?
amazing_ava_grace ;|maybe ,  i dunno| ,  ,  why ?
artc68 ;i am going to take a shower ,  ,  ,  but will be on later
amazing_ava_grace ;okay ,  ,  ,  will you find me tomorrow if i'm not ?
artc68 ;I am usually on after pm
amazing_ava_grace ;okay
artc68 ;cool ,  ,  ,  nice meeting you ,  ,  ,  U seem very cool
amazing_ava_grace ;TV ,  ,  ,  you are way cool too
artc68 ;lol thanks ,  ,  ,  if your bored next weekend we can chat or something too ,  ,  ,  i'll go visit you .  .  jk
amazing_ava_grace ;why jk ?
artc68 ;actually that sound nice to me
amazing_ava_grace ;me too
artc68 ;i'll give you a big hung ,  ,  ,  hug
amazing_ava_grace ;that would be nice
artc68 ;i know ,  ,  ,  I like nice warm hugs
amazing_ava_grace ;me too
artc68 ;cool ,  ,  ,  then i owe you one
amazing_ava_grace ;that works for me ,  ,  ,  lol
artc68 ;lol ,  ,  ,  me too ,  ,  ,  and maybe a smooch
amazing_ava_grace ;because we have nice lips
artc68 ;of course ,  ,  ,  okay i'm hitting the shower
amazing_ava_grace ;okay ,  ,  ,  miss me okay ?
artc68 ;talk to you later
amazing_ava_grace ;lol
artc68 ;okay ,  ,  ,  you too ,  ,  ,  hello you there ?  ,  ,  ,  Hola
amazing_ava_grace ;me extranas ?
artc68 ;Hola
amazing_ava_grace ;como estas ?
artc68 ;hola chula
amazing_ava_grace ;|hola ,  como estas ?  |
artc68 ;bien y ty ?  ,  ,  ,  what you doing ?  ,  ,  ,  <ding> ,  ,  ,  you still talking to me ?
amazing_ava_grace ;yes of course ,  ,  ,  but not if you buzz me ,  i hate that ,  ,  yuck ,  ,  ,  it's rude ,  ,  ,  lol
artc68 ;Hi was saying hello and you didn't say anything
amazing_ava_grace ;i did baby
artc68 ;then I asked what are you doing
amazing_ava_grace ;i was talking to my aunt ,  ,  ,  give me just a second okay ?
artc68 ;ok
amazing_ava_grace ;okay ,  ,  ,  back ,  ,  ,  how was your day ?
artc68 ;Hi cutie ,  ,  ,  my day was busy
amazing_ava_grace ;yeah ?  how come ?
artc68 ;working ,  ,  ,  it's always busy ,  ,  ,  lol ,  ,  ,  but its all good ,  ,  ,  how was your day ?
amazing_ava_grace ;it was okay ,  ,  ,  nothing exciting
artc68 ;what did you do ?  ,  ,  ,  awwwww wish i could have visited you
amazing_ava_grace ;do you want to ?
artc68 ;yes i do .  I like you
amazing_ava_grace ;you totally could if you wanted to you know
artc68 ;I was thinking about later this week .  what about Friday ?
amazing_ava_grace ;that would work ,  ,  ,  my aunt is leaving friday for like four days
artc68 ;cool we can hang out
amazing_ava_grace ;cool
artc68 ;i'll keep you company
amazing_ava_grace ;cool
artc68 ;: - * ,  ,  ,  what did your aunt talk to you about ?
amazing_ava_grace ;about that she's leaving friday ,  ,  ,  that she's gonna have a bunch of stuff delivered by schwans ,  ,  ,  lol ,  ,  ,  so i have easy stuff to make
artc68 ;poor baby your going to be all alone
amazing_ava_grace ;so .  ,  ,  ,  i'm not a baby ,  ,  ,  i think it's cool
artc68 ;lol ,  ,  ,  I know ,  ,  ,  did you talk to your mom today ?
amazing_ava_grace ;no ,  ,  ,  why ?
artc68 ;just wondering ,  ,  ,  do you get along with your mom ?
amazing_ava_grace ;sorta yeah
artc68 ;did she go on a trip ?
amazing_ava_grace ;reserves
artc68 ;army reservies ?
amazing_ava_grace ;navy
artc68 ;to where ?  Iraq ?
amazing_ava_grace ;no ,  ,  ,  only for two weeks
artc68 ;oh i see ,  ,  ,  what about your dad--u have one ?
amazing_ava_grace ;doesn't everyone ?
artc68 ;lol ,  ,  ,  where is he
amazing_ava_grace ;Washington
artc68 ;your parents divorced ?
amazing_ava_grace ;yeah
artc68 ;mine too
amazing_ava_grace ;yeah
artc68 ;will I be able to talk to you on the phone tonight ?
amazing_ava_grace ;?  ,  ,  ,  if you're really nice to me ,  ,  ,  lol
artc68 ;i'm always nice to you sweetie
amazing_ava_grace ;i know
artc68 ;would love t hear from U
amazing_ava_grace ;let me find the calling card ,  ,  ,  what's your number ,  ,  ,  ?
artc68 ;-388-6106 ,  ,  ,  what you doing ?
amazing_ava_grace ;finding the phone card
artc68 ;did you find it ?
amazing_ava_grace ;yep ,  ,  ,  do you need to sign off ,  ,  ,  ?
artc68 ;no it's my cell
amazing_ava_grace ;okay
artc68 ;do you need to log out ?
amazing_ava_grace ;nope ,  ,  ,  just waiting for the phone to be free
artc68 ;oh ,  ,  ,  your aunt is using it ?
amazing_ava_grace ;not anymore ,  ,  ,  i'm calling now
artc68 ;ok ,  ,  ,  you sound cute
amazing_ava_grace ;TV ,  ,  ,  so did you ,  ,  ,  i've gotta go potty ,  ,  ,  brb
artc68 ;lol
amazing_ava_grace ;sorry ,  ,  ,  went to the bathroom and then got cornered by my aunt
artc68 ;did you fall in ?
amazing_ava_grace ;totally ,  ,  ,  met the tidy bowl man
artc68 ;lol ,  ,  ,  what did your aunt say ?
amazing_ava_grace ;just wanted to make sure i was okay with staying by myself ,  ,  ,  that she wanted me to know where all the emergency numbers were and stuff
artc68 ;lol ,  ,  ,  don't start any fires
amazing_ava_grace ;nah ,  ,  ,  that's why she's leaving stuff i can put in the microwave ,  ,  ,  lol
artc68 ;yum yum
amazing_ava_grace ;so whatcha want to do when you come over ?
artc68 ;we can hang out there or we can go out and do something
amazing_ava_grace ;that's cool
artc68 ;do you think you should stay home in case your aunt or mom calls ?
amazing_ava_grace ;we can ,  ,  ,  that's cool ,  ,  ,  we can do what ever you want
artc68 ;or is it okay to go out
amazing_ava_grace ;|well ,  i don't know what's around here
artc68 ;Im asking you because your the one at your aunts house .  I can do anything
amazing_ava_grace ;|cos ,  well ,  i'm not from here| ,  lol ,  ,  ,  so ,  ,  ,  it's up to you
artc68 ;well we can hang there and maybe see if we want to go out or not ,  ,  ,  i'm cool with anything
amazing_ava_grace ;|so you said you drive ,  so you can come get me ,  right ?  |
artc68 ;yes ,  ,  ,  i'll go there
amazing_ava_grace ;cool ,  ,  ,  so what kinda car do you have ?
artc68 ;Nissan sx
amazing_ava_grace ;what kind of car is that ?
artc68 ;it's a black car somewhat sporty but economical' ,  ,  ,  compact car
amazing_ava_grace ;that's cool
artc68 ;yeah ,  ,  ,  it gets me around ,  ,  ,  what you doing ?
amazing_ava_grace ;gettingdinner
artc68 ;i'm washing dises ,  ,  ,  i just ate ,  ,  ,  what you eating ?
amazing_ava_grace ;pasta and salad
artc68 ;nice
amazing_ava_grace ;yep ,  ,  ,  good eating right there ,  ,  ,  brb
artc68 ;yum ,  ,  ,  ok
amazing_ava_grace ;i'm back ,  ,  ,  did missme
artc68 ;sure did
amazing_ava_grace ;really ?
artc68 ;yes I even thought of you today
amazing_ava_grace ;what you think ?
artc68 ;just nice thoughts of you
amazing_ava_grace ;uh huh ,  ,  ,  sure sure
artc68 ;i did ,  ,  ,  how can i prove it to you
amazing_ava_grace ;i am just giving you grief
artc68 ;lol ,  ,  ,  too much grief
amazing_ava_grace ;you love it
artc68 ;maybe
amazing_ava_grace ;you totally do ,  ,  ,  i know it
artc68 ;is that right
amazing_ava_grace ;yep ,  ,  ,  lol
artc68 ;|is you say it ,  then it must be true| ,  ,  lol
amazing_ava_grace ;that's right by golly ,  ,  ,  lol
artc68 ;can i tell you a secret
amazing_ava_grace ;sure ,  ,  ,  tell me
artc68 ;i kinda sorta maybe just a little really like you
amazing_ava_grace ;is that right ?  ,  ,  ,  I won't tell anyone
artc68 ;it's totally true ,  ,  ,  and i could totally shout it out ,  but i keep my business my business|
amazing_ava_grace ;lol ,  ,  ,  go ahead ,  ,  ,  scare your aunt by shouting it out
artc68 ;lol ,  ,  ,  but what if she won't leave on friday if i do ,  ,  ,  then that would way suck
amazing_ava_grace ;I know ,  ,  ,  on and thought keep it to yourself
artc68 ;okay ,  ,  ,  i totally will ,  ,  ,  i sorta keep all of those things secret
amazing_ava_grace ;yeah I don't kiss and tell either
artc68 ;cool
amazing_ava_grace ;so to speak ,  ,  ,  and I kinda sorta like you a lot too
artc68 ;yeah ?
amazing_ava_grace ;yeah I do ,  ,  ,  it would be fun to hang out with you ,  ,  ,  and then I'll miss you when you go back home to the bay area
artc68 ;vrv ,  ,  ,  brb ,  ,  ,  que estas pensando ?
amazing_ava_grace ;there you are ,  ,  ,  thought you diappeared ,  ,  ,  en to ,  ,  ,  i'm going to take a shower ,  ,  ,  do you know if I'll be on later ?  ,  ,  ,  if you want you can call me tonight after : 30 ,  ,  ,  after I take a shower
artc68 ;i'll be here ,  ,  ,  find me ,  ,  ,  i'll try and call ,  ,  ,  but my aunt gets fussy ,  ,  ,  but i can talk to you on here
amazing_ava_grace ;ok ,  ,  ,  that's cool then ,  ,  ,  talk to you later chula ,  ,  ,  hey there cutie
artc68 ;hi angel
amazing_ava_grace ;how are you ?
artc68 ;good ,  ,  ,  glad you're back
amazing_ava_grace ;thanks baby ,  ,  ,  how is your evening going ?
artc68 ;good ,  ,  ,  totally can't wait to see you
amazing_ava_grace ;same here sweetie ,  ,  ,  Hope you still like me after we meet
artc68 ;duh ,  ,  ,  you're so cute ,  ,  ,  and you're so sweet ,  ,  ,  and you don't treat me like a little girl ,  ,  ,  i love that
amazing_ava_grace ;me too .  I like how I can talk to you about anything
artc68 ;exactly
amazing_ava_grace ;i like your personality ,  ,  ,  you there ?  ,  ,  ,  <ding>
artc68 ;i got booted ,  ,  ,  i'm sorry baby
amazing_ava_grace ;that's okay ,  ,  ,  what you doing ?
artc68 ;nothing what are you doing ?
amazing_ava_grace ;just relaxing ,  ,  ,  are you busy ?
artc68 ;not really ,  ,  ,  trying to make a myspace thingeee for a friend
amazing_ava_grace ;oh okay ,  ,  ,  that's cool
artc68 ;so whatcha want to do ?  ,  ,  ,  when you come on friday ?
amazing_ava_grace ;|hang out with you ,  talk ,  whatever you want|
artc68 ;well you're the guest ,  ,  ,  you get to choose
amazing_ava_grace ;sweetie I would be happy to just spend time with you
artc68 ;okay
amazing_ava_grace ;I think we will have fun ,  ,  ,  Anything you been wanting to do ?
artc68 ;|well ,  i dunno| ,  ,  i just want to know what you want to do so i can be ready ,  ,  ,  |u know ,  don't like surprises| ,  ,  lol
amazing_ava_grace ;|Well since we will be meeting for the first time .  I think maybe just sitting down and getting to know eachother would be good .  And if you want to go out ,  we can do anything like go the movies or hang out somewhere| ,  ,  I like to talk and get to know you more when we first meet and see where it goes ,  ,  ,  dress casual/nice ,  ,  ,  it can be informal
artc68 ;|well we can't go to the movies .  .  because people will wonder what's up ,  you now
amazing_ava_grace ;lol that is true ,  ,  ,  then we can kick it there
artc68 ;okay
amazing_ava_grace ;wish i could see you tonight
artc68 ;me too ,  ,  ,  but she won't be gone until friday
amazing_ava_grace ;I know ,  ,  ,  will you be nervous on Friday ?
artc68 ;why ?
amazing_ava_grace ;just asking ,  ,  ,  i'm not saying you will be
artc68 ;will you ?
amazing_ava_grace ;no if your sweet and kind
artc68 ;i'm always sweet and kind ,  ,  ,  at least to you
amazing_ava_grace ;I know you are ,  ,  ,  that is why i like you ,  ,  ,  and I will be to you ,  ,  ,  sweetie let me re-boot .  My competition is acting weird
artc68 ;okay
amazing_ava_grace ;Im back
artc68 ;good
amazing_ava_grace ;you working on that myspace thing ?
artc68 ;i'm done ,  ,  ,  i've given up
amazing_ava_grace ;yeah ,  ,  ,  and what you doing now ?
artc68 ;nothing ,  ,  ,  got a soda
amazing_ava_grace ;are you tired ?
artc68 ;little
amazing_ava_grace ;so I suppose you don't want to call then right ?
artc68 ;i can't right now anyway ,  ,  ,  my aunt is on the phone
amazing_ava_grace ;she talks a lot on the phone ,  ,  ,  What she thinks it's her house or something ?
artc68 ;lol ,  ,  ,  damn her ,  ,  ,  lol ,  ,  ,  rude ,  ,  ,  lol
amazing_ava_grace ;I know
artc68 ;i'm the guest dammit ,  ,  ,  no etiquette ,  ,  ,  lol
amazing_ava_grace ;lol
artc68 ;doesn't she know she's supposed to be the good hostess ,  ,  ,  like i'm totally gonna be when you get here on friday ?
amazing_ava_grace ;that is why your a sweetie ,  ,  ,  she doesn't even take you places as a host ,  ,  ,  like Disneyland or something
artc68 ;nope
amazing_ava_grace ;some people
artc68 ;|rude ,  that's all i can say| ,  ,  lol
amazing_ava_grace ;me too
artc68 ;que estas pensando ?
amazing_ava_grace ;mmmm en it ,  ,  ,  just chilling ,  ,  ,  y tu que piensas ?
artc68 ;en to ,  ,  ,  y ,  ,  ,  wondering if you have a girlfriend
amazing_ava_grace ;no soy soltero ,  ,  ,  i'm single ,  ,  ,  why you wondering ?
artc68 ;knew what you said ,  ,  ,  because ,  ,  ,  i just was ,  ,  ,  quires tener una novia ,  ,  ,  quieres
amazing_ava_grace ;si ,  ,  ,  i'm open to it ,  ,  ,  i like them sweet and kind
artc68 ;know anyone like that ?
amazing_ava_grace ;you
artc68 ;yeah ?
amazing_ava_grace ;yeah ,  ,  ,  just like someone who can be nice and carry a conversation ,  ,  ,  and has a good personality ,  ,  ,  what are you thinking ?
artc68 ;i dunno ,  ,  ,  muchas cosas
amazing_ava_grace ;the que ?
artc68 ;yo no se
amazing_ava_grace ;your up late tonight
artc68 ;because you're here
amazing_ava_grace ;lol ,  ,  ,  are you nodding off ?
artc68 ;no ,  ,  ,  not really ,  ,  ,  just ,  ,  ,  i dunno ,  ,  ,  wondering what you're thinking ,  ,  ,  what you want to do ,  ,  ,  that i'm so happy you're gonna come over
amazing_ava_grace ;i'm very happy to see you too ,  ,  ,  that is what I want to do ,  ,  ,  visit you
artc68 ;how long are you gonna stay ?
amazing_ava_grace ;till you kick me out ,  ,  ,  jk
artc68 ;might not want to say that ,  ,  ,  i might not want you to go
amazing_ava_grace ;awww ,  ,  ,  then i'll fall asleep with my arm around you ,  ,  ,  i'm kidding I won't over-stay my welcome
artc68 ;i would love for you to do that though
amazing_ava_grace ;i would love that too
artc68 ;whatcha thinking baby ?
amazing_ava_grace ;thinking about our time together
artc68 ;yeah ?  ,  ,  ,  i can't wait
amazing_ava_grace ;me neither ,  ,  ,  it will be fun to hang out ,  ,  ,  talk ,  ,  ,  joke around ,  ,  ,  and what ever you want to do
artc68 ;i just want to make you happy
amazing_ava_grace ;you will ,  ,  ,  just visiting you will make me happy ,  ,  ,  and since your also a guest in this area ,  I want to make you happy too|
artc68 ;oh yeah ?  ,  ,  ,  how ?
amazing_ava_grace ;anyway you want
artc68 ;so are we like boyfriend and girlfriend ?
amazing_ava_grace ;if it turns out that way
artc68 ;whatcha mean ?
amazing_ava_grace ;I mean when we meet and we like each other
artc68 ;|except ,  i already kinda sorta maybe a little bit (  okay alot )  like u| ,  ,  guess that's just me being a dork
amazing_ava_grace ;lol your not a dork ,  ,  ,  i feel the same way ,  ,  ,  I just don't want to break any laws too ,  ,  ,  you know what i mean
artc68 ;|no ,  i don't know what you mean|
amazing_ava_grace ;i mean I want to make sure that no cops are going to barge into the room when we are together .  Sounds silly but I see thing on TV ,  ,  ,  Not that I intend to do anything inappropriate
artc68 ;but that's why i don't tell anyone anything ,  ,  ,  i haven't even toldmy friends i'm talking to you ,  ,  ,  because i don't want ot get in trouble
amazing_ava_grace ;me neither ,  ,  ,  that why i say I don't intend to do anything inappropriate ,  ,  ,  I like you though ,  ,  ,  and look forward to hanging out with you
artc68 ;okay ,  ,  ,  that's cool ,  ,  ,  okay ,  ,  ,  well ,  ,  ,  i think i'm going to go to bed ,  ,  ,  |cos ,  well | ,  ,  i'm tired
amazing_ava_grace ;everytiing is the same
artc68 ;are you really gonna stay all four days ?  ,  ,  ,  because i would love that
amazing_ava_grace ;I would love that too ,  ,  ,  my brother has a bad party for his son on Sat--so I have to go to that ,  ,  ,  during the day
artc68 ;okay
amazing_ava_grace ;but I can go there again afterwards
artc68 ;okay
amazing_ava_grace ;you want me to spend the night ?
artc68 ;if you want to ,  ,  ,  |i mean ,  | ,  ,  i'm totally not gonna hold you hostage or something ,  ,  ,  lol
amazing_ava_grace ;lol ,  ,  ,  that would be cool ,  ,  ,  where would i sleep ?
artc68 ;well you only have like three choices
amazing_ava_grace ;what are they ?
artc68 ;the couch ,  ,  ,  my aunt's room ,  ,  ,  or my room
amazing_ava_grace ;okay ,  ,  ,  i don't think i want to sleep on your aunts bed
artc68 ;|yeah ,  i wouldn't either|
amazing_ava_grace ;I have to see how the couch is ,  ,  ,  and how your bedroom is
artc68 ;|well ,  the couch doesn't fold out|
amazing_ava_grace ;i see ,  ,  ,  doesn't sound comfortable
artc68 ;can't really say it is
amazing_ava_grace ;yeah ,  ,  ,  hope your bed is comfortable
artc68 ;i like it
amazing_ava_grace ;i think i would too ,  ,  ,  hope you don't mind me if i put my arm around you
artc68 ;not at all ,  ,  ,  i would love that
amazing_ava_grace ;me too
artc68 ;kind of like my very own teddy bear
amazing_ava_grace ;yeah i'm very warm
artc68 ;yeah ?
amazing_ava_grace ;yeah
artc68 ;so do you not use covers ?
amazing_ava_grace ;depends on how hot it is ,  ,  ,  or what i'm doing
artc68 ;whatcha mean ?
amazing_ava_grace ;well if i'm with someone ,  ,  ,  could get hot
artc68 ;so what should we do ?
amazing_ava_grace ;well less clothing is an option
artc68 ;|well ,  i only sleep in my undies and a tank|
amazing_ava_grace ;me too ,  ,  ,  or undies and no shirt ,  ,  ,  hope you don't mind
artc68 ;no ,  ,  ,  i'm totally cool with it ,  ,  ,  |u be hot ,  i'll be cool| ,  ,  we'll be perfect ,  ,  ,  lol
amazing_ava_grace ;lol
artc68 ;que estas pensando ?
amazing_ava_grace ;hope you don't mind feeling me next to you
artc68 ;no i would love that ,  ,  ,  did i already send you that goofy ass picture ?
amazing_ava_grace ;i saw on your mysepce
artc68 ;|oh ,  sorry| ,  ,  that's where i got it ,  ,  ,  because i don't have any pictures on this computer ,  ,  ,  lol
amazing_ava_grace ;that's cool
artc68 ;do you mind feeling me next to you
amazing_ava_grace ;not all all ,  ,  ,  I would like to feel you ,  ,  ,  do you think we will be feeling each other ?
artc68 ;if you want to
amazing_ava_grace ;i do ,  ,  ,  you can feel anything you want
artc68 ;what do you want to feel ?
amazing_ava_grace ;something big ,  ,  ,  may be next to you
artc68 ;|wait ,  you want to feel something big next to me ?  | ,  ,  what do you mean ?  ,  ,  ,  because i'm teeny tiny ,  ,  ,  my gymnastics coach calls me the little power house ,  ,  ,  because i'm so small
amazing_ava_grace ;lol no i'm talking about next to you
artc68 ;how tall are you ?
amazing_ava_grace ;'8
artc68 ;cool ,  ,  ,  i'm '10 \
amazing_ava_grace ;cool
artc68 ;and lbs
amazing_ava_grace ;nice ,  ,  ,  are you skinny or curvy
artc68 ;eh ,  ,  ,  sorta both
amazing_ava_grace ;what you mean
artc68 ;|well ,  i'm not all bones ,  you know ,  because i do the gymnastics ,  ,  ,  and i'm way flexible ,  ,  ,  because coach gets mad if you aren't
amazing_ava_grace ;so you going to be flexible next to me ?
artc68 ;|uh ,  i guess| ,  ,  how would i be flexible next to you ?
amazing_ava_grace ;lol it's a bad joke
artc68 ;|sorry ,  i'm a dork|
amazing_ava_grace ;no your not ,  ,  ,  would this be the first time sleeping with someone before ?
artc68 ;no
amazing_ava_grace ;okay ,  ,  ,  just asking
artc68 ;just answering
amazing_ava_grace ;with a man ?  ,  ,  ,  lol your funny
artc68 ;i sorta don't kiss and tell remember ?  ,  ,  ,  |what i do and who i do it with ,  isn't anyone else's business|
amazing_ava_grace ;okay it's cool
artc68 ;is that bad ?
amazing_ava_grace ;not at all
artc68 ;okay ,  ,  ,  whatcha thinking
amazing_ava_grace ;about you
artc68 ;what about me ?
amazing_ava_grace ;yeah and chettting with you ,  ,  ,  and about Friday
artc68 ;what about it ?  ,  ,  ,  i'm totally looking forward to it
amazing_ava_grace ;me too
artc68 ;well ,  ,  ,  i guess i'm gonna go to bed ,  ,  ,  find me tomorrow ?
amazing_ava_grace ;yeah me too ,  ,  ,  its late
artc68 ;yeah ,  ,  ,  but miss you already ,  ,  ,  and i haven't even said good bye yet ,  ,  ,  lol
amazing_ava_grace ;i do too baby
artc68 ;sleep sweet my prince
amazing_ava_grace ;I hope you have a nice day tomorrow ,  ,  ,  sleep well amor
artc68 ;buenas noches ,  ,  ,  o buena noche
amazing_ava_grace ;buenas noches ,  ,  ,  sweet dreams cutie pie
artc68 ;dream of me okay ?
amazing_ava_grace ;i will ,  ,  ,  U too
artc68 ;totally ,  ,  ,  ttyl ,  ,  ,  hasta manana
amazing_ava_grace ;bye babe
artc68 ;hey there sexy
amazing_ava_grace ;hey cutie pie ,  ,  ,  how are you
artc68 ;i'm so much better
amazing_ava_grace ;really ,  ,  ,  cool ,  ,  ,  how was your day ?
artc68 ;it was okay ,  ,  ,  nothing big ,  ,  ,  just glad you're here now
amazing_ava_grace ;happy to see you too babe
artc68 ;yeah ?
amazing_ava_grace ;yes ,  ,  ,  what you doing
artc68 ;nothing ,  ,  ,  just wanting to be with you ,  ,  ,  lol
amazing_ava_grace ;same here ,  ,  ,  wish i can go there now ,  ,  ,  but i'm eating dinner now
artc68 ;whatcha having ,  ,  ,  plus my aunt is here now ,  ,  ,  so we're gonna have to wait ,  ,  ,  which sucks
amazing_ava_grace ;yeah ,  ,  ,  i'm having chinese
artc68 ;yummy
amazing_ava_grace ;and yummy too
artc68 ;hable conmigo cuando no estas comiendo ,  ,  ,  did i say that right ?
amazing_ava_grace ;yes it's habla not hable .  But the rest is good
artc68 ;dammit ,  ,  ,  lol
amazing_ava_grace ;but very good !
artc68 ;even when you're asking someone to do it ,  ,  ,  i wasn't commanding ,  ,  ,  |that's the difference ,  huh ?  |
amazing_ava_grace ;hable would be to talk to someone else ,  ,  ,  habla would be your talking me directly
artc68 ;sorry
amazing_ava_grace ;or something like that ,  ,  ,  no you understand very good ,  ,  ,  but i'm going to eat so I'll talk to you in a bit babe
artc68 ;okay
amazing_ava_grace ;will you be on after pm ?
artc68 ;yes
amazing_ava_grace ;okay i'll think of you
artc68 ;promise /
amazing_ava_grace ;Hola
artc68 ;hola ,  ,  ,  como estas ?
amazing_ava_grace ;bien chula just finished clean up a little ,  ,  ,  how are you
artc68 ;good ,  ,  ,  |baby ,  what are we gonna do when you get here ?  |
amazing_ava_grace ;hug you
artc68 ;yay
amazing_ava_grace ;kiss you ,  ,  ,  and hang out i suppose
artc68 ;i can't wait to kiss you
amazing_ava_grace ;me neither ,  ,  ,  anything you want to do ?
artc68 ;i just want to enjoy being with you
amazing_ava_grace ;same here ,  ,  ,  what you up to ?
artc68 ;'10 \
amazing_ava_grace ;lol ,  ,  ,  i mean what are you diong ?
artc68 ;nothing ,  ,  ,  estoy pensando en to
amazing_ava_grace ;i'm sure your doing something ,  ,  ,  watching television or on your site
artc68 ;estoy hablando contigo ,  ,  ,  y estoy jugando scrabble blast ,  ,  ,  because i'm a total dork
amazing_ava_grace ;lol ,  ,  ,  see your doing something ,  ,  ,  what time does she leave tommorow ?
artc68 ;about noon i think ,  ,  ,  what time do you want to come over ?
amazing_ava_grace ;in the evening possibly around or so ,  ,  ,  is that cool ?
artc68 ;that's cool ,  ,  ,  can't wait for you to be here ,  ,  ,  whatcha gonna bring me ?
amazing_ava_grace ;it's a surprise
artc68 ;no ,  ,  ,  that's not fair ,  ,  ,  what is it ?
amazing_ava_grace ;it's a surprise ,  ,  ,  lol
artc68 ;dime por favor
amazing_ava_grace ;something cute
artc68 ;have you seen the movie going the distance ?
amazing_ava_grace ;no
artc68 ;it's so funny
amazing_ava_grace ;who is in it
artc68 ;noone major ,  ,  ,  it's just so stupid it's funny ,  ,  ,  there's a spot where a guy is on mushrooms .  .  .  .  .  totally hilarious ,  ,  ,  lol
amazing_ava_grace ;lol
artc68 ;i've never done drugs ,  ,  ,  and for as stupid as that guy looked ,  ,  ,  i don't think i ever want to
amazing_ava_grace ;me neither
artc68 ;lol ,  ,  ,  |now ,  drinking ,  i've done a bit of| ,  lol
amazing_ava_grace ;me too .  .  lol ,  ,  ,  you been drunk ?
artc68 ;did think of me today ?
amazing_ava_grace ;all the time ?  ,  ,  ,  oops no question mark there
artc68 ;lol
amazing_ava_grace ;all the time
artc68 ;good ,  ,  ,  i was gonna worry ,  ,  ,  whadya think about ?
amazing_ava_grace ;being with you ,  ,  ,  putting my arms around you
artc68 ;i can't wait to be in your arms
amazing_ava_grace ;i know ,  ,  ,  cuddling with you
artc68 ;no ,  ,  ,  |sorry ,  that was to my friend alicia| ,  ,  lol
amazing_ava_grace ;what ?  ,  ,  ,  you got a friend there ?
artc68 ;here ?  ,  ,  ,  no ,  ,  ,  i sent a no ,  ,  ,  and i meant to send it to her
amazing_ava_grace ;oh i see
artc68 ;she asked if i was home yet ,  ,  ,  i said no
amazing_ava_grace ;i see ,  ,  ,  when are you going home ?
artc68 ;next week ,  ,  ,  you're stuck with me all weekend
amazing_ava_grace ;lol ,  ,  ,  souinds good to me ,  ,  ,  what you want to do together all that time ?
artc68 ;|sorry ,  got booted|
amazing_ava_grace ;lol ,  ,  ,  you appear offline still
artc68 ;i know ,  ,  ,  now i'm hiding ,  ,  ,  lol
amazing_ava_grace ;from who ?
artc68 ;the world ,  ,  ,  lol ,  ,  ,  alicia ,  ,  ,  i just want to talk to you
amazing_ava_grace ;lol
artc68 ;|so if i don't show as on ,  she'll leave me alone|
amazing_ava_grace ;where do you know her from ?
artc68 ;school
amazing_ava_grace ;she a freshman ?
artc68 ;sophomore
amazing_ava_grace ;that's cool ,  ,  ,  what you think we are going to do all weekend ?
artc68 ;everything you ask to do
amazing_ava_grace ;i know i just want to be with you
artc68 ;that works
amazing_ava_grace ;and we can do everything you ask to do
artc68 ;hey ,  ,  ,  you're a copy cat
amazing_ava_grace ;lol it's true though
artc68 ;but you're the guest
amazing_ava_grace ;but its about you too ,  ,  ,  i want you to be happy
artc68 ;you make me happy
amazing_ava_grace ;your sweet .  So do you
artc68 ;i'm honest
amazing_ava_grace ;then i want you in my arms all weekend
artc68 ;okay
amazing_ava_grace ;lying next to you ,  ,  ,  and wake up next to you
artc68 ;i would love that so much
amazing_ava_grace ;kissing in bed (  He's just such the romantic )
artc68 ;que estas pensando ?
amazing_ava_grace ;just chilling ,  ,  ,  en to of course
artc68 ;|oh ,  uh huh por supuesto|
amazing_ava_grace ;lol that is right ,  ,  ,  do you miss school ?
artc68 ;|nope ,  i have u|
amazing_ava_grace ;no but i graduated ,  ,  ,  do you get good grades there ?
artc68 ;yep
amazing_ava_grace ;A's ?
artc68 ;yep
amazing_ava_grace ;smarty pants ,  ,  ,  that is good ,  ,  ,  i know your smart
artc68 ;yep ,  ,  ,  sorta dorky ,  ,  ,  lol
amazing_ava_grace ;are you in the smart classes ?
artc68 ;yep
amazing_ava_grace ;what is your GPA ,  ,  ,  do you get along with your classmates ?
artc68 ;sorta
amazing_ava_grace ;cool
artc68 ;like some of them don't like me because i'm smart
amazing_ava_grace ;is that right
artc68 ;but the other really smart kids are sorta dorky
amazing_ava_grace ;are you the type that knows what you want to do when your older ?
artc68 ;not yet
amazing_ava_grace ;that's cool I didn't either
artc68 ;ugh ,  ,  ,  i can't get you out of my head
amazing_ava_grace ;lol ,  ,  ,  that must be horrible .  .  i feel for you ,  ,  ,  lol
artc68 ;go ahead .  .  say it .  .  .  awwwww pobrecita
amazing_ava_grace ;awwww pobrecita mami
artc68 ;so ,  ,  ,  will i sound like a little girl if i ask you if you like me ?
amazing_ava_grace ;no and I do like you ,  ,  ,  i think your sweet ,  ,  ,  i wish i could hear your voice
artc68 ;yeah ?
amazing_ava_grace ;yeah but don't know if you can call or not
artc68 ;not right now ,  ,  ,  she's still up
amazing_ava_grace ;yeah ,  ,  ,  how you feeling ?
artc68 ;i loved talking to you yesterday
amazing_ava_grace ;me too ,  ,  ,  it was too short ,  ,  ,  lol
artc68 ;know ,  ,  ,  i can't wait to have you to myself all weekend
amazing_ava_grace ;sorry got booted
artc68 ;it's okay ,  ,  ,  just said that i can't wait for you to be here all weekend ,  ,  ,  weekend
amazing_ava_grace ;i know ,  ,  ,  hope you don't get sick of me
artc68 ;i could never
amazing_ava_grace ;me neither
artc68 ;swear ?
amazing_ava_grace ;i swear ,  ,  ,  i'll miss you when you go home
artc68 ;yeah ?
amazing_ava_grace ;yeah ,  ,  ,  hope you don't get scared when you wake up and find me there ,  ,  ,  lol
artc68 ;nope ,  ,  ,  |probably run to the bathroom ,  brush my teeth ,  come back and kiss u| ,  lol
amazing_ava_grace ;me too ,  ,  ,  i'm after you ,  ,  ,  we may do that all morning
artc68 ;brush our teeth ?
amazing_ava_grace ;lol ,  ,  ,  no the thing after that
artc68 ;the kissing ?
amazing_ava_grace ;yeah
artc68 ;just kissing ?  ,  ,  ,  all day ?
amazing_ava_grace ;mmmmm i'm sure some other things
artc68 ;like ?
amazing_ava_grace ;i'm sure kissing all over
artc68 ;like all over the house ?
amazing_ava_grace ;no all over you
artc68 ;|mmmmm ,  that could be really nice|
amazing_ava_grace ;and vice versa
artc68 ;want me to kiss you all over ?
amazing_ava_grace ;yes
artc68 ;what else ?
amazing_ava_grace ;licking ,  ,  ,  and sucking
artc68 ;what ?
amazing_ava_grace ;me
artc68 ;licking and sucking you what ?
amazing_ava_grace ;all over
artc68 ;i'm not licking your toes ,  ,  ,  that's gross
amazing_ava_grace ;lol ,  ,  ,  no
artc68 ;then what ?
amazing_ava_grace ;further up
artc68 ;dime
amazing_ava_grace ;something tasty
artc68 ;dime que tu quieres
amazing_ava_grace ;my dick
artc68 ;what about it ?
amazing_ava_grace ;you can lick and suck it
artc68 ;you want me to ?
amazing_ava_grace ;only if you want to
artc68 ;will it make you happy ?
amazing_ava_grace ;yes but only if you want to
artc68 ;|duh ,  | ,  ,  i want you to be happy .
amazing_ava_grace ;is there anything you want to make you happy ?
artc68 ;you ,  ,  ,  you ,  ,  ,  y ,  ,  ,  o ,  ,  ,  you ,  ,  ,  tu ,  ,  ,  to ,  ,  ,  you ,  ,  ,  lol ,  ,  ,  whatever ,  ,  ,  you
amazing_ava_grace ;lol ,  ,  ,  I just didn't know if that is something you have done before ,  ,  ,  don't want to force anything
artc68 ;i know ,  ,  ,  you wouldn't be forcing anything ,  ,  ,  i swear
amazing_ava_grace ;and I never been with someone your age .  .  nor did I seek it out (  Keep telling yourself that ,  if it makes you feel better )  |
artc68 ;i know ,  ,  ,  but we're so good together
amazing_ava_grace ;I know but then I think that its still wrong in some ways ,  ,  ,  I don't want to get in trouble
artc68 ;but that's why i haven't told anybody ,  ,  ,  not anybody that i'm even TALKING to you
amazing_ava_grace ;I don't want to show up to your house and have cops come out from behind the bushes ,  ,  ,  I have had these thoughts that I would show up and then they swoop down to get me and lead me away like I see on TV
artc68 ;they don't really do that do they ?  ,  ,  ,  you're just kidding about that ,  ,  ,  right ?
amazing_ava_grace ;yes I see it on the news ,  ,  ,  no they do that ,  ,  ,  they do internet stings
artc68 ;nu huh
amazing_ava_grace ;where someone poses as a underage person and the guys shows up and they arrest him
artc68 ;whatever ,  ,  ,  that can't happen ,  ,  ,  especially since you talked to me yesterday
amazing_ava_grace ;i know ,  ,  ,  I just get nervous ,  ,  ,  I like who you are but promise me I won't get in trouble
artc68 ;|dude ,  i don't want to get in trouble either| ,  ,  i haven't told anyone that i'm talking to you ,  ,  ,  my aunt will be gone ,  ,  ,  it'll just be you and me
amazing_ava_grace ;i know and don't think I don't want to ,  ,  ,  I just know when I arrive that I will be looking over my shoulder
artc68 ;that's okay .
amazing_ava_grace ;and will feel better once I know cops won't be hiding in your house (  Is it okay if they're in the back yard ?  )
artc68 ;|if you want ,  you can pick me up and we can go somewhere else| ,  ,  but i have like tons of movies to watch here ,  ,  ,  if you want
amazing_ava_grace ;but how will you get there ,  ,  ,  or maybe when i arrive I can call you and you can step out of the house so I can see it's really you
artc68 ;who else would it be ?
amazing_ava_grace ;someone else posing as you ,  ,  ,  I've seen that happen on the news ,  ,  ,  you there ?
artc68 ;|yeah ,  sorry ,  had to get a soda|
amazing_ava_grace ;oh okay
artc68 ;i have this new favorite soda ,  ,  ,  it's so good ,  ,  ,  que estas pensando ?
amazing_ava_grace ;sorry if I sound paranoid ,  ,  ,  but I kinda am in this case ,  ,  ,  but then I think that I like who you are
artc68 ;i know baby
amazing_ava_grace ;your so smart and funny
artc68 ;and you're so sweet to me
amazing_ava_grace ;promise me your not with the cops
artc68 ;i swear
amazing_ava_grace ;I think of other year old and I would never imagine in a million years of actually being with them ,  ,  ,  but you seem so mature and advanced for your age---theh I think your older then you are and working for the cops or your really special
artc68 ;i'm really special ,  ,  ,  lol ,  ,  ,  i think it's because i am always reading and stuff
amazing_ava_grace ;i never would thought I would have feeling for a year old
artc68 ;that's why i skipped the fourth grade ,  you know ,  ,  because i read so much ,  ,  ,  and studied so hard
amazing_ava_grace ;i know i can tell how smart you are ,  ,  ,  I think of when I was ,  and I never even came close to kissing or being intimate with a girl ,  ,  I was in th and th grade at the time ,  ,  ,  i was just a kid ,  ,  ,  that is why i ask if you ever been with someone--I don't want to be a corrupting influence on you ,  ,  ,  I don't want to take away something from you
artc68 ;you're not taking anything ,  ,  ,  it's given
amazing_ava_grace ;okay ,  ,  ,  hope she doesn't see this
artc68 ;what ?
amazing_ava_grace ;your aunt
artc68 ;she won't see anything
amazing_ava_grace ;she can read what's on your monitor ?
artc68 ;not right now
amazing_ava_grace ;can i ask you something ?
artc68 ;sure
amazing_ava_grace ;are you a virgin or no ?  ,  ,  ,  i know you don't like to tell but I want to know
artc68 ;i sorta don't kiss and tell
amazing_ava_grace ;I don't want to go too far if your a virgin
artc68 ;i'm not ,  ,  ,  but i've only been with one boy
amazing_ava_grace ;but will it be weird being with someone my age ?
artc68 ;i don't even care about your age ,  ,  ,  i like you so much
amazing_ava_grace ;i feel the same way but normally it would have been a major isse ,  ,  ,  maybe it's your intelligence and personality ,  ,  ,  i connect with that
artc68 ;it was so good to hear you again
amazing_ava_grace ;same here ,  ,  ,  sweetie i better get to bed ,  ,  ,  it's getting late
artc68 ;do you want my address ?
amazing_ava_grace ;oh yes please
artc68 ;(  edited )
amazing_ava_grace ;in Long Beach right ?
artc68 ;yep
amazing_ava_grace ;cool ,  ,  ,  thank you sweetie
artc68 ;what time do you want to come over ?  ,  ,  ,  my aunt will be gone like at noon ,  ,  ,  so ,  ,  ,  anytime
amazing_ava_grace ;Im thinking around or ,  ,  ,  I want to avoid rush hour traffic and I have some things to do during the day
artc68 ;okay ,  ,  ,  i can't wait
amazing_ava_grace ;me neither babe
artc68 ;will you bring something for dinner ,  ,  ,  or do you want me to try and cook something
amazing_ava_grace ;oh yes i'll bring something ,  ,  ,  you know how to cook ?
artc68 ;sorta ,  ,  ,  i make a good bowl of cereal ,  ,  ,  lol
amazing_ava_grace ;lol ,  ,  ,  cool Captain Crunch for dinner ,  ,  ,  by candlelight ,  ,  ,  lol
artc68 ;exactly ,  ,  ,  but you would have to bring the captain crunch okay
amazing_ava_grace ;lol
artc68 ;because my aunt has like bran flakes and shit ,  ,  ,  lol
amazing_ava_grace ;no i'll bring real food
artc68 ;whatcha gonna bring
amazing_ava_grace ;don't know yet
artc68 ;that's cool ,  ,  ,  |so ,  uh ,  |
amazing_ava_grace ;i'll think of something
artc68 ;that's cool ,  ,  ,  |so ,  seven then ?  | ,  ,  i'm so excited
amazing_ava_grace ;or
artc68 ;that's not cool
amazing_ava_grace ;i'll try to make it as early as possible
artc68 ;okay ,  ,  ,  but it's cool ,  ,  ,  just get here
amazing_ava_grace ;okay i will
artc68 ;can't wait
amazing_ava_grace ;me neither
artc68 ;you can just come in the side door if you want ,  ,  ,  instead of waiting at the front door
amazing_ava_grace ;lol as long as no cops are hiding in your house
artc68 ;nope ,  ,  ,  it's just the door bell is broken ,  ,  ,  or doesn't always work ,  ,  ,  so instead just come in the side ,  ,  ,  you know ?
amazing_ava_grace ;ok
artc68 ;i'll see you tomorrow then ,  ,  ,  okay ?  ,  ,  ,  sleep sweet my prince
amazing_ava_grace ;okay baby ,  ,  ,  have sweet dreams amor
artc68 ;hablamos despues
amazing_ava_grace ;claro
artc68 ;hi baby ,  ,  ,  i've missed you so much today
amazing_ava_grace ;hey sweetie pie ,  ,  ,  me too babe ,  ,  ,  i just got home ,  ,  ,  is your aunt gone ?
artc68 ;she's gone
amazing_ava_grace ;when does she come back ?
artc68 ;monday ,  ,  ,  or tuesday ,  ,  ,  i'm not sure which ,  ,  ,  so you can totally stay all weekend ,  ,  ,  did get some captain crunch ?  ,  ,  ,  lol
amazing_ava_grace ;lol ,  ,  ,  oh yeah with the fixin's ,  ,  ,  jk
artc68 ;|oooh so captain crunch with crunch berries ,  huh ?  |
amazing_ava_grace ;oh yeah ,  ,  ,  the works ,  ,  ,  what you do today ?
artc68 ;waited for you ,  ,  ,  lol ,  ,  ,  cleaned the house
amazing_ava_grace ;lol ,  ,  ,  cool
artc68 ;turned down the heat in the hot tub
amazing_ava_grace ;oh can we go in it ?
artc68 ;because it was way toohot ,  ,  ,  yep ,  ,  ,  if you want to
amazing_ava_grace ;cool ,  ,  ,  in your bikini ?
artc68 ;sure
amazing_ava_grace ;nice
artc68 ;so how long does it take for you to get here ?  ,  ,  ,  did you find out already ?
amazing_ava_grace ;I mapped it out ,  ,  ,  i've been in that area before
artc68 ;cool
amazing_ava_grace ;so without traffic with will take about minutes ,  ,  ,  or less
artc68 ;cool
amazing_ava_grace ;i just go down the (  edited )  fwy and get off on (  edited )  ,  ,  ,  i may not have trunks when we go in the hot tub
artc68 ;that's cool with me
amazing_ava_grace ;cool ,  ,  ,  what will you be wearing when I get there ?
artc68 ;whatever you want ?  ,  ,  ,  - ?
amazing_ava_grace ;wear what you want ,  ,  ,  be casual
artc68 ;okay ,  ,  ,  i told you the door bell doesn't work right ?
amazing_ava_grace ;okay ,  ,  ,  so i have to go to the side door ?
artc68 ;right ,  ,  ,  and just come in ,  ,  ,  because if i am out at the hot tub ,  ,  ,  or whatever ,  ,  ,  i won't be able to hear you
amazing_ava_grace ;okay ,  ,  ,  is there a phone that i can call you on ?  ,  ,  ,  when i get there ?
artc68 ;what time are you leaving ?  ,  ,  ,  because i can call you when you're close
amazing_ava_grace ;i'll let you know ,  ,  ,  I have to take a shower
artc68 ;okay ,  ,  ,  you still gonna be here at seven though ?  ,  ,  ,  because i'm kinda hungry ,  ,  ,  lol
amazing_ava_grace ;no probably between and ,  ,  ,  i can bring you food if you want ,  ,  ,  i'll be hungry too
artc68 ;whatcha gonna bring ?
amazing_ava_grace ;do you like hamburgers ?  ,  ,  ,  |or Subway ,  but I had that for lunch|
artc68 ;then burgers is fine ,  ,  ,  i don't care as long as you're here
amazing_ava_grace ;cool ,  ,  ,  the hot tub sounds nice actually ,  ,  ,  relaxing
artc68 ;no kidding
amazing_ava_grace ;Im kinda beat from working all week ,  ,  ,  i may start to nod off ,  ,  ,  jk
artc68 ;|well ,  you'll have to get out eventually| ,  ,  don't want you to drown ,  ,  ,  lol ,  ,  ,  there's a KFC down the road ,  ,  ,  and gag in the bag
amazing_ava_grace ;gag in the bag ?
artc68 ;jack in the box
amazing_ava_grace ;oh ,  ,  ,  lol ,  ,  ,  never hear of that ,  ,  ,  heard
artc68 ;taco bell ,  ,  ,  lol
amazing_ava_grace ;that's funny
artc68 ;but taco bell doesn't have chile rellenos ,  ,  ,  nummy
amazing_ava_grace ;lol ,  ,  ,  I'll get something over near you before i arrive
artc68 ;okay baby ,  ,  ,  i'm so excited .  all kinds of energy
amazing_ava_grace ;me too
artc68 ;|if i were at my house ,  | ,  ,  i might actually clean my room
amazing_ava_grace ;lol
artc68 ;just to do something
amazing_ava_grace ;"the key word is \"""" might'"
artc68 ;yeah well ,  ,  ,  lol
amazing_ava_grace ;lol ,  ,  ,  well i'm going to take a shower
artc68 ;okay angel ,  ,  ,  gonna tell me when you're on the way ?
amazing_ava_grace ;and I will log on and tell you when I am leaving
artc68 ;okay angel
amazing_ava_grace ;talk to you in a bit
artc68 ;
