ID;msg
asian_kreationz ;hello ,  ,  ,  how doing ,  ,  ,  asl ?
torn_angel_2005 ;ok ,  ,  ,  / f/riverside ,  ,  ,  you
asian_kreationz ;/ m/l .  a .  ,  ,  ,  too old for you ?  (  Yep .  You should know that though .  )
torn_angel_2005 ;not chat
asian_kreationz ;ok
torn_angel_2005 ;what you doing
asian_kreationz ;nada ,  ,  ,  bored ,  ,  ,  about you
torn_angel_2005 ;same
asian_kreationz ;lol ,  ,  ,  kinda warm today huh (  It actually was really nice weather that winter .  I'd just gotten back from there .  )
torn_angel_2005 ;nice
asian_kreationz ;yep ,  ,  ,  so you chat here alot ?
torn_angel_2005 ;some ,  ,  ,  you
asian_kreationz ;sometimes ,  ,  ,  you looking to hook up when you chat here huh ?  (  I'm looking to keep pervs away from kids .  )  ,  ,  ,  hehe
torn_angel_2005 ;lol never have
asian_kreationz ;lol
torn_angel_2005 ;why you asking
asian_kreationz ;|nuthin ,  that's what i do sometimes (  We're going to give him the benefit of the doubt and assume he means with people who are of the age of consent here .  ok ?  )  | ,  ,  lol
torn_angel_2005 ;hey which are you in your prof
asian_kreationz ;which one you like ?  ,  ,  ,  hehe
torn_angel_2005 ;lol
asian_kreationz ;on the left sweet
torn_angel_2005 ;kewl ,  ,  ,  your cuter
asian_kreationz ;yep ,  ,  ,  haha ty
torn_angel_2005 ;you only ?  ,  ,  ,  look like
asian_kreationz ;yep
torn_angel_2005 ;kill either way
asian_kreationz ;|does that turn you on ?  (  Yeah .  .  .  it turns the kid on that he looks older than he says he is .  I hope that feeling lasts awhile ,  bucko !  )  | ,  ,  being ?
torn_angel_2005 ;what
asian_kreationz ;me looking older
torn_angel_2005 ;doesn't matter i guess
asian_kreationz ;cool ,  ,  ,  you have picture ?
torn_angel_2005 ;on prof
asian_kreationz ;oh ok'
torn_angel_2005 ;but goto homepage
asian_kreationz ;ok ,  ,  ,  dang you look yummy (  No .  I look .  There's a critical difference there .  is not the same as yummy .  )  ,  ,  ,  hehe
torn_angel_2005 ;lol ty
asian_kreationz ;cute ,  ,  ,  we should hook up (  He said it .  )  ,  ,  ,  haha
torn_angel_2005 ;lol ,  ,  ,  y what you wanna do
asian_kreationz ;anything ,  ,  ,  what's on your mind ?
torn_angel_2005 ;I don't know ,  just wanna party
asian_kreationz ;really ?
torn_angel_2005 ;mom and dad going to vegas tonight
asian_kreationz ;lets party (  He wants to party with a year old .  There have GOT to be better things he can do with his time .  )  ,  ,  ,  oic ,  ,  ,  poor girl all alone ,  ,  ,  lol ,  ,  ,  don't matter to me we can party if you like ,  ,  ,  hey mind if i add you
torn_angel_2005 ;sure
asian_kreationz ;ty ,  ,  ,  so they going outta town huh ?
torn_angel_2005 ;yea like or so
asian_kreationz ;let's do something mthen
torn_angel_2005 ;how far you from riverside
asian_kreationz ;i live in l .  a .  sweet ,  ,  ,  |i don't mind the drive at all (  It's not that long a drive ,  actually .  )  | ,  ,  bored you know ,  ,  ,  lol
torn_angel_2005 ;ok ,  ,  ,  what you wanna do then
asian_kreationz ;hmm .  .  .  ,  ,  ,  we can drink if you want (  Plying her with alcohol .  Good job !  Way to be an upstanding citizen !  )  ,  ,  ,  ummm
torn_angel_2005 ;you can get beer ,  ,  ,  kewl
asian_kreationz ;yeah ,  ,  ,  you like beer or liquor ?
torn_angel_2005 ;or mikes ,  ,  ,  you gotta fake id
asian_kreationz ;hard lemonade ?
torn_angel_2005 ;yes i love it
asian_kreationz ;cool i like that too ,  ,  ,  may pal works over at the gas station so yeah .  .  .  .
torn_angel_2005 ;cool
asian_kreationz ;yup yup
torn_angel_2005 ;so what's your name ,  ,  ,  << Jessie
asian_kreationz ;oh sorry .  .  .  .  .  My name is dave (  Hiya Dave .  )  ,  ,  ,  nice to meet you
torn_angel_2005 ;nict meet you ,  ,  ,  nice ,  ,  ,  lol
asian_kreationz ;nice
torn_angel_2005 ;"hehe ,  ,  ,  |yeah we can like drink a little ,  chat a little ,  and flirt and make a little .  .  .  .  (  And we're off !  He wants to \"""" mack .  \""""  )  | ,  hehe ,  ,  ,  whatcha think ?"
asian_kreationz ;|lol ,  you flirting now
torn_angel_2005 ;lol .  .  .  no
asian_kreationz ;so you be making with all the girls on the net
torn_angel_2005 ;|nah ,  just to a cute like u|
asian_kreationz ;hehe ,  ,  ,  you pretty cool ,  ,  ,  kinda mature ,  ,  ,  you sure you ?  (  Positive !  )  ,  ,  ,  lol
torn_angel_2005 ;yes why
asian_kreationz ;nothing you seem more mature than that (  Groomer groomer !  )  ,  ,  ,  it's a good thing
torn_angel_2005 ;lol ty
asian_kreationz ;hehe ,  ,  ,  so where your b/f ?
torn_angel_2005 ;no b/f
asian_kreationz ;liar ,  ,  ,  lol
torn_angel_2005 ;serial
asian_kreationz ;ok
torn_angel_2005 ;they all fdorks at my school
asian_kreationz ;poor girl
torn_angel_2005 ;haha
asian_kreationz ;haha ,  ,  ,  how many b/fs you had ?
torn_angel_2005 ;just
asian_kreationz ;cool
torn_angel_2005 ;how many g/f you have
asian_kreationz ;and a half
torn_angel_2005 ;Jean
asian_kreationz ;yeah you half ,  ,  ,  haha
torn_angel_2005 ;lol
asian_kreationz ;kidding
torn_angel_2005 ;thought you dated a midget
asian_kreationz ;lol ,  ,  ,  not yet
torn_angel_2005 ;haha
asian_kreationz ;haha ,  ,  ,  crazy
torn_angel_2005 ;who me
asian_kreationz ;yes
torn_angel_2005 ;nuh uh
asian_kreationz ;lol ,  ,  ,  uh huh ,  ,  ,  ,  ,  ,  hey jess you have cam ?
torn_angel_2005 ;no mom won't let me get ,  ,  ,  you
asian_kreationz ;oh ok ,  ,  ,  i do but you know how it is when peeps ask to borrow and they suddenly forget where i live (  I saw this guy's photo .  It's probably best that he doesn't have a webcam .  )
torn_angel_2005 ;haha
asian_kreationz ;lol .  .  .  .  bastards haven't returned it ,  ,  ,  haha ,  ,  ,  sux
torn_angel_2005 ;damn them
asian_kreationz ;i know .  .  .  .  ptooey ,  ,  ,  so .  .  .  .  .  .  .  .  .  .  .  .  .  .  .  .  .  ,  ,  ,  what's up wid tonight ?  ,  ,  ,  you still down ?
torn_angel_2005 ;let me check and see what time they leaving
asian_kreationz ;mkay
torn_angel_2005 ;let you know in couple of hours
asian_kreationz ;so i can go get our Mikes !
torn_angel_2005 ;i could call you or meet back on here
asian_kreationz ;yay !  ,  ,  ,  call me
torn_angel_2005 ;ok what's your digits
asian_kreationz ;edit
torn_angel_2005 ;kewl ,  ,  ,  dave right
asian_kreationz ;yep yep ,  ,  ,  so most likely it's a go right ?  (  Molestation for tonight !  Check !  Turns out that day was really really really really busy for us .  Like we were busy breaking records that day .  He couldn't make it .  )
torn_angel_2005 ;yep just want to be sure
asian_kreationz ;kewl ,  ,  ,  hey wait .  .  .
torn_angel_2005 ;they would kill me if a boy showed up and they were home
asian_kreationz ;what about your older bros and sister ?
torn_angel_2005 ;what ,  ,  ,  i don't have any ,  ,  ,  just me
asian_kreationz ;hope they don't chase me out with a broom
torn_angel_2005 ;well have the house to are sleeves ,  ,  ,  haha
asian_kreationz ;oh ok ,  ,  ,  haha ,  ,  ,  cool
torn_angel_2005 ;we could do whatever we want
asian_kreationz ;nice ,  ,  ,  nice
torn_angel_2005 ;cept start a fire in the house ,  ,  ,  lol
asian_kreationz ;haha ,  ,  ,  not a good idea ,  ,  ,  lol
torn_angel_2005 ;you kewl with me only being (  Gotta make sure !  )  ,  ,  ,  i don't wanna get you in trouble
asian_kreationz ;yeah i'm cool aslong as you cool wid it
torn_angel_2005 ;sure
asian_kreationz ;ok ,  ,  ,  what else should i bring
torn_angel_2005 ;pizza ,  ,  ,  movie ,  ,  ,  what you wanna bring
asian_kreationz ;dominoes ?  ,  ,  ,  what kinda movie ?
torn_angel_2005 ;pizza ?
asian_kreationz ;porn ?  (  Oooo He's offering porn !  )  ,  ,  ,  hahaha
torn_angel_2005 ;you got porn ?  ,  ,  ,  lol
asian_kreationz ;yeah i do
torn_angel_2005 ;you trying to seduce me
asian_kreationz ;i'll bring it
torn_angel_2005 ;okay ,  ,  ,  lol
asian_kreationz ;nope not seducing u:-$
torn_angel_2005 ;haha
asian_kreationz ;hahha ,  ,  ,  ok pizza ,  ,  ,  check ,  ,  ,  mikes ,  ,  ,  check ,  ,  ,  porn ,  ,  ,  double check
torn_angel_2005 ;haha ,  ,  ,  you guys are always the same
asian_kreationz ;I know ,  but i'm the best of the bunch|
torn_angel_2005 ;you are huh ?
asian_kreationz ;self proclaimed .  .  yes
torn_angel_2005 ;haha
asian_kreationz ;haha ,  ,  ,  i think we klikin .  .  .  .  .  should be fun tonight ,  ,  ,  i hope ,  ,  ,  lol
torn_angel_2005 ;i hope so
asian_kreationz ;hehe ,  ,  ,  your neighbors ain't gonna rat you out are they ?
torn_angel_2005 ;let's hope they leave ,  ,  ,  nah
asian_kreationz ;ok ,  ,  ,  did they pack at all ?
torn_angel_2005 ;i didn't see
asian_kreationz ;that's usually a good sign ,  ,  ,  oh ok
torn_angel_2005 ;TRUE ,  ,  ,  lemme get off for a bit and i'll see what i can find out
asian_kreationz ;okay dokie
torn_angel_2005 ;if you ain't on i'll call you
asian_kreationz ;mkay sweet
torn_angel_2005 ;bye now
asian_kreationz ;bye
torn_angel_2005 ;hey bad news
asian_kreationz ;man
torn_angel_2005 ;|they rnt going until tomorrow (  We were swamped that weekend .  This is the weekend of arrests in three days ,  mind you ,  and this was the first day of it which had arrests .  )  | ,  sorry
asian_kreationz ;oh ok ,  ,  ,  all good
torn_angel_2005 ;like noon ,  ,  ,  maybe tom ?
asian_kreationz ;yeah sounds great
torn_angel_2005 ;cool
asian_kreationz ;yep ,  ,  ,  so what you up to now ?
torn_angel_2005 ;nothing ,  ,  ,  what you doing
asian_kreationz ;wonderin what you wearing ,  ,  ,  oops ,  ,  ,  i mean not much
torn_angel_2005 ;lol
asian_kreationz ;haha ,  ,  ,  kidding
torn_angel_2005 ;what you wearing
asian_kreationz ;just watching television ,  ,  ,  just shorts ,  ,  ,  it's freaking hot
torn_angel_2005 ;i know
asian_kreationz ;about you ?  >
torn_angel_2005 ;me
asian_kreationz ;lol ,  ,  ,  nice
torn_angel_2005 ;shorts and a it
asian_kreationz ;kewl ,  ,  ,  you looking good then eh ?
torn_angel_2005 ;always ,  ,  ,  lol
asian_kreationz ;hehe .  .  .  .  nice ,  ,  ,  what kinda shorts ?  ,  ,  ,  denim ?
torn_angel_2005 ;yes ,  ,  ,  how did you know ,  ,  ,  you peaking
asian_kreationz ;i was peeking
torn_angel_2005 ;lol
asian_kreationz ;pervert here ,  ,  ,  haha
torn_angel_2005 ;haha ,  ,  ,  better not be
asian_kreationz ;ok i'll keep one eye open \
torn_angel_2005 ;haha
asian_kreationz ;hehehe ,  ,  ,  your pretty cool
torn_angel_2005 ;why you say that
asian_kreationz ;i dunno easy to chAT WITH I GUESS ,  ,  ,  lol ,  ,  ,  if that makes any sesnse
torn_angel_2005 ;i guess ,  ,  ,  you
asian_kreationz ;>< ,  ,  ,  lol ,  ,  ,  they go vegas oftgen ?
torn_angel_2005 ;yea
asian_kreationz ;ok
torn_angel_2005 ;like once a month
asian_kreationz ;cool ,  ,  ,  you must be tired of it
torn_angel_2005 ;nah it's kewl ,  ,  ,  get to chill by myself
asian_kreationz ;ok ,  ,  ,  nat anymore ,  ,  ,  i'll keep you from going insane being by yourself
torn_angel_2005 ;haha kewl
asian_kreationz ;"hehe ,  ,  ,  so \"""" if \"""" they do go what activities do you have planned ?  ,  ,  ,  for us to do"
torn_angel_2005 ;whatever you want
asian_kreationz ;don't tell me scrabble (  Doesn't want to play scrabble .  Got it .  )  ,  ,  ,  lol
torn_angel_2005 ;we got a killer entertinment centre ,  ,  ,  haah
asian_kreationz ;anything i want ?  ,  ,  ,  oh nice
torn_angel_2005 ;well nothing too weird
asian_kreationz ;lol
torn_angel_2005 ;what you want to do
asian_kreationz ;what do you consider weird ?  ,  ,  ,  hmmm
torn_angel_2005 ;|satanic stuff (  You know ,  normal stuff .  )  |
asian_kreationz ;haha ,  ,  ,  ok
torn_angel_2005 ;i don't no much
asian_kreationz ;you don't gotta worry about that then ,  ,  ,  i'll just make some moves on you ,  ,  ,  haha
torn_angel_2005 ;lol well that's good
asian_kreationz ;ok ,  ,  ,  i was expecting my face to have five finger marks across my face ,  ,  ,  or something
torn_angel_2005 ;haha y would i do that your hella cute
asian_kreationz ;heehee .  .  .  oh stop ,  ,  ,  your cuter
torn_angel_2005 ;uh uh you are
asian_kreationz ;nuh uh
torn_angel_2005 ;lol ,  ,  ,  your funny
asian_kreationz ;you fine ,  ,  ,  lol ,  ,  ,  i try to be ,  ,  ,  lol ,  ,  ,  so i guess you made out with a guy before then (  History questions !  These are fun !  )
torn_angel_2005 ;couple of times
asian_kreationz ;ok cool
torn_angel_2005 ;have you (  Icarus is such a smartass !  )  ,  ,  ,  lol
asian_kreationz ;pfft ,  ,  ,  your gross
torn_angel_2005 ;haha
asian_kreationz ;haha ,  ,  ,  i hope i ain't getting to nosy (  Of course you're not .  )
torn_angel_2005 ;nah it's ok
asian_kreationz ;just trying to get to know you ,  ,  ,  hehe ,  ,  ,  ok cool
torn_angel_2005 ;kinda like quez
asian_kreationz ;huh ?  ,  ,  ,  you like me questioning you ?  ,  ,  ,  is that what you meant
torn_angel_2005 ;yea it's fun
asian_kreationz ;lol ,  ,  ,  ok ,  ,  ,  let's see .  .  .  .  ,  ,  ,  What's your height ?
torn_angel_2005 ;how about you
asian_kreationz ;Are you naturally blond ?  ,  ,  ,  '7
torn_angel_2005 ;yes
asian_kreationz ;ok ,  ,  ,  when's the last time you had a drink ?
torn_angel_2005 ;new years
asian_kreationz ;nice
torn_angel_2005 ;how about you
asian_kreationz ;same ,  ,  ,  Were you wasted ?  ,  ,  ,  or just buzzing ?
torn_angel_2005 ;yes i was buzzed
asian_kreationz ;ok ,  ,  ,  whens the last time you made out ?
torn_angel_2005 ;lol new years
asian_kreationz ;guy or girl don't matter ,  ,  ,  lol ,  ,  ,  ok ,  ,  ,  hmmm
torn_angel_2005 ;never with a girl ,  ,  ,  why you like that
asian_kreationz ;|k ,  i appreciate the honesty| ,  ,  let's just say most guys do ,  ,  ,  lol
torn_angel_2005 ;haha yep
asian_kreationz ;hmm .  .  .  ,  ,  ,  Are you a virgin ?
torn_angel_2005 ;but i don't wanna c guys mack
asian_kreationz ;eww
torn_angel_2005 ;yes
asian_kreationz ;so do i ,  ,  ,  ok
torn_angel_2005 ;are you
asian_kreationz ;No ,  ,  ,  I have experience ,  ,  ,  not much but its thyere ,  ,  ,  lol
torn_angel_2005 ;haha
asian_kreationz ;i hope that ain't bad
torn_angel_2005 ;no that's ok
asian_kreationz ;"ok ,  ,  ,  do you believe in \"""" saving \"""" yourself for marriage ?  (  This is pervinese for \"""" Do I have a chance at molesting you ?  )  ,  ,  ,  hehe"
torn_angel_2005 ;nah
asian_kreationz ;obviously i didn't ,  ,  ,  lol
torn_angel_2005 ;just haven't found the right guy
asian_kreationz ;ok cool ,  ,  ,  hmm
torn_angel_2005 ;all the guys my age are dorks
asian_kreationz ;eew .  .  .  icky (  He so called it first .  )
torn_angel_2005 ;|u callin me icky ?  (  Icarus was the one doing the typing here ,  and this line is just priceless .  )  |
asian_kreationz ;do you like making out ?  .  .  .  .  and how far have you allowed it to go ?  ,  ,  ,  |ya your icky (  Never before have we had a predator accurately identify the contributor who was busting him in the middle of a chat and STILL show up .  Okay ,  so he wasn't really identifying him but this is a really really great interchange .  )  | ,  ,  haha ,  ,  ,  kidding
torn_angel_2005 ;yes i am (  And here he ADMITS to being icky !  )  ,  ,  ,  lol
asian_kreationz ;hehe ,  ,  ,  answer please
torn_angel_2005 ;oh i like it ,  ,  ,  just touching
asian_kreationz ;ok
torn_angel_2005 ;why what you thinking
asian_kreationz ;what's your favorite food ?
torn_angel_2005 ;pie !  (  Teehee !  Pie !  )
asian_kreationz ;cool
torn_angel_2005 ;what's yours
asian_kreationz ;i like fried rice ,  ,  ,  lol
torn_angel_2005 ;lol
asian_kreationz ;i have lots
torn_angel_2005 ;i like fried rice to
asian_kreationz ;cool
torn_angel_2005 ;shrimp and chicken
asian_kreationz ;ya !  ,  ,  ,  oh .  .  .  .  to answer your question i just wanted to know how you felt about making .  .  .  .  .  just in case something happens i don't wanna make a wrong move ,  ,  ,  hehe ,  ,  ,  just checking out your comfort zone (  Yep .  Classic pervert move .  )  ,  ,  ,  lol
torn_angel_2005 ;depends i guess
asian_kreationz ;ya
torn_angel_2005 ;i dunno
asian_kreationz ;ok ,  ,  ,  what else you got planned ?
torn_angel_2005 ;are you wanting that
asian_kreationz ;|i'm not wanting that ,  but i like it ,  ,  but if you want it ,  then hell you i want it to| ,  ,  haha
torn_angel_2005 ;i just don't wanna be a slut ,  ,  ,  would you think i was
asian_kreationz ;oh nono swweety ,  ,  ,  absolutely not ,  ,  ,  ok ?
torn_angel_2005 ;ok ,  ,  ,  then maybe
asian_kreationz ;ok
torn_angel_2005 ;i just never don it
asian_kreationz ;but be gentle on me ok ,  ,  ,  lol ,  ,  ,  oic i hear you
torn_angel_2005 ;lol what you mean
asian_kreationz ;i was just joking .  .  .  .  .  .  .  that you would be ruff ,  ,  ,  nevermoind ,  ,  ,  dumbjoke
torn_angel_2005 ;haha yea id tie you up
asian_kreationz ;no
torn_angel_2005 ;haah
asian_kreationz ;hahahaha
torn_angel_2005 ;handcuff you ,  ,  ,  lol
asian_kreationz ;now i'm having second thoughts
torn_angel_2005 ;lol
asian_kreationz ;haha !  ,  ,  ,  hehe your funny
torn_angel_2005 ;ty
asian_kreationz ;and fine
torn_angel_2005 ;your sweet ,  ,  ,  so what you do ,  ,  ,  you go to school
asian_kreationz ;just chilling for now ,  ,  ,  resting my small brain
torn_angel_2005 ;haah
asian_kreationz ;lol
torn_angel_2005 ;you don't do any thing
asian_kreationz ;|oh ,  i work other than that ,  nothing spectacular| ,  sad huh ?  ,  ,  ,  lol
torn_angel_2005 ;like what
asian_kreationz ;L .  A .  county .  .  Garbage Man (  He was lying here )  ,  ,  ,  does that turn you off ?
torn_angel_2005 ;that could be a cool job ,  ,  ,  you kind kewl struff ?
asian_kreationz ;lmao
torn_angel_2005 ;no
asian_kreationz ;yeah i suppose ,  ,  ,  your to sweet
torn_angel_2005 ;ty
asian_kreationz ;|ok ok ,  just do property management stuff (  I am thinking he means landscaping here ,  since he's outside so much .  )  | ,  I
torn_angel_2005 ;get to work outside though huh
asian_kreationz ;i suppose ,  ,  ,  so jess tell me about yourself .
torn_angel_2005 ;lol ok ,  ,  ,  i'm jessie ,  ,  ,  my birthday is -14-1992
asian_kreationz ;ok
torn_angel_2005 ;th grade ,  ,  ,  i like science
asian_kreationz ;nice
torn_angel_2005 ;and Jessie McCarthy
asian_kreationz ;who's that ?
torn_angel_2005 ;singer
asian_kreationz ;nice ,  ,  ,  rock ?
torn_angel_2005 ;pop ,  ,  ,  when your birtheday
asian_kreationz ;brb ,  ,  ,  phone
torn_angel_2005 ;ok
asian_kreationz ;sorry
torn_angel_2005 ;tats ok ,  ,  ,  so i'm an Aquarius ,  ,  ,  what are you
asian_kreationz ;Pisces ,  ,  ,  fishy ,  ,  ,  hey
torn_angel_2005 ;haha and i'm water
asian_kreationz ;your birthday valentines day
torn_angel_2005 ;going swimming ,  ,  ,  yep
asian_kreationz ;very cool ,  ,  ,  kinda unique ,  ,  ,  lotta love on your birthday
torn_angel_2005 ;haah
asian_kreationz ;lol
torn_angel_2005 ;when is yours
asian_kreationz ;-Feb
torn_angel_2005 ;cool
asian_kreationz ;few days from yours
torn_angel_2005 ;lol
asian_kreationz ;lol ,  ,  ,  so what do you like to do for fun ?
torn_angel_2005 ;hang at the mall
asian_kreationz ;ok
torn_angel_2005 ;play xbox some
asian_kreationz ;what you play ?
torn_angel_2005 ;need some games though
asian_kreationz ;oic
torn_angel_2005 ;spongebo lol
asian_kreationz ;lol ,  ,  ,  cool
torn_angel_2005 ;it came with it
asian_kreationz ;ok
torn_angel_2005 ;got it for Xmas
asian_kreationz ;nice
torn_angel_2005 ;i want sims
asian_kreationz ;is that new ?
torn_angel_2005 ;naw
asian_kreationz ;i heard it's popular
torn_angel_2005 ;just can't buy it ,  ,  ,  it's M
asian_kreationz ;it is ?
torn_angel_2005 ;yea
asian_kreationz ;didn't know that ,  ,  ,  fighting game or something ?
torn_angel_2005 ;naw it's got sex and stuff in it
asian_kreationz ;oic ,  ,  ,  lol ,  ,  ,  naughty game huh ?
torn_angel_2005 ;kinda
asian_kreationz ;ok
torn_angel_2005 ;no it's T
asian_kreationz ;can't you get it
torn_angel_2005 ;but mom won't buy it for me
asian_kreationz ;oh
torn_angel_2005 ;need some coin
asian_kreationz ;coin ?  ,  ,  ,  for what ?
torn_angel_2005 ;to buy it
asian_kreationz ;like cents
torn_angel_2005 ;haha
asian_kreationz ;he
torn_angel_2005 ;like
asian_kreationz ;that's alot \  ,  ,  ,  your parents strict huh ?
torn_angel_2005 ;eh sometimes
asian_kreationz ;ok
torn_angel_2005 ;so what you do for fun
asian_kreationz ;hmm ,  ,  ,  i like playing madden ,  ,  ,  ps2
torn_angel_2005 ;kewl my friends brother has that
asian_kreationz ;cool
torn_angel_2005 ;never played it though
asian_kreationz ;i love that game ,  ,  ,  i think i'm gonna play it
torn_angel_2005 ;they got that for xbox
asian_kreationz ;gotta go ,  ,  ,  bye
torn_angel_2005 ;lol ok
asian_kreationz ;haha ,  ,  ,  that was messed up ,  ,  ,  lol
torn_angel_2005 ;you funny
asian_kreationz ;i'd rather play with you
torn_angel_2005 ;haha
asian_kreationz ;press your buttons
torn_angel_2005 ;and what would you do ,  ,  ,  lol
asian_kreationz ;or remove them instead ,  ,  ,  haha !
torn_angel_2005 ;remove them
asian_kreationz ;ok ,  ,  ,  you can play wid my joystick (  Hardeehar )  ,  ,  ,  haha !
torn_angel_2005 ;haha ,  ,  ,  does it wiggler
asian_kreationz ;it vibrates (  Blech .  I hate this guy .  )
torn_angel_2005 ;ooo
asian_kreationz ;haha !  ,  ,  ,  you like eh ?  ,  ,  ,  buzz ,  ,  ,  zzzz
torn_angel_2005 ;who me
asian_kreationz ;yes
torn_angel_2005 ;iam good girl
asian_kreationz ;oh yeah
torn_angel_2005 ;yeah
asian_kreationz ;me too
torn_angel_2005 ;your a good girl
asian_kreationz ;that too
torn_angel_2005 ;haha
asian_kreationz ;hehe
torn_angel_2005 ;i thought you had a joystick
asian_kreationz ;i do ,  ,  ,  you can use it if you want
torn_angel_2005 ;hmmmm
asian_kreationz ;feel free ,  ,  ,  i don't mind
torn_angel_2005 ;whatever should i do with it
asian_kreationz ;make it shoot (  With this much corniness there's gotta be a stack of cobs around here somewhere .  )
torn_angel_2005 ;lol
asian_kreationz ;lol
torn_angel_2005 ;won't it make the buttons sticky
asian_kreationz ;use your instinct ,  ,  ,  it might ,  ,  ,  haha !
torn_angel_2005 ;is it a big stick
asian_kreationz ;police issue
torn_angel_2005 ;haha
asian_kreationz ;it may hurt people
torn_angel_2005 ;you gonna beat me with it
asian_kreationz ;hmmm ,  ,  ,  only if your naughty ,  ,  ,  hehehe
torn_angel_2005 ;hmmm what could i do wrong
asian_kreationz ;i think i will beat it ,  ,  ,  lol ,  ,  ,  nothing wrong ,  ,  ,  all right ,  ,  ,  so far ,  ,  ,  hehe
torn_angel_2005 ;haha
asian_kreationz ;it be nice to see you tomorrow
torn_angel_2005 ;yes and see you
asian_kreationz ;you been to L .  A .  ?
torn_angel_2005 ;couple of times ,  ,  ,  we moved here last summer
asian_kreationz ;how far was it ?  ,  ,  ,  oic
torn_angel_2005 ;like hours i think
asian_kreationz ;ok ,  ,  ,  what part of la you at ?
torn_angel_2005 ;i'm in mira loma ,  ,  ,  near riverside
asian_kreationz ;dang that's farther than i thought
torn_angel_2005 ;i don't remember exactly
asian_kreationz ;i meant where in LA did you love ?
torn_angel_2005 ;no lived in st louis
asian_kreationz ;oh ,  ,  ,  cool ,  ,  ,  you like it here ?
torn_angel_2005 ;could have been less ,  ,  ,  yes
asian_kreationz ;ok
torn_angel_2005 ;no snow
asian_kreationz ;i see
torn_angel_2005 ;pretty mountans
asian_kreationz ;here ?
torn_angel_2005 ;yes
asian_kreationz ;ok
torn_angel_2005 ;here
asian_kreationz ;so how long will your parents be gone ?
torn_angel_2005 ;Prolly til sun night
asian_kreationz ;oh so just one day ?
torn_angel_2005 ;at least sun afternoon
asian_kreationz ;they leave when again ?
torn_angel_2005 ;around or i think ,  ,  ,  why
asian_kreationz ;i was thinking to spend the night (  if that's ok with you )  (  Why on earth would he want to spend the night ?  )  ,  ,  ,  but they won't be gone that long
torn_angel_2005 ;nah it will be cool
asian_kreationz ;ok ,  ,  ,  so they leave non SAT ?  ,  ,  ,  noon
torn_angel_2005 ;yea tom ,  ,  ,  around
asian_kreationz ;and return SUN afternoon
torn_angel_2005 ;or later
asian_kreationz ;oh ok
torn_angel_2005 ;they usually call
asian_kreationz ;cool ,  ,  ,  i do have a whole day with you ,  ,  ,  and night ,  ,  ,  lol
torn_angel_2005 ;haha whatever will we do
asian_kreationz ;I have no clue .  .  .  .  wink ,  wink|
torn_angel_2005 ;tease
asian_kreationz ;hehehe ,  ,  ,  tease and please ,  ,  ,  lol
torn_angel_2005 ;oh yea
asian_kreationz ;hehe ,  ,  ,  so what you gonna wear tomorrow ?
torn_angel_2005 ;what you want me to wear
asian_kreationz ;hmm .  .  .  ,  ,  ,  lingerie ,  ,  ,  haha
torn_angel_2005 ;i don't have any
asian_kreationz ;damn ,  ,  ,  ok
torn_angel_2005 ;buy me some ,  ,  ,  lol
asian_kreationz ;lol .  .  .  .  .  i would feel awkward in that store ,  ,  ,  haha
torn_angel_2005 ;lol
asian_kreationz ;let's see ,  ,  ,  panty and bra just fine ,  ,  ,  haha !
torn_angel_2005 ;nothing else
asian_kreationz ;or even nothing is fine too ,  ,  ,  haha !  ,  ,  ,  naw i dunno i was just curious
torn_angel_2005 ;you really ywant me ,  ,  ,  ok
asian_kreationz ;hell you ,  ,  ,  dream come true ,  ,  ,  lol
torn_angel_2005 ;maybe just bra and panty
asian_kreationz ;you probably wouldn't ,  ,  ,  ooh
torn_angel_2005 ;i don't think i could just sit there naked
asian_kreationz ;nice ,  ,  ,  hehehe your right ,  ,  ,  robe ,  ,  ,  lol
torn_angel_2005 ;haha ,  ,  ,  i just might to freak you out
asian_kreationz ;can't wait to see that
torn_angel_2005 ;lol
asian_kreationz ;freak me baby ,  ,  ,  lol
torn_angel_2005 ;what you gonna do if i do ,  ,  ,  haha
asian_kreationz ;you'll see ,  ,  ,  you'll even like it ,  ,  ,  heehee
torn_angel_2005 ;what you gonna wear
asian_kreationz ;what would you like me to do ?
torn_angel_2005 ;bra and panty ,  ,  ,  lol
asian_kreationz ;let me borrow
torn_angel_2005 ;haha ,  ,  ,  ok
asian_kreationz ;haha ,  ,  ,  i like cotton ,  ,  ,  it's cooler ,  ,  ,  haha
torn_angel_2005 ;i got cotton pnaties
asian_kreationz ;lol ,  ,  ,  cool
torn_angel_2005 ;but you'd strect them
asian_kreationz ;lmao
torn_angel_2005 ;stretch
asian_kreationz ;meany
torn_angel_2005 ;you gotta joystick ,  ,  ,  i don't ,  ,  ,  lol
asian_kreationz ;ya ,  ,  ,  it be hanging on the side
torn_angel_2005 ;haha
asian_kreationz ;peeking out ,  ,  ,  haha !
torn_angel_2005 ;i gotta c the ,  ,  ,  t
asian_kreationz ;oh you will ,  ,  ,  hehehehe
torn_angel_2005 ;your silly
asian_kreationz ;thanks sweetyy
torn_angel_2005 ;brb mom is calling
asian_kreationz ;don't you just love it ,  ,  ,  ok
torn_angel_2005 ;back ,  ,  ,  miss me
asian_kreationz ;ya
torn_angel_2005 ;so what you doing later
asian_kreationz ;i dunno ,  ,  ,  maybe get a movie
torn_angel_2005 ;cool
asian_kreationz ;what you doing
torn_angel_2005 ;hey i gotta log off for a bit ,  ,  ,  i'm doing laundry ,  ,  ,  ugh
asian_kreationz ;ok ,  ,  ,  wash your panties
torn_angel_2005 ;lol ,  ,  ,  ok ,  ,  ,  lol ,  ,  ,  cya
asian_kreationz ;bye
torn_angel_2005 ;bye ,  ,  ,  jess ?  ,  ,  ,  <ding> ,  ,  ,  what you doing ?  ,  ,  ,  yoohoo ,  ,  ,  anyways if i'm not online call me edit ok ?  (  Got it .  )  ,  ,  ,  hey ,  ,  ,  you
asian_kreationz ;hey ,  ,  ,  i forgot this was on ,  ,  ,  lol
torn_angel_2005 ;there you are !  ,  ,  ,  lol
asian_kreationz ;hey
torn_angel_2005 ;brb ,  ,  ,  phone
asian_kreationz ;ok
torn_angel_2005 ;don't go away ,  ,  ,  lol ,  ,  ,  brb
asian_kreationz ;ok
torn_angel_2005 ;sorry about that ,  ,  ,  so how you doing today ?
asian_kreationz ;ok and you
torn_angel_2005 ;not bad
asian_kreationz ;getting ready to go see Narnia with my friend
torn_angel_2005 ;so are we on for tonight sweet ?  ,  ,  ,  Narnia ?
asian_kreationz ;the movie
torn_angel_2005 ;oh
asian_kreationz ;lol ,  ,  ,  be back like though
torn_angel_2005 ;oh ok ,  ,  ,  your parents still there ?
asian_kreationz ;no
torn_angel_2005 ;they leaving tomorrow ?
asian_kreationz ;they gone til tom night
torn_angel_2005 ;oh ok
asian_kreationz ;why you wanna come over
torn_angel_2005 ;i thought we were gonna hangout tonight
asian_kreationz ;i was on earlier and did see you
torn_angel_2005 ;your place is about minutes from her ,  ,  ,  yeah i was doing errands
asian_kreationz ;that ok
torn_angel_2005 ;i was trying to chat with you like an hr and a half but you were away
asian_kreationz ;i forgot i left it on
torn_angel_2005 ;oh ,  ,  ,  so we're not gonna hang out tonight ?
asian_kreationz ;ubless you wanna come late
torn_angel_2005 ;|thats fine with me ,  .  .  .  .  |
asian_kreationz ;like : 30 late
torn_angel_2005 ;just go and enjoy your movie and then we'll school up after that ,  ,  ,  no not for me ,  ,  ,  are you sure though ?
asian_kreationz ;you want me to call you when i get back ,  ,  ,  hell yea
torn_angel_2005 ;lol ,  ,  ,  ok ,  ,  ,  you have a cell ?
asian_kreationz ;no
torn_angel_2005 ;ok ,  ,  ,  what time are you going to be home ?  ,  ,  ,  so i can just start heading up there ahead of time
asian_kreationz ;|if you want ,  say : 30|
torn_angel_2005 ;ok ,  ,  ,  so i'll leave my house like around ,  ,  ,  hey what's your address so i can use mapquest ,  ,  ,  jess ?
asian_kreationz ;sorry
torn_angel_2005 ;all good
asian_kreationz ;hit by a bunch of bots
torn_angel_2005 ;lol ,  ,  ,  so what your address ?
asian_kreationz ;ok ,  ,  ,  * Address redacted *
torn_angel_2005 ;* Address redacted *
asian_kreationz ;* Address redacted * ,  ,  ,  lol
torn_angel_2005 ;oh ,  ,  ,  lol ,  ,  ,  ok gimme a second and i'll check to see exactly how long to get there
asian_kreationz ;ok
torn_angel_2005 ;what time you going to movies ?
asian_kreationz ;In a little ,  gotta get ready|
torn_angel_2005 ;oh ok
asian_kreationz ;I going with missy ,  but i can dump her after|
torn_angel_2005 ;lol ,  ,  ,  ok ,  ,  ,  ok go ahead and get ready
asian_kreationz ;ok
torn_angel_2005 ;minutes to your place
asian_kreationz ;you got cell i call you later
torn_angel_2005 ;so you be home by ?
asian_kreationz ;yes
torn_angel_2005 ;yeah the number i gave you ,  ,  ,  ok ,  ,  ,  well have fun
asian_kreationz ;edit ?  ,  ,  ,  ok
torn_angel_2005 ;yup
asian_kreationz ;ya !
torn_angel_2005 ;
asian_kreationz ;
torn_angel_2005 ;
