ID;msg
awaltherslong ;your hot !  !  !  ,  but young ,  you like older guys ,  ?  ?  ?  ?
decoy name ;id kw at sur asl
awaltherslong ;m miles ,  more pictures ?
decoy name ;yeah
awaltherslong ;may i see
decoy name ;ok ,  you got any
awaltherslong ;wow ,  you are so hot ,  i'm at work not on this pc ,  but i am good looking ,  i can email you pictures tomorrow
decoy name ;ty ,  kewl
awaltherslong ;so what you doing in here with all the pervs ,  lol
decoy name ;pervs
awaltherslong ;are guys hitting on you
decoy name ;not really
awaltherslong ;wow ,  you have a boyfriend
decoy name ;nope
awaltherslong ;where in my you at
decoy name ;southeast ,  near Detroit ,  you
awaltherslong ;grand rapids
decoy name ;cool
awaltherslong ;your eyes are hot
decoy name ;ty
awaltherslong ;sexy as hell
decoy name ;thanks
awaltherslong ;yw ,  i've always had a thing for younger girls ,  but afraid of trouble ,  lol
decoy name ;trouble like what
awaltherslong ;nice lips to ,  lol ,  going to jail if we had sex ,  lol
decoy name ;what ,  why is that
awaltherslong ;it's illegal how old are you ,  yeah
decoy name ;illegal me do that are you shur ,  i never heard that
awaltherslong ;lol with a guy my age ,  lol
decoy name ;o ,  really
awaltherslong ;yes
decoy name ;i didn't know that
awaltherslong ;wow
decoy name ;so you can be on the puter at work
awaltherslong ;eah
decoy name ;cool
awaltherslong ;i'm working late ,  taking a break
decoy name ;what you do
awaltherslong ;sell yachts
decoy name ;kewl ,  who buys them at night lol
awaltherslong ;no one i'm catching up on paperwork ,  lol
decoy name ;o
awaltherslong ;what are you doing
decoy name ;chatting with you now
awaltherslong ;lol ,  you all alone ?
decoy name ;yeah
awaltherslong ;really ,  in your room
decoy name ;yeah
awaltherslong ;cool ,  getting ready for bed ?  ,  more pictures ?
decoy name ;no not really were off school this week mid winter break so i can stay up later
awaltherslong ;nice ,  so why no boyfriend ?
decoy name ;i had but he had move because his dad got a job up north
awaltherslong ;ic ,  i wouldn't let you go ,  ~
decoy name ;lol
awaltherslong ;id treat you special ,  massages trips all that good stuff ,  lol
decoy name ;cool
awaltherslong ;so you been with a guy yet ?  ,  lol ,  i shouldn't ask that none of my business ,  sorry
decoy name ;huh i just told you i had a boyfriend
awaltherslong ;did you have sex with him ,  ?
decoy name ;o ,  no
awaltherslong ;lol ,  sorry
decoy name ;about what
awaltherslong ;asking about that ,  don't want to be pushy ,  i'm just curious
decoy name ;ok
awaltherslong ;does it bother you
decoy name ;no it's ok
awaltherslong ;ok ,  its just been a while for me ,  lol ,  i miss a womans touch ,  lol ,  and having someone to talk to
decoy name ;don't you have a girlfriend
awaltherslong ;no ,  i'm a busy guy
decoy name ;busy a girlfriend lol
awaltherslong ;yeah right now ,  trying to make lots of money ,  lol
decoy name ;lol that's kewl
awaltherslong ;I want to spoil my girl
decoy name ;thought you didn't have
awaltherslong ;i don't but when i do get one ,  lol
decoy name ;ok lol
awaltherslong ;I travel alot so its hard to have a girlfriend right now
decoy name ;o ,  kewl where you travel
awaltherslong ;all over ,  I just got back from France last month
decoy name ;oh wow really
awaltherslong ;yeah
decoy name ;awesome
awaltherslong ;it's fun ,  I did meet a younger girl over there ,  lol ,  it's not against the law over there to have sex with younger girls ,  lol
decoy name ;really
awaltherslong ;they are laid back
decoy name ;cool
awaltherslong ;so are you a virgin ?
decoy name ;yeah
awaltherslong ;really
decoy name ;yeah
awaltherslong ;wow ,  you ever see a guys thing in person ,  lol
decoy name ;no
awaltherslong ;or felt one ,  damn ,  poor girl
decoy name ;lol
awaltherslong ;you must masturbate alot ?  ,  lol
decoy name ;no ,  what
awaltherslong ;not feeling the urges yet huh ?
decoy name ;didn't say that
awaltherslong ;lol ,  you ever watch porn
decoy name ;no
awaltherslong ;hmmmm m
decoy name ;what
awaltherslong ;you are so hot it turns me on ,  lol ,  the things i could show you girl ,  lol
decoy name ;>
awaltherslong ;~  ,  so what's your stats
decoy name ;stats
awaltherslong ;height weight bra size ,  etc .  .  .  .  .  ,  lol ,  jean size
decoy name ;o lol ,  i'm lbs be
awaltherslong ;mom me mm
decoy name ;so what's your name
awaltherslong ;and
decoy name ;* decoy name * ,  nice meet you and
awaltherslong ;you to ,  * decoy name * ?
decoy name ;yeah
awaltherslong ;i'm feeling frisky now ,  lol
decoy name ;frisky
awaltherslong ;horny ,  lol
decoy name ;o
awaltherslong ;sorry
decoy name ;lol
awaltherslong ;so you have never seen a mans you know before ?  ,  want to ?  ,  lol
decoy name ;a mans you know
awaltherslong ;dick ,  am i to bad for you
decoy name ;and open vr seen
awaltherslong ;wow ,  want to ?
decoy name ;idk
awaltherslong ;sorry ,  so what are you wearing now ,  do you shave down there ?  ,  ?  ?  ?  ?  ?
decoy name ;pj's
awaltherslong ;want to play a bit
decoy name ;play what
awaltherslong ;never mind ,  may i add you
decoy name ;ok
awaltherslong ;i don't want to be a pushy asshole
decoy name ;lol
awaltherslong ;are you on here alot
decoy name ;yeah
awaltherslong ;cool
decoy name ;you
awaltherslong ;yeah ,  hold on phone
decoy name ;kewl ,  ok
awaltherslong ;ok i'm back ,  it was the boss
decoy name ;cool
awaltherslong ;lol
decoy name ;o lol
awaltherslong ;telling me to go home
decoy name ;lol
awaltherslong ;i've been here since am
decoy name ;omg
awaltherslong ;i'm gonna go home and soak in the jacuzzi ,  lol ,  wanna join me ,  ~  ,  lol
decoy name ;lol
awaltherslong ;id put bubble bath in for you and rub you out ,  lol ,  sexy girl
decoy name ;i love bubble bath
awaltherslong ;yeah ,  i bet you look hot in bubbles ,  lol ,  probably got a hot ass don't you ,  lol
decoy name ;idk lol
awaltherslong ;lol ,  get me a picture of it ,  lol ,  kidding
decoy name ;lol
awaltherslong ;no i'm not ,  lol
decoy name ;lol
awaltherslong ;id be gentle ,  lol
decoy name ;huh
awaltherslong ;nothing ,  i'm just saying id handle you like a fine piece of crystal ,  lol ,  if you were mine
decoy name ;"aww """" >"
awaltherslong ;: x
decoy name ;": x"""">"
awaltherslong ;lol
decoy name ;lol
awaltherslong ;so did it hurt ?  ,  when you fell from heaven
decoy name ;aww
awaltherslong ;does god know one of his angels is ms sing ,  lol
decoy name ;how sweet you are
awaltherslong ;ty ,  how sweet you are
decoy name ;ty
awaltherslong ;yw ,  so I see you like dolphins huh ?
decoy name ;yep
awaltherslong ;i have sailed across the at Atlantic ocean times and each time we had pods of dolphins visit us every day out there
decoy name ;wow kewl
awaltherslong ;playing in the wake of the boat ,  the only reason they are on earth is to have fun
decoy name ;i think your right ,  they are awesome
awaltherslong ;yeah
decoy name ;wow your so lucky
awaltherslong ;I also have seen wild loggerhead turtles off the north coast of Africa ,  they are so pretty ,  I will have to dig through my pictures and show you some
decoy name ;o kewl ,  wow you been africa
awaltherslong ;just sailed by it ,  I used to sail big boats from France to the US every year for my job
decoy name ;wow kewl
awaltherslong ;i've been around a bit ,  lol ,  got some miles on me ,  lol
decoy name ;lol
awaltherslong ;but in all my travels have never seen such a gorgeous set of eyes like yours ,  they say ravage me mr !  ,  lol
decoy name ;>ty
awaltherslong ;bedroom eyes ,  id like to show you the pleasures of the bed room ,  lol
decoy name ;really
awaltherslong ;oh yeah ,  can you say ORGASM !  ,  lol ,  <ding> ,  ~
decoy name ;>
awaltherslong ;sorry ,  i'm getting rude again
decoy name ;not really
awaltherslong ;i'm a very sexual person ,  can't help it ,  i have a passion for life ,  and i love women
decoy name ;ok
awaltherslong ;lol
decoy name ;lol
awaltherslong ;especially gorgeous women ,  lol ,  so what you do for fun
decoy name ;swimming hanging out with my friends movies television ,  you
awaltherslong ;sailing hiking fishing sex ,  lol ,  sex
decoy name ;lol
awaltherslong ;and sex ,  did i mention sex ,  lol
decoy name ;lol yeah i think you did
awaltherslong ;oh ok ,  lol
decoy name ;lol
awaltherslong ;I must admit i'm talented in that area ,  lol ,  especially in the oral side of it ,  if you know what i mean
decoy name ;yeah i know what it is
awaltherslong ;lol ,  if you didn't you would when i was done with you ,  lol ,  i have to go home soon i have not had dinner yet ,  and i have to be back at work at am
decoy name ;with wow
awaltherslong ;i'm in the process of selling a boat this week lots of work ,  |when you trying to collect ,  from someone|
decoy name ;dollars
awaltherslong ;yeah
decoy name ;wow ,  must be some boat
awaltherslong ;yeah it's nice
decoy name ;i bet ,  you there
awaltherslong ;yeah ,  that's the boat
decoy name ;ok
awaltherslong ;i have another picture if your curious about that man part ,  lol
decoy name ;lol ,  o wow that is an awesome boat
awaltherslong ;yeah ,  i have to go soon ,  want a picture to think about tonight ,  lol
decoy name ;"ok ,  """" >"
awaltherslong ;you like
decoy name ;yeah
awaltherslong ;cool ,  i'm sure it would love you ,  lol
decoy name ;>
awaltherslong ;so you have some more pictures
decoy name ;couple
awaltherslong ;you shave yourself down there ?  ,  may i see them ,  give me something to think about ,  lol ,  so your telling me mine is the first you have seen ?
decoy name ;yeah
awaltherslong ;wow ,  what's it make you think ,  just curious ,  ?  ?  ,  you there ,  did i offend you hun ,  i'm sorry ,  that's what i like ,  lol ,  <ding> ,  i have to go so on it's been nice chatting i will stay on for a few in case you got booted ,  <ding> ,  good night
decoy name ;sorry i got booted
awaltherslong ;ok
decoy name ;cool
awaltherslong ;i wanted to show you what i like
decoy name ;ok
awaltherslong ;lol
decoy name ;who is that
awaltherslong ;a friend i used to date
decoy name ;o
awaltherslong ;cute butt ,  lol
decoy name ;yeah lol
awaltherslong ;i'll take it off
decoy name ;ok
awaltherslong ;sorry ,  i'm tired as hell ,  lol
decoy name ;i bet
awaltherslong ;you tired ,  you need a bubble bath ,  lol
decoy name ;lol
awaltherslong ;i'll run one for you
decoy name ;ok lol
awaltherslong ;get those pj's off cut tie
decoy name ;lol
awaltherslong ;~  ,  can you get me some nice pictures ,  not naked or anything just sexy
decoy name ;idk i broke my digi
awaltherslong ;show me what your working with ,  lol ,  like to see the bumps ,  >
decoy name ;bumps ,  o lol
awaltherslong ;lady lumps ,  lo vly lady bumps
decoy name ;lol
awaltherslong ;fergie is hot
decoy name ;yeah
awaltherslong ;id fuck her ,  lol
decoy name ;lol
awaltherslong ;wouldn't you ,  lol
decoy name ;ummm no ,  lol
awaltherslong ;your cute
decoy name ;ty
awaltherslong ;clean soul ,  i like it
decoy name ;what's that mean
awaltherslong ;you just seem un corrupted ,  you know ,  never mind i'm talking shit i'm tired ,  lol
decoy name ;lol ,  i know ,  like a good girl
awaltherslong ;I know ,  lol ,  sharpe too ,  : x
decoy name ;: x
awaltherslong ;i'm in love ,  wish you were years older ,  id come and snag you for my own
decoy name ;aww ,  you would
awaltherslong ;well yeah ,  could bring you to meet my mom ,  lol
decoy name ;kewl bet she's nice
awaltherslong ;but i know there's a little devil in there right ,  one i could hide ,  in my fucked up mind ,  lol
decoy name ;lol
awaltherslong ;am i too blunt for you or do you appreciate honesty ,  i speak my mind
decoy name ;i like people who are honest
awaltherslong ;cool ,  I could talk to you for ever but I really do have to go home soon ,  I hope your on tomorrow ?
decoy name ;shur thing
awaltherslong ;I have to drive an hour to get home
decoy name ;o yuk
awaltherslong ;yeah
decoy name ;hope you don't fall asleep when your driving
awaltherslong ;no i'll roll the window down
decoy name ;brrrr are cold
awaltherslong ;Ill soak when i get home i'll see if your around at am ,  if i don't go to bed after bath
decoy name ;ok ,  if i don't fall asleep lol
awaltherslong ;yeah ,  do you float when you sleep ?  ,  lol
decoy name ;float ,  i don't think so lol
awaltherslong ;yes like an angel
decoy name ;awww ,  how sweet
awaltherslong ;>
decoy name ;your really nice
awaltherslong ;ty ,  I try ,  I can be an asshole ,  lol
decoy name ;no way
awaltherslong ;its hard to say bye to you for some reason ,  lol ,  weird man
decoy name ;lol
awaltherslong ;i'll be on for sure to marrow around or after hours at work ,  |but i'll fire up my laptop when i get home ,  so if you fall asleep goodnight ,  sweet dreams .  .  .  .  .  .  .  .  .  |
decoy name ;ok
awaltherslong ;nice talking to you * decoy name *
decoy name ;you
awaltherslong ;thanks for letting me be me ,  lol
decoy name ;yw
awaltherslong ;: - *
decoy name ;: - * ,  hi where you been ,  well ttyl ,  hi
awaltherslong ;hey ,  you there
decoy name ;you at work or something you must be busy ttyl
awaltherslong ;hey you
decoy name ;hey
awaltherslong ;how are you sweetie
decoy name ;good ,  where you been
awaltherslong ;working
decoy name ;o
awaltherslong ;went out of town
decoy name ;oh where did you go
awaltherslong ;south carolina
decoy name ;o kewl
awaltherslong ;what you been doing
decoy name ;we were off school last week mid winter break
awaltherslong ;cool
decoy name ;yep
awaltherslong ;what you doing tonight
decoy name ;not much
awaltherslong ;why not
decoy name ;idk lol ,  what you doing
awaltherslong ;chilling
decoy name ;kewl ,  you don't gotta work night like last time
awaltherslong ;no i'm home
decoy name ;cool
awaltherslong ;i'm tired ,  its been a long weekend
decoy name ;aww
awaltherslong ;need a massage ,  and bath
decoy name ;aww ,  what you do all weekend
awaltherslong ;looked at boats ,  went to a bunch of corporate parties
decoy name ;what are corporate parties
awaltherslong ;ass kissing parties ,  lol ,  all work
decoy name ;you work at a party
awaltherslong ;well yeah it's like networking with people in the industry ,  it was a meeting for the brand of boats i sell at the factory where they are built
decoy name ;don't sound like a very fun party
awaltherslong ;no ,  lots of good food and stuff though
decoy name ;that's good
awaltherslong ;no hotties like you either ,  lol
decoy name ;sounds kinda boring
awaltherslong ;yeah
decoy name ;lol
awaltherslong ;id rather slam my dick in a door ,  lol
decoy name ;what
awaltherslong ;nothing ,  I would have rather stayed home ,  lol
decoy name ;kk ,  hey be back in a bit
awaltherslong ;ok ,  hey gorgeous ,  you alone tonight
decoy name ;yeah
awaltherslong ;where is everyone
decoy name ;every who
awaltherslong ;mom dad
decoy name ;dad is here ,  i don't got a mom remember
awaltherslong ;oh yeah ,  how are you
decoy name ;good
awaltherslong ;good ,  i just got home
decoy name ;cool
awaltherslong ;gotta shower in a minutes ,  lol
decoy name ;ok
awaltherslong ;so what's on your mind tonight ,  lol
decoy name ;nothing
awaltherslong ;nothing ?
decoy name ;no lol
awaltherslong ;lol ,  are you staring at the wall ,  lol ,  drooling ,  lol
decoy name ;no at the puter screen
awaltherslong ;ahh
decoy name ;lol
awaltherslong ;Im all stressed ,  rough day at work
decoy name ;aww
awaltherslong ;I need a vacation ,  mexico or something ,  perhaps jamaica monday
decoy name ;oh wow ,  kewl
awaltherslong ;wanna go ,  lol ,  ~
decoy name ;o kewl
awaltherslong ;id settle for just you ,  lol ,  a bottle of wine and a tube of massage oil
decoy name ;hmm
awaltherslong ;hmmm ?  ,  to much ,  lol
decoy name ;idk what is a tube of massage oil
awaltherslong ;lol ,  oil to rub you all over ,  lol
decoy name ;o kewl
awaltherslong ;~  ,  : - *
decoy name ;: - *
awaltherslong ;you are hot ,  lol ,  id eat you up
decoy name ;why you hungry LOL
awaltherslong ;in a nice way that is ,  lol ,  look at yourself ,  lol ,  you look so tasty ,  yummy
decoy name ;lol
awaltherslong ;lol ,  so no guy has had the pleasure of your taste yet huh ?
decoy name ;huh
awaltherslong ;lol ,  orally satisfy you ,  lol ,  eat it ,  lol
decoy name ;>o ,  no
awaltherslong ;lol ,  don't blush ,  you don't have to be shy with me
decoy name ;ok
awaltherslong ;i want you to tell me all ,  lol ,  what do you want to try with a guy ,  if you could tell a guy to do anything to you what would it be
decoy name ;hmm
awaltherslong ;what have you always wondered about
decoy name ;everything
awaltherslong ;lol ,  tell me
decoy name ;idk just everything
awaltherslong ;what is the one thing ,  lol ,  that makes you horny thinking about it
decoy name ;idk
awaltherslong ;ok
decoy name ;lol
awaltherslong ;I have been thinking naughty thoughts of you ,  lol ,  sorry
decoy name ;o
awaltherslong ;just what it would be like to be with someone so hot ,  lol
decoy name ;>
awaltherslong ;I bet you would love all the new things i could show you ,  and the feelings that go along with it ,  when you masturbate do you have orgasms ?  ,  you don't have to tell me but i am curious
decoy name ;i don't do that
awaltherslong ;really ,  why ?
decoy name ;idk it's kinda weird
awaltherslong ;it can be very nice ,  I could help you ,  by telling you how to do it ,  I am quite talented in that area of a woman ,  lol ,  you have never put a finger up there ?
decoy name ;no
awaltherslong ;you should try some time ,  it's what's so hot about being a gorgeous wo an
decoy name ;really
awaltherslong ;yeah ,  want to try
decoy name ;no
awaltherslong ;don't be shy now ,  lol ,  want see how i do
decoy name ;huh
awaltherslong ;i have cam ,  will show you
decoy name ;ok
awaltherslong ;really ,  what you want to see me do
decoy name ;idk lol
awaltherslong ;tell me ,  your wish is my command
decoy name ;i just want c what you look like
awaltherslong ;|u want me to cum for you ,  have you ever seen a man cum|
decoy name ;no i haven't
awaltherslong ;you want to
decoy name ;"k"""">"
awaltherslong ;kewl ,  will you play too ,  I want you to do it to and tell me how it feels
decoy name ;no i don't think i want
awaltherslong ;you still want to see
decoy name ;yeah ,  up you
awaltherslong ;ok ,  you like
decoy name ;woa
awaltherslong ;what
decoy name ;close up lol
awaltherslong ;lol ,  you like
decoy name ;i guess
awaltherslong ;you on
decoy name ;yeah
awaltherslong ;how are you
decoy name ;good
awaltherslong ;what you doing
decoy name ;nothing much
awaltherslong ;me either just got home ,  i have a little buzz on ,  lol
decoy name ;huh
awaltherslong ;i've had a few drinks
decoy name ;o lol
awaltherslong ;sorry if i offended you the other night
decoy name ;hmmm i don't remember ,  lol
awaltherslong ;my cam ,  lol
decoy name ;oh yeah
awaltherslong ;i miss having a woman around ,  did you like
decoy name ;yeah
awaltherslong ;yeah ?  ,  you want more ,  lol ,  ~
decoy name ;umm not really
awaltherslong ;to bad I would like to coach you on the finer points of masturbating ,  lol ,  would you like to lick mine ,  i would for sure lick the hell out of you ,  lol
decoy name ;>
awaltherslong ;i bet you taste so good
decoy name ;>
awaltherslong ;i would love a sample
decoy name ;really
awaltherslong ;oh yeah ,  i'm getting hard thinking about you ,  lol
decoy name ;>o
awaltherslong ;lol ,  will you slide your panties down for me i want to lick it for you ,  lol
decoy name ;what
awaltherslong ;take your cloths off baby ,  lol
decoy name ;i don't think so
awaltherslong ;lol ,  did you see me cum the other night
decoy name ;yeah
awaltherslong ;|u like it ,  have you ever wanted to taste|
decoy name ;taste ?
awaltherslong ;yes ,  eat it ,  i have a big load right now do you want to see me pop
decoy name ;i dkk
awaltherslong ;i will rub that sweet sticky cum all over my cock and balls for you or what ever you want me to do just tell me
decoy name ;>
awaltherslong ;?  ?  ?  ?  ?
decoy name ;idk
awaltherslong ;don't be shy if you like it tell me it's ok
decoy name ;yeah
awaltherslong ;tell me what you want to see and i will do whatever you want ,  i like that
decoy name ;weekend you want ok
awaltherslong ;yeah ?
decoy name ;yeah
awaltherslong ;so will you feel your self for me while i'm on cam ?
decoy name ;no
awaltherslong ;why
decoy name ;because i would feel weird
awaltherslong ;why i can't see you but i wish i could i would help you ,  lol ,  so how many pictures you have ,  any sexy ?
decoy name ;not many ,  no lol
awaltherslong ;lol ,  you all alone
decoy name ;in my room but dad downstairs
awaltherslong ;cool ,  you ready
decoy name ;what
awaltherslong ;my cock ,  lol
decoy name ;"o""""> ,  ok"
awaltherslong ;you like ,  want me to put some lube on it
decoy name ;what's that
awaltherslong ;lotion
decoy name ;o
awaltherslong ;make it nice an slippery ,  lol
decoy name ;o ,  why
awaltherslong ;it feels good
decoy name ;o ,  hi ,  you here
awaltherslong ;hey
decoy name ;yeah
awaltherslong ;hey how are you
decoy name ;ok
awaltherslong ;just ok
decoy name ;i'm good
awaltherslong ;good ,  did you like watching me cum ,  i shaved it for you ,  lol ,  ~
decoy name ;what
awaltherslong ;my cock i shaved it for you
decoy name ;why
awaltherslong ;so it's nice and smooth ,  it feels good
decoy name ;kk
awaltherslong ;want to see ,  lol
decoy name ;no
awaltherslong ;you busy ?
decoy name ;no
awaltherslong ;you are so hot
decoy name ;ty
awaltherslong ;yw ,  you make me so horny all the time ,  lol
decoy name ;really
awaltherslong ;yeah ,  would love to be your first
decoy name ;st what
awaltherslong ;could pleasure you so oo good ,  first fuck ,  lol
decoy name ;o
awaltherslong ;or guy to eat you ,  ~
decoy name ;wow
awaltherslong ;wow ?  ,  first guy to lick your hot ass ,  lol
decoy name ;surprise you say that
awaltherslong ;why
decoy name ;idk ,  shur would like c what you look like
awaltherslong ;why ?
decoy name ;idk maybe your some really old nasty ugly guy
awaltherslong ;you like the way my cock looks ,  i'm not ,  lol
decoy name ;then how come you don't let me see you ,  cept that other
awaltherslong ;idk ,  i want to keep you guessing ,  lol
decoy name ;don't like guessing ,  you there
awaltherslong ;yeah
decoy name ;so
awaltherslong ;so ?
decoy name ;idk lol
awaltherslong ;lol ,  hello ,  lol
decoy name ;lol
awaltherslong ;i'm just chilling you know
decoy name ;oh o ,  ok
awaltherslong ;you like watching me cum ?
decoy name ;i guess
awaltherslong ;you think you would like to taste it ?  ,  lol
decoy name ;taste it ?
awaltherslong ;my cum ,  or dick ,  lol
decoy name ;what's it taste like
awaltherslong ;sweet so i've been told
decoy name ;really
awaltherslong ;close to what a girls pussy taste like ,  you ever taste your self ?
decoy name ;no lol
awaltherslong ;you should try ,  lol
decoy name ;sounds kinda weird me
awaltherslong ;lots of girls do it
decoy name ;really
awaltherslong ;yeah
decoy name ;i don't know any
awaltherslong ;lol they don't tell you ,  silly ,  lol
decoy name ;yeah i guess your right
awaltherslong ;lol
decoy name ;never heard of that
awaltherslong ;you have a cam ?
decoy name ;no
awaltherslong ;you should get one
decoy name ;i asked before and my dad said no why you want and he say people get in trouble with those things
awaltherslong ;ic
decoy name ;not shur what he meant but o well
awaltherslong ;lol ,  would you show me all of you if you had one ?  ,  lol
decoy name ;all of me
awaltherslong ;yes ,  all
decoy name ;i guess idk can you c whole person on there
awaltherslong ;yeah ,  lol ,  would love to see your ass ,  lol
decoy name ;>
awaltherslong ;what size jeans you wear ?  ,  bra ?
decoy name ;bra b ,  jeans
awaltherslong ;wow ,  hot ,  bra ?  ,  nice little waist ,  id love to hold it tight
decoy name ;really
awaltherslong ;nice little boobies ,  yes
decoy name ;yeah little lol
awaltherslong ;yummy ,  id love to kiss your nipple are they big or small ?
decoy name ;small i guess
awaltherslong ;love little nipples
decoy name ;why
awaltherslong ;i just do ,  more than a mouth full is a waste ,  lol ,  are they dark or pink nipples
decoy name ;umm pink i guess ,  not dark
awaltherslong ;mom me me ,  id love to lick them ,  and rub my cock in between them
decoy name ;>
awaltherslong ;you there
decoy name ;yeah ,  i'm here
awaltherslong ;you want to watch
decoy name ;i guess if you let me see what you look like
awaltherslong ;i'll show you after i cum
decoy name ;ok ,  your not lying are you
awaltherslong ;no
decoy name ;ok
awaltherslong ;you gonna accept
decoy name ;where is it ,  i don't see it ,  you send it ?
awaltherslong ;does it say i invited you
decoy name ;don't c nothing ,  ok well i guess ttyl
awaltherslong ;you see ,  you like
decoy name ;yeah
awaltherslong ;tell me what to do
decoy name ;how do i know
awaltherslong ;what you want to see ,  you like my balls
decoy name ;yeah i guess so ,  you promise i could c what you look like ,  i hate liars ,  >
awaltherslong ;asl ?
decoy name ;f mile ,  you ?
awaltherslong ;wow your yung and ,  i'm old lol ,  your cute though ,  what you doing
decoy name ;how old is old ?
awaltherslong ;(  He was at the time of his arrest .  )
decoy name ;that's cool
awaltherslong ;what brings you on this late
decoy name ;chatting ,  and it's not late
awaltherslong ;cool
decoy name ;i'm decoy name
awaltherslong ;cool ,  i'm john
decoy name ;nice to meet you john
awaltherslong ;i like your name ,  sexy
decoy name ;thanks
awaltherslong ;yw
decoy name ;can i add you ?
awaltherslong ;what you like to do decoy name ,  for fun
decoy name ;well i like l site ning to music and hanging out and sometimes watching television but i don't do that a lot and i like chatting on here and camping and fishing is fun ,  what do you like to do ?
awaltherslong ;camp fish sail fuck and fight but not in that order ,  lol
decoy name ;lol ,  can i add you ?
awaltherslong ;yeah i guess ,  you like me huh ?  ,  lol
decoy name ;your funny ,  lol
awaltherslong ;ty ,  are a bunch of really old guys asking you for pictures ,  lol
decoy name ;no ,  most guys won't talk to me
awaltherslong ;what are you doing in the woods with the big bad wolfs ,  lol
decoy name ;i didn't see any big bad wolfs
awaltherslong ;lol ,  where the parents
decoy name ;my mom lives in state and my dad is watching television
awaltherslong ;ic you in your room ?
decoy name ;yea
awaltherslong ;so what do you girls do at night in their rooms on the net ?  ,  lol
decoy name ;chat ,  listen to music
awaltherslong ;about ,  you have a boyfriend
decoy name ;i had one but i broke up with him
awaltherslong ;ic
decoy name ;you have a girlfriend ?
awaltherslong ;you have more pictures
decoy name ;yea
awaltherslong ;no girlfriend
decoy name ;do you ?
awaltherslong ;i have a cam
decoy name ;dad won't let me have a cam
awaltherslong ;why
decoy name ;he says i don't need one
awaltherslong ;are you an exobitionist ?
decoy name ;what's that ?
awaltherslong ;someone who likes to show off if you know what i mean ,  lol ,  pretty eyes
decoy name ;oh no i don't show off ,  do you ?
awaltherslong ;very pretty ,  if i'm asked nicely ,  lol
decoy name ;lol
awaltherslong ;only if the person watching truly enjoys ,  lol
decoy name ;lol
awaltherslong ;your cute girl
decoy name ;thanks
awaltherslong ;yw ,  your petite ,  i like that
decoy name ;thanks ,  what do you look like ?
awaltherslong ;"i'm \"""" 7 dark hair med build"
decoy name ;cool
awaltherslong ;so you hanging out in your undies getting ready for bed ?  ,  lol
decoy name ;lol ,  i have pajamas on
awaltherslong ;ahhhh h
decoy name ;you ?
awaltherslong ;me ?
decoy name ;pajamas ?
awaltherslong ;no boxers ,  lol
decoy name ;lol ,  you going to add me or not ?  ,  thanks
awaltherslong ;yw ,  hmmmm mm
decoy name ;hmmm ?
awaltherslong ;just thinking
decoy name ;about what ?
awaltherslong ;asking myself if you have ever cybered ,  lol ,  just think your sexy
decoy name ;thanks
awaltherslong ;lol ,  more pictures ?  ,  i like them ,  nice ,  sexy tummy i want to see it
decoy name ;you have any ?
awaltherslong ;no just cam
decoy name ;oh ok
awaltherslong ;does your dad ever bother you in your room
decoy name ;no ,  why ?
awaltherslong ;"just wondering ,  you should get comfortable ,  """" >"
decoy name ;what do you mean ?
awaltherslong ;never mind
decoy name ;ok
awaltherslong ;are you a virgin or is that a bad thing to ask
decoy name ;no i'm not a virgin
awaltherslong ;wow really ,  how you like it ?  ,  sex that IS
decoy name ;it was ok
awaltherslong ;just ok you poor girl ,  lol
decoy name ;lol
awaltherslong ;you don't mind talking about it
decoy name ;no i don't mind ,  you like talking about it ?
awaltherslong ;hmmmm m ,  yes ,  i'm a guy ,  lol
decoy name ;lol
awaltherslong ;you have some nice hips ,  you look tight
decoy name ;thanks
awaltherslong ;yw ,  so you taking those jam as off yet ,  lol
decoy name ;no lol
awaltherslong ;you should ,  tell me what you like
decoy name ;i like music a lot
awaltherslong ;i mean sexually ,  lol
decoy name ;oh lol ,  i don't know
awaltherslong ;you masturbate alot ?  ,  more pictures
decoy name ;no i don't like to touch myself down there ,  do you do it ?
awaltherslong ;yes ,  why don't you like it
decoy name ;just feels weird is all
awaltherslong ;you do it though right ,  its nice ,  i think girl parts are hot
decoy name ;no i don't ,  you do ?
awaltherslong ;yes
decoy name ;why do you think they are hot ?
awaltherslong ;so soft wet warm and tasty ,  love to lick ,  you like touching a guy ?
decoy name ;yea it's ok
awaltherslong ;you ever seen a guy shoot cum up close you ever give head ?
decoy name ;yea
awaltherslong ;you like ,  you swallow
decoy name ;it was ok tasted kinda weird though
awaltherslong ;lol ,  are you shaved down there
decoy name ;no but i don't have a lot down there
awaltherslong ;you have a picture of your butt ,  take one form epl zzz zzzz zzz zzzz
decoy name ;no sorry
awaltherslong ;~
decoy name ;i don't have a cam
awaltherslong ;your camera ,  that you took your pictures with
decoy name ;that was my mom's
awaltherslong ;oh ,  so want me to tell you what you can do to really enjoy masturbating ,  all you have to do is what i tell you too and i bet you wi kl cum hard ,  i will do it on cm for you ,  cam
decoy name ;you mean cyber ?
awaltherslong ;yeah
decoy name ;that's so lame ,  i don't want to do that
awaltherslong ;you want to watch me
decoy name ;ok i will watch you but i won't do anything
awaltherslong ;ok ,  you like big ones
decoy name ;i don't know ,  my boyfriend wasn't big i don't think
awaltherslong ;you like
decoy name ;looks real big !  ,  what ?
awaltherslong ;inches
decoy name ;oh ok ,  wow that is big
awaltherslong ;so tell me what you want to see me do
decoy name ;whatever you want to do
awaltherslong ;is it making you a little wet ?
decoy name ;i don't know
awaltherslong ;check
decoy name ;i'm not touching myself
awaltherslong ;how about your nip pies ,  lol ,  you do that right
decoy name ;no
awaltherslong ;you like
decoy name ;yea
awaltherslong ;really
decoy name ;yea really
awaltherslong ;what would you do with it
decoy name ;whatever you wanted me to
awaltherslong ;you like my balls
decoy name ;yea
awaltherslong ;id love for you to sit on it
decoy name ;for real ?
awaltherslong ;yes
decoy name ;i never did that before
awaltherslong ;so i could see your cute ass bouncing up and down on it
decoy name ;ok
awaltherslong ;id love to have you moving up and down on it ,  you are getting horny yet
decoy name ;may be
awaltherslong ;hey you ,  you enjoy watching me the other night
decoy name ;yea ,  why ?
awaltherslong ;wondered ,  you want more ,  ?  ?  ?  ?
decoy name ;yea but wait a minute
awaltherslong ;ok what you doing
decoy name ;a friend i'm ,  i'm here now
awaltherslong ;cool ,  so you like my man parts ,  lol
decoy name ;yea
awaltherslong ;did it make you a little wet watching ?
decoy name ;not really
awaltherslong ;so why you like it then
decoy name ;i don't know 3 ,  just did
awaltherslong ;|so you going to direct the action this time tell me what you want to see me do ,  i'll do whatever you want|
decoy name ;no i just want to watch
awaltherslong ;you want to see me squirt
decoy name ;if you want to
awaltherslong ;gee the ez
decoy name ;what ?
awaltherslong ;i wish you were more interactive ,  lol
decoy name ;oh ,  i don't want to cyber
awaltherslong ;ok sorry ,  |so what's up ,  i'll get my cam in a min| ,  if you want to see
decoy name ;ok
awaltherslong ;you just want to see it huh .  you want to see it get from soft to hard
decoy name ;ok
awaltherslong ;then i'll blow a big one for you
decoy name ;ok
awaltherslong ;who else you talking too ?
decoy name ;no one right now ,  why ?
awaltherslong ;just wondering ,  i'll have your full attention ?
decoy name ;yea
awaltherslong ;so the last time we talked you said you never saturday right on one before huh ?  ,  its hot ,  goes nice and deep
decoy name ;no i never did that
awaltherslong ;feels so good ,  what have you done
decoy name ;had sex with him on top and i did oral to him
awaltherslong ;was he big
decoy name ;i didn't think so
awaltherslong ;lol ,  what about me
decoy name ;yea yours looked big
awaltherslong ;i bet your tight ,  would love to push it in you nice and slow
decoy name ;for real ?
awaltherslong ;mom me
decoy name ;mom me isn't a answer lol
awaltherslong ;lol ,  yes hell yes ,  lol ,  did that guy lick you
decoy name ;no he didn't
awaltherslong ;you should have made him ,  i love to lick it
decoy name ;you do ?
awaltherslong ;yes this ,  very sweet and juicy
decoy name ;ok
awaltherslong ;you like
decoy name ;yea
awaltherslong ;what you think
decoy name ;looks really big
awaltherslong ;think you could get it in you
decoy name ;may be lol
awaltherslong ;id make you suck it first to get it wet ,  lol
decoy name ;lol
awaltherslong ;id get you nice and wet by licking you real good ,  even your ass
decoy name ;you would ?
awaltherslong ;yes ,  you would like it ,  you like those
decoy name ;yea
awaltherslong ;i'm so hard ,  see the pre cum ,  you like
decoy name ;yea
awaltherslong ;id like to rub this up and down your ass crack then work it to your tight little pussy ,  would you like that
decoy name ;no one ever did that to me before
awaltherslong ;i would ,  i would rub your pussy juice all over my hard cock then slide it up to your tiny ass hole just tease you ,  would you like that ,  you horny yet
decoy name ;yahoo booted me ,  hi ,  hi
awaltherslong ;how are you
decoy name ;hi
awaltherslong ;hey
decoy name ;how are you ?
awaltherslong ;good you ,  you know me ,  lol
decoy name ;i'm ok
awaltherslong ;good ,  in the mood to watch ?
decoy name ;ok
awaltherslong ;ok ?
decoy name ;yea if you want me to
awaltherslong ;you like my stuff ?  ,  lol ,  what do you like about it
decoy name ;i don't know ,  just do
awaltherslong ;lol ,  do you have a hot body
decoy name ;i guess so
awaltherslong ;where you go ?
decoy name ;yahoo booted me ,  i'm back
awaltherslong ;you like porn ?
decoy name ;i don't know ,  i never really looked at any ,  why ?
awaltherslong ;i'm watching some
decoy name ;oh ,  what kind
awaltherslong ;girl on girl
decoy name ;oh
awaltherslong ;you ever touch a girl
decoy name ;no ,  i don't really like girls that way
awaltherslong ;cool ,  you like
decoy name ;yea
awaltherslong ;why you wearing
decoy name ;pajama pants and a tank top
awaltherslong ;bra on
decoy name ;no
awaltherslong ;nice how big are they
decoy name ;my boobs ?
awaltherslong ;yes
decoy name ;be ,  small
awaltherslong ;nice ,  you like my cock
decoy name ;yea
awaltherslong ;would you suck it
decoy name ;for real ?
awaltherslong ;yes
decoy name ;yea if you wanted me to
awaltherslong ;yes ,  i would suck you too
decoy name ;?
awaltherslong ;you have undies on
decoy name ;yes
awaltherslong ;i would like to suck you through y or panties
decoy name ;really ?
awaltherslong ;yes
decoy name ;ok
awaltherslong ;pinch your nipples for me ,  lol ,  tell me how it feels
decoy name ;i don't want to do that
awaltherslong ;what you want me to do for you
decoy name ;what do you want to do ?
awaltherslong ;tell me ,  want to see me rub lotion on it
decoy name ;ok
awaltherslong ;like it
decoy name ;yea
awaltherslong ;hey
decoy name ;hi !
awaltherslong ;want to see
decoy name ;ok
awaltherslong ;you like
decoy name ;yea ,  kinda dark
awaltherslong ;better
decoy name ;yea a little
awaltherslong ;want me to cum for you
decoy name ;ok
awaltherslong ;i would love to rub it on your tight butt
decoy name ;for real ?
awaltherslong ;yeah ,  and all over your wet pussy
decoy name ;ok
awaltherslong ;would you like me to suck you
decoy name ;suck me ?
awaltherslong ;your pussy ass and tits
decoy name ;for real ?
awaltherslong ;yeah
decoy name ;ok
awaltherslong ;id li9ke my tongue in your ass while i finger your pussy
decoy name ;no one ever did anything like that to me
awaltherslong ;i would ,  you think you would like it
decoy name ;it doesn't hurt ?
awaltherslong ;no baby not my tongue
decoy name ;ok
awaltherslong ;i would lay you on your tummy and spread that tight ass for me while i lick it
decoy name ;ok ,  it stopped
awaltherslong ;hey you you like watching the other night
decoy name ;yea
awaltherslong ;did it make you wet
decoy name ;not really
awaltherslong ;you are hard to get horny why
decoy name ;i don't why
awaltherslong ;should play with yourself more learn to please yourself good ,  i could help
decoy name ;i don't want to cyber
awaltherslong ;i know that
decoy name ;i like it real not fake
awaltherslong ;so why do you watch me
decoy name ;cause i never watched anyone do that before
awaltherslong ;really
decoy name ;yea
awaltherslong ;you think my cock is nice ,  would you suck it
decoy name ;yea if you wanted me to for real
awaltherslong ;cool ,  where you live
decoy name ;west Michigan ,  you ?
awaltherslong ;west mile ,  where in west mile ,  muskegon here
decoy name ;not real far from you
awaltherslong ;how far ?  ,  you ever meet for that sort of thing
decoy name ;i never met anyone from online before
awaltherslong ;cool ,  i would lick your tight little pussy and ass for ever baby ,  till you came on my face ,  what city you in
decoy name ;you really want to do that ?
awaltherslong ;yes ,  you want me too
decoy name ;yea
awaltherslong ;your age again ,  wow your young ,  id get in trouble
decoy name ;i wouldn't tell
awaltherslong ;no ,  you have more pictures to show me ,  would you let me fuck your ass if i was gentle
decoy name ;i have some
awaltherslong ;may i see
decoy name ;i don't want to do anything that hurts
awaltherslong ;i would be nice and gentle baby ,  so cute
decoy name ;thanks
awaltherslong ;yw ,  i would lick you so so good
decoy name ;you have any pictures ?
awaltherslong ;i would want you to hold that tight little thing open while i suck it ,  just cam
decoy name ;ok
awaltherslong ;so we should hook up
decoy name ;that would be cool ,  maybe some time when my dad is gone
awaltherslong ;so where do you live
decoy name ;i will tell you when dad is gone ,  i don't want you showing up and getting me in trouble
awaltherslong ;i won't i just wondered what city in Michigan not your address silly ,  lol
decoy name ;dad goes to the casino with his girlfriend sometimes
awaltherslong ;cool ,  how far from muskegon ,  tell me that
decoy name ;about an hour
awaltherslong ;north or south ?
decoy name ;lol ,  i will tell you later ,  he has not been to the casino for about a month
awaltherslong ;when you think we could hook up
decoy name ;he should be going soon
awaltherslong ;do you trust me
decoy name ;i think so ,  do you trust me>
awaltherslong ;lol ,  i think so
decoy name ;lol
awaltherslong ;i could get in big trouble
decoy name ;i won't tell ,  i promise ,  you won't tell anyone will you ?
awaltherslong ;no ,  who would i tell ,  would you like to sit on my face and let me eat it
decoy name ;i never did that before
awaltherslong ;it's so hot ,  you could rock your hips back and fourth on my face ,  get my face all juicy ,  more pictures ,  nice ,  i would love to rub my cock on your lips
decoy name ;you would ?
awaltherslong ;yes ,  would you like that
decoy name ;yea
awaltherslong ;would you like to
decoy name ;i never did that
awaltherslong ;it's hot ,  you on top ,  sucking my cock and balls me on bottom licking and sucking your pussy and ass
decoy name ;ok
awaltherslong ;i cum a lot you like to eat it
decoy name ;i guess so
awaltherslong ;you ever taste it
decoy name ;yea
awaltherslong ;do you have a nice small ass
decoy name ;yea
awaltherslong ;i will cup it in my hands as i lick your pussy
decoy name ;ok
awaltherslong ;tell me how much you want my cock
decoy name ;lol ,  lots if you really want to do it
awaltherslong ;yes i do ,  i want you to ride it fast
decoy name ;ok
awaltherslong ;you see me cum
decoy name ;yea ,  then you signed off
awaltherslong ;had to clean off ,  unless you want to see me rub it all over my hard cock ,  so you could lick it off
decoy name ;you want me to do that ?
awaltherslong ;yes you want too ,  i want to rub it on your nip people res
decoy name ;ok
awaltherslong ;then lick your nipples ,  are your nip pies big or small
decoy name ;ok ,  um kind a small
awaltherslong ;nice and perky and pink
decoy name ;yea i guess so
awaltherslong ;lol ,  i'm so fucking horny talking to you
decoy name ;for real ?
awaltherslong ;yes ,  i just want to suck you from your clitoris to your ass hole
decoy name ;ok
awaltherslong ;you want that
decoy name ;well no one ever did that to me
awaltherslong ;why ,  i would ,  i love to eat pussy
decoy name ;ok
awaltherslong ;would you spread it for me ,  so i can get my tongue deep in it
decoy name ;i guess so
awaltherslong ;id lick your wet fingers too ,  then stick one of your fingers in while i suck it ,  you would want me to cum to your house ,  so we could do it in your room
decoy name ;if you want to
awaltherslong ;i would like to do it out side
decoy name ;out side ?
awaltherslong ;if it's nice ,  or in your shower
decoy name ;i never did to out side
awaltherslong ;it's hot ,  id like to put you on the hood of my truck
decoy name ;ok ,  i never did anything in the shower either
awaltherslong ;i love it in the shower ,  two wet naked bodies rubbing together ,  yum
decoy name ;ok
awaltherslong ;i want to stick my tongue up your ass to get it nice and wet then try to slip the tip of my cock into it
decoy name ;won't that hurt ?
awaltherslong ;no i'll get you ready for it
decoy name ;ok
awaltherslong ;lick it get it juicy and even cum on it and rub the cum up in there to get it slippery ,  then slide my whole length in nice and slow for you ,  while you reach back and squeeze my balls and pull me into you
decoy name ;ok
awaltherslong ;you like that
decoy name ;i never did anything like that
awaltherslong ;you want to ,  what have you done
decoy name ;just sex and did oral
awaltherslong ;what kind of sex ,  with who
decoy name ;my old boyfriend
awaltherslong ;did he eat you
decoy name ;just with him on top ,  and i gave him bhs ,  bjs
awaltherslong ;did he play with your pussy while you sucked him
decoy name ;no
awaltherslong ;i would ,  id play with your clitoris ,  and suck it
decoy name ;ok
awaltherslong ;what you wearing
decoy name ;pajama pants and a tshirt
awaltherslong ;describe how your ass feels it it soft or firm ,  can you cup it in your hands
decoy name ;i guess ,  why ?
awaltherslong ;i like small asses
decoy name ;ok
awaltherslong ;that are firm
decoy name ;ok ,  well it's not fat
awaltherslong ;they look nice while fucking doggie style
decoy name ;ok
awaltherslong ;you want to watch again
decoy name ;ok
awaltherslong ;really
decoy name ;yea if you want to do it
awaltherslong ;i do
decoy name ;ok
awaltherslong ;would you like me to rub it on your ass
decoy name ;i guess
awaltherslong ;you have a bra on
decoy name ;no ,  i don't like to wear it when i am sleeping
awaltherslong ;nice ,  you like my big nuts
decoy name ;yea
awaltherslong ;will you suck them
decoy name ;i never did that before
awaltherslong ;it feels good ,  they are big though
decoy name ;ok
awaltherslong ;i wish i was there in bed with you ,  i would make you cum
decoy name ;you would ?
awaltherslong ;oh yeah ,  you like watching me stroke it hard
decoy name ;yea
awaltherslong ;imagine my balls slapping your ass ass i fuck you hard and fast
decoy name ;ok
awaltherslong ;would you suck my cock after i pull it out of you ,  suck your juice of it
decoy name ;i don't know ,  i never did that before
awaltherslong ;it would taste like my big cock and your sweet hot pussy ,  yum ,  want me to cum again
decoy name ;ok
awaltherslong ;het you
decoy name ;hi
awaltherslong ;how are you
decoy name ;i'm ok ,  you ?
awaltherslong ;ok ,  you know ,  wanna see
decoy name ;ok
awaltherslong ;what you wearing
decoy name ;pajama pants and a tshirt
awaltherslong ;any undies ,  bra ?
decoy name ;panties
awaltherslong ;you like
decoy name ;yea
awaltherslong ;see the ring on my cock
decoy name ;yea ,  what is that for ?
awaltherslong ;makes the veins pop out and keeps it hard as steel ,  lol
decoy name ;ok
awaltherslong ;wanna hear me jerk off
decoy name ;hear ?
awaltherslong ;i'll call your pc you answer and listen while i jack off
decoy name ;that boots me off yahoo ,  i don't want to
awaltherslong ;answer ,  i want you to sit on my cock
decoy name ;for real ?
awaltherslong ;yes ,  when can we hook up
decoy name ;may be when dad goes to the casino
awaltherslong ;you think about my cock a lot now that you see it
decoy name ;may be
awaltherslong ;lol ,  how it would feel in your tight pussy ,  lol
decoy name ;hi
awaltherslong ;hey you
decoy name ;how are you ?
awaltherslong ;good you
decoy name ;i'm ok
awaltherslong ;cool ,  what you doing
decoy name ;just chatting with you
awaltherslong ;that's it ?
decoy name ;yea
awaltherslong ;you like watching me huh ?
decoy name ;yea
awaltherslong ;you think about me
decoy name ;yea ,  you think about me ?
awaltherslong ;yeah ,  i always end up cumming when i do ,  i wish you liked to play on here more ,  i could teach you how to pleasure yourself
decoy name ;oh ,  i don't want to cyber though
awaltherslong ;i know ,  you alone tonight
decoy name ;dad's home but he is watching television ,  why ?
awaltherslong ;just wondered
decoy name ;he might be gone next week though
awaltherslong ;really
decoy name ;yea he might be going to the casino with his girlfriend ,  you there ?
awaltherslong ;yes i'm here
decoy name ;ok
awaltherslong ;id like to see you
decoy name ;for real ?
awaltherslong ;love to rub your hot tight body all over ,  like to get you in the shower ,  get you all wet and soapy
decoy name ;ok ,  i never did that before
awaltherslong ;id love to feel your soapy wet ass
decoy name ;for real ?
awaltherslong ;yes ,  and have you rub soap all over my rock hard cock
decoy name ;ok
awaltherslong ;have you rub mine on yours ,  you in your jammies
decoy name ;not yet
awaltherslong ;you should be naked ,  lol
decoy name ;lol
awaltherslong ;I justwant to lick your pussy for like an hour ,  I want you to fuck my face hard and fast|
decoy name ;wow ,  ok
awaltherslong ;ride my tongue then ride my cock like a cow girl ,  then sit on my face again so i can lick your sweet asshole
decoy name ;ok ,  i never did that
awaltherslong ;you'll like it it goes in nice and deep all the way to my balls
decoy name ;ok
awaltherslong ;what city you live in ,  ?  ?  ,  you there
decoy name ;sorry dad yelled ,  brb
awaltherslong ;ok
decoy name ;sorry
awaltherslong ;ok
decoy name ;i will tell you in a few days when i know he is going for sure ,  ok ?  ,  as soon as i know he is going for sure
awaltherslong ;ok ,  i'm afraid of getting caught ,  because my age
decoy name ;i don't want to get in trouble ,  i won't tell anyone ,  i just want to make sure dad will be gone
awaltherslong ;ok ,  he leaves you alone overnight
decoy name ;yea
awaltherslong ;how would we get started ,  id love you to be naked when you answer the door
decoy name ;lol
awaltherslong ;or just wait in the shower for me to join you
decoy name ;ok ,  like watch for you and as soon as i see you pull up get in the shower and wait ?
awaltherslong ;yes
decoy name ;ok
awaltherslong ;sound hot ?
decoy name ;fun
awaltherslong ;when i walk in i want you rubbing your pussy getting it nice and juicy for me ,  i'm getting hard thinking about it ,  lol ,  tell me what you want me to do to you
decoy name ;whatever you want
awaltherslong ;what have you always wanted to try ,  don't be shy ,  i want to know so i can please you
decoy name ;all i ever did was oral and sex with him on top
awaltherslong ;you want to try anal with me i will be gentle so it does not hurt
decoy name ;ok if it doesn't hurt
awaltherslong ;it hurts a little bit but not for long after a minutes it feels good ,  i'll be good ,  lol
decoy name ;ok
awaltherslong ;it's just when it first goes in it pops a bit but it's so hot
decoy name ;ok
awaltherslong ;while i fuck your ass you can play with your pussy
decoy name ;ok
awaltherslong ;i want to lay you on your tummy and have you spread your ass cheeks for me so i can lick your tight ass for you ,  get it nice and ready for me
decoy name ;ok
awaltherslong ;want to watch
decoy name ;ok
awaltherslong ;you like
decoy name ;yea
awaltherslong ;you want to lick it
decoy name ;if you want me to
awaltherslong ;yes ,  sorry
decoy name ;that ok ,  you get booted ?
awaltherslong ;yeah ,  see it ok
decoy name ;i did ,  it's not on now
awaltherslong ;look big enough for you
decoy name ;yea
awaltherslong ;you want to ride it
decoy name ;ok
awaltherslong ;you like
decoy name ;yea
awaltherslong ;hey baby
decoy name ;hi !  ,  how are you ?
awaltherslong ;ok you
decoy name ;i'm ok ,  a little bore but better now that i'm chatting with you ,  bored
awaltherslong ;>
decoy name ;: - *
awaltherslong ;you like it last night
decoy name ;yea
awaltherslong ;what you wearing
decoy name ;sorry yahoo booted me ,  my computer froze and i had to reboot
awaltherslong ;ok ,  you in your undies
decoy name ;no ,  are you ?
awaltherslong ;yes ,  lol ,  just t shirt
decoy name ;oh
awaltherslong ;did you see it squirt last night
decoy name ;i think so ,  but you signed off fast
awaltherslong ;you wanted to see me rubit all over huh ?  ,  lol
decoy name ;lol ,  you would do that ?
awaltherslong ;if you wanted me to
decoy name ;up to you
awaltherslong ;anything you asked i would do ,  what would you want to see me do
decoy name ;i don't know
awaltherslong ;i can't stop thinking about rubbing your cute ass ,  makes me hard to think about it
decoy name ;really ?
awaltherslong ;yes ,  so what makes you hot
decoy name ;i don't know ,  i like kissing and cuddling and stuff
awaltherslong ;nice ,  id like to hold your naked body close to mine well we kiss i will car ress your nice little butt
decoy name ;ok
awaltherslong ;and you can squeeze my cock and stroke it
decoy name ;ok
awaltherslong ;do you have big or small nipples
decoy name ;they are little ,  why ?
awaltherslong ;i like them little ,  do they poke out
decoy name ;not really
awaltherslong ;are they pink or dark
decoy name ;kinda pink
awaltherslong ;yummy ,  i would lick them till they were nice and hard
decoy name ;you would ?
awaltherslong ;yes ,  then when they were nice wet and juicy i would rub the tip of my cock on them
decoy name ;ok
awaltherslong ;your dad in bed ?
decoy name ;watching television
awaltherslong ;i wish you would get naked for me
decoy name ;why ?
awaltherslong ;just would be hot to know your naked when we talk
decoy name ;oh ,  i don't want to do that
awaltherslong ;i know ,  you only talking to me
decoy name ;yea ,  i was in a chat but no one talks to me ,  you only talking to me ?
awaltherslong ;yeah ,  i just got out of the shower when you came on
decoy name ;oh
awaltherslong ;you like
decoy name ;yea
awaltherslong ;see the veins
decoy name ;yea
awaltherslong ;you like
decoy name ;yea
awaltherslong ;i want you to lick them
decoy name ;do you want me to ?  ,  crap i hit the wrong thing and it closed
awaltherslong ;yes ,  strip to your undies
decoy name ;no
awaltherslong ;you like that
decoy name ;tea ,  yea
awaltherslong ;i can't wait to feed you my cock baby ,  how bad do you want it
decoy name ;lol ,  i don't know ,  looks real big
awaltherslong ;i'll be gentle ,  it almost
decoy name ;ok
awaltherslong ;that's why i want you on top so you can fuck me as fast or slow as you want
decoy name ;ok
awaltherslong ;are you tight
decoy name ;i guess so
awaltherslong ;how many fingers can fit in you
decoy name ;i don't know
awaltherslong ;you ever suck a guys balls
decoy name ;no
awaltherslong ;will you suck mine
decoy name ;i guess if you want me to
awaltherslong ;yes ,  are you going to want me to tell you what to do
decoy name ;probably ,  is that ok ?
awaltherslong ;yes ,  i'm so hard right now it hurts ,  lol
decoy name ;i'm watching
awaltherslong ;what do you think
decoy name ;that it looks really big
awaltherslong ;you want me to cum for you now
decoy name ;ok
awaltherslong ;you like
decoy name ;yea
awaltherslong ;is this making you wet at all
decoy name ;hi ,  : - * ,  hi ,  you there ?
awaltherslong ;hey
decoy name ;how are you ?
awaltherslong ;ok you ?
decoy name ;i'm ok
awaltherslong ;good what you doing
decoy name ;nothing much ,  what are you doing ?
awaltherslong ;nothing ,  relaxing
decoy name ;cool
awaltherslong ;so what you think about all this
decoy name ;about what ?
awaltherslong ;you like cammin huh ?
decoy name ;i don't have one ,  watching is ok real is better
awaltherslong ;i hear you
decoy name ;you like doing things on cam ?
awaltherslong ;yeah
decoy name ;what else you like ?
awaltherslong ;what you mean ?
decoy name ;you like doing stuff that's not on cam ?
awaltherslong ;hobbies ?  ,  lol
decoy name ;lol ,  so how are you relaxing tonight ?
awaltherslong ;you know ,  lol
decoy name ;lol
awaltherslong ;lol
decoy name ;what ?
awaltherslong ;i find myself thinking of you a lot
decoy name ;you do ?
awaltherslong ;yes
decoy name ;what do you think about ?
awaltherslong ;about how hot it would be to lie naked and sweaty with you in bed
decoy name ;for real ?
awaltherslong ;yeah
decoy name ;that might be fun
awaltherslong ;could be ,  lol
decoy name ;what else do you think about ?
awaltherslong ;licking you from head to toe
decoy name ;lol ok ,  no one ever did that to me before
awaltherslong ;i would ,  lol ,  id go back to your sweet c roth though ,  lol
decoy name ;lol ,  what else ?
awaltherslong ;trying to fit my large meat in your tight butt ,  lol
decoy name ;that might hurt
awaltherslong ;what have you been thinking about ,  i would be very very gentle
decoy name ;i think it might be fun if you really wanted to ,  do you ?
awaltherslong ;yes
decoy name ;did i tell you my dad is going to the casino this weekend ?
awaltherslong ;really
decoy name ;yea
awaltherslong ;so what you think
decoy name ;what do you think ?
awaltherslong ;i'm kinda scared to meet you
decoy name ;why ?
awaltherslong ;don't want trouble
decoy name ;i'm not going to tell ,  are you ?
awaltherslong ;he going all weekend ?
decoy name ;yea
awaltherslong ;cool
decoy name ;him and his girlfriend
awaltherslong ;so what you want to do
decoy name ;up to you
awaltherslong ;what city you in ?
decoy name ;* edited *
awaltherslong ;what part ?
decoy name ;i will tell you when i know dad is gone for sure
awaltherslong ;ok
decoy name ;you close to * edited * ?
awaltherslong ;yes
decoy name ;cool
awaltherslong ;you gonna answer the door naked when i come over ,  lol
decoy name ;lol ,  when you coming over ?
awaltherslong ;actually i want you naked in the shower when i show up
decoy name ;ok
awaltherslong ;when will he be leaving
decoy name ;he is leaving friday ,  i think he said he is leaving around
awaltherslong ;cool ,  when ever you want me there
decoy name ;friday lol ,  what time ?
awaltherslong ;up to you
decoy name ;do you have to work ?
awaltherslong ;yes
decoy name ;what time you get off work ?  ,  how about ?
awaltherslong ;sure
decoy name ;cool ,  : - *
awaltherslong ;what you want me to do to you fist
decoy name ;i don't know ,  what do you want to do ?
awaltherslong ;i want to suck you
decoy name ;ok
awaltherslong ;i want to watch you play with yourself for a bit will you do that for me
decoy name ;ok but i never did that before
awaltherslong ;cool ,  will you swallow my loads
decoy name ;if you want me to
awaltherslong ;yes every drop
decoy name ;ok ,  i don't want to get pregnant
awaltherslong ;i hear you ,  so you have to clean it up ,  or i can cum in your tight ass if you like
decoy name ;it won't hurt ?
awaltherslong ;no baby ,  i promise ,  a little at first but then it feels good ,  i'll be nice
decoy name ;ok
awaltherslong ;what makes you want to meet a stranger for sex ?  ,  lol
decoy name ;lol ,  i don't know ,  fun
awaltherslong ;lol
decoy name ;why do you want to ?
awaltherslong ;i'm a man ,  lol
decoy name ;lol
awaltherslong ;will you shave it clean for me
decoy name ;yea if you want
awaltherslong ;yes
decoy name ;ok
awaltherslong ;so when i show up i want to walk in on you in the shower shaving your pussy clean for me
decoy name ;ok ,  i will leave the door unlocked
awaltherslong ;do you want me to get naked and climb in with you
decoy name ;ok ,  never took a shower with a guy before
awaltherslong ;i want to soap you up
decoy name ;ok
awaltherslong ;mmmm nice ,  you have any friends that want to join ?  ,  lol
decoy name ;lol ,  i don't have any friends like that
awaltherslong ;lol ,  have you ever been fucked really hard and fast
decoy name ;no ,  why ?
awaltherslong ;i want to give it to you deep and fast then deep and slow ,  lol
decoy name ;lol ok
awaltherslong ;i want you to get on top and ride it as hard and fast as you can take it
decoy name ;ok
awaltherslong ;how many times have you been fucked
decoy name ;a lot ,  my old boyfriend really liked it
awaltherslong ;he didn't do it hard and fast
decoy name ;not really
awaltherslong ;did you want him too
decoy name ;may be
awaltherslong ;?  ?  ?  lol
decoy name ;does it feel better that way
awaltherslong ;yes ,  more intense ,  you get to breathing heavy and sweating all over each other it's hot
decoy name ;ok
awaltherslong ;you talk dirty when you fuck
decoy name ;no ,  do you ?
awaltherslong ;sometimes ,  lol
decoy name ;lol ,  like what do you say ?
awaltherslong ;you like that big cock in your juicy pussy ,  suck that cock ,  lick my balls
decoy name ;lol
awaltherslong ;fuck me
decoy name ;ok
awaltherslong ;lol ,  whatever cums to mind i guess
decoy name ;ok
awaltherslong ;i think it's hot when chicks do it though ,  lol
decoy name ;lol
awaltherslong ;will you suck my cock after i pull it out of you ,  when i'm cumming
decoy name ;i guess so
awaltherslong ;or do you want me to shoot it all over your tits ,  and face
decoy name ;i don't know
awaltherslong ;i wish i could fuck you now ,  lol ,  i'm so hard right now ,  what you wearing tonight
decoy name ;pajama pants and a tshirt ,  you ?
awaltherslong ;nutting ,  lol ,  no bra ?
decoy name ;no bra
awaltherslong ;what size are you again
decoy name ;be ,  small
awaltherslong ;yum
decoy name ;really ?
awaltherslong ;yes ,  i like that
decoy name ;ok
awaltherslong ;you like my big cock
decoy name ;sorry dad yelled ,  yes i do like it ,  : - *
awaltherslong ;you thought about what you want to do with it
decoy name ;back ,  may be
awaltherslong ;like what i want to hear ,  please
decoy name ;i will show you when i see you
awaltherslong ;i'm cumming baby ,  i cum a lot i hope you like to eat it ,  i want to cum on your ass and rub it all over
decoy name ;ok ,  you home yet ?
awaltherslong ;hey
decoy name ;: - * ,  hi ,  how was work ?
awaltherslong ;long
decoy name ;aww
awaltherslong ;what you doing
decoy name ;talking with you now
awaltherslong ;cool
decoy name ;still want to come over ?  ,  dad is gone
awaltherslong ;is he
decoy name ;yep ,  he left about
awaltherslong ;i'm still afraid of getting in trouble
decoy name ;i'm not going to tell
awaltherslong ;just me i guess
decoy name ;you going to tell anyone ?
awaltherslong ;no
decoy name ;well then no trouble ,  right ?  ,  its up to you
awaltherslong ;i probably can't until late tonight ,  is that ok
decoy name ;ok ,  what time ?
awaltherslong ;after 11
decoy name ;ok ,  why after ?
awaltherslong ;i have some stuff to do ,  how do i get to you
decoy name ;i'm in grand rapids
awaltherslong ;where
decoy name ;you want the address ?
awaltherslong ;yes ,  people zz zzz zzzz zzzz
decoy name ;*  edited *  ,  what kind of car you have ?
awaltherslong ;dr car ,  black
decoy name ;ok ,  i will watch for you ,  i will be online ,  if you want to talk later
awaltherslong ;ok what you doing now
decoy name ;just talking to you ,  what are you doing now ?
awaltherslong ;eating ,  lol
decoy name ;lol ,  what kind of stuff do you have to do ?
awaltherslong ;|clean car and house a bit ,  feed animals|
decoy name ;ok ,  will it take all night to clean and feed the animals ?
awaltherslong ;no ,  i also have a bit of work to finish up
decoy name ;ok
awaltherslong ;what if you don't like me
decoy name ;i know i will like you
awaltherslong ;or are you to the point of just wanting to have some sex
decoy name ;i like talking with you on here
awaltherslong ;cool
decoy name ;and i like watching you
awaltherslong ;yeah ,  even though imolder ?
decoy name ;yea even though your older
awaltherslong ;when is your dad going to be home ?
decoy name ;sunday night
awaltherslong ;cool ,  you think your ready for me huh ?
decoy name ;i think so ,  are you ready for me ?
awaltherslong ;of course ,  i want you shaved nice and smooth
decoy name ;ok ,  still want me in the shower ?
awaltherslong ;yes ,  you down for that
decoy name ;yes ,  i will way ch for you and when i see you go get in the shower ,  how is that ?
awaltherslong ;good ,  then what ?
decoy name ;whatever you want
awaltherslong ;i'm nervous you may be the police
decoy name ;i am way to cute to be a cop
awaltherslong ;lol ,  so do you have a camera
decoy name ;no ,  do you ?
awaltherslong ;yes ,  |i would feel better if you had a camera to snap me a picture ,  to see more of you then i would feel better|
decoy name ;oh ,  sorry
awaltherslong ;camera phone ?
decoy name ;no dad won't get me a cell ,  hurry up and clean
awaltherslong ;lol ,  you getting horny
decoy name ;may be
awaltherslong ;maybe ?
decoy name ;lol
awaltherslong ;tell me one thing you really want to try ,  or me to do to you or you do to me
decoy name ;i only ever did it with him on top
awaltherslong ;so what position you want to try
decoy name ;i don't know ,  what do you think is best ?
awaltherslong ;you on top riding me like a cow girl ,  lol forward and reverse
decoy name ;ok ,  done cleaning yet ?
awaltherslong ;no ,  lol
decoy name ;lol
awaltherslong ;when i get in the shower with you are you going to give me head
decoy name ;if you want me to i will
awaltherslong ;once i get in i want you to go to your knees grab my dick and do what you want
decoy name ;ok
awaltherslong ;you almost sound to good to be true
decoy name ;that is so sweet ,  i'm just me ,  done cleaning ?
awaltherslong ;you live in a big house
decoy name ;it's sort a big
awaltherslong ;what's your dad do
decoy name ;electrical maintenance stuff ,  he is like a manager
awaltherslong ;ic
decoy name ;are you done cleaning yet
awaltherslong ;not yet ,  what you doing baby
decoy name ;waiting for you to finish cleaning
awaltherslong ;that's what i want ,  you like
decoy name ;who is that ?
awaltherslong ;an old girlfriend
decoy name ;ok
awaltherslong ;you like that picture ,  you there ,  you busy
decoy name ;i'm here
awaltherslong ;i want to watch you do that ,  you like those pictures ,  what you doing baby
decoy name ;looking ,  what are you doing ?
awaltherslong ;I just pulled it out
decoy name ;oh
awaltherslong ;lol
decoy name ;so your not coming over ?
awaltherslong ;i'm hard ,  yes ,  i am ,  i can cum a lot
decoy name ;ok
awaltherslong ;will you rub your self for me like that picture
decoy name ;maybe if you ever come over ,  done cleaning yet ?
awaltherslong ;work in on it
decoy name ;are you coming over or not ?
awaltherslong ;yes
decoy name ;when ?
awaltherslong ;by ,  why are you anxious
decoy name ;may be
awaltherslong ;you ready to cum baby
decoy name ;just hope you are not just playing games with me
awaltherslong ;have your hot pussy licked like never before
decoy name ;no one ever did that to me
awaltherslong ;i will ,  i will suck on your clitoris until it is hard ,  and sticking right out of you ,  then i'll suck it some more till you start fucking my face ,  will you do that
decoy name ;if you come over
awaltherslong ;can i call you
decoy name ;why ?
awaltherslong ;id feel more comfortable
decoy name ;you just playing games ?  ,  what's your real name ?  ,  well ?  ,  are you there ?  ,  how do i know it is you when you call if you don't tell me your name ?
awaltherslong ;i'm just nervous you ever see that one show on television where they bust guys meeting younger girls
decoy name ;i heard about it but i never seen it ,  i'm not a cop ,  do you want to call ?
awaltherslong ;yes
decoy name ;well what is your name ?
awaltherslong ;it's john
decoy name ;you told me before but a long time ,  Ok .  ,  you going to call me now ?
awaltherslong ;yes
decoy name ;*  edited *  ,  you there ?
