ID;msg
b080387 ;no way you are !  !  !  !  !  !  !  !  !  !  !
lizzie_luvs_fun_mpls ;yep person
b080387 ;wow !  !  !  !  ,  I feel dirty (  Well ,  whaddaya know .  Maybe you should GO with that .  But ,  alas .  .  .  If you had ,  I wouldn't be writing this ,  now ,  would I ?  )  |
lizzie_luvs_fun_mpls ;why lol ?
b080387 ;you're a hottie
lizzie_luvs_fun_mpls ;ty vm
b080387 ;wish you where .  and tyvm ?  ?  ?  ?  ?  ?  ?  ?  (  Shawn wishes I was .  Wonder if he knows it's wrong to proposition a -year-old ?  )  ,  thank you very much ,  I got it
lizzie_luvs_fun_mpls ;huh ?
b080387 ;ha ha ha ,  still wish you were ,  |so how many older guys try to pick you up ?  (  Eh .  .  .  A few dozen ,  every time I hit the rooms .  Thanks for asking !  )  |
lizzie_luvs_fun_mpls ;not too many (  Ahem .  )  ,  i hate guys my age though
b080387 ;|So how old would you go ?  (  And Shawn removes his shoe ,  dipping his toe ever-so-gingerly into the water .  )  |
lizzie_luvs_fun_mpls ;how old are you ?  lol ,  that a into bad
b080387 ;|wow ,  what if I said I was married ?  |
lizzie_luvs_fun_mpls ;what's wrong with your wife
b080387 ;not a thing
lizzie_luvs_fun_mpls ;oh okay
b080387 ;so are you a virgin ?
lizzie_luvs_fun_mpls ;no
b080387 ;"|wow ,  I like you (  I'm ever so glad .  I simply can't wait to run and tell all of my little friends that a man twice my age \"""" likes \"""" me .  Barf !  )  |"
lizzie_luvs_fun_mpls ;heehee why ?
b080387 ;because I want you
lizzie_luvs_fun_mpls ;ok
b080387 ;and you are a bit nasty (  You're a federal employee ,  married with a young son ,  surfing for sex with children on company time ,  and I'M the nasty one ?  !  ?  )  |
lizzie_luvs_fun_mpls ;|u got no idea (  No .  Honestly .  You really ,  truly don't .  )  | ,  lol
b080387 ;have any more pictures ?
lizzie_luvs_fun_mpls ;where you at ,  in my briefcase there's a link on my pro if
b080387 ;|right now ,  at work
lizzie_luvs_fun_mpls ;cool
b080387 ;your briefcase is emt why
lizzie_luvs_fun_mpls ;crap
b080387 ;how tall are you
lizzie_luvs_fun_mpls ;like '2 ,  try my briefcase again
b080387 ;now it isn't even there ?
lizzie_luvs_fun_mpls ;huh ,  (  Don't bother .  It's not there .  )
b080387 ;empty ,  So what is the oldest guy you have nailed ?  (  Shawn's got his whole leg in the pool now .  )
lizzie_luvs_fun_mpls ;he was
b080387 ;and you were ?
lizzie_luvs_fun_mpls ;yea
b080387 ;|wow ,  you are a freak .  | ,  in a good way
lizzie_luvs_fun_mpls ;hee hee hee
b080387 ;how do you sneak away from home to have fun (  Risk assessment .  .  .  )
lizzie_luvs_fun_mpls ;i dunno lol
b080387 ;parents don't watch out for you huh (  Is this said with sympathy ,  or intent ?  You make the call !  )  | ,  Where are you from ?
lizzie_luvs_fun_mpls ;robbinsdale
b080387 ;too far north for a quickie
lizzie_luvs_fun_mpls ;hee hee
b080387 ;have to wait for my wife to go out of town
lizzie_luvs_fun_mpls ;haa
b080387 ;haa ?  ?  ?
lizzie_luvs_fun_mpls ;lol
b080387 ;|oh ,  so is that a yes (  .  .  .  He said ,  hopefully .  )  |
lizzie_luvs_fun_mpls ;i dunno maybe
b080387 ;I take it I would have to cum to you (  I just love the subtlety inherent in his whimsical misspellings .  What a card !  I'll bet he's a hit at cocktail parties .  )
lizzie_luvs_fun_mpls ;if your good
b080387 ;oh I am GREAT (  Uh-huh .  )
lizzie_luvs_fun_mpls ;he he eu got a picture
b080387 ;Not a great one and it is of the whole family (  He attempts to file-transfer me the above photo .  )
lizzie_luvs_fun_mpls ;ok ,  get in it
b080387 ;I need a hair cut in the picture
lizzie_luvs_fun_mpls ;hee hee ,  couldn't get it
b080387 ;give it a second
lizzie_luvs_fun_mpls ;here it comes
b080387 ;by the way
lizzie_luvs_fun_mpls ;yea
b080387 ;"I am '4 \"""" lbs athletic (  well Built )"
lizzie_luvs_fun_mpls ;slow i'm on dialup ,  hehehe
b080387 ;DSL here
lizzie_luvs_fun_mpls ;awww i wish ,  lol
b080387 ;I have cable at home ,  it's even faster|
lizzie_luvs_fun_mpls ;awesome
b080387 ;what is awesome ?
lizzie_luvs_fun_mpls ;cable
b080387 ;|oh ,  I was hoping you were talking about me (  He really wants me to be receptive to the photo .  )  | ,  briefcase work now
lizzie_luvs_fun_mpls ;yep lol
b080387 ;|wow ,  now I really want you | ,  how can you be ,  |love the bikini picture (  Pervs just LOVE photos of young girls in bathing suits .  The one in this photo had braces ,  pigtails ,  and was built like a -year-old boy .  Shawn is a sick ,  sick man .  )  | ,  hell Love all three of them ,  still there ?  ,  did you get the picture yet ?
lizzie_luvs_fun_mpls ;look in ,  |wow you hot (  It was really ,  REALLY hard to say this .  He sent me a copy of the photo above .  Obviously ,  it is of him ,  his wife ,  and his young son .  In front of a Christmas tree .  Is NOTHING sacred ?  !  ?  When I opened it ,  the television people behind me gasped audibly ,  and rightly so .  )  |
b080387 ;"thanks ,  |so when can you get away ?  (  He begins the push for the offline hookup .  Notice how they always push hard for this during the chat ,  but say they had \"""" no intention to meet \"""" after the fact ?  A very wise person once said ,  \"""" The true character of a man can be judged by what he does when he thinks no-one is looking .  \""""  )  |"
lizzie_luvs_fun_mpls ;i dunno whens the wife outta town ,  i can call you if you want
b080387 ;|well ,  she has no plans to leave right now ,  but she goes to SD from time to time (  She'd be wise to wonder what he might have been up to all the times she's left the state previously .  )  |
lizzie_luvs_fun_mpls ;kewl ,  your at work
b080387 ;yep
lizzie_luvs_fun_mpls ;i can call and say hi if you want lol
b080387 ;By the way ,  how kinky are you
lizzie_luvs_fun_mpls ;i dunno i a into done much
b080387 ;I take it you are not on the pill ?  (  Of course I am .  Doctors just love handing out prescriptions for birth control to thirteen-year-olds and their parents .  )
lizzie_luvs_fun_mpls ;i can tell you on the phone if you want ,  the hee
b080387 ;"|why do you want to call me so bad ?  (  \"""" Y'know ,  so I can trace the number and verify your identity later .  No biggie .  Oh ,  shit !  Wait !  Um .  .  .  'cuz you sound hot lol' .  .  .  \""""  )  |"
lizzie_luvs_fun_mpls ;because I wanna hear your voice i dunno you could be a creep or something (  Wonder why I might think THAT ?  )  ,  i just wanna know your real z
b080387 ;oh ok ,  I see ,  but I am in a building that will not let cell phone through ,  sorry
lizzie_luvs_fun_mpls ;awwww ,  but your desk
b080387 ;oh i don't have a desk job that's right you have a squint at a screen making sure multiple high velocity airborne pressurized tubes full of thousands of flesh and blood human beings don't collide and kill each other job and you reusing that time to solicit sex from minors nice to see you have your priorities straight ya penis wrinkle
lizzie_luvs_fun_mpls ;uh oh
b080387 ;uhoh ?
lizzie_luvs_fun_mpls ;if you wanna call me i guess
b080387 ;what's the number ?
lizzie_luvs_fun_mpls ;what's your name
b080387 ;Shawn
lizzie_luvs_fun_mpls ;ok
b080387 ;you are Liz I assume
lizzie_luvs_fun_mpls ;i am lol
b080387 ;what's your number ?
lizzie_luvs_fun_mpls ;are you sure i can't call imafraid my mom's gonna freak .  .  .  it's gonna show up on the caller id ,  and if it rings she's gonna wanna know who it is
b080387 ;Well we'll just have to talk another time then
lizzie_luvs_fun_mpls ;|awwwwwww (  The dismay is real .  I REALLY wanted to get a bona fide bust out of this guy ,  and the folks from KSTP wanted me to ,  as well .  I figured I'd hang in there and see if patience would pay off .  )  |
b080387 ;but we can still tease each other now ,  |back to the sex talk .  .  .  (  Oh ,  yes .  By all means .  Don't mean to derail your train of thought from its single track .  )  |
lizzie_luvs_fun_mpls ;he he ,  are you just messing with me ,  you just wanna cyber rig t
b080387 ;"|NO I want to fuck your brains out for real (  You DO ?  Oh ,  GOODY !  I love hearing that .  It removes a lot of potential after-the-fact excuses ,  doesn't it ?  After all ,  if a pervert says \"""" I want you for real \"""" now ,  and then recants and says \"""" I never meant to meet \"""" later ,  we know at least one of these statements is untrue ,  being as they're mutually exclusive .  Were you telling the truth then ,  or are you now ?  Either way ,  it makes you a pervert AND a liar .  Nice how that works out .  )  |"
lizzie_luvs_fun_mpls ;you don't really wanna hook up
b080387 ;no jokes
lizzie_luvs_fun_mpls ;i wish i could just talk you
b080387 ;I want to lick you pussy until you scream
lizzie_luvs_fun_mpls ;the phone is better
b080387 ;I know
lizzie_luvs_fun_mpls ;if your not at a desk how you on a compute tr
b080387 ;We have a break room (  .  .  .  That you've just spent almost an hour at the end of your day talking to me from .  Ladies and Gentlemen : Your tax dollars at work .  )  ,  I am an air traffic controller
lizzie_luvs_fun_mpls ;and there's no phone :
b080387 ;I work for the government ,  not a private one
lizzie_luvs_fun_mpls ;i'll just say hi and bye so fast ,  i can even pretend it's a work number ,  wrong number
b080387 ;Classified number ,  If I give you my cell phone will you only call when I tell you too ?
lizzie_luvs_fun_mpls ;yes
b080387 ;About : 35
lizzie_luvs_fun_mpls ;i can totally do that ,  that's not too long
b080387 ;I'll be on my way home
lizzie_luvs_fun_mpls ;are you work in right now ,  at the airport ,  push in tiny o like billybob thorn ten lol ,  you there
b080387 ;not at the airport and nothing like pushing tin ,  but here you go ,  EDIT
lizzie_luvs_fun_mpls ;is that your cel ,  what you say your name was ,  Shawn
b080387 ;If anyone but me answers ever ,  HANG UP|
lizzie_luvs_fun_mpls ;oh i'll only call when you say
b080387 ;about : 35
lizzie_luvs_fun_mpls ;okay
b080387 ;I'll be driving home ,  |So do you like the taste of yourself ?  (  If he changes gears that fast behind the wheel ,  nobody in Minnesota is safe from Shawn on the roads OR in the air .  .  .  Much less on the internet .  .  )  |
lizzie_luvs_fun_mpls ;um i dunno ?
b080387 ;|hey ,  I'll be right back .  | ,  minutes
lizzie_luvs_fun_mpls ;ok
b080387 ;play with your self while I am gone < (  Good lord .  )
lizzie_luvs_fun_mpls ;you bet
b080387 ;back
lizzie_luvs_fun_mpls ;hey ,  leaving work soon ?
b080387 ;yep I'll tell you when
lizzie_luvs_fun_mpls ;ok ,  can't wait lol
b080387 ;|so are you serious ?  (  Oh ,  I'm as serious as a stroke ,  buddy .  You just wait .  )  | ,  Do you want to fuck ?
lizzie_luvs_fun_mpls ;am i series about what ,  oh hell yeah
b080387 ;good
lizzie_luvs_fun_mpls ;dood you cute
b080387 ;thanks ,  too bad you can't drive
lizzie_luvs_fun_mpls ;yeah it is
b080387 ;I play hockey in Burnsville on Tuesday nights
lizzie_luvs_fun_mpls ;but we can still hook up
b080387 ;I have to cum to you right ?
lizzie_luvs_fun_mpls ;well we can figure it out
b080387 ;cum on you I guess
lizzie_luvs_fun_mpls ;hee hee e
b080387 ;you aren't on the pill are you ?  (  Well ,  I make sure to take my Flintstones every morning ,  but I'm not sure that's what you're referring to .  )  |
lizzie_luvs_fun_mpls ;no sow wy
b080387 ;|do you swallow ?  (  What ?  The Flintstones ?  Can't get the daily recommended allowance of all those vitamins and minerals unless I do ,  silly .  )  |
lizzie_luvs_fun_mpls ;i did once ,  with my xbf
b080387 ;would you again ?
lizzie_luvs_fun_mpls ;yeah i wanna
b080387 ;|cool ,  ever tasted you own pussy ?  |
lizzie_luvs_fun_mpls ;no ,  people do that
b080387 ;|after I pull out I want you to suck my throbbing cock (  Cool .  Hey ,  know what ?  As long as we're dreaming ,  I'd kinda like a pony !  )  |
lizzie_luvs_fun_mpls ;dood i'm all over it
b080387 ;I love you (  Somehow ,  I think this line will break his wife's heart more than the rest of them combined .  What an unbelievable bastard .  )  |
lizzie_luvs_fun_mpls ;heehee why ?
b080387 ;because you make me honey
lizzie_luvs_fun_mpls ;a we some i hope so ,  you seem really cool
b080387 ;how much do you weigh ?  lbs ?
lizzie_luvs_fun_mpls ;close ,  hehe ,  gotta loose some winter weight
b080387 ;|hope I don't hurt you (  Oh ,  PLEASE .  If I were you ,  I'd be more concerned about hurting your wife .  Or ,  know .  .  .  Maybe all the people in those airplanes you're supposed to be keeping an eye on .  Just a thought .  )  |
lizzie_luvs_fun_mpls ;why ?
b080387 ;"|because I am going yo fuck you hard (  Not \"""" I'd like to \"""" ,  but \"""" I'm going to .  \""""  I love it when they firebomb their own potential excuses .  )  |"
lizzie_luvs_fun_mpls ;man i hope so ,  the hee
b080387 ;|hey ,  I am going to get going give me about -5 min|
lizzie_luvs_fun_mpls ;dood it's okay if i'm not too experience d right ,  you don't mind
b080387 ;not at all .
lizzie_luvs_fun_mpls ;ok kewl
b080387 ;as long as you are serious ,  |no games ,  just sex|
lizzie_luvs_fun_mpls ;i can't wait to talk to you ,  i can only talk for a few but i'm look en for war rd it
b080387 ;ok by
lizzie_luvs_fun_mpls ;when does your wife leave
b080387 ;don't know yet .  ,  call me in
lizzie_luvs_fun_mpls ;ok we can talk about it
