ID;msg
bald_beaver_hunter42025 ;hi ,  ,  ,  far western kentucky here
dreamin_of_fairies ;hiyas ,  ,  ,  kentucky f
bald_beaver_hunter42025 ;kewl male here bord lol (  didn't blink at kids young age did he ?  )
dreamin_of_fairies ;cool
bald_beaver_hunter42025 ;not much going on at all ,  ,  ,  so what are you up to on a Fri night girl ?
dreamin_of_fairies ;being bored
bald_beaver_hunter42025 ;yea I know how that is
dreamin_of_fairies ;was up ?  ,  ,  ,  elo ?
bald_beaver_hunter42025 ;Sorry I is here now ,  ,  ,  lol ,  ,  ,  Phone call got me
dreamin_of_fairies ;ahhh kk
bald_beaver_hunter42025 ;yea never hardly is anything to do around here
dreamin_of_fairies ;you don't have hobbies ?
bald_beaver_hunter42025 ;lol well kinda one I can talk about is computers the other is seacret LOL (  then why even mention it ?  )
dreamin_of_fairies ;secret why ?
bald_beaver_hunter42025 ;well let me put it whisway it's offensive to some people on here lol
dreamin_of_fairies ;i don't offend easy that is silly
bald_beaver_hunter42025 ;lol ,  ,  ,  how about yourself ?  you have hobbies ?
dreamin_of_fairies ;ya love to draw and read
bald_beaver_hunter42025 ;kewl ,  ,  ,  you must draw fairies
dreamin_of_fairies ;yep how did you know ?
bald_beaver_hunter42025 ;by your name on here ,  ,  ,  lol
dreamin_of_fairies ;oh yeah
bald_beaver_hunter42025 ;lol ,  ,  ,  your cute
dreamin_of_fairies ;umm how you know ?
bald_beaver_hunter42025 ;just by your answer I can tell
dreamin_of_fairies ;well thanks
bald_beaver_hunter42025 ;your welcome ,  ,  ,  what do you dream about besides fairies ?
dreamin_of_fairies ;harry potter
bald_beaver_hunter42025 ;lol kewl
dreamin_of_fairies ;he is the coolest
bald_beaver_hunter42025 ;I bet girl
dreamin_of_fairies ;wish i could do magic like that too
bald_beaver_hunter42025 ;that would be awesome ,  ,  ,  you must have you own computer there at your house
dreamin_of_fairies ;yep
bald_beaver_hunter42025 ;kinda figured that
dreamin_of_fairies ;you got one at your home ?
bald_beaver_hunter42025 ;Yep
dreamin_of_fairies ;is that where you are now ?
bald_beaver_hunter42025 ;yes at home
dreamin_of_fairies ;cool
bald_beaver_hunter42025 ;just think if could do magic like that what is the first thing you would do ?
dreamin_of_fairies ;wave my wand and be in France
bald_beaver_hunter42025 ;Kewl France
dreamin_of_fairies ;ya
bald_beaver_hunter42025 ;what would you do in France ?
dreamin_of_fairies ;visit my bff ,  ,  ,  she moved there
bald_beaver_hunter42025 ;Ohh ok
dreamin_of_fairies ;i miss her really bad
bald_beaver_hunter42025 ;Sorry girl I bet you do
dreamin_of_fairies ;you got a bff ?
bald_beaver_hunter42025 ;nope sure don't
dreamin_of_fairies ;well that is sad ,  ,  ,  i thought everyone did
bald_beaver_hunter42025 ;not everyone ,  ,  ,  lol
dreamin_of_fairies ;well i guess i won't either if i never find out where in France she went
bald_beaver_hunter42025 ;lol ,  ,  ,  any day you will ,  ,  ,  what all did y'all do together ?
dreamin_of_fairies ;we did everything together
bald_beaver_hunter42025 ;cool
dreamin_of_fairies ;what do you do ?  school ?
bald_beaver_hunter42025 ;work in a factory making plastic parts for motors ,  ,  ,  dream of girls LOL (  testing the waters again huh ?  )
dreamin_of_fairies ;hehe that's kewl
bald_beaver_hunter42025 ;i dream of harry and ron
dreamin_of_fairies ;lol in a good way I bet
bald_beaver_hunter42025 ;ya they are the kewest ,  ,  ,  coolest
dreamin_of_fairies ;you dream of hormone ?
bald_beaver_hunter42025 ;yes all kinds of girls
dreamin_of_fairies ;cool
bald_beaver_hunter42025 ;it's awesome at times
dreamin_of_fairies ;so what stuff you like to do besides talk on here ?
bald_beaver_hunter42025 ;take pictures of myself with my digital camera watch movies
dreamin_of_fairies ;oh way kewl ,  ,  ,  you got pictures ?
bald_beaver_hunter42025 ;yes but I can't show you some of them
dreamin_of_fairies ;why not ?
bald_beaver_hunter42025 ;well nude shots you know that's my other hobby you can say that's why I didn't want to say (  and away we go )
dreamin_of_fairies ;your other hobby is taking pictures of yourself nude ?
bald_beaver_hunter42025 ;yes but I'm doing stuff nude you know ,  ,  ,  playing
dreamin_of_fairies ;what cha mean playing ?
bald_beaver_hunter42025 ;playing with myself (  so much for the secret )
dreamin_of_fairies ;huh ?
bald_beaver_hunter42025 ;I don't have a girl so that's what I do to get by ,  ,  ,  masturbate you know embarassed here (  well of course a year old innocent would know .  .  .  NOT !  )  ,  ,  ,  lol
dreamin_of_fairies ;well not as embarrassed as me because i don't know what that word means .  should i ?
bald_beaver_hunter42025 ;I guess not girl I'm sorry your probably not at that age where you think about stuff like that (  duh you think ?  ?  )
dreamin_of_fairies ;so what dies it mean ?
bald_beaver_hunter42025 ;well I play with myself to a point to where I tickel it so bad it wiggels then squirts out this juice that is not pee
dreamin_of_fairies ;umm play with what ?  ,  ,  ,  i feel so stupid
bald_beaver_hunter42025 ;my penis ,  ,  ,  it's ok (  NO it's not )
dreamin_of_fairies ;oh ,  ,  ,  and you take pictures of yourself doing that ?
bald_beaver_hunter42025 ;"yes """" > ,  ,  ,  lol"
dreamin_of_fairies ;well that's kewl
bald_beaver_hunter42025 ;I take them the look at them later (  can we say eeewwww ?  )  ,  ,  ,  silly I know ,  ,  ,  but I'm alone and that's what I do ,  ,  ,  for me it's fun to do feels so so good hard to actually explain ,  ,  ,  sorry to gross you out
dreamin_of_fairies ;you not grossing me out (  actually he is )
bald_beaver_hunter42025 ;ohh ok just making sure
dreamin_of_fairies ;heh ,  ,  ,  is ok
bald_beaver_hunter42025 ;kewl ,  ,  ,  when you get older you will want to play with yourself like that
dreamin_of_fairies ;i don't got one of those
bald_beaver_hunter42025 ;I know lol I mean as a girl you will do girl stuff
dreamin_of_fairies ;i guess
bald_beaver_hunter42025 ;you promise your on your computer and you are private where no one sees you ?  (  Now he gets worried )
dreamin_of_fairies ;yep ,  ,  ,  dad is traveling again and mom is in her room
bald_beaver_hunter42025 ;ok ,  ,  ,  I can show you some pic's if you want to see them
dreamin_of_fairies ;ok
bald_beaver_hunter42025 ;hope your ok with them
dreamin_of_fairies ;wow that you ?
bald_beaver_hunter42025 ;yes that's me
dreamin_of_fairies ;i can almost see your face in the last one
bald_beaver_hunter42025 ;yep lol
dreamin_of_fairies ;you got one i can see your face better ?
bald_beaver_hunter42025 ;yes
dreamin_of_fairies ;cool
bald_beaver_hunter42025 ;there you go
dreamin_of_fairies ;hey your cute (  NOT )
bald_beaver_hunter42025 ;well ty girl ,  ,  ,  I have another one of me playing in the bathroom sitting on the tub
dreamin_of_fairies ;cool
bald_beaver_hunter42025 ;there we go ,  ,  ,  I made a video of me playing ,  ,  ,  that's how I got the pic's
dreamin_of_fairies ;cool
bald_beaver_hunter42025 ;hope it didn't freak you out seeing those last
dreamin_of_fairies ;nah just never seen anything like that before
bald_beaver_hunter42025 ;that's the juice that makes babies
dreamin_of_fairies ;really ?  ,  ,  ,  kewl
bald_beaver_hunter42025 ;yes ,  ,  ,  when I play with myself I make that stuff come out (  what happened to Mr .  Bashful ?  ?  )  ,  ,  ,  brb gotta phone call
dreamin_of_fairies ;kk ,  ,  ,  you back ?
bald_beaver_hunter42025 ;back ,  ,  ,  lol ,  ,  ,  sorry
dreamin_of_fairies ;you a popular guy
bald_beaver_hunter42025 ;lol my parents checking on me
dreamin_of_fairies ;heheh
bald_beaver_hunter42025 ;lol
dreamin_of_fairies ;can i add you to my friends in case i have to get off ?
bald_beaver_hunter42025 ;sure
dreamin_of_fairies ;your nice to talk to
bald_beaver_hunter42025 ;well ty you are to girl ,  ,  ,  just hope I haven't made you sick or anything lol ,  ,  ,  with my weird hobbies
dreamin_of_fairies ;why would that make me sick ?  ,  ,  ,  what's the E stand for ?  ,  ,  ,  elo ?
bald_beaver_hunter42025 ;lol ,  ,  ,  yep ,  ,  ,  well some girls just don't understand
dreamin_of_fairies ;cute doggie picture
bald_beaver_hunter42025 ;ty
dreamin_of_fairies ;what's the e stand for in your name ?
bald_beaver_hunter42025 ;elkins
dreamin_of_fairies ;that your name ?
bald_beaver_hunter42025 ;yep
dreamin_of_fairies ;cool
bald_beaver_hunter42025 ;brb hang on gotta get a drink
dreamin_of_fairies ;kk
bald_beaver_hunter42025 ;back
dreamin_of_fairies ;cool
bald_beaver_hunter42025 ;yea crazy hobby ,  ,  ,  lol
dreamin_of_fairies ;well some people think me liking to draw all time is crazy
bald_beaver_hunter42025 ;I think that is normal
dreamin_of_fairies ;thanks ,  ,  ,  so you live with your parents ?
bald_beaver_hunter42025 ;nope alone here in my apartment
dreamin_of_fairies ;kewl ,  ,  ,  i bet you got a pretty and fancy car
bald_beaver_hunter42025 ;not to fancy it's one of those little cars
dreamin_of_fairies ;what kind ?
bald_beaver_hunter42025 ;ford tempo
dreamin_of_fairies ;oh those are so cute
bald_beaver_hunter42025 ;lol
dreamin_of_fairies ;is it a pretty color ?
bald_beaver_hunter42025 ;yep red
dreamin_of_fairies ;wow that is really cool ,  ,  ,  red is such a pretty color .  i color lots of my fairie pictures in red
bald_beaver_hunter42025 ;I think red is a cool colour for car ,  ,  ,  cars that is
dreamin_of_fairies ;yeah i would love to have a red mini cooper
bald_beaver_hunter42025 ;that would be so kewl
dreamin_of_fairies ;they are the cutest of cute little cars
bald_beaver_hunter42025 ;yep LOL ,  ,  ,  hey you have any pic's of yourself like taken from your computer camera
dreamin_of_fairies ;i don't have a computer camera
bald_beaver_hunter42025 ;Oh ok thought you had a laptop with one in it
dreamin_of_fairies ;nope ,  ,  ,  just the desktop here at home
bald_beaver_hunter42025 ;ohh ok ,  ,  ,  kewl ,  ,  ,  I bet you are very good looking
dreamin_of_fairies ;can you see the picture in my icon ?
bald_beaver_hunter42025 ;nope don't see one here
dreamin_of_fairies ;hmm
bald_beaver_hunter42025 ;do you think of guys nude any ?  (  this pervert has a one track mind )  ,  ,  ,  just curious here
dreamin_of_fairies ;never thought about it before
bald_beaver_hunter42025 ;ok just was wondering
dreamin_of_fairies ;hey i got a picture i could email you .  .  it is one my dad took
bald_beaver_hunter42025 ;ok
dreamin_of_fairies ;what's your email ?
bald_beaver_hunter42025 ;hang on a second
dreamin_of_fairies ;ok
bald_beaver_hunter42025 ;ok i sent it
dreamin_of_fairies ;kewl ok
bald_beaver_hunter42025 ;did you get it ?
dreamin_of_fairies ;Yes WOW girl you are V Very good looking
bald_beaver_hunter42025 ;"hehe thanks """" >"
dreamin_of_fairies ;your welcome ,  ,  ,  wish you had your own camera lol (  I didn't have to wonder why )
bald_beaver_hunter42025 ;yeah that would be nice
dreamin_of_fairies ;you know you could set it up with a self times take it as you get out of the shower lol I'm awful
bald_beaver_hunter42025 ;hehe ,  ,  ,  i wouldn't know how to use one
dreamin_of_fairies ;mercy girl your very smart I can tell that (  classic groomer technique )  ,  ,  ,  you would figure it out
bald_beaver_hunter42025 ;how ?  ,  ,  ,  can you tell i am smart that is
dreamin_of_fairies ;your talking to me like a grown woman almost you seem so very together
bald_beaver_hunter42025 ;guess it is because i am an only child ,  ,  ,  mom and dad never took to talking to me like a baby i don't think
dreamin_of_fairies ;that is so kewl
bald_beaver_hunter42025 ;and my friend that moved to France was from there and her parents never talked to her like a kid that i remember
dreamin_of_fairies ;that is awesome
bald_beaver_hunter42025 ;i guess ,  ,  ,  is just lonely since she is gone now
dreamin_of_fairies ;I know girl I'm sorry ,  ,  ,  I know how lonely is
bald_beaver_hunter42025 ;how ?
dreamin_of_fairies ;just me here and my camera and hands lol (  just gross !  )
bald_beaver_hunter42025 ;oh
dreamin_of_fairies ;lol
bald_beaver_hunter42025 ;well it is just me and my fairy pictures an harry potter books
dreamin_of_fairies ;yep ,  ,  ,  I have a question ,  ,  ,  gonna dream here but just think if I could been up there and I was outside your window playing what would you do ?  lol (  I would call law enforcement immediately of course )  ,  ,  ,  beem up there like harry potter
bald_beaver_hunter42025 ;i dunno ,  ,  ,  what you want me to do ?
dreamin_of_fairies ;heck I don't know just was asking what you thought LOL
bald_beaver_hunter42025 ;i guess if you were there and my friend i would say hi
dreamin_of_fairies ;kewl ok ,  ,  ,  just trying to figure out if you know what horny is
bald_beaver_hunter42025 ;umm not really ,  ,  ,  what is it ?
dreamin_of_fairies ;when you get this butterfly feeling in your tummy and you want to touch yourself down below in that beautiful spot
bald_beaver_hunter42025 ;i dunno if i ever got a feeling like that
dreamin_of_fairies ;ok you haven't gotten there yet then ,  ,  ,  it's gonna be very soon you will
bald_beaver_hunter42025 ;i get butterflies thinking about fairies and how kewl they are
dreamin_of_fairies ;well this is more of a heavy butterfly feeling ,  ,  ,  like when you see a guy you want to kiss
bald_beaver_hunter42025 ;oh like harry potter ?
dreamin_of_fairies ;yes
bald_beaver_hunter42025 ;i get tingling just thinking about him ,  ,  ,  he is so cute
dreamin_of_fairies ;that's the bagging of it
bald_beaver_hunter42025 ;backing ?
dreamin_of_fairies ;yes of horny
bald_beaver_hunter42025 ;really ?  ,  ,  ,  i guess that's kewl
dreamin_of_fairies ;yep it is ,  ,  ,  your growing up ,  ,  ,  that's part of it
bald_beaver_hunter42025 ;cool
dreamin_of_fairies ;if you ever have any questions about a man's body just ask me and I will try and answer them for you as best I can (  this line will never cease to amaze me no matter how many times I hear it )
bald_beaver_hunter42025 ;kk ,  ,  ,  your sweet
dreamin_of_fairies ;you are to girl ,  ,  ,  I just don't want to make you feel weird about all this stuff ,  ,  ,  I just wish I want horny ,  ,  ,  ><
bald_beaver_hunter42025 ;heh
dreamin_of_fairies ;just a nude guy at home infront of a computer so sad again I say eewwww )
bald_beaver_hunter42025 ;well i not nude but i home in front of computer alone
dreamin_of_fairies ;LOL ,  ,  ,  you need to try typing on here in the nude sometime
bald_beaver_hunter42025 ;oh i couldn't do that with mom or dad here
dreamin_of_fairies ;I mean late at night when they are asleep
bald_beaver_hunter42025 ;i in school most of time and have to get to bed early
dreamin_of_fairies ;well on friday nights ,  ,  ,  lol
bald_beaver_hunter42025 ;mom here right now
dreamin_of_fairies ;is your computer in your room ?
bald_beaver_hunter42025 ;nope ,  ,  ,  it is in den
dreamin_of_fairies ;oh ok ,  ,  ,  you need a laptop one day ,  ,  ,  lol
bald_beaver_hunter42025 ;yeah maybe by the time i am in college
dreamin_of_fairies ;you might be able to get one before then ,  ,  ,  they are getting better on prices
bald_beaver_hunter42025 ;would be kewl if i could
dreamin_of_fairies ;Oh heck yes ,  ,  ,  would love to see you on cam if it had one ,  ,  ,  be so pretty
bald_beaver_hunter42025 ;heh ,  ,  ,  i bet you got one of those
dreamin_of_fairies ;yep
bald_beaver_hunter42025 ;kewl ,  ,  ,  you got all the cool stuff
dreamin_of_fairies ;I wish I did have all the cool stuff ,  ,  ,  lol
bald_beaver_hunter42025 ;you got a job so you can buy all that stuff
dreamin_of_fairies ;yea I just wish I had better stuff ,  ,  ,  I would love to get a better camera to take my pic's with (  this pervert is really stuck on this subject )
bald_beaver_hunter42025 ;like what ?  ,  ,  ,  ahhh ,  ,  ,  i got a really nice drawing set
dreamin_of_fairies ;yep
bald_beaver_hunter42025 ;charcoal pencils and pastel chalks
dreamin_of_fairies ;kewl ,  ,  ,  wow girl
bald_beaver_hunter42025 ;mom likes that i want to be an artist one day
dreamin_of_fairies ;Heck yes I don't blame here ,  ,  ,  her ,  ,  ,  the world needs that
bald_beaver_hunter42025 ;i just love to draw ,  ,  ,  not real good but maybe one day i will be
dreamin_of_fairies ;just think if you could get a drawing program for your computer you could draw on it
bald_beaver_hunter42025 ;i like sitting outside around the trees and stuff when i draw
dreamin_of_fairies ;they make a thing called a light pen looks like a mouse pad and it has a pen with it and when you draw on that pad it shows up on the screen ,  ,  ,  kewl
bald_beaver_hunter42025 ;oh that is really cool ,  ,  ,  my friend said they have artist on street corners in France
dreamin_of_fairies ;yep they do
bald_beaver_hunter42025 ;you been there ?
dreamin_of_fairies ;ohh no a friend of mine has ,  ,  ,  they sell there art there
bald_beaver_hunter42025 ;yeah that is what i was told .  one day i want to go there and sell my pictures
dreamin_of_fairies ;there you go girl ,  ,  ,  what time is it there at your place ?
bald_beaver_hunter42025 ;just before
dreamin_of_fairies ;K same here
bald_beaver_hunter42025 ;kewl ,  ,  ,  you there ?
dreamin_of_fairies ;I'm here
bald_beaver_hunter42025 ;kk
dreamin_of_fairies ;><8->
bald_beaver_hunter42025 ;>< ,  ,  ,  heh i daydream lots too
dreamin_of_fairies ;I do allot !  !  !  !  !  !  !  !  !  !  !
bald_beaver_hunter42025 ;mom says i do too much
dreamin_of_fairies ;lol ,  ,  ,  creative mind at work
bald_beaver_hunter42025 ;i pretended i was a fairy queen when we were at the place in the picture i sent you
dreamin_of_fairies ;oh ok ,  ,  ,  lol ,  ,  ,  that is cool though ,  ,  ,  fun
bald_beaver_hunter42025 ;yep ,  ,  ,  i have had to entertain myself lots not having sisters or bros
dreamin_of_fairies ;yea
bald_beaver_hunter42025 ;you got quiet again
dreamin_of_fairies ;sorry messing with my cam here
bald_beaver_hunter42025 ;kewl ,  ,  ,  are you on much during the week ?
dreamin_of_fairies ;in the mornings
bald_beaver_hunter42025 ;i have to go to bed usually by or for school
dreamin_of_fairies ;not at night
bald_beaver_hunter42025 ;not at night ?
dreamin_of_fairies ;I'm at work by then
bald_beaver_hunter42025 ;oh ,  ,  ,  why not tonight
dreamin_of_fairies ;off tonight ,  ,  ,  and tomorrow
bald_beaver_hunter42025 ;so i won't get to talk to you but on weekends then ?
dreamin_of_fairies ;yep looks that way girl
bald_beaver_hunter42025 ;sigh
dreamin_of_fairies ;sorry
bald_beaver_hunter42025 ;what happened
dreamin_of_fairies ;got booted ,  ,  ,  I guess my samra messed things up ,  ,  ,  lol
bald_beaver_hunter42025 ;ahh that happens to me lots too ,  ,  ,  but i got no camera
dreamin_of_fairies ;they might be working on yahoo
bald_beaver_hunter42025 ;yeah ,  ,  ,  where is it you said you worked ?
dreamin_of_fairies ;in a factory making plastic parts
bald_beaver_hunter42025 ;oh that's right for cars ,  ,  ,  i forget cars have plastic parts
dreamin_of_fairies ;lol
bald_beaver_hunter42025 ;you always off on weekends ?
dreamin_of_fairies ;friday and saturday nights
bald_beaver_hunter42025 ;so we can talk then
dreamin_of_fairies ;yes
bald_beaver_hunter42025 ;cool
dreamin_of_fairies ;you are so funny and sweet .  nice to have someone to talk to .
bald_beaver_hunter42025 ;yes it is ,  ,  ,  just hope you can put up with me ,  ,  ,  lol ,  ,  ,  me being Horny and all (  knowing he is headed to jail makes it all worth it )
dreamin_of_fairies ;hehe
bald_beaver_hunter42025 ;boo
dreamin_of_fairies ;lol
bald_beaver_hunter42025 ;you got kids ?
dreamin_of_fairies ;no kids
bald_beaver_hunter42025 ;me neither
dreamin_of_fairies ;lol ,  ,  ,  ,  ,  ,  Hey how are you doing ?
bald_beaver_hunter42025 ;hiyas ,  ,  ,  i'm good
dreamin_of_fairies ;same here
bald_beaver_hunter42025 ;cool
dreamin_of_fairies ;what time did you go to bed last night ?
bald_beaver_hunter42025 ;right after you logged off
dreamin_of_fairies ;oh ok ,  ,  ,  don't see how you can stay up so late lol
bald_beaver_hunter42025 ;only on weekends ,  ,  ,  can't when in school
dreamin_of_fairies ;yep I know what you mean ,  ,  ,  brb ,  ,  ,  you there ?
bald_beaver_hunter42025 ;i am now .  i was in bed when you imed me .  ,  ,  ,  guess you not here now .  ,  ,  ,  talk to you later i hope .
dreamin_of_fairies ;Hey there
bald_beaver_hunter42025 ;hiyas
dreamin_of_fairies ;just got out of the shower here getting ready for work
bald_beaver_hunter42025 ;i had mine a bit ago and ate dinner ,  ,  ,  what time you go to work ?
dreamin_of_fairies ;at pm
bald_beaver_hunter42025 ;that's that pits
dreamin_of_fairies ;I know it lol
bald_beaver_hunter42025 ;i gotta go to bed soon because of school
dreamin_of_fairies ;yep and when I get home you will be in school
bald_beaver_hunter42025 ;yep ,  ,  ,  i will be on a bit tomorrow night
dreamin_of_fairies ;kewl ,  ,  ,  well girl I gotta run here
bald_beaver_hunter42025 ;kk i do to
dreamin_of_fairies ;you have a great day at school tomorrow
bald_beaver_hunter42025 ;see you tomorrow night maybe i hope
dreamin_of_fairies ;ok
bald_beaver_hunter42025 ;night
dreamin_of_fairies ;night ,  ,  ,  Hey girl
bald_beaver_hunter42025 ;hiyas
dreamin_of_fairies ;how are you tonight ?
bald_beaver_hunter42025 ;i'm good
dreamin_of_fairies ;kewl ,  ,  ,  Just got out of the shower here air drying off here lol
bald_beaver_hunter42025 ;kewl ,  ,  ,  i already had mine got to be in bed early for school
dreamin_of_fairies ;Yep I know what you mean ,  ,  ,  sometimes wish we didn't have to wear cloths ,  ,  ,  lol
bald_beaver_hunter42025 ;heh
dreamin_of_fairies ;i guess you could say I'm nude surfing LOL (  here we go again )
bald_beaver_hunter42025 ;you don't have clothes on now ?
dreamin_of_fairies ;nope
bald_beaver_hunter42025 ;cool
dreamin_of_fairies ;nun at all
bald_beaver_hunter42025 ;you like to do that ?
dreamin_of_fairies ;yep
bald_beaver_hunter42025 ;that's kewl
dreamin_of_fairies ;ty
bald_beaver_hunter42025 ;He
dreamin_of_fairies ;wishing I had a girl here LOL8->
bald_beaver_hunter42025 ;awwww
dreamin_of_fairies ;it's ok though ,  ,  ,  I got my hand it least LOL (  rolls eyes )
bald_beaver_hunter42025 ;if that's what cha like i guess
dreamin_of_fairies ;well what I am use to with my hobby and all
bald_beaver_hunter42025 ;kk
dreamin_of_fairies ;just another nude guy on the web here LOL
bald_beaver_hunter42025 ;you mean there are more ?
dreamin_of_fairies ;I'm sure there are
bald_beaver_hunter42025 ;i dunno
dreamin_of_fairies ;lol
bald_beaver_hunter42025 ;your the first i know that is
dreamin_of_fairies ;letting it all hang out
bald_beaver_hunter42025 ;hehe
dreamin_of_fairies ;well I might be the only one then
bald_beaver_hunter42025 ;i dunno i don't talk to many peeps ,  ,  ,  i get lots of those bots is all
dreamin_of_fairies ;yea I get those to ,  ,  ,  I get those and people wanting me to turn my cam on ,  ,  ,  lol
bald_beaver_hunter42025 ;you are the first real person i talked to
dreamin_of_fairies ;Oh me I didn't know that ,  ,  ,  there is a girl from Washington that just messaged me wanting me to turn my cam on LOL
bald_beaver_hunter42025 ;oh you want i should go so you can talk to her
dreamin_of_fairies ;no I rather talk to you girl ,  ,  ,  I get messages like that allot
bald_beaver_hunter42025 ;kewl ,  ,  ,  on wanting to talk to me that is : >
dreamin_of_fairies ;lol
bald_beaver_hunter42025 ;hehe ,  ,  ,  so what cha doing now ?
dreamin_of_fairies ;trying to squirt some of the juice out (  this is one disgusting vile pervert )
bald_beaver_hunter42025 ;oh
dreamin_of_fairies ;you do that ALL the time ?
bald_beaver_hunter42025 ;not all the time ,  ,  ,  just needing to real bad right now
dreamin_of_fairies ;why ?
bald_beaver_hunter42025 ;I've got that feeling
dreamin_of_fairies ;why ?
bald_beaver_hunter42025 ;it just happens when you get older you need to
dreamin_of_fairies ;oh i dunno this stuff
bald_beaver_hunter42025 ;i know it's ok ,  ,  ,  I think it's gonna squirt here in a second
dreamin_of_fairies ;ok
bald_beaver_hunter42025 ;well girl O hate to go but gotta go into work
dreamin_of_fairies ;awww ok
bald_beaver_hunter42025 ;sorry about that
dreamin_of_fairies ;will see you again ?
bald_beaver_hunter42025 ;wish I didn't have to go in ,  ,  ,  yep ,  ,  ,  you will
dreamin_of_fairies ;cool
bald_beaver_hunter42025 ;><
dreamin_of_fairies ;ilike talking to you
bald_beaver_hunter42025 ;same here girl your sweet
dreamin_of_fairies ;>< ,  ,  ,  have a good night
bald_beaver_hunter42025 ;Hey girl
dreamin_of_fairies ;hiyas
bald_beaver_hunter42025 ;whatcha up to today ?
dreamin_of_fairies ;not much ,  ,  ,  been on waiting for maybe to see you
bald_beaver_hunter42025 ;you serious ?
dreamin_of_fairies ;ya ,  ,  ,  but gotta go soon now
bald_beaver_hunter42025 ;|it's ok ,  will you be on later ?  |
dreamin_of_fairies ;not sure ,  ,  ,  i miss talking to you
bald_beaver_hunter42025 ;I know same here been so busy here lately ,  ,  ,  hey we will get another chance
dreamin_of_fairies ;kewl ,  ,  ,  i can talk for a little bit
bald_beaver_hunter42025 ;kewl ok you getting ready to go out tonight ?
dreamin_of_fairies ;mom said we are going out to eat
bald_beaver_hunter42025 ;oh ok ,  ,  ,  ->
dreamin_of_fairies ;what cha thinking
bald_beaver_hunter42025 ;lol ,  ,  ,  just had to put that up
dreamin_of_fairies ;hehe ,  ,  ,  looks like you daydreaming
bald_beaver_hunter42025 ;yea been one of those days ,  ,  ,  getting ready to take a shower here in a little bit just wish I had someone to scrub my back
dreamin_of_fairies ;hehe i gotta get one in a minute before we go out tonight
bald_beaver_hunter42025 ;you need someone to scrub your back then
dreamin_of_fairies ;no body here but me
bald_beaver_hunter42025 ;mercy girl hard to scrub it all alone
dreamin_of_fairies ;yep
bald_beaver_hunter42025 ;So watch wanna chat about girl ?
dreamin_of_fairies ;i dunno
bald_beaver_hunter42025 ;lol ,  ,  ,  doesn't bother me what we talk about the nude guy is always up for any subject ,  ,  ,  lol
dreamin_of_fairies ;you naked again ?
bald_beaver_hunter42025 ;lol yep
dreamin_of_fairies ;cool
bald_beaver_hunter42025 ;no cloths on at all girl ,  ,  ,  need a shower partner here that would be kewl
dreamin_of_fairies ;never tok shower with anyone before
bald_beaver_hunter42025 ;if you were here would you want to ?
dreamin_of_fairies ;would you want me to ?
bald_beaver_hunter42025 ;|well heck yes wouldn't bother me as long as you were ok with it ,  I be nude and pointing at you and not pointing with my finger .  lol|
dreamin_of_fairies ;then how do you point without a finger ?
bald_beaver_hunter42025 ;well put it this way my penis would be saying Hi there Crystal
dreamin_of_fairies ;oh
bald_beaver_hunter42025 ;lol
dreamin_of_fairies ;you just playing with me
bald_beaver_hunter42025 ;actually it would be hard like that I don't have any control over that
dreamin_of_fairies ;oh i mean about being naked in shower .  .
bald_beaver_hunter42025 ;I would be just hope it wouldn't freak you out
dreamin_of_fairies ;it wouldn't freak me .  ,  ,  ,  i never seen a naked man before
bald_beaver_hunter42025 ;I think your so so pretty and when that happens it makes a guys penis do that
dreamin_of_fairies ;when what happens ?
bald_beaver_hunter42025 ;when I see you ,  ,  ,  that's what I meant
dreamin_of_fairies ;ohh ,  ,  ,  you gonna see me for real ?
bald_beaver_hunter42025 ;heck no LOL I'm wishing here
dreamin_of_fairies ;ahhh ,  ,  ,  is what i thought you just messing with me
bald_beaver_hunter42025 ;dreaming I give anything if it was ok to do that
dreamin_of_fairies ;whatever
bald_beaver_hunter42025 ;sorry didn't mean to make you mad
dreamin_of_fairies ;i just don't like being messed with when peeps don't mean it
bald_beaver_hunter42025 ;Crystal I didn't mean it like that girl ,  ,  ,  mercy your are very pretty
dreamin_of_fairies ;like what ?
bald_beaver_hunter42025 ;that I was trying to make a joke out of it
dreamin_of_fairies ;oh
bald_beaver_hunter42025 ;I give anything to meet you and do stuff like that but goodness girl you would freak out (  No actually YOU would freak out !  )
dreamin_of_fairies ;i just a kid i don't freak peeps out : >
bald_beaver_hunter42025 ;I know very pretty girl I'm just fantasising over you
dreamin_of_fairies ;hehe
bald_beaver_hunter42025 ;you were asking me about what I was daydreaming about well that's it you nude and me licking you between your legs (  putrid scumbag )  ,  ,  ,  you know stuff like that
dreamin_of_fairies ;wow really ?
bald_beaver_hunter42025 ;Heck yes be taking a shower with you and as the water runs down that beautiful body of your I be licking the water beads off your woooohooooo
dreamin_of_fairies ;heh i dint know peeps did that
bald_beaver_hunter42025 ;yep makes a girl feel good down there when she is licked on the inside of the lips down there
dreamin_of_fairies ;really ?
bald_beaver_hunter42025 ;yep
dreamin_of_fairies ;i never had that done before
bald_beaver_hunter42025 ;it's really good feeling taste good to ,  ,  ,  well for a guy it does
dreamin_of_fairies ;i never done nuttin so i not know about all that stuff ,  ,  ,  sounds kewl
bald_beaver_hunter42025 ;it is ,  ,  ,  if I was doing that with you I would problem sqert out baby juice cause of being so excited ,  ,  ,  lol
dreamin_of_fairies ;but you not gonna do it so no problem
bald_beaver_hunter42025 ;I wish I could
dreamin_of_fairies ;i gotta go get my shower before mom gets home
bald_beaver_hunter42025 ;ok girl ,  ,  ,  ty for talking to me
dreamin_of_fairies ;i guess i see you later ?
bald_beaver_hunter42025 ;yes if you still want to talk to me
dreamin_of_fairies ;ya
bald_beaver_hunter42025 ;cool
dreamin_of_fairies ;bye
bald_beaver_hunter42025 ;I think your so so pretty
dreamin_of_fairies ;thanks
bald_beaver_hunter42025 ;your welcome ,  ,  ,  catcha later
dreamin_of_fairies ;ok
bald_beaver_hunter42025 ;Hey girl
dreamin_of_fairies ;was up ?
bald_beaver_hunter42025 ;not much emptiying all my junk in yahoo
dreamin_of_fairies ;huh ?  ,  ,  ,  what junk ?
bald_beaver_hunter42025 ;all the stuff in my profile ,  ,  ,  getting ready to get rid of yahoo
dreamin_of_fairies ;why you emptying it ?
bald_beaver_hunter42025 ;I don't use this thing that much and the bot's have taken over all the rooms
dreamin_of_fairies ;oh ,  ,  ,  so i won't get to talk to you no more ?
bald_beaver_hunter42025 ;afraid not girl won't have an account here anymore after this weekend
dreamin_of_fairies ;awwwww
bald_beaver_hunter42025 ;I know girl you have been the best person I have talked to on here ,  ,  ,  I sure am going to miss you
dreamin_of_fairies ;so why you leave ?
bald_beaver_hunter42025 ;I'm no good girl to old and all
dreamin_of_fairies ;huh ?  i think your nice
bald_beaver_hunter42025 ;I'm nude all the time here when I talk to you and I think bad thoughts when I see you ,  ,  ,  like wanting to lick your private parts stuff like that
dreamin_of_fairies ;you not bad ,  ,  ,  heh i think that is kewl
bald_beaver_hunter42025 ;I just never thought I would openly tell a young girl that
dreamin_of_fairies ;is ok with me
bald_beaver_hunter42025 ;but as soon as I saw your picture I was like Man !  !  !  !  !  !  !  !  !  !  !  !  !  !  !  I give anything I could have one night with her just me and her alone and me licking her all night
dreamin_of_fairies ;really you want to do that ?
bald_beaver_hunter42025 ;YES bad
dreamin_of_fairies ;that would be kewl
bald_beaver_hunter42025 ;you completely nude no cloths on and you legs wide apart as i lick and lick well you get the idea lol
dreamin_of_fairies ;heheh would tickle i think
bald_beaver_hunter42025 ;yep lol for me it would taste good and make me sqert lol
dreamin_of_fairies ;i never done nothing like before .  ,  ,  ,  sounds kewl
bald_beaver_hunter42025 ;you would be in aw you would be hooked after you have had that done
dreamin_of_fairies ;He then peeps wouldn't tease me about being a virgin
bald_beaver_hunter42025 ;well you would still be a virgin I would have to insert my penis in order for you not to be a virgin anymore
dreamin_of_fairies ;ohh i dint know that
bald_beaver_hunter42025 ;|yep ,  I wouldn't want to do that to you girl I'm way to thick for your young body me penis is in thick that would hurt and I'm not into hurting sex is meant to feel good and relaxing|
dreamin_of_fairies ;thanks your sweet to not wanna hurt me ,  ,  ,  i don't wanna be hurt
bald_beaver_hunter42025 ;nope that wouldn't make the experience as pleasurable ,  ,  ,  I'm into feeling good
dreamin_of_fairies ;that's what it's all about
bald_beaver_hunter42025 ;i like feeling good
dreamin_of_fairies ;licking would make you cum no matter what so you would be able to feel great
bald_beaver_hunter42025 ;He ,  ,  ,  so you gonna hang around and still chat with me ?
dreamin_of_fairies ;takes about minutes for a woman to cum while being licked constantly
bald_beaver_hunter42025 ;wow
dreamin_of_fairies ;that's just her first one though ,  ,  ,  I might girl
bald_beaver_hunter42025 ;cool
dreamin_of_fairies ;I wish you had your own didgital camera
bald_beaver_hunter42025 ;i don't have one
dreamin_of_fairies ;would love to see you nude (  what happened to dumping the profile because he knew he was doing wrong ?  )  ,  ,  ,  I know just wishing here
bald_beaver_hunter42025 ;what cha doing
dreamin_of_fairies ;trying to find a picture for you
bald_beaver_hunter42025 ;cool
dreamin_of_fairies ;here you go (  the pervert photoshared a picture of child porn )
bald_beaver_hunter42025 ;is that you ?
dreamin_of_fairies ;nope ,  ,  ,  a picture I have had for a long time
bald_beaver_hunter42025 ;ahh
dreamin_of_fairies ;that girl is young
bald_beaver_hunter42025 ;how young
dreamin_of_fairies ;I think
bald_beaver_hunter42025 ;wow
dreamin_of_fairies ;that how I picture you
bald_beaver_hunter42025 ;wow
dreamin_of_fairies ;I can lick for hours ,  ,  ,  you ok ?
bald_beaver_hunter42025 ;ya
dreamin_of_fairies ;ok ,  ,  ,  I know I dream allot
bald_beaver_hunter42025 ;that's kewl
dreamin_of_fairies ;what you doing ?
bald_beaver_hunter42025 ;hehe nothing
dreamin_of_fairies ;Hummm ok ,  ,  ,  lol
bald_beaver_hunter42025 ;thinking about you doing that to me
dreamin_of_fairies ;never seen nothing like that
bald_beaver_hunter42025 ;that's a natural part of sex men do that to women makes a woman ready for sex
dreamin_of_fairies ;i had to close it in casemom walked in room
bald_beaver_hunter42025 ;most women want that done all the time I can't blame them
dreamin_of_fairies ;wow that's kewl
bald_beaver_hunter42025 ;yea I don't blame you girl
dreamin_of_fairies ;and that's what you wanna do to me ?
bald_beaver_hunter42025 ;Yes
dreamin_of_fairies ;wow for real ?
bald_beaver_hunter42025 ;no joke for real
dreamin_of_fairies ;when ?
bald_beaver_hunter42025 ;I don't know I don't think your mom will let you go out lol
dreamin_of_fairies ;well i would have to sneak silly
bald_beaver_hunter42025 ;LOL ,  ,  ,  Heck I don't know where we could go to do that
dreamin_of_fairies ;i dunno
bald_beaver_hunter42025 ;have to be somewhere very private where you can get nude
dreamin_of_fairies ;like where ?
bald_beaver_hunter42025 ;that's what I am thinking about here (  and we have intent for sex )
dreamin_of_fairies ;trying to figure out where you at I know it would be a hr drive there I'm sure
bald_beaver_hunter42025 ;western kentucky
dreamin_of_fairies ;same here but your east of me like hours east of me
bald_beaver_hunter42025 ;that not too far is it ?
dreamin_of_fairies ;would you really let me lick you there ?
bald_beaver_hunter42025 ;do you want to ?
dreamin_of_fairies ;well heck yes I just don't understand why you would and old man like me lol ,  ,  ,  Mercy I want to so bad
bald_beaver_hunter42025 ;cause you nice and sweet and don't wanna hurt me
dreamin_of_fairies ;well ty I want you to feel good feel sexy
bald_beaver_hunter42025 ;you don't mind me not knowing how to do anything ?
dreamin_of_fairies ;I don't mind at all
bald_beaver_hunter42025 ;cool
dreamin_of_fairies ;all you have to do is let me lick and you tell me how good it feels
bald_beaver_hunter42025 ;i feel stupid sometimes not knowing anything ,  ,  ,  wow that sounds fun
dreamin_of_fairies ;you're not girl this is learning
bald_beaver_hunter42025 ;kewl ,  ,  ,  i like learning
dreamin_of_fairies ;U are the first girl I have ever told this to ,  ,  ,  I keep this stuff to myself I have never been with a girl younger than
bald_beaver_hunter42025 ;wow so i be your first like you be my first
dreamin_of_fairies ;yes ,  ,  ,  would you let me kiss you ?
bald_beaver_hunter42025 ;you want to kiss me ?
dreamin_of_fairies ;yep lol (  and reenforcement of sex intent )  ,  ,  ,  : - *
bald_beaver_hunter42025 ;then sure
dreamin_of_fairies ;I know I would be kissing your other lips more hehehe ,  ,  ,  you got this nude man all wet over here
bald_beaver_hunter42025 ;hehehh
dreamin_of_fairies ;wish you had a mic so I could hear your voice
bald_beaver_hunter42025 ;i could call you
dreamin_of_fairies ;on here ?
bald_beaver_hunter42025 ;on phone silly
dreamin_of_fairies ;lol ,  ,  ,  na cost to much be long distance
bald_beaver_hunter42025 ;we got free long distance
dreamin_of_fairies ;yea but your mom might pick up
bald_beaver_hunter42025 ;no i call you
dreamin_of_fairies ;I know but she might pick up the other phone and listen in you know ,  ,  ,  she be like Crystal who you talking too
bald_beaver_hunter42025 ;i can take phone in my room ,  ,  ,  would love to hear you too
dreamin_of_fairies ;yea but what about her phone in her room
bald_beaver_hunter42025 ;she isn't in her room ,  ,  ,  she outside in garden
dreamin_of_fairies ;only if you had a mic on your computer
bald_beaver_hunter42025 ;i don't
dreamin_of_fairies ;I don't want to get you in trouble girl ,  ,  ,  hey one day you just might get a microphone for your computer
bald_beaver_hunter42025 ;nope ,  ,  ,  mom won't let me
dreamin_of_fairies ;well I can't blame her really
bald_beaver_hunter42025 ;i would love to call you .  can do it real quick while she outside
dreamin_of_fairies ;we better not girl that could get you in trouble to much
bald_beaver_hunter42025 ;well maybe later tonight after they go bed
dreamin_of_fairies ;I can call you ?
bald_beaver_hunter42025 ;dad has my phone set up so peeps not on my approved list can't get through ,  ,  ,  but i can call out to any body
dreamin_of_fairies ;ahhh ok
bald_beaver_hunter42025 ;i so excited you want to do that stuff to me
dreamin_of_fairies ;hehe
bald_beaver_hunter42025 ;you live in Logan county right ?
dreamin_of_fairies ;warren
bald_beaver_hunter42025 ;well I was close lol
dreamin_of_fairies ;you still there ?
bald_beaver_hunter42025 ;yep ,  ,  ,  lol ,  ,  ,  what you doing ?
dreamin_of_fairies ;thinking about you
bald_beaver_hunter42025 ;me ?
dreamin_of_fairies ;where did you say you were ?
bald_beaver_hunter42025 ;ever heard of Lyon county ?  ,  ,  ,  that's where I am actually at
dreamin_of_fairies ;"nope but i not good in geography """" >"
bald_beaver_hunter42025 ;that's ok ,  ,  ,  I just don't know how in this world you could ever sneak out
dreamin_of_fairies ;i go out to park to draw and read lots
bald_beaver_hunter42025 ;by yourself ?
dreamin_of_fairies ;sometimes ,  ,  ,  dad and mom travel lots too ,  ,  ,  for work
bald_beaver_hunter42025 ;mercy girl I don't see how they can just let you go out like that
dreamin_of_fairies ;guess because they so busy i dunno
bald_beaver_hunter42025 ;I would be worried to much if I had a girl your age scare me to death
dreamin_of_fairies ;they trust me
bald_beaver_hunter42025 ;you are a real sweetheart girl
dreamin_of_fairies ;heehh thanks
bald_beaver_hunter42025 ;yw ,  ,  ,  when you saw my picture you didn't see an old man ?
dreamin_of_fairies ;nope ,  ,  ,  saw a nice man
bald_beaver_hunter42025 ;just figured I would look so old to you
dreamin_of_fairies ;you not old ,  ,  ,  my nephew is old
bald_beaver_hunter42025 ;lol ,  ,  ,  mercy I am getting thirsty for Crystal juice (  glad I wasn't drinking anything when he said this )  ,  ,  ,  Crystal juice that is
dreamin_of_fairies ;awwww how sweet
bald_beaver_hunter42025 ;I just wonder something
dreamin_of_fairies ;what
bald_beaver_hunter42025 ;|sence we have been talking about this ,  if you have been making up some juice and didn't know it|
dreamin_of_fairies ;i dunno
bald_beaver_hunter42025 ;you feel sqermy in your seat ?
dreamin_of_fairies ;a little
bald_beaver_hunter42025 ;yep your making some
dreamin_of_fairies ;heheh kewl
bald_beaver_hunter42025 ;I bet if you felt down in your pants your panties are a wet
dreamin_of_fairies ;really ?
bald_beaver_hunter42025 ;yep ,  ,  ,  give it a try and see if they are ?
dreamin_of_fairies ;can't mom is in den now
bald_beaver_hunter42025 ;oh ok ,  ,  ,  well close this yahoo out go to bathroom and find out and come back and log back in that's one way ,  ,  ,  lol
dreamin_of_fairies ;heheh ,  ,  ,  i gotta get off for a bit .  Mom says we going out to eat (  he was disgusting me so it was breaktime from pervert city )
bald_beaver_hunter42025 ;ok girl ,  ,  ,  catcha later on
dreamin_of_fairies ;can i maybe call you later tonight ?
bald_beaver_hunter42025 ;>< ,  ,  ,  we just night
dreamin_of_fairies ;><
bald_beaver_hunter42025 ;might
dreamin_of_fairies ;cool
bald_beaver_hunter42025 ;i look forward
dreamin_of_fairies ;cool
bald_beaver_hunter42025 ;wanna give me number then or now ?  ,  ,  ,  i can right it down and put in my pocket
dreamin_of_fairies ;we will wait till later on (  the pervert was really sketchy about giving out his number )
bald_beaver_hunter42025 ;kk ,  ,  ,  see you laters ,  ,  ,  : - *
dreamin_of_fairies ;see ya later:- *
bald_beaver_hunter42025 ;: -h
dreamin_of_fairies ;: -h
bald_beaver_hunter42025 ;i miss talking to you .  hope i see you online soon .
dreamin_of_fairies ;Hey girl just on here checking email can't stay long
bald_beaver_hunter42025 ;hiyas ,  ,  ,  i missed you !
dreamin_of_fairies ;I miss you to ,  ,  ,  been real busy
bald_beaver_hunter42025 ;what cha been doing ?
dreamin_of_fairies ;work and all
bald_beaver_hunter42025 ;ahh
dreamin_of_fairies ;haven't had much computer time ,  ,  ,  been thinking about yes
bald_beaver_hunter42025 ;awww ,  ,  ,  kewl ,  ,  ,  me too
dreamin_of_fairies ;whatcha been thinking about ?
bald_beaver_hunter42025 ;you
dreamin_of_fairies ;lol me ?
bald_beaver_hunter42025 ;ya ,  ,  ,  you treat me so nice and not like a baby
dreamin_of_fairies ;what was I doing in your thoughts ?
bald_beaver_hunter42025 ;just popping around in them
dreamin_of_fairies ;oh kewl ok
bald_beaver_hunter42025 ;what you been thinking gabout me ?
dreamin_of_fairies ;just the usual stuff ,  ,  ,  nude thoughts you know (  not the least bit surprised )  ,  ,  ,  lol
bald_beaver_hunter42025 ;wow kewl
dreamin_of_fairies ;Crystal with no cloths on at all ,  ,  ,  Yummy ,  ,  ,  stuff like that
bald_beaver_hunter42025 ;kewl ,  ,  ,  makes me feel special
dreamin_of_fairies ;well you are girl ,  ,  ,  well gonna have to go ,  ,  ,  I hate to but gotta head out to work
bald_beaver_hunter42025 ;awww ,  ,  ,  when i see you again
dreamin_of_fairies ;I'll catch later on hopefully one day here soon you will be out for fall break then we can talk in the mornings
bald_beaver_hunter42025 ;you off on weekends thoughright ?
dreamin_of_fairies ;yes Fri and Sat nights
bald_beaver_hunter42025 ;kewl ,  ,  ,  will really look for you then
dreamin_of_fairies ;kewl ok girl I'll catch later ,  ,  ,  ><:- *
bald_beaver_hunter42025 ;night : -*:x
dreamin_of_fairies ;Need some natural Crystal juice (  this becomes a constant with him )  ,  ,  ,  : -h
bald_beaver_hunter42025 ;hiyas
dreamin_of_fairies ;How you doing girl ?
bald_beaver_hunter42025 ;i'm good miss you
dreamin_of_fairies ;I have missed you to
bald_beaver_hunter42025 ;cool
dreamin_of_fairies ;|sure was thinking about you today ,  left you an offline message|
bald_beaver_hunter42025 ;you did ?  i didn't get it
dreamin_of_fairies ;well ,  ,  ,  hummm
bald_beaver_hunter42025 ;what did it say ?
dreamin_of_fairies ;just said I need some Crystal juice
bald_beaver_hunter42025 ;ahhhhh how sweet
dreamin_of_fairies ;I have a question for yes
bald_beaver_hunter42025 ;kk
dreamin_of_fairies ;are you able to talk without anyone trying to peep over your shoulder ?
bald_beaver_hunter42025 ;ya
dreamin_of_fairies ;kewl ,  ,  ,  do you shave down below in your juicy spot ?
bald_beaver_hunter42025 ;> i don't have nothing to shave
dreamin_of_fairies ;Oh WOW kewl
bald_beaver_hunter42025 ;really ?
dreamin_of_fairies ;Mercy that would be awesome ,  ,  ,  yep I like it with no hair at all down there
bald_beaver_hunter42025 ;wow i thought it was bad
dreamin_of_fairies ;no way most men prefer that makes it so much easier to lick and suck on
bald_beaver_hunter42025 ;kewl ,  ,  ,  i glad you like it instead of saying new
dreamin_of_fairies ;Mercy girl there is nothing ewwww about you
bald_beaver_hunter42025 ;thank you
dreamin_of_fairies ;I day dream about you and I sneaking away at night to go play ,  ,  ,  your welcome
bald_beaver_hunter42025 ;heheh really ?
dreamin_of_fairies ;yep ,  ,  ,  I see myself driving down your road and you sneaking out your window meeting me on the curve (  I see him driving down my road and meeting up with the city's finest )
bald_beaver_hunter42025 ;really ?  you want to do that ?
dreamin_of_fairies ;that's what I have been dreaming but I don't want to get you in trouble ,  ,  ,  do you think about stuff like that ?
bald_beaver_hunter42025 ;ya
dreamin_of_fairies ;girl I wouldn't know where to go to play ,  ,  ,  don't know that area
bald_beaver_hunter42025 ;you really wanting to do that for real ?
dreamin_of_fairies ;yes (  we have intent to meet )
bald_beaver_hunter42025 ;that would be so way far kewl
dreamin_of_fairies ;I have never done anything like that ever but I do dream about it
bald_beaver_hunter42025 ;hehhe me neither ,  ,  ,  i never even been with a guy at all before
dreamin_of_fairies ;what would you think just really see yourself in your mind sneaking out meeting me we go driving around what would think lol
bald_beaver_hunter42025 ;i think it would be cool (  yes kewl to watch him being handcuffed and hauled to jail )  ,  ,  ,  like a night in shining armor rescuing the princess fairy
dreamin_of_fairies ;there you go
bald_beaver_hunter42025 ;: x
dreamin_of_fairies ;: - *
bald_beaver_hunter42025 ;: - *
dreamin_of_fairies ;if I asked you while we went driving to take all your cloths off would yass ?  ?  hehehehe
bald_beaver_hunter42025 ;do you want me to ?
dreamin_of_fairies ;I think that would be so HOT
bald_beaver_hunter42025 ;then of course i would ,  ,  ,  you my knoght ,  ,  ,  night even
dreamin_of_fairies ;come to think about it when you see faries anyway the never have any cloths on anyway that is in the old books
bald_beaver_hunter42025 ;ya ,  ,  ,  i have lady notingtons pressed fairy book .  you ever seen it ?
dreamin_of_fairies ;I have never seen it
bald_beaver_hunter42025 ;they are so silly and funny but some are beautiful ,  ,  ,  lady knottington squishes them her flower press book but it doesn't hurt them ,  ,  ,  it just makes pretty designs on the press paper
dreamin_of_fairies ;oh ok
bald_beaver_hunter42025 ;they are all naked
dreamin_of_fairies ;that is so kewl
bald_beaver_hunter42025 ;linda bought it for me before she left for France
dreamin_of_fairies ;I could see you with your long hair hainging down over your front sitting there in the seat nude Mercy that would be so beautiful ,  ,  ,  Oh ok
bald_beaver_hunter42025 ;your so sweet
dreamin_of_fairies ;you are to girl I just can't get over me telling you all this but I dream of stuff like this I can't believe that you don't mind me talking to you about this seems like you would think ewwww or gross the stuff I have told you (  oh believe me I am definitely thinking eww and gross )
bald_beaver_hunter42025 ;i guess i just different being raised alone with no bros and sister .
dreamin_of_fairies ;I don't know that might be it ,  ,  ,  just glad your ok with it
bald_beaver_hunter42025 ;i am
dreamin_of_fairies ;|me being the age that I am just seems like that would bother you ,  trying to think how I thought about older women when I was young|
bald_beaver_hunter42025 ;i around more adults than kids all the time .  mom and dad have friends over for dinner or business .
dreamin_of_fairies ;kewl ok ,  ,  ,  I guess that's why ,  ,  ,  well girl gonna have to get off here I need to get some cloths on and head out to work
bald_beaver_hunter42025 ;sigh ok
dreamin_of_fairies ;I know it
bald_beaver_hunter42025 ;dad's traveling for his company and mom is in room doing something ,  ,  ,  i'll go get my book and read
dreamin_of_fairies ;I sure have been dreaming about you
bald_beaver_hunter42025 ;awwwww
dreamin_of_fairies ;heheh ,  ,  ,  ->
bald_beaver_hunter42025 ;it would be fun like crazy ,  ,  ,  that's me at work ,  ,  ,  lol ,  ,  ,  -> crystal juice (  ugh !  this is getting tiresome )
dreamin_of_fairies ;awwwww ,  ,  ,  you work in a plant you said ?
bald_beaver_hunter42025 ;yep ,  ,  ,  boring
dreamin_of_fairies ;be careful and don't get hurt
bald_beaver_hunter42025 ;long drive
dreamin_of_fairies ;how far ?
bald_beaver_hunter42025 ;about miles
dreamin_of_fairies ;wow ,  ,  ,  i thought it was in your town
bald_beaver_hunter42025 ;golly I wish ,  ,  ,  lol ,  ,  ,  well girl you take care
dreamin_of_fairies ;you too
bald_beaver_hunter42025 ;catch later on >< ,  ,  ,  : - *
dreamin_of_fairies ;>< ,  ,  ,  : - * ,  ,  ,  I dint see you on last night miss you .
bald_beaver_hunter42025 ;I know girl was over at my parents house late didn't get back home intime to catch online
dreamin_of_fairies ;maybe we will see eachother today .
bald_beaver_hunter42025 ;I hope we do miss talking to you I have been thinking about you so much
dreamin_of_fairies ;hiyas !  !  !  !
bald_beaver_hunter42025 ;Hey there girl
dreamin_of_fairies ;how are you ?  ?
bald_beaver_hunter42025 ;doing better now that your here
dreamin_of_fairies ;aw ,  ,  ,  you so sweet
bald_beaver_hunter42025 ;you are too ,  ,  ,  so whatcha been up to ?
dreamin_of_fairies ;not much mostly school
bald_beaver_hunter42025 ;yea I know how that is ,  ,  ,  same as work lol
dreamin_of_fairies ;heheh
bald_beaver_hunter42025 ;sure have been thinking about you here
dreamin_of_fairies ;really ?  ,  ,  ,  like what about me ?
bald_beaver_hunter42025 ;yep ,  ,  ,  just stuff lol
dreamin_of_fairies ;i been missing you
bald_beaver_hunter42025 ;Same here ,  ,  ,  been fanticizing about you
dreamin_of_fairies ;really aw
bald_beaver_hunter42025 ;yep
dreamin_of_fairies ;";"
bald_beaver_hunter42025 ;~
dreamin_of_fairies ;heheh ,  ,  ,  you there ?
bald_beaver_hunter42025 ;yep I'm here ,  ,  ,  trying to find a picture for you
dreamin_of_fairies ;of what ?
bald_beaver_hunter42025 ;fairy
dreamin_of_fairies ;awww
bald_beaver_hunter42025 ;got one ,  ,  ,  these are the ones you usually see
dreamin_of_fairies ;it's not lettingme click on it
bald_beaver_hunter42025 ;ok
dreamin_of_fairies ;still not working ,  ,  ,  dang it
bald_beaver_hunter42025 ;wonder what's going on
dreamin_of_fairies ;my yahoo been weird lately ,  ,  ,  locks up lots
bald_beaver_hunter42025 ;yea they do that at times
dreamin_of_fairies ;not working either
bald_beaver_hunter42025 ;hmm I have an idea send it to your gmail
dreamin_of_fairies ;kk hang on
bald_beaver_hunter42025 ;ok
dreamin_of_fairies ;** edited kids email **
bald_beaver_hunter42025 ;ok sent it
dreamin_of_fairies ;kk will check in a bit
bald_beaver_hunter42025 ;ok ,  ,  ,  you going to be on later like around pm ,  ,  ,  I gotta get off here girl and get some rest ,  ,  ,  I'll catch later on tonight ,  ,  ,  ><:- *
dreamin_of_fairies ;sorry i went to pee
bald_beaver_hunter42025 ;it's ok ,  ,  ,  I gotta get off here
dreamin_of_fairies ;i will try to be on later tonight
bald_beaver_hunter42025 ;cool
dreamin_of_fairies ;sleep good
bald_beaver_hunter42025 ;will do be dreaming of crystal juice
dreamin_of_fairies ;awwwww
bald_beaver_hunter42025 ;Hey girl
dreamin_of_fairies ;hi
bald_beaver_hunter42025 ;can't stay on long here gotta get ready for work ,  ,  ,  did you get my email ?
dreamin_of_fairies ;ya
bald_beaver_hunter42025 ;cool
dreamin_of_fairies ;she was pretty
bald_beaver_hunter42025 ;just like you
dreamin_of_fairies ;aw you sweet
bald_beaver_hunter42025 ;you are too
dreamin_of_fairies ;heh
bald_beaver_hunter42025 ;I know you just got on but I gotta get going girl
dreamin_of_fairies ;awwww ,  ,  ,  when you be back on
bald_beaver_hunter42025 ;in the morning but you will be at school ,  ,  ,  one day we will get to chat for a while lol
dreamin_of_fairies ;ya i miss you
bald_beaver_hunter42025 ;same here so much I wanna tell you
dreamin_of_fairies ;like what ?
bald_beaver_hunter42025 ;just can't get it all in
dreamin_of_fairies ;now i curious
bald_beaver_hunter42025 ;lol fantasies ,  ,  ,  stuff I think about
dreamin_of_fairies ;cool
bald_beaver_hunter42025 ;lol ,  ,  ,  tell you more later girl
dreamin_of_fairies ;kk
bald_beaver_hunter42025 ;><:- * ,  ,  ,  catcha later on
dreamin_of_fairies ;: - * ,  ,  ,  i miss you so bad
bald_beaver_hunter42025 ;I miss you too girl been so busy here lately haven't had time to get on the computer at night hope you get this message
dreamin_of_fairies ;got it and hope we catch up to each other soon .
bald_beaver_hunter42025 ;Me to girl I miss you so so Bad !  !  !  !  !  !  !  !  !  !  !  I need to chat with you .  ,  ,  ,  Dare she is
dreamin_of_fairies ;HIYAS !  !  !  !  !
bald_beaver_hunter42025 ;Hey girl ,  ,  ,  How have you been ?
dreamin_of_fairies ;i been good .  gramps was here all week from maine ,  ,  ,  you there ?
bald_beaver_hunter42025 ;yep here ,  ,  ,  he had a long trip
dreamin_of_fairies ;yeah ,  ,  ,  he left tonight i miss him
bald_beaver_hunter42025 ;sorry I know how it is ,  ,  ,  I was hoping I would catch you online
dreamin_of_fairies ;dad went back to main with nephew to help him get house ready for winter ,  ,  ,  mom took them to airport ,  ,  ,  you talking to others ?
bald_beaver_hunter42025 ;na just getting into something more comfortable ,  ,  ,  lol
dreamin_of_fairies ;hehe
bald_beaver_hunter42025 ;so whatcha been thinking about here lately ?
dreamin_of_fairies ;well this week lots of time with gramps ,  ,  ,  went to parks and picnics and played on playgrounds
bald_beaver_hunter42025 ;cool
dreamin_of_fairies ;he is my buddy and lets me do all kinds of fun stuff with him
bald_beaver_hunter42025 ;kewl ,  ,  ,  saw a girl around here this week that looked allot like you around the same age (  this really bothered me )
dreamin_of_fairies ;really ?
bald_beaver_hunter42025 ;and my mind got to wondering ,  ,  ,  lol ,  ,  ,  yep
dreamin_of_fairies ;heheh where are you again
bald_beaver_hunter42025 ;lion co
dreamin_of_fairies ;is that close to bowling green ?
bald_beaver_hunter42025 ;close to marshall only a few minutes from there ,  ,  ,  no it's like hours from there on the otherside from you
dreamin_of_fairies ;oh ,  ,  ,  well that where i am
bald_beaver_hunter42025 ;oh ok ,  ,  ,  I have been through bowling green before
dreamin_of_fairies ;cool
bald_beaver_hunter42025 ;just passing through though didn't stop anywhere
dreamin_of_fairies ;so you know where it is
bald_beaver_hunter42025 ;yes
dreamin_of_fairies ;cool
bald_beaver_hunter42025 ;about the same size as paducah
dreamin_of_fairies ;hehe i dunno
bald_beaver_hunter42025 ;lol ,  ,  ,  do you take showers or tub baths ?
dreamin_of_fairies ;both
bald_beaver_hunter42025 ;oh ok
dreamin_of_fairies ;depends
bald_beaver_hunter42025 ;just was wondering
dreamin_of_fairies ;why ?
bald_beaver_hunter42025 ;just thinking here
dreamin_of_fairies ;about what ?  ,  ,  ,  you know what i wish ?
bald_beaver_hunter42025 ;what ?
dreamin_of_fairies ;i could hear your voice
bald_beaver_hunter42025 ;I know it
dreamin_of_fairies ;i could call yes ,  ,  ,  mom is at airport
bald_beaver_hunter42025 ;yea but when she looks at phone bill they will se where you called and then they would ask you about it
dreamin_of_fairies ;we got one of those unlimited all over phones ,  ,  ,  don't list calls because they are all like local
bald_beaver_hunter42025 ;just don't want you getting into trouble girl
dreamin_of_fairies ;i won't .  .  she ain't here
bald_beaver_hunter42025 ;I would be heart broken if you got in trouble cause of me
dreamin_of_fairies ;and dad will be in maine for weeks ,  ,  ,  i won't
bald_beaver_hunter42025 ;wish you had a mic on your computer ,  ,  ,  lol
dreamin_of_fairies ;i don't
bald_beaver_hunter42025 ;I know
dreamin_of_fairies ;so let me cal you right quick
bald_beaver_hunter42025 ;why you want to so bad for girl ?  ,  ,  ,  lol
dreamin_of_fairies ;because i know what you lookalike and want to hear you .  .  .  makes you more real .
bald_beaver_hunter42025 ;lol ,  ,  ,  I know we will one day
dreamin_of_fairies ;and you can tell me if you still like me after you hear me
bald_beaver_hunter42025 ;goodness girl you know I will
dreamin_of_fairies ;no you won't ,  ,  ,  you will think i a baby
bald_beaver_hunter42025 ;no I won't girl
dreamin_of_fairies ;that really why .  .  i so afraid you won't like me no more
bald_beaver_hunter42025 ;goodness girl
dreamin_of_fairies ;so is more for you to hear me ,  ,  ,  then if you say go away baby i will
bald_beaver_hunter42025 ;no I'm not gonna say anything like that ,  ,  ,  I love talking to you
dreamin_of_fairies ;you don't know that
bald_beaver_hunter42025 ;you're a very grown up girl for your age I can tell
dreamin_of_fairies ;but i scerred you gonna laugh so if you don't then i will feel better ,  ,  ,  and won't worry
bald_beaver_hunter42025 ;I'm just nervus about giving out my number on the net never have done that before and all
dreamin_of_fairies ;oh sheesh is just me and i will call it without writing it down so it can't be found .  ,  ,  ,  i don't wanna get grounded till i !  !  !
bald_beaver_hunter42025 ;lol ,  ,  ,  I'm still trying to figure out that blocking thing you Dad has on the phone for someone to call you
dreamin_of_fairies ;i dunno i just know if the number ain't in my list it goes to voicemail so he can check it
bald_beaver_hunter42025 ;did you get in trouble before about this ?
dreamin_of_fairies ;nope ,  ,  ,  i just have eto stay home lots by myself and they think that is safer
bald_beaver_hunter42025 ;oh ok ,  ,  ,  we will talk one day on phone
dreamin_of_fairies ;sigh
bald_beaver_hunter42025 ;sorry
dreamin_of_fairies ;you just messing with me i think
bald_beaver_hunter42025 ;nope you and I both know this isn't legal and we both have to be carfull (  admission of wrong doing cha-ching )
dreamin_of_fairies ;that why callin tonight so good because mom is at airport dropping dad and gramps
bald_beaver_hunter42025 ;I have never been with a girl younger than in my life and what if just what if you're not who you are see my view on this ,  if you was me you would think this to it could be a police woman online pretending to be Crystal (  close but no cigar )  | ,  ,  you know
dreamin_of_fairies ;oh yeah sheesh i not a cop ,  ,  ,  you talk to me and you would be able to tell
bald_beaver_hunter42025 ;I just wish I was alot younger than I am
dreamin_of_fairies ;so you don't trust me and you just playing me ok
bald_beaver_hunter42025 ;I just want to talk to you more so I can get to know it's you ,  ,  ,  all this time it's been a dream of mine to be with a girl that looks like you and I don't have that kind of luck ,  ,  ,  I feel like I'm cursed
dreamin_of_fairies ;but you not ,  ,  ,  you found me
bald_beaver_hunter42025 ;I know and it has been so GREAT to talk to you ,  ,  ,  I just keep thinking this is too good to be true
dreamin_of_fairies ;heh ok i will give you my number .  but i promise you won't get through .  .  you will just hear my dad's message ,  ,  ,  then you can give me your number and i call you
bald_beaver_hunter42025 ;hang on I'll give you mine
dreamin_of_fairies ;kk
bald_beaver_hunter42025 ;just hang on a minutes ,  ,  ,  (  took long enough )
dreamin_of_fairies ;ok hang on i gotta go get the phone ,  ,  ,  i SO excited
bald_beaver_hunter42025 ;lol ,  ,  ,  brb gotta get mine
dreamin_of_fairies ;i gonna get offline while i call be back after we hang up kk ?  ,  ,  ,  I back
bald_beaver_hunter42025 ;That was so cool ,  ,  ,  wb
dreamin_of_fairies ;uber kewl it WAS ,  ,  ,  you like my voice ?
bald_beaver_hunter42025 ;HECK YES
dreamin_of_fairies ;hehe
bald_beaver_hunter42025 ;you sounded like a year old
dreamin_of_fairies ;no way !  !  !
bald_beaver_hunter42025 ;no joke ,  ,  ,  no for real no joke ,  ,  ,  I was expecting a little kid voice
dreamin_of_fairies ;awwww you sweet
bald_beaver_hunter42025 ;ty ,  ,  ,  but you sounded so sexy I got really nervus ,  ,  ,  really nervus
dreamin_of_fairies ;heheh I thought you sounded kinda shy
bald_beaver_hunter42025 ;I am shy (  couldn't prove it by this chat )  ,  ,  ,  lol
dreamin_of_fairies ;awwwww
bald_beaver_hunter42025 ;I feel like a dork in situations like that ,  ,  ,  lol
dreamin_of_fairies ;you just sweet
bald_beaver_hunter42025 ;"lol ty""""> ,  ,  ,  you should have seen me I was shaking in my shooose"
dreamin_of_fairies ;awww ,  ,  ,  i was just excited
bald_beaver_hunter42025 ;you sounded so sexy I didn't know how to talk or anything
dreamin_of_fairies ;you sounded great ,  ,  ,  i sorry i had to get water while we were talking
bald_beaver_hunter42025 ;ty
dreamin_of_fairies ;i talked lots today to cramps
bald_beaver_hunter42025 ;that's fine didn't bother me at all ,  ,  ,  you sure didn't sound like
dreamin_of_fairies ;well i am (  and it still didn't matter to the pervert )
bald_beaver_hunter42025 ;Mercy
dreamin_of_fairies ;He ,  ,  ,  so you ok with me now
bald_beaver_hunter42025 ;yes I'm allot better now
dreamin_of_fairies ;cool
bald_beaver_hunter42025 ;my fantasies will be better now (  ugh )  ,  ,  ,  lol
dreamin_of_fairies ;aw
bald_beaver_hunter42025 ;brb hang on
dreamin_of_fairies ;kk
bald_beaver_hunter42025 ;back
dreamin_of_fairies ;cool
bald_beaver_hunter42025 ;I loved you laugh girlthat was HOT
dreamin_of_fairies ;hope i dint embarrass you talking about your hobby ,  ,  ,  hehe ,  ,  ,  you are so sweet
bald_beaver_hunter42025 ;I didn't know what to say ,  ,  ,  I don't know how to explain it
dreamin_of_fairies ;is ok
bald_beaver_hunter42025 ;it's like when you get hungry ,  ,  ,  you gotta eat
dreamin_of_fairies ;hehhe that's kewl
bald_beaver_hunter42025 ;well when a man gets horny he has to do that (  NOT with a year old child !  )  ,  ,  ,  well what I do ,  ,  ,  you know lol
dreamin_of_fairies ;ya
bald_beaver_hunter42025 ;I have to make myself pee out that juice
dreamin_of_fairies ;heheh
bald_beaver_hunter42025 ;and when that happens it feels so good ,  ,  ,  women get that way to
dreamin_of_fairies ;ya
bald_beaver_hunter42025 ;they have to make themselves do the same just there juice is different ,  ,  ,  and that's so HOT when they do that
dreamin_of_fairies ;heheh kewl
bald_beaver_hunter42025 ;you will be doing that soon ,  ,  ,  I could tell by your voice
dreamin_of_fairies ;really ?  ,  ,  ,  how ?
bald_beaver_hunter42025 ;yes your maturing and your hormones are starting to get active ,  ,  ,  your curious about it
dreamin_of_fairies ;"ahh yeah mom tells me that too ,  ,  ,  well not the curious part"""">"
bald_beaver_hunter42025 ;lol how do you feel tonight ?  ,  ,  ,  butterfly feeling in tummy ?
dreamin_of_fairies ;curious ,  ,  ,  you
bald_beaver_hunter42025 ;that's how it starts ,  ,  ,  lol
dreamin_of_fairies ;was really weird talking to you my tummy felt funny
bald_beaver_hunter42025 ;same here ,  ,  ,  I bet your wet down there too
dreamin_of_fairies ;ya
bald_beaver_hunter42025 ;you are ?
dreamin_of_fairies ;>
bald_beaver_hunter42025 ;are you still alone ?
dreamin_of_fairies ;ya but mom should be getting here soon
bald_beaver_hunter42025 ;ok reach down there and feel to see if your wet
dreamin_of_fairies ;"ya"""">"
bald_beaver_hunter42025 ;That is so way Kewl ,  ,  ,  do you feel that little ball at the top right under your lip down there ?
dreamin_of_fairies ;ya
bald_beaver_hunter42025 ;that's what I love to lick
dreamin_of_fairies ;really ?
bald_beaver_hunter42025 ;if you take your finger and get it wet with your juice down there and lightly lightly rub it you will see what it will feel like
dreamin_of_fairies ;awww i can't do that i feel silly
bald_beaver_hunter42025 ;please for me
dreamin_of_fairies ;hehe ,  ,  ,  you still gonna let m eride your car ?
bald_beaver_hunter42025 ;I wish I could do it for you ,  ,  ,  heck yes
dreamin_of_fairies ;kewl ,  ,  ,  are we gonna do those things you said ?
bald_beaver_hunter42025 ;only if you want me to girl I don't want you to feel like you have to
dreamin_of_fairies ;i don't feel that way ,  ,  ,  your sweet and got such a sweet voice ,  ,  ,  you want me to look like that fairy picture you sent ?
bald_beaver_hunter42025 ;mercy do I (  just digging the hole deeper )
dreamin_of_fairies ;hehhe kewl ,  ,  ,  it will tickle being outside with no clothes on
bald_beaver_hunter42025 ;I now it lol ,  ,  ,  brb
dreamin_of_fairies ;kk
bald_beaver_hunter42025 ;hang on ,  ,  ,  back
dreamin_of_fairies ;Mercy
bald_beaver_hunter42025 ;what ?
dreamin_of_fairies ;just thinking
bald_beaver_hunter42025 ;what ?
dreamin_of_fairies ;what you just said
bald_beaver_hunter42025 ;what about it ?
dreamin_of_fairies ;nude
bald_beaver_hunter42025 ;I was to lick you so bad !  !  !  !  !  !  !  !  !  !  !  !  !  !  !  !  !  !  !  !  !  !  !  !  !  !  !  ,  ,  ,  want that is
dreamin_of_fairies ;that the way you said you want me in the car
bald_beaver_hunter42025 ;yes
dreamin_of_fairies ;so i will be that way for you
bald_beaver_hunter42025 ;I just don't know how your gonna sneak out at night or whatever
dreamin_of_fairies ;i told you i have to stay by myself lots ,  ,  ,  is whydad did phone that way
bald_beaver_hunter42025 ;oh ok well your not alone like all night at your house
dreamin_of_fairies ;ya sometimes
bald_beaver_hunter42025 ;I don't see how they do that I would be worried sick
dreamin_of_fairies ;they can't help it they gotta work ,  ,  ,  and i got school
bald_beaver_hunter42025 ;I thought your mom was at home at night
dreamin_of_fairies ;nope not all time ,  ,  ,  like dad is in maine for next weeks ,  ,  ,  but mom still got to work
bald_beaver_hunter42025 ;she works nights ?
dreamin_of_fairies ;she gotta fly to some project she working on next week
bald_beaver_hunter42025 ;no one stays with you ?
dreamin_of_fairies ;nope ,  ,  ,  guess they trust me
bald_beaver_hunter42025 ;dang girl ,  ,  ,  they really do
dreamin_of_fairies ;i know lots of kids that have to stay alone
bald_beaver_hunter42025 ;I just didn't think that ever happened with a young girl though
dreamin_of_fairies ;yeah ,  ,  ,  mom has a friend that i check in with ,  ,  ,  and she would come over if i had a problem and called
bald_beaver_hunter42025 ;kewl ok
dreamin_of_fairies ;but i in school all day ,  ,  ,  and sleeping all night so i just let her know i am home after school
bald_beaver_hunter42025 ;your getting ready for fall break here soon
dreamin_of_fairies ;we had it this week ,  ,  ,  is why gramps was here
bald_beaver_hunter42025 ;oh ok
dreamin_of_fairies ;so i be in school all week and mom don't leave till sometime mid or late week
bald_beaver_hunter42025 ;I don't know anything about bowling green
dreamin_of_fairies ;but i will be home on weekend alone and that is always cool i get to act grown and do what i want
bald_beaver_hunter42025 ;kewl ,  ,  ,  I wouldn't know where to go park for you and I
dreamin_of_fairies ;i dunno ,  ,  ,  there are lots of parks here
bald_beaver_hunter42025 ;yea but I don't want anyone to see you that you know
dreamin_of_fairies ;nobody gonna be at my house but me
bald_beaver_hunter42025 ;oh ok ,  ,  ,  so you would want me to come there to lick you for a very long time then
dreamin_of_fairies ;you want to do that ?
bald_beaver_hunter42025 ;I'm gonna have to say hummmmm YES (  confirmation of intent to have sex over and over )  ,  ,  ,  LOL
dreamin_of_fairies ;hehhe then kewl
bald_beaver_hunter42025 ;I just can't believe your up for this
dreamin_of_fairies ;why ?  ,  ,  ,  you so sweet
bald_beaver_hunter42025 ;ty ,  ,  ,  you never done this and don't know how it feels
dreamin_of_fairies ;nope you be my first
bald_beaver_hunter42025 ;same here
dreamin_of_fairies ;your first ?  ,  ,  ,  elo ?
bald_beaver_hunter42025 ;lol yep my first young young woman ever
dreamin_of_fairies ;way kewl !
bald_beaver_hunter42025 ;girl I wouldn't be surpized I juice seeing you nude (  a visual I could live without )
dreamin_of_fairies ;so you really are coming to my house while everybody gone ?  ?  for real you are ?
bald_beaver_hunter42025 ;I want too BAD !  !  !  !  !  !  !  !  !  !  !
dreamin_of_fairies ;hehe is that a yes ?  ,  ,  ,  or you messing with me
bald_beaver_hunter42025 ;not messing
dreamin_of_fairies ;wow
bald_beaver_hunter42025 ;just got to figure out a way to get out here
dreamin_of_fairies ;what cha mean ?
bald_beaver_hunter42025 ;well incase parents call friends you know ,  ,  ,  work scedual
dreamin_of_fairies ;huh ?  ,  ,  ,  ahhh
bald_beaver_hunter42025 ;just don't give up on me
dreamin_of_fairies ;you off on friday and saturday nights right ?
bald_beaver_hunter42025 ;yes ,  ,  ,  are you sure your ok with this ?
dreamin_of_fairies ;i really am ,  ,  ,  i can't believe you wanna be with little ole me
bald_beaver_hunter42025 ;heck yes ,  ,  ,  I want to lick you like a lollipop pop down there girl (  another visual requiring eye bleach )
dreamin_of_fairies ;heheh kewl
bald_beaver_hunter42025 ;did you rub your fingers down there ?
dreamin_of_fairies ;"a little """" >"
bald_beaver_hunter42025 ;WAY KEWL ,  ,  ,  how did it feel ?
dreamin_of_fairies ;hehe wet
bald_beaver_hunter42025 ;that's what I want to lick off of you
dreamin_of_fairies ;awwwww
bald_beaver_hunter42025 ;that little ball at the top how big is it compaird to the end of your picky finger ?  ,  ,  ,  pinky that is ,  ,  ,  lol
dreamin_of_fairies ;hehe i dunno
bald_beaver_hunter42025 ;just curious here
dreamin_of_fairies ;it's not big
bald_beaver_hunter42025 ;do you know the names of the parts down there ?
dreamin_of_fairies ;ummm don't think so
bald_beaver_hunter42025 ;that little ball is your cliturus
dreamin_of_fairies ;cool
bald_beaver_hunter42025 ;it's like a female penis just that you don't pee through it ,  ,  ,  it just gets hard and is sisitive for when having sex
dreamin_of_fairies ;cool
bald_beaver_hunter42025 ;if you were nude right now infront of me what would you want me to do for you ?
dreamin_of_fairies ;what would you want to do ?
bald_beaver_hunter42025 ;kiss you ,  ,  ,  kiss your belly
dreamin_of_fairies ;awww kewl
bald_beaver_hunter42025 ;your buttchecks ,  ,  ,  well everything actually
dreamin_of_fairies ;awww that's kewl ,  ,  ,  dang you gona be on tomorrow night ?  ,  ,  ,  mom's driving up .  .  i need to get off
bald_beaver_hunter42025 ;yes ,  ,  ,  I will try to be girl
dreamin_of_fairies ;talk to you then
bald_beaver_hunter42025 ;later girl
dreamin_of_fairies ;i so excited about meeting you for real
bald_beaver_hunter42025 ;><:- * ,  ,  ,  same here
dreamin_of_fairies ;night ><:- *
bald_beaver_hunter42025 ;night ,  ,  ,  Hey girl
dreamin_of_fairies ;hiyas
bald_beaver_hunter42025 ;Sorry I fell asleep ,  ,  ,  lol
dreamin_of_fairies ;wondered where you were
bald_beaver_hunter42025 ;was just gonna take a nap and get up around ,  ,  ,  been thinking about you
dreamin_of_fairies ;me too about you
bald_beaver_hunter42025 ;I remembered something after we got done chatting last night ,  ,  ,  gonna be busy this next weekend but please don't give up just be patient
dreamin_of_fairies ;aw ,  ,  ,  next weekend is only time i know i will be alone for sure
bald_beaver_hunter42025 ;there is gonna be more times I'm sure
dreamin_of_fairies ;yeah i knew you was just messing with me
bald_beaver_hunter42025 ;I want being serious here ,  ,  ,  I want to see you bad !  !  !  !  !  !  !  !  !  !  !  !  !  !  ,  ,  ,  but can't do it this soon yet
dreamin_of_fairies ;yeah ,  ,  ,  why ?  ,  ,  ,  we been talking forever
bald_beaver_hunter42025 ;I had a prior comentment with my parents that I can't get undone
dreamin_of_fairies ;both nights ?
bald_beaver_hunter42025 ;yep
dreamin_of_fairies ;what is it ?
bald_beaver_hunter42025 ;dad is working on a project at his house
dreamin_of_fairies ;we can do it earlier in day or thursday
bald_beaver_hunter42025 ;Crystal I think you are a great young woman but I can tell your gonna get upset easy on stuff like this and I am sorry
dreamin_of_fairies ;i not upset just don't like being played
bald_beaver_hunter42025 ;I wasn't playing but you need a young guy not me (  gets sketchy again but eventually comes around )
dreamin_of_fairies ;an you dint say nothing about a project when we were talking last night
bald_beaver_hunter42025 ;I forgot all about it I was so tired last night ,  ,  ,  your a real sweet girl and so nice and this isn't a good thing anyway plus your getting upset and I didn't want to do that ,  ,  ,  I have always had a fantasy about being with a young woman but I knew deep down that it was never gonna happen ,  ,  ,  just wanted to feel young again
dreamin_of_fairies ;cause you don't want it to is all
bald_beaver_hunter42025 ;I do ,  just to many things in the way|
dreamin_of_fairies ;ya right what ever
bald_beaver_hunter42025 ;just wish you lived allot closer
dreamin_of_fairies ;i can't help where i live
bald_beaver_hunter42025 ;I know you can't
dreamin_of_fairies ;i knew you wouldn't when you heard my voice so there .  i not stupid
bald_beaver_hunter42025 ;you have a very Great voice girl very sexy that doesn't have anything to do with it at all
dreamin_of_fairies ;then you just lame and didn't mean anything you told me .  playing me is all
bald_beaver_hunter42025 ;it doesn't matter your gonna be mad no matter what
dreamin_of_fairies ;i not mad just don't like lame
bald_beaver_hunter42025 ;Sorry about all this girl should have never told you anything ,  ,  ,  I thought you would understand and be more patient
dreamin_of_fairies ;ya patient for you to tell me again you can't come
bald_beaver_hunter42025 ;ok
dreamin_of_fairies ;that's just mean to get me all excited and make me feel special then just decide it all wasn't gonna happen
bald_beaver_hunter42025 ;your right I'm Lame and no good
dreamin_of_fairies ;what ever ,  ,  ,  you still mad at me ?  (  at this point I figured he was gone )
bald_beaver_hunter42025 ;I was never mad at you girl ,  you are mad at me .  .  .  .  I think allot of you just there are times I can't get away that's all .  My parents are way up there in age and I have to be around sometimes to help them out after all they had to take care of me when I was young .  I think you are very beautiful woman no joke and very mature for your age I just wish you had more patients about something like this .  | ,  ,  Message .  .  .  lol .  .  .  .  You know I don't want you to get hurt in any way emotionally and all just hope you are willing to experience pleasure in that way without getting emotionally attached .  I want us to stay friends like crazy girl let me know something .  .  .
dreamin_of_fairies ;hiyas SO excited to get to talk to you again .  I am excited about tomorrow .  ,  ,  ,  here is my address .  ** edited kids address ** Bowling Green and here is a estate page that never updates so our house and directions are still on it .  ** edited website ** ours is the one with the sold sign ,  ,  ,  i will call you tomorrow ok ?
bald_beaver_hunter42025 ;Just letting you know I'll be on the road to your place at : am I hope your up that early to talk to me on the phone .  Really don't know anything at all about Bowling green so I'm sure I will have that lost feeling lol I'm so excited to finally get to see you but at the same time I'm nervus as heck lol Hope you get this offline catcha later tater
dreamin_of_fairies ;hey i hope you get this .  i tried to call you and left messages .  i gotta be at my neighbors for breakfast at .  she is going shopping at noon so nobody be around then .  PLEASE come at noon .  i will be back at house by then alone .  i so excited and can't wait !  !  !  !
bald_beaver_hunter42025 ;|Sorry to disappoint you girl but I had the morning cleared for Sat .  I have to be at my parents house by pm they are having a grill out .  Not to worry though I'm sure there will be another chance here soon we both have to be patient ,  ,  ok ?  We still got our online chats we can keep check on each other that way .  Well catch online here soon I'll be on late tonight .  |
dreamin_of_fairies ;Hey there ,  ,  ,  I have an idea
bald_beaver_hunter42025 ;what ?
dreamin_of_fairies ;is it ok with you if I come up there late late tonight ,  ,  ,  ?
bald_beaver_hunter42025 ;how late ?
dreamin_of_fairies ;not sure ,  ,  ,  lol ,  ,  ,  don't know what time I'm gonna get back tonight ,  ,  ,  take hours to get to your place ,  ,  ,  it's up to you girl if not that's ok
bald_beaver_hunter42025 ;no no no i ant to see you ,  ,  ,  want
dreamin_of_fairies ;tell you what ,  ,  ,  when you get back from breakfast make sure you get go to bed and sleep all day that way you will be awake tonight
bald_beaver_hunter42025 ;can i call you my yahoo keeps doing weird
dreamin_of_fairies ;can you give me a few minutes before you do ?
bald_beaver_hunter42025 ;ya how long ?
dreamin_of_fairies ;minutes
bald_beaver_hunter42025 ;kk
dreamin_of_fairies ;ok
bald_beaver_hunter42025 ;call in ,  ,  ,  in
dreamin_of_fairies ;ok ,  ,  ,  ty ,  ,  ,  |It was so good to hear your voice again and yes I am gonna try my best to leave early tonight so don't worried lol ,  If I get to leave really early I'll leave you an offline message so be sure and check your yahoo for messages if you don't see anything then you know I'm still at my parents house .  Catcha later ><:-*| ,  ,  YOu there ?  ,  ,  ,  On my way girl ,  ,  ,  just letting you know ,  ,  ,  my phone is giving me problems tonight so keep trying me ,  ,  ,  getting off here and heading out ,  ,  ,  catcha on the phone here in a litle while
bald_beaver_hunter42025 ;
dreamin_of_fairies ;
bald_beaver_hunter42025 ;
dreamin_of_fairies ;
bald_beaver_hunter42025 ;
dreamin_of_fairies ;
bald_beaver_hunter42025 ;
dreamin_of_fairies ;
bald_beaver_hunter42025 ;
dreamin_of_fairies ;
bald_beaver_hunter42025 ;
dreamin_of_fairies ;
bald_beaver_hunter42025 ;
dreamin_of_fairies ;
bald_beaver_hunter42025 ;
