ID;msg
ballsac49829 ;ya why
decoy ;idk because i don't think i know you
ballsac49829 ;you want to trade some pictures
decoy ;idk asl ?
ballsac49829 ;/ m/mi bi married you
decoy ;f my not bi not married ,  lol
ballsac49829 ;you got any pictures to trade
decoy ;yeah
ballsac49829 ;send one ,  nice ,  what kind you want
decoy ;idc ,  is that your wife ?
ballsac49829 ;no just someone i traded with ,  i'll show wife next
decoy ;how old is she ?
ballsac49829 ;not sure ,  your turn
decoy ;|well if you're not going to send pictures of you ,  why do i want pictures ?  |
ballsac49829 ;that's why i asked what kind you wanted
decoy ;well why do i want a picture of some girl ?  ,  especially if you don't even know who she is
ballsac49829 ;sorry i'll send one of wife
decoy ;she's pretty how old is she ?
ballsac49829 ;thanks
decoy ;you don't have any of you ?
ballsac49829 ;ya some of me wearing wifes panties ,  your turn ,  your hot ,  you
decoy ;that's not such a great picture of me ,  lol
ballsac49829 ;like the faces your making ,  so what you want wife or me
decoy ;you
ballsac49829 ;nice picture
decoy ;how come your wife didn't take the pictures ?
ballsac49829 ;she don't know i share them on here
decoy ;good reason ,  lol ,  how come ?
ballsac49829 ;never told her ,  you
decoy ;me what ?
ballsac49829 ;turn
decoy ;where in my do you live ?
ballsac49829 ;upper peninsula
decoy ;i live a hour from Kalamazoo
ballsac49829 ;north or south
decoy ;idk i just know it takes a hour to get to my grampa s
ballsac49829 ;i see so your about to hours away from me
decoy ;if you say so
ballsac49829 ;more pictures ,  any in swimsuit or something like that
decoy ;not on this computer
ballsac49829 ;you got a cell phone
decoy ;my mom took it because i was talking on it too much ,  that and because she sucks ,  lol
ballsac49829 ;more pictures please
decoy ;gonna add me ?
ballsac49829 ;your so sexy
decoy ;you think so ?
ballsac49829 ;ya ,  keep sending ,  last one of me
decoy ;you don't have any of your face ?
ballsac49829 ;no sorry ,  got any of your butt ,  or full body pictures ,  very nice ,  send more please ,  any of butt or more body
decoy ;i'm a goof
ballsac49829 ;nice ,  keep sending ,  oh you i like that one in bed ,  more please
decoy ;why ?
ballsac49829 ;i like you your hot
decoy ;ty vm
ballsac49829 ;anymore
decoy ;not on this computer ,  i'll have ot get them
ballsac49829 ;you into phone at all
decoy ;what do you mean ?
ballsac49829 ;want to talk on the phone and get dirty
decoy ;that sf a key f a key
ballsac49829 ;not really i love it
decoy ;may be when i get my phone back i guess
ballsac49829 ;ok ,  you got me all horny and hard
decoy ;how did i do that ?
ballsac49829 ;just by your pictures your hot
decoy ;heh thanks ,  i have to go ,  i have to take get ready for tomorrow .  ,  ttys
ballsac49829 ;ok
decoy ;boo ,  you've been gone for a while
ballsac49829 ;asl
decoy ;f miles
ballsac49829 ;ya it's been awhile ,  got any pictures to share
decoy ;i gave you a bunch of pictures
ballsac49829 ;any new one ,  ones
decoy ;not yet
ballsac49829 ;send a couple to remind me please ,  you there ,  lets share some pictures please ,  <ding> ,  hello ,  want to see some hot pictures of my wife
decoy ;last time you said that you sent me a picture of some girl you didn't even know
ballsac49829 ;send me one of you and i'll send ones of wife ,  left or right ,  ?  ?
decoy ;left
ballsac49829 ;very nice i like ,  send more ,  hello ,  you there
decoy ;why more ?
ballsac49829 ;cause your hot i like ,  please ,  pretty please ,  thank you ,  you want more of wife ,  send more please ,  <ding>
decoy ;why do i want to see your wife
ballsac49829 ;not sure what you want to see
decoy ;well i've already seen you in your red undies
ballsac49829 ;i got more of other guys and boys ,  well ?
decoy ;boys ?  like my age ?
ballsac49829 ;sure
decoy ;like the kind of you in your undies
ballsac49829 ;some most nude though ,  well ,  you there
decoy ;yeah sorry ,  my mom came in because she's packing to go to Windsor
ballsac49829 ;ok sorry i got booted also
decoy ;and i didn't want her to know i was chatting
ballsac49829 ;lets trade some more ,  no prob
decoy ;she's going to wind so ,  windsor ,  have you been there ?
ballsac49829 ;no ,  i have to close i'll be right back on Peter is messing up
decoy ;kay'
ballsac49829 ;send another ,  nice ,  so what you want
decoy ;a picture of you
ballsac49829 ;all i have are the ones of me in red panties
decoy ;you don't have more ?  ,  you should take more ,  lol
ballsac49829 ;i know i haven't had time ,  but i got others of guys and boys ,  well ?  ,  ?  ?
decoy ;boys are boring
ballsac49829 ;how about some blow job pictures
decoy ;idk that sf a key f a key
