ID;msg
billy_williams65 ;asl
allieonastar;hi ,  ,  ,  ,  ,  / f/bristol ,  ,  ,  ,  ,  you ?
billy_williams65 ;"|kool (  The girl is ,  and he says \"""" cool \"""" .  )  | ,  ,  ,  ,  m Knoxville"
allieonastar;kewl ,  ,  ,  ,  ,  whatcha doing ?
billy_williams65 ;sitting here trying to find me a girlfriend
allieonastar;awww
billy_williams65 ;what about you are you available
allieonastar;lol me ?  ,  ,  ,  ,  ,  i donthave abf if that's what you mean
billy_williams65 ;yea sweetie you be mine (  after only three minutes of chat .  )
allieonastar;you really want to be my boyfriend ?
billy_williams65 ;sure
allieonastar;wow ty
billy_williams65 ;yw ,  ,  ,  ,  ,  you gotta picture sweetie
allieonastar;be cool to have abf
billy_williams65 ;i'm yours
allieonastar;awww ,  ,  ,  ,  ,  on my myspace
billy_williams65 ;ok
allieonastar;your a little cutie pie ,  ,  ,  ,  ,  mehn
billy_williams65 ;awww ty
allieonastar;yw ,  ,  ,  ,  ,  how long you had an id on here
billy_williams65 ;on here ?  idk ,  ,  ,  ,  ,  a while
allieonastar;well baby where have you bn
billy_williams65 ;lol
allieonastar;what you got planned for th rest of th summer
billy_williams65 ;ummm .  .  .  having gfun ?  ,  ,  ,  ,  ,  going swimming andto the mall
allieonastar;s that all you gonna do
billy_williams65 ;well idk what else should i do ?  lol
allieonastar;bn skinny dipping yet
billy_williams65 ;lol ,  ,  ,  ,  ,  you mean with no suit right ?  ,  ,  ,  ,  ,  haven't doen t hat
allieonastar;right ,  ,  ,  ,  ,  out on a date
billy_williams65 ;srsly i haven't
allieonastar;and e thing close
billy_williams65 ;ummm like what ?
allieonastar;kissing and hugging to start with
billy_williams65 ;wow ,  ,  ,  ,  ,  well like i said i haven't had a boyfriend
allieonastar;do you really want
billy_williams65 ;well i thought you said you wanted to be my boyfriend ,  ,  ,  ,  ,  do you ?  or are you just messing me around
allieonastar;yea i wanna girlfriend to do things with
billy_williams65 ;kewl ,  ,  ,  ,  ,  what kinda things ?
allieonastar;help each other with / out clothes ,  ,  ,  ,  ,  our
billy_williams65 ;like how ?
allieonastar;taking them off or dressing each other
billy_williams65 ;wow really ?
allieonastar;really
billy_williams65 ;you want to do the with me ?
allieonastar;if you want to ,  ,  ,  ,  ,  maybe little more if you like
billy_williams65 ;really ?
allieonastar;really ,  ,  ,  ,  ,  maybe play around to
billy_williams65 ;lol ,  ,  ,  ,  ,  play around how ?
allieonastar;little bit of experimentyw/sex
billy_williams65 ;"oh ,  ,  ,  ,  ,  """" >"
allieonastar;touching each other
billy_williams65 ;your not messing with me right ?  you want to do that with me ?
allieonastar;if you want to
billy_williams65 ;well my cousin says the bfis supposed to choose is that right ?
allieonastar;yea but that depends on what you want to
billy_williams65 ;what do you like doing ?
allieonastar;everything
billy_williams65 ;ok
allieonastar;do you breasts yet
billy_williams65 ;ummm a little i guess
allieonastar;you have picture for me to see
billy_williams65 ;just the ones on my myspace
allieonastar;can really tell and those
billy_williams65 ;can tell what ?
allieonastar;if you have breasts
billy_williams65 ;well i do lol ,  ,  ,  ,  ,  i'm girl lol
allieonastar;cool ,  ,  ,  ,  ,  wish you were here
billy_williams65 ;lol where ?
allieonastar;here with me
billy_williams65 ;"oh ,  ,  ,  ,  ,  """" > ,  ,  ,  ,  ,  that could be fun"
allieonastar;i know ,  ,  ,  ,  ,  parents at work or home
billy_williams65 ;you mean my parents ?
allieonastar;yea
billy_williams65 ;i live with my aunt
allieonastar;ok
billy_williams65 ;my dad's a trucker so he's gone lots
allieonastar;what about your mom
billy_williams65 ;oh she died when i was really small
allieonastar;aw am sorry
billy_williams65 ;it's ok thanks ,  ,  ,  ,  ,  |i missher lots ,  but i don't really remember her you know ?  |
allieonastar;ok
billy_williams65 ;but i love her
allieonastar;s cool ,  ,  ,  ,  ,  where's your aunt (  Risk assessment .  )
billy_williams65 ;right now ?
allieonastar;yea
billy_williams65 ;kitchen
allieonastar;+ ,  ,  ,  ,  ,  ok
billy_williams65 ;you want to talk to her lol ?
allieonastar;no ,  ,  ,  ,  ,  I'll get and trouble to (  Tells her that she'll be in trouble if her aunt finds out .
billy_williams65 ;i don't want to get in trouble for sure
allieonastar;what do you know about boys
billy_williams65 ;i know that most boys in school are stupid lol
allieonastar;lol
billy_williams65 ;have you ever seen a dick
allieonastar;mean like a guys ?
billy_williams65 ;yea
allieonastar;no
billy_williams65 ;would you wanna c mine
allieonastar;omg really ?
billy_williams65 ;really
allieonastar;if you wanna show me
billy_williams65 ;I will when we meet (  After less than an hour of chat ,  he wants to meet .  )  |
allieonastar;wow ,  ,  ,  ,  ,  kewl
billy_williams65 ;you can even hold it if you want
allieonastar;wow ,  ,  ,  ,  ,  do you like that ?
billy_williams65 ;yea and you will like it to
allieonastar;i will ?
billy_williams65 ;cool
allieonastar;if you want me to do that really and you're not messing with me then it's kewl
billy_williams65 ;i'm not messing w/u
allieonastar;ok
billy_williams65 ;put it and your mouth and suck on it
allieonastar;cause i know sometimes guys pretend they like you and get you to say you like them and then they laugh and tell people ,  ,  ,  ,  ,  omg do people really do that ?
billy_williams65 ;yea ,  ,  ,  ,  ,  not all people
allieonastar;do you like that ?
billy_williams65 ;no i like licking pussy
allieonastar;omg ,  ,  ,  ,  ,  is that good ?
billy_williams65 ;i think it is ,  ,  ,  ,  ,  I'll c what i mean when we meet
allieonastar;wow ,  ,  ,  ,  ,  that sounds kewl
billy_williams65 ;because i'm gonna lick yours
allieonastar;!  !  !  !  !  !  !  !  !  !  ,  ,  ,  ,  ,  really I'll do that to me ?
billy_williams65 ;yea
allieonastar;wow ,  ,  ,  ,  ,  when do you want to meet ?
billy_williams65 ;when can you meet me
allieonastar;idk ,  ,  ,  ,  ,  my aunt works at the hospital so it'd have to be sometime when she's working
billy_williams65 ;when is that
allieonastar;|its not regular ,  sometimes it's all night but sometimes it's in the day ,  ,  ,  ,  she doesn't know till like a week before
billy_williams65 ;ok
allieonastar;when could you come ?
billy_williams65 ;end of this month
allieonastar;ok ,  ,  ,  ,  ,  cool i can check her calendar andfind out when she's working then
billy_williams65 ;cool ,  ,  ,  ,  ,  you can't tell and e body
allieonastar;o ok ,  ,  ,  ,  ,  why not ?  i'm excited cause i have a boyfriend now
billy_williams65 ;we get and trouble if you tell
allieonastar;oh i don't want to get in trouble ,  ,  ,  ,  ,  ok i won't say anything
billy_williams65 ;I wanna put my dick and your pussy (  Well ,  that's pretty direct .  )  |
allieonastar;oh wow (  I'll just confirm that I'm not misunderstanding him .  )  ,  ,  ,  ,  ,  you mean like have sex for real ?
billy_williams65 ;|yea (  No ,  I'm not misunderstanding him .  )  |
allieonastar;> ,  ,  ,  ,  ,  |if you really want to ,  with me ,  then i do too|
billy_williams65 ;yea mom love to
allieonastar;but i've never done that is that ok ?
billy_williams65 ;s cool
allieonastar;you won't laugh at me will you ?
billy_williams65 ;no baby
allieonastar;ok
billy_williams65 ;it might be little scary for you
allieonastar;really ?  ,  ,  ,  ,  ,  why ?
billy_williams65 ;your first time (  He remembers it's her first time .  )
allieonastar;ya
billy_williams65 ;we go slow ,  ,  ,  ,  ,  and easy
allieonastar;oh good ,  ,  ,  ,  ,  does it hurt ?
billy_williams65 ;yea because your a virgin (  Not that he's deterred by that .  )
allieonastar;o ok ,  ,  ,  ,  ,  does it hurt a lot ?
billy_williams65 ;if it hurts we stop
allieonastar;ok ,  ,  ,  ,  ,  so your really my boyfriend now ?
billy_williams65 ;yea
allieonastar;yaaaaaaaaaaaaaaaaayyyyyyyyyyyyyyyyyyy ,  ,  ,  ,  ,  ,  ,  ,  ,  ,  can i add you ?
billy_williams65 ;sure
allieonastar;ok sent it ,  ,  ,  ,  ,  awww ty
billy_williams65 ;yw
allieonastar;i'm really happy now
billy_williams65 ;how tall are you Allie
allieonastar;um about feet
billy_williams65 ;cool
allieonastar;how about you ?
billy_williams65 ;feet in
allieonastar;oh wow you're way taller lol
billy_williams65 ;yea ,  ,  ,  ,  ,  |have you started yet (  He knows she's young enough to perhaps not have started her period yet .  Nice ,  right ?  )  |
allieonastar;started what ?
billy_williams65 ;your period
allieonastar;"oh ,  ,  ,  ,  ,  """" > ,  ,  ,  ,  ,  you ,  ,  ,  ,  ,  is that ok ?"
billy_williams65 ;yea ,  ,  ,  ,  ,  when do you have it
allieonastar;oh good ,  ,  ,  ,  ,  well ,  ,  ,  ,  ,  hold on i gotta check
billy_williams65 ;ok
allieonastar;ok ,  ,  ,  ,  ,  it's embarrassing but should be next week
billy_williams65 ;ok ,  ,  ,  ,  ,  id love to come get you and bring you home with me (  Come get me ?  Why ?  )  allieonastar (  06/10/08 : 09:31 PM )  :  oh wow that would be fun ,  ,  ,  ,  ,  we have sex and e time we want then (  Aha .  )
allieonastar;wow ,  ,  ,  ,  ,  that sounds so kewl
billy_williams65 ;once you catch on you can fuck me
allieonastar;really ?
billy_williams65 ;really
allieonastar;do you like that ?
billy_williams65 ;remember yea
allieonastar;how do i do that ?  ,  ,  ,  ,  ,  will you show me if i don't know how to do it ?
billy_williams65 ;you climb on top of me and slide your pussy down over my dick and hunch ,  ,  ,  ,  ,  yea i'll show you (  He'll show her .  )
allieonastar;wow kewl .  ok cause i don't want to mess up
billy_williams65 ;you won't
allieonastar;ok good ,  ,  ,  ,  ,  crap
billy_williams65 ;what
allieonastar;my aunts calling me i gtg
billy_williams65 ;ok bye baby
allieonastar;i'll look for you later ok ?
billy_williams65 ;ok
allieonastar;bye .  .  .  .  ,  ,  ,  ,  ,  talk to you soon
billy_williams65 ;bye ,  ,  ,  ,  ,  ok ,  ,  ,  ,  ,  holler when you get back ,  ,  ,  ,  ,  allie baby you there ,  ,  ,  ,  ,  allie ,  ,  ,  ,  ,  night baby ,  ,  ,  ,  ,  you there allie
allieonastar;hey Billy sorry i missed you yesterday ,  ,  ,  ,  ,  i'll try to catch you later
billy_williams65 ;ok sweet
allieonastar;hi you there ?
billy_williams65 ;yea baby
allieonastar;hi !  !  !  !  !  !
billy_williams65 ;hi ,  ,  ,  ,  ,  : - *
allieonastar;awwww ,  ,  ,  ,  ,  kiss for me lol ?
billy_williams65 ;yea
allieonastar;> ,  ,  ,  ,  ,  sorry i missed you last night .  .  .  my cousin would not get off the puter : -w
billy_williams65 ;was she there when i was talking to you
allieonastar;she wasn't like right there reading if that's what you mean ,  ,  ,  ,  ,  she was on the phone then
billy_williams65 ;ok ,  ,  ,  ,  ,  does she know what we gonna do (  Again assessing risk .  )
allieonastar;i haven't told her
billy_williams65 ;cool (  He's glad she hasn't told anyone .  )
allieonastar;you said we needed to keep it secret right ?  ,  ,  ,  ,  ,  i like having a secret boyfriend
billy_williams65 ;right
allieonastar;cool
billy_williams65 ;cool
allieonastar;whatcha do today ?
billy_williams65 ;work
allieonastar;kewl what kinda work ?
billy_williams65 ;maintenance
allieonastar;oh that's important stuff
billy_williams65 ;yea keeping machines going
allieonastar;my dad's always talking about the crew at his truck place and how nothing would run without them
billy_williams65 ;cool
allieonastar;so your like really important !
billy_williams65 ;yea
allieonastar;what kinda machines you know about ?
billy_williams65 ;cars and different kinds of machines
allieonastar;way kewl ,  ,  ,  ,  ,  what kinda cars you like ?
billy_williams65 ;chevy/forg / dodge ,  ,  ,  ,  ,  ford ,  ,  ,  ,  ,  honda / Toyota
allieonastar;oh i like that Chevy car ,  ,  ,  ,  ,  now can't remember the name lol ,  ,  ,  ,  ,  it's really cute
billy_williams65 ;corvette ,  ,  ,  ,  ,  nova
allieonastar;hmmm maybe ,  ,  ,  ,  ,  its like little and sporty
billy_williams65 ;nova
allieonastar;|ya i guess ,  i like it ,  ,  ,  ,  you have a favorite ?
billy_williams65 ;there's a few ,  ,  ,  ,  ,  chevelle / nova/barracuda
allieonastar;kewl i didn't know there was one called barracuda
billy_williams65 ;yea
allieonastar;is that like a sportscar ?
billy_williams65 ;yea ,  ,  ,  ,  ,  it go if not more
allieonastar;with .  o .  with .  ,  ,  ,  ,  ,  that's SO fast ,  ,  ,  ,  ,  have you ever ridden in one ?
billy_williams65 ;yea ,  ,  ,  ,  ,  no
allieonastar;that would be like racing
billy_williams65 ;yea
allieonastar;i can't wait to learn to drive
billy_williams65 ;you got a few years to go sweety (  He remembers how young she is .  )
allieonastar;|lol ikno ,  but i still want to NOW |
billy_williams65 ;LOL i know
allieonastar;what you do today
billy_williams65 ;we went swimming again which was really nice
allieonastar;cool ,  ,  ,  ,  ,  you go with cousin
billy_williams65 ;ya .  .  she met some guy she likes there ,  ,  ,  ,  ,  so she didn't swim she just talked to him the whole time
allieonastar;how old is she
billy_williams65 ;christas
allieonastar;ok ,  ,  ,  ,  ,  |if she found out about us / would she tell (  Does that concern you ,  Billy ?  |
billy_williams65 ;hmmm ,  ,  ,  ,  ,  i don't think so if i explained the tweets were bf/gf ,  ,  ,  ,  ,  she's always saying gi should have a boyfriend
allieonastar;we might wanna keep it a secret (  Apparently so .  .  .  )
billy_williams65 ;ok if you don't want i won't say anything to her ,  ,  ,  ,  ,  she know that i chat with friends but i won't say i'm talking got my boyfriend ,  ,  ,  ,  ,  that ok ?
allieonastar;maybe best not to tell her
billy_williams65 ;you think shed be jealous ?
allieonastar;maybe
billy_williams65 ;ok then i won't tell her
allieonastar;ok
billy_williams65 ;your a little sweetie pie
allieonastar;"awwww ,  ,  ,  ,  ,  """" >"
billy_williams65 ;i could eat you up (  Praising her for doing what he wants )
allieonastar;your really sweet too ,  ,  ,  ,  ,  lol
billy_williams65 ;aw tks
allieonastar;well you are and you talk to me like a real person
billy_williams65 ;not like a kid
allieonastar;ya exactly
billy_williams65 ;id love to be there w/u now
allieonastar;wo wi wish you could ,  ,  ,  ,  ,  how long does it take to drive from your place here ?
billy_williams65 ;not sure
allieonastar;but you still think you can come end of the month ?
billy_williams65 ;yea
allieonastar;yayyayyayyayyayyayyayyay
billy_williams65 ;i think it's about hours
allieonastar;ok
billy_williams65 ;where we gonna meet
allieonastar;hmmm ,  ,  ,  ,  ,  idk ,  ,  ,  ,  ,  if my aunts working gmaybe we could meet at the mall ?  ,  ,  ,  ,  ,  where you like to go ?
billy_williams65 ;ok
allieonastar;is it storming gwhere you are ?
billy_williams65 ;it was ,  ,  ,  ,  ,  you live close to th mall
allieonastar;about minutes i guess ?  ,  ,  ,  ,  ,  never really timed it lol
billy_williams65 ;cool
allieonastar;but we go there a lot
billy_williams65 ;ok ,  ,  ,  ,  ,  where to from th mall you wanna go
allieonastar;ummm idk ,  ,  ,  ,  ,  wherevr you want to go i guess ,  ,  ,  ,  ,  i'm happy with whatever
billy_williams65 ;ok
allieonastar;do you like chick fila ?
billy_williams65 ;would you wanna go to motel
allieonastar;"if you do """" >"
billy_williams65 ;ok ,  ,  ,  ,  ,  or maybe your aunts house
allieonastar;maybe ,  ,  ,  ,  ,  if she's working gall night we could
billy_williams65 ;what about the neighbors and e body see us (  Still worried about someone finding out .  )
allieonastar;idk ,  ,  ,  ,  ,  don't thinkso ,  ,  ,  ,  ,  they wouldn't see inside
billy_williams65 ;are they little nosey
allieonastar;brb phone ,  ,  ,  ,  ,  hey it's my dad callin gi gotta go ok ?  ,  ,  ,  ,  ,  i'll talk to you soon ,  ,  ,  ,  ,  bye baby ,  ,  ,  ,  ,  hi you there ?  ,  ,  ,  ,  ,  miss you .  .  .  .  .  .  ,  ,  ,  ,  ,  you not talking to me anymore ?
billy_williams65 ;hey sweetie ,  ,  ,  ,  ,  <ding> ,  ,  ,  ,  ,  allie baby
allieonastar;hey i'm so sorry i missed you !  my aunt had friends over last night and i couldn't get on the competition .  i'm me and tell me when your online so we can talk ok ?  miss you !
billy_williams65 ;you there ,  ,  ,  ,  ,  s ok sweet ,  ,  ,  ,  ,  i be on about pm eastern time ,  ,  ,  ,  ,  bye
allieonastar;ok i'll stay up so we can chat !  !  see you then .  .  .
billy_williams65 ;allie baby ,  ,  ,  ,  ,  <ding> ,  ,  ,  ,  ,  allie ,  ,  ,  ,  ,  you there sweet
allieonastar;|im sorry i haven't been on ,  my life sucks .  aunt Judy told us on monday that she got this job in a new hospital and were gonna move .  i can't believe it cause i haven't even lived here a year !  i talked to dad last night and he says i have to go cause he's got to drive still and i can't stay by myself .  id don't know why i'm old enough .  me and Christ just cried .  | ,  ,  ,  ,  imiss you .  i'll look for you later
billy_williams65 ;i miss you to sweet ,  ,  ,  ,  ,  taking shower ,  ,  ,  ,  ,  i'm bk
allieonastar;my aunts working tonight so i'll be online .  can't wait to talk to you .  ,  ,  ,  ,  ,  hi you there ?  ,  ,  ,  ,  ,  ok i'm around i'll check back ,  ,  ,  ,  ,  hey ,  ,  ,  ,  ,  i'm gonna take a bath then i'll be back ,  ,  ,  ,  ,  gotta go to bed now .  .  .  night .  .  .  i'll look for you tomorrow
billy_williams65 ;allie you still up
allieonastar;hi !  !  !  !  !  !  !  !  !  !  !
billy_williams65 ;hi
allieonastar;i'm so glad to see you
billy_williams65 ;i miss you to
allieonastar;i miss bigtime ,  ,  ,  ,  ,  how have you been ?
billy_williams65 ;pretty good but at a stand still
allieonastar;o really ?  why ?
billy_williams65 ;can't get you off my mind ,  ,  ,  ,  ,  woke up this morning my cock hard and naked
allieonastar;"omg ,  ,  ,  ,  ,  """" > ,  ,  ,  ,  ,  i've been thinking gabout you a lot too"
billy_williams65 ;and you were in my dream to
allieonastar;wow really ?
billy_williams65 ;what you bn thinking about
allieonastar;what you dream ?
billy_williams65 ;really ,  ,  ,  ,  ,  me and you and bed and going at it (  It gets worse .  )
allieonastar;wow ,  ,  ,  ,  ,  cool
billy_williams65 ;and you wereridin my cock like you done it before
allieonastar;thinking gabout you has been like the only good thing in my life right now ,  ,  ,  ,  ,  wow .  .  .  .
billy_williams65 ;cool
allieonastar;omg my stomachs all tingly
billy_williams65 ;you came allover my cock and when i came you were on it suckin
allieonastar;wow .  .  .  .  is that the way you'd like to do it ?
billy_williams65 ;yea
allieonastar;cool ,  ,  ,  ,  ,  and I'll show me right ?  so i don't mess up ?
billy_williams65 ;and i turned to your pussy and started eating you
allieonastar;omgomgomg
billy_williams65 ;sure
allieonastar;that sounds so cool
billy_williams65 ;and you came again and i licked and sucked your pussy
allieonastar;wow .  .  .  .  .  .  .  .  .  .  .  .  .  .  .  ,  ,  ,  ,  ,  now my hearts pounding g lol
billy_williams65 ;i woke up thinking you were there and was hugging on a pillow
allieonastar;awww i'm so sorry (  I'm not sorry .  )  ,  ,  ,  ,  ,  that sucks
billy_williams65 ;me to
allieonastar;i've been so pissed at aunt Judy cause of the moving but actually it might turn out that were closer to Knoxville in the end
billy_williams65 ;cool ,  ,  ,  ,  ,  my cock is hard now
allieonastar;yeah she's getting georgia job at a newhospital cause they'll pay her more and she won't have to drive as far ,  ,  ,  ,  ,  it is really ?
billy_williams65 ;yea and am stroking it to
allieonastar;how does it feel when it's like that ?  ,  ,  ,  ,  ,  omg cool
billy_williams65 ;feels great
allieonastar;o good
billy_williams65 ;wish you were here to stroke it to
allieonastar;i wish i was with you too ,  ,  ,  ,  ,  you still want to meet me right ?
billy_williams65 ;mom ,  ,  ,  ,  ,  yea and bad way
allieonastar;lol i was worried you wouldn't like me any more
billy_williams65 ;why is that
allieonastar;so now i'm really happy ,  ,  ,  ,  ,  cause i kept missing you online and i didn't want you to think i didn't care ,  ,  ,  ,  ,  cause ido
billy_williams65 ;s cool
allieonastar;want you bad to
billy_williams65 ;yeah
allieonastar;yea
billy_williams65 ;you still think can meet end of them onth ?
allieonastar;yea i hope so
billy_williams65 ;me too
allieonastar;when you moving
billy_williams65 ;she's not sure we might go there end of next week and stay in an apartment
allieonastar;cool
billy_williams65 ;the hospital says they'll help her with place
allieonastar;s great
billy_williams65 ;but even if we go soon sell still lbe working galot
allieonastar;ok
billy_williams65 ;what you'd o today ?
allieonastar;mowed and clered brush off of a bank
billy_williams65 ;oh man was it really hot out ?  ,  ,  ,  ,  ,  it was hot here
allieonastar;yea i was wringin wet
billy_williams65 ;aww poor baby
allieonastar;could've used you today
billy_williams65 ;lol really ?
allieonastar;yea
billy_williams65 ;for what lol ?
allieonastar;was wound up from sweating
billy_williams65 ;oh .  .  .  .  .  lol
allieonastar;ida done you there
billy_williams65 ;wow outside ?
allieonastar;yea
billy_williams65 ;sounds fun .  .  .
allieonastar;it would've been
billy_williams65 ;sit you on th hood and popped you good
allieonastar;|LOL that's funny (  Actually ,  it's really gross .  )  | ,  ,  ,  ,  but i like it
billy_williams65 ;remember me to ,  ,  ,  ,  ,  bent you cross the hood and done you doggy style
allieonastar;oh wow ,  ,  ,  ,  ,  which you like best ?
billy_williams65 ;and e of them
allieonastar;lol but you must have a favorite
billy_williams65 ;which you like
allieonastar;you have to tell me your favortes ,  ,  ,  ,  ,  idk i don't know what i'll like best
billy_williams65 ;you on top
allieonastar;what's ?
billy_williams65 ;me eating you and you eating me
allieonastar;omg wow ,  ,  ,  ,  ,  people really do that ?
billy_williams65 ;yea
allieonastar;well if you want to then i want to for you
billy_williams65 ;remember cool
allieonastar;maybe i could cook for you too when we meet ,  ,  ,  ,  ,  what you like ?
billy_williams65 ;cool ,  ,  ,  ,  ,  |wat you gonna cook (  Yeah ,  let's change the subject .  )  |
allieonastar;tell me what you like ,  ,  ,  ,  ,  i make good spaghetti
billy_williams65 ;hamburgers and fries
allieonastar;o good i can make those good
billy_williams65 ;cool
allieonastar;my aunt taught me this way of putinng spices on the fries so their like the ones at applebees ,  ,  ,  ,  ,  do you like those ?
billy_williams65 ;never had them
allieonastar;well i can make some like that and some regular so if you don't like them there's still regular kind
billy_williams65 ;ok
allieonastar;what you like for desert ?
billy_williams65 ;you ,  ,  ,  ,  ,  sit you up on counter and eat you (  .  .  .  or not .  )
allieonastar;lol awwww ,  ,  ,  ,  ,  OMG !  !  !  ,  ,  ,  ,  ,  cool .  .  .  .  .  .  .
billy_williams65 ;you know the name of th apartments you moving to
allieonastar;no not yet
billy_williams65 ;ok
allieonastar;i'll tell you when id o know
billy_williams65 ;ok
allieonastar;i hope we do end up closer
billy_williams65 ;me to
allieonastar;will you take me for a ride in your car ?
billy_williams65 ;yea
allieonastar;can we go fast ?  lol
billy_williams65 ;we can spend more time together if you move closer
allieonastar;yeah that's what i want
billy_williams65 ;not to fast / law will get us
allieonastar;lol ok ,  ,  ,  ,  ,  don't want that !  !
billy_williams65 ;no ,  ,  ,  ,  ,  what you got to wear when we meet
allieonastar;hmmm what do you like ?  i got lots of stuff
billy_williams65 ;tube tops and mini skirts/t shirt and shorts
allieonastar;ok i got a blue shirt with sparkles on it
billy_williams65 ;cool
allieonastar;and a white skirt that's kinda short ,  ,  ,  ,  ,  and shorts too
billy_williams65 ;mom
allieonastar;lol cool i'll wear that if you like that
billy_williams65 ;th shortd tight or loose
allieonastar;umm i guess they're more tight their not like daisydukes though
billy_williams65 ;cool
allieonastar;do you want shorts or skirt ?
billy_williams65 ;either
allieonastar;ok ,  ,  ,  ,  ,  what you gonna do this weekend ?
billy_williams65 ;go fishing tomorrow
allieonastar;oh cool !  ,  ,  ,  ,  ,  my dad took me fishing gonce and it was so much fun ,  ,  ,  ,  ,  excpt i didn't like baitin ghooks
billy_williams65 ;it is nasty
allieonastar;lol well i didn't !  ,  ,  ,  ,  ,  yeah and i feel sorry for the wormor the cricket or whatever
billy_williams65 ;new
allieonastar;yeah
billy_williams65 ;where's your aunt at
allieonastar;she's at work tonight
billy_williams65 ;when she get home
allieonastar;um she went at so sell get home about : 30
billy_williams65 ;ok
allieonastar;errrg christas coming downstairs
billy_williams65 ;ok
allieonastar;she's gonna want the competition to talk to her boyfriend ,  ,  ,  ,  ,  oh wait
billy_williams65 ;ok later sweetie
allieonastar;she's just tgettin g ice cream lol
billy_williams65 ;ok
allieonastar;oh but if you have to go it's ok ,  ,  ,  ,  ,  lol now i want ice cream
billy_williams65 ;i'm ok ,  ,  ,  ,  ,  me to as long as your with it
allieonastar;"do you like ice cream ?  what's your favotie ?  ,  ,  ,  ,  ,  lol ,  ,  ,  ,  ,  """" >"
billy_williams65 ;chocolate ripple
allieonastar;omg that's my favorite too !  !  !  !  !  !  !  !  !  !  !  !
billy_williams65 ;cool
allieonastar;i like chocolate and vanilla but they're best when their together i think
billy_williams65 ;yea they are
allieonastar;that's so cool we have e the same favorite ,  ,  ,  ,  ,  ok Christ wants the competition in a second
billy_williams65 ;ok
allieonastar;will you be online this weekend at all ?
billy_williams65 ;not sure yet
allieonastar;ok ,  ,  ,  ,  ,  well i'll look for you
billy_williams65 ;ok later sweetie
allieonastar;have a good night .  .  .  i miss you
billy_williams65 ;you to i miss you
allieonastar;: - *
billy_williams65 ;: - *
allieonastar;";"
billy_williams65 ;><
allieonastar;awww ,  ,  ,  ,  ,  i got tingles again
billy_williams65 ;night baby
allieonastar;night sweetie
billy_williams65 ;hey ,  ,  ,  ,  ,  hope you had a goodtim efishing
allieonastar;you there ,  ,  ,  ,  ,  allie baby
billy_williams65 ;hi !
allieonastar;where's my baby bn
billy_williams65 ;lol sorry me and Christ went to the mall ,  ,  ,  ,  ,  we got our nails done
allieonastar;how swwety
billy_williams65 ;lol you i like it
allieonastar;yea s cute
billy_williams65 ;did you have a good weekend ?
allieonastar;yea great time but you weren't there
billy_williams65 ;what color you like ?  i'll get them painted for you next time ,  ,  ,  ,  ,  awwww i'm sorry
allieonastar;red s pretty
billy_williams65 ;cool i have pink now but i'll get red next time for you
allieonastar;blue with / glitter
billy_williams65 ;oh you like blue ?  and glitter ?
allieonastar;pink s pretty to ,  ,  ,  ,  ,  yea
billy_williams65 ;cool i'll get that on my toes maybe ,  ,  ,  ,  ,  i like glitter a LOT
allieonastar;cool
billy_williams65 ;did you go fishing ?
allieonastar;yea
billy_williams65 ;cool catch anything ?
allieonastar;yea but it wasn't you
billy_williams65 ;LOL ,  ,  ,  ,  ,  missed you
allieonastar;miss you to baby
billy_williams65 ;brb phone
allieonastar;ok
billy_williams65 ;back
allieonastar;ok
billy_williams65 ;that's my aunt Judy telling me to tell Christ to start dinner lol
allieonastar;ok
billy_williams65 ;what you having for dinner tonight ?
allieonastar;pork chop maccaromi biscuits
billy_williams65 ;oh sounds yummy
allieonastar;it was
billy_williams65 ;christas making stir fry from a bag
allieonastar;s easy
billy_williams65 ;yeah you dump it all in the pana and it cooks really fast ,  ,  ,  ,  ,  lol it's smoking g in the pan right now
allieonastar;no chicken chunks
billy_williams65 ;no theres chicken ,  ,  ,  ,  ,  its all in the bag
allieonastar;ok ,  ,  ,  ,  ,  watch doing th weekend
billy_williams65 ;we went and saw Get smart and Prince Caspian this weekend at the movies ,  ,  ,  ,  ,  it was really fun
allieonastar;cool ,  ,  ,  ,  ,  still moving
billy_williams65 ;yeah ,  ,  ,  ,  ,  aunt Judy says it's gonna be closer to Knoxville
allieonastar;really
billy_williams65 ;i forget the name of the hospital where she's gonna be working g though
allieonastar;baptist
billy_williams65 ;yeah even though it's gonna be in kentuky she says it'll still be closer ,  ,  ,  ,  ,  she checked cause she has friends there
allieonastar;ok ,  ,  ,  ,  ,  what part Kentucky
billy_williams65 ;brb
allieonastar;ok
billy_williams65 ;i'm looking for some of her mail from the place so ican tell you the name ,  ,  ,  ,  ,  brb
allieonastar;ok
billy_williams65 ;crap i can't find it ,  ,  ,  ,  ,  errrrrrg ,  ,  ,  ,  ,  i'll ask her when she gets home ok ?
allieonastar;ok she might wanna know why to
billy_williams65 ;lol i'll just tell her i want to know where the hell i'm going to school next year
allieonastar;i'm mad cause i really liked my school here a LTO ,  ,  ,  ,  ,  lol a LOT i mean
billy_williams65 ;she gonna be working and Knoxville or Kentucky ,  ,  ,  ,  ,  s cool
allieonastar;the hospital is in Kentucky ,  ,  ,  ,  ,  but closer to Knoxville than we are now think
billy_williams65 ;you might be moving and next door
allieonastar;lol i hope so !  !  !  ,  ,  ,  ,  ,  that would be so cool
billy_williams65 ;yea
allieonastar;we could go fishing
billy_williams65 ;cool
allieonastar;did you hear that jamie teen spears had her baby this weekend ?
billy_williams65 ;no
allieonastar;yeah she had a baby girl
billy_williams65 ;cool
allieonastar;yeah i love babies there's o cute
billy_williams65 ;even if they spit up on you
allieonastar;ewwwww lol
billy_williams65 ;well not then lol but they're mostly cute ,  ,  ,  ,  ,  your silly
allieonastar;you make me laugh so much
billy_williams65 ;cool
allieonastar;yeah i really like it
billy_williams65 ;ok
allieonastar;->
billy_williams65 ;: - *
allieonastar;"awww """" > ,  ,  ,  ,  ,  brb bathroom"
billy_williams65 ;ok
allieonastar;back again you miss me ?  lol
billy_williams65 ;about cried
allieonastar;awwww ,  ,  ,  ,  ,  i so baby
billy_williams65 ;i need to be held
allieonastar;i want you to be happy all th time ,  ,  ,  ,  ,  i'll give you big hugs
billy_williams65 ;remember and i'll give them bk
allieonastar;awww sounds good
billy_williams65 ;it will be
allieonastar;I'll be so soft
billy_williams65 ;"> ,  ,  ,  ,  ,  ;"
allieonastar;I'll be alright sweet
billy_williams65 ;you promise ?
allieonastar;yea i promise
billy_williams65 ;i trust you ,  ,  ,  ,  ,  no with i'm feeling gall tingly again
allieonastar;i'll make you tingle
billy_williams65 ;omg wow ,  ,  ,  ,  ,  sounds so cool
allieonastar;it will be something to remember
billy_williams65 ;i hope so
allieonastar;you won't forget me i know
billy_williams65 ;how could i forget you ?  you're my boyfriend !
allieonastar;: -*><
billy_williams65 ;your silly i won't forget you
allieonastar;ok ,  ,  ,  ,  ,  what if you find another boyfriend
billy_williams65 ;i won't !  ,  ,  ,  ,  ,  your my boyfriend you said so right ?
allieonastar;right
billy_williams65 ;itd be wrong for me to look for another boyfriend while were together
allieonastar;right
billy_williams65 ;s o i won't
allieonastar;are you gonna share me (  WHAT ?  ?  )
billy_williams65 ;with who ?
allieonastar;your friends or Christ
billy_williams65 ;ummm how you mean share ?  l
allieonastar;you bring them over while i'm there
billy_williams65 ;to meet you ?  sure if you want
allieonastar;no
billy_williams65 ;oh what then ?
allieonastar;not that way (  oh no ?  Please do explain .  )  ,  ,  ,  ,  ,  what we gonna do
billy_williams65 ;when we meet ?
allieonastar;yea
billy_williams65 ;> ,  ,  ,  ,  ,  what you said
allieonastar;or do you want me all to yourself
billy_williams65 ;well what do you want ?
allieonastar;i want you
billy_williams65 ;|awwww ,  i want you to
allieonastar;i can't have another girlfriend b sides you can i
billy_williams65 ;ummm idk ,  ,  ,  ,  ,  do you want to ?
allieonastar;not really
billy_williams65 ;ok then ,  ,  ,  ,  ,  but i'll bring over my friends to meet you that'll be fun
allieonastar;can they keep a secret
billy_williams65 ;yeah sure
allieonastar;ok
billy_williams65 ;so is that what you meant by share ?
allieonastar;if we do the same thing we gonna do
billy_williams65 ;ok please don't think i'm stupid but i'm not sure what you mean ,  ,  ,  ,  ,  and i wanna know so i'm a good girlfriend for you
allieonastar;sex
billy_williams65 ;ok right ,  ,  ,  ,  ,  you still want to right ?
allieonastar;i think it be best it just me and you on that ,  ,  ,  ,  ,  sure
billy_williams65 ;ok that sounds good ,  ,  ,  ,  ,  i want to make you happy
allieonastar;and i'll make you happy
billy_williams65 ;oh wow you just made my heart start pounding g
allieonastar;your heart i'll pound alright
billy_williams65 ;omg
allieonastar;mine will to
billy_williams65 ;oh WOW ,  ,  ,  ,  ,  ,  ,  ,  ,  ,  crap
allieonastar;what
billy_williams65 ;aunt judys coming in i gtg
allieonastar;bye
billy_williams65 ;i'll look for you later ok ?
allieonastar;ok
billy_williams65 ;bye baby
allieonastar;bye baby
billy_williams65 ;->
allieonastar;: - *
billy_williams65 ;lol JINX
allieonastar;what
billy_williams65 ;|we said the same thing at the same time ,  so were jinxed| ,  ,  ,  ,  you have to buy me a coke lol
allieonastar;ok
billy_williams65 ;lol ,  ,  ,  ,  ,  bye
allieonastar;bye sweet ,  ,  ,  ,  ,  allie baby
billy_williams65 ;hey you there ?  ,  ,  ,  ,  ,  sorry i missed you yesterday ,  ,  ,  ,  ,  hey ,  ,  ,  ,  ,  sorry haven't been around aunt judys been home a lot ,  ,  ,  ,  ,  hope your having good weekend ,  ,  ,  ,  ,  gotta go to bed i'll look for you tomorrow
allieonastar;hey sweet
billy_williams65 ;crap i missed you ,  ,  ,  ,  ,  talk to you soon i hope
allieonastar;you there sweet ,  ,  ,  ,  ,  <ding> ,  ,  ,  ,  ,  you there sweet ,  ,  ,  ,  ,  night ,  ,  ,  ,  ,  allie baby ,  ,  ,  ,  ,  allie baby ,  ,  ,  ,  ,  fixing me a bite to eat ,  ,  ,  ,  ,  i'm bk ,  ,  ,  ,  ,  night allie ,  ,  ,  ,  ,  hey sweetie ,  ,  ,  ,  ,  did you get lost sweet ,  ,  ,  ,  ,  <ding>
billy_williams65 ;hey you there ?  ,  ,  ,  ,  ,  crap ,  ,  ,  ,  ,  i miss you bigtime ,  ,  ,  ,  ,  aunt judys been on me and Christ to clean and do lots of crap for her ,  ,  ,  ,  ,  i'll be on later tonight i'll look for you
allieonastar;ok
billy_williams65 ;you here ?
allieonastar;yea baby
billy_williams65 ;YAY !  !  !  !  !  !  !  ,  ,  ,  ,  ,  hi baby !  ,  ,  ,  ,  ,  i miss you so so much !  !
allieonastar;how are you ,  ,  ,  ,  ,  i miss you to
billy_williams65 ;i'm ok i had a crappy weekend
allieonastar;me to
billy_williams65 ;oh no what happened ?
allieonastar;wreck my car
billy_williams65 ;omg ar e you ok ?  ?
allieonastar;yea i'm ok
billy_williams65 ;nothing broke and everything still works
allieonastar;i would feel so bad if you were hurt ,  ,  ,  ,  ,  i'm so sorry baby
billy_williams65 ;s ok sweet
allieonastar;when you all suppose to move
billy_williams65 ;|its weird .  aunt Judy wnt up there to start work but they want her to do something called on call ,  which means it's not regular hours each week ,  and she's not sure she wants to do it now ,  ,  ,  its more money but they don't want to guarantee full time ,  ,  ,  ,  ,  so now she's pissed cause that's what she thought it was
allieonastar;that sucks
billy_williams65 ;yeah they say she can do the other hours at another hospital but she says its ll weird ,  ,  ,  ,  ,  so were packing and stuff but not sure when were going
allieonastar;ok
billy_williams65 ;she says if she has to sell get an apartment there and well stay here for now
allieonastar;aw ok
billy_williams65 ;yeah i hate all this crap
allieonastar;on call is where they can call her and n e time she is needed
billy_williams65 ;yeah that's what she said
allieonastar;/ 7
billy_williams65 ;and they say it will be full time but it's not guaranteed so she's mad ,  ,  ,  ,  ,  yeah she workds at night sometimes now
allieonastar;she might work days a week or days a wk depending on if she needed
billy_williams65 ;wow you know all about it !  !  !
allieonastar;yea bn there done that
billy_williams65 ;really ?
allieonastar;s a shit job
billy_williams65 ;do you still have to do that ?
allieonastar;nobody else wants it ,  ,  ,  ,  ,  no
billy_williams65 ;lol yeah ,  ,  ,  ,  ,  oh good ,  ,  ,  ,  ,  did you have fun this weekend ?
allieonastar;yea kinda ,  ,  ,  ,  ,  but i didn't have you
billy_williams65 ;aw ,  ,  ,  ,  ,  i missed you so much
allieonastar;i miss you to / can't hardly wait
billy_williams65 ;me either !  !  !
allieonastar;bn thinking about you
billy_williams65 ;went to the mall and me and Christ were shopping g and iwas thinking g ,  i could wear this for u|
allieonastar;what's that
billy_williams65 ;i saw this cool skirt and top ,  ,  ,  ,  ,  its like a tank top with pink stripes and glitter
allieonastar;you did remember cool
billy_williams65 ;lol yeah
allieonastar;: - *
billy_williams65 ;i'm gonna ask for it for my birthday i think
allieonastar;whens your birthday
billy_williams65 ;awwww -> ,  ,  ,  ,  ,  errg sorry competition froze ,  ,  ,  ,  ,  July th ,  ,  ,  ,  ,  whens' yours ?
allieonastar;may st
billy_williams65 ;aw you just had it !  ,  ,  ,  ,  ,  i'll have to get ua present lol
allieonastar;yea ,  ,  ,  ,  ,  ok
billy_williams65 ;what do you want ?
allieonastar;you
billy_williams65 ;"oh wow ,  ,  ,  ,  ,  ok """" >"
allieonastar;that was easy
billy_williams65 ;lol yeah ,  ,  ,  ,  ,  you make me feel so good
allieonastar;cool ,  ,  ,  ,  ,  make you feel better when i can have you
billy_williams65 ;wow ,  ,  ,  ,  ,  i can't wait
allieonastar;you can't wait i'm hard now
billy_williams65 ;omg really ?
allieonastar;really
billy_williams65 ;"wow ,  ,  ,  ,  ,  """" >"
allieonastar;id love to show you but don't have cam
billy_williams65 ;wow i've never seen that
allieonastar;you will when we see each other
billy_williams65 ;that will be so good ,  ,  ,  ,  ,  that's why i was so mad this weekend cause the longer it takes the longer i have to wait to see you
allieonastar;i know
billy_williams65 ;and i don't want you to forget about me
allieonastar;i won't
billy_williams65 ;yeah i feel bad when i can't get online to talk to you
allieonastar;i'll want you even more
billy_williams65 ;omg wow ,  ,  ,  ,  ,  that's how if eel about you now
allieonastar;really
billy_williams65 ;yeah
allieonastar;s cool
billy_williams65 ;|when we can't talk ,  its like it hurts| ,  ,  ,  ,  and i think about you and want to make you happy
allieonastar;aw that's sweet
billy_williams65 ;it's true ,  ,  ,  ,  ,  i want to be the best girlfriend for you
allieonastar;cool and me the best boyfriend for you
billy_williams65 ;you already are
allieonastar;was outside today and you popped in my head and i thought about us walking and the woods ,  ,  ,  ,  ,  cool
billy_williams65 ;that sounds so romantic ,  ,  ,  ,  ,  id love to do that with you
allieonastar;find a grassy spot and lay down together and do each other ,  ,  ,  ,  ,  cool
billy_williams65 ;oh wow outside ?
allieonastar;yea outside
billy_williams65 ;i saw a movie where they did that and it looked so beautiful
allieonastar;it is
billy_williams65 ;have you done it before ?
allieonastar;yea
billy_williams65 ;cool
allieonastar;but not with you / your special
billy_williams65 ;omg you are so special to me
allieonastar;aw
billy_williams65 ;i really truly feel that way
allieonastar;that's so cool
billy_williams65 ;> ,  ,  ,  ,  ,  : x
allieonastar;><:-*:x
billy_williams65 ;your so sweet
allieonastar;you are to sweet ,  ,  ,  ,  ,  your breasts started grow in yet
billy_williams65 ;";  ,  ,  ,  ,  ,  ummm ,  ,  ,  ,  ,  sorta i guess"
allieonastar;s cool to have little breasts love to lick and kiss them you
billy_williams65 ;omg ,  ,  ,  ,  ,  people do that ?
allieonastar;chew on your nipples ,  ,  ,  ,  ,  yea
billy_williams65 ;wow does it feel good ?
allieonastar;yea feels good
billy_williams65 ;"oh wow ,  ,  ,  ,  ,  sounds good """" > ,  ,  ,  ,  ,  i'm not flat chsted or anything they're just not really big yet ,  ,  ,  ,  ,  is that ok ?"
allieonastar;yea s ok
billy_williams65 ;crap aunt judys home ,  ,  ,  ,  ,  will you be on later maybe ?
allieonastar;yea i'll try to be
billy_williams65 ;ok i'll look for you ,  ,  ,  ,  ,  bye for now
allieonastar;ok bye sweet ,  ,  ,  ,  ,  : - *
billy_williams65 ;: x ,  ,  ,  ,  ,  : - * kiss back to you
allieonastar;remember >< ,  ,  ,  ,  ,  can't wait to hold you ,  ,  ,  ,  ,  you there sweet
billy_williams65 ;hey you there ?
allieonastar;yea
billy_williams65 ;hi !  !  !  !  !  ,  ,  ,  ,  ,  your offline was so sweet it gave me tingles
allieonastar;thought my baby was gone for th night ,  ,  ,  ,  ,  really
billy_williams65 ;yeah i wanted to say hello again
allieonastar;hehehe
billy_williams65 ;you and Christ get through cleaning
allieonastar;OMG ,  ,  ,  ,  ,  aunt Judy told us where were going !  ,  ,  ,  ,  ,  it's williamsburg KY ,  ,  ,  ,  ,  that's where were gonna live
billy_williams65 ;cool
allieonastar;have you been there ?
billy_williams65 ;that's about an hour in a half ,  ,  ,  ,  ,  yea
allieonastar;there is the coolest place called Cumberland Falls where you can see a rainbow at night
billy_williams65 ;cool
allieonastar;oh good so it IS closer !  !
billy_williams65 ;yea
allieonastar;oh i'm so happy if we have to move i wanted it to be cloeser to you
billy_williams65 ;me to
allieonastar;it won't take as long to get to you nc my baby
billy_williams65 ;: x ,  ,  ,  ,  ,  |thats so good ,  i was worried it would be too far|
allieonastar;that's not to far at all
billy_williams65 ;YAY
allieonastar;did you all go there over th weekend
billy_williams65 ;no we haven't been yet ,  ,  ,  ,  ,  she justtold us tonight that we would live there i guess cause of the location
allieonastar;ok
billy_williams65 ;she's still talking got them about the work cause she wants to be full time ,  ,  ,  ,  ,  and she went to talk to another hospital to see if they needed her ,  ,  ,  ,  ,  |so if one or there other says yes then well go ,  in a week or two judy says|
allieonastar;cool
billy_williams65 ;ok aunt judys telling me to go to bed ,  ,  ,  ,  ,  i'll look for you tomorrow ok ?
allieonastar;ok ,  ,  ,  ,  ,  maybe won't have to wait much longer : - *
billy_williams65 ;: x ,  ,  ,  ,  ,  i know that's what i hope .  .  .  .
allieonastar;me to
billy_williams65 ;night sweet dreams
allieonastar;baby ,  ,  ,  ,  ,  i'll dream about us tonight now ,  ,  ,  ,  ,  sweet dreams to you to night
billy_williams65 ;hi ,  ,  ,  ,  ,  hope your having a good
allieonastar;hi baby
billy_williams65 ;hi !  !  ,  ,  ,  ,  ,  how ru ?
allieonastar;i'm good tks ,  ,  ,  ,  ,  you
billy_williams65 ;ok i guess
allieonastar;you guess and e thing wrong
billy_williams65 ;I feel kinda weird now that i know where were moving to ,  i don't wanna leave my friends ,  ,  ,  ,  but at the same time i'm excited ,  you know ?  | ,  ,  ,  ,  it seems like a cool place
allieonastar;yea
billy_williams65 ;and i like that its closer to you
allieonastar;cool
billy_williams65 ;"you said in your offline that you were gonna dream about us ,  ,  ,  ,  ,  did you ?  """" >"
allieonastar;yea
billy_williams65 ;oh wow ,  ,  ,  ,  ,  what was it about ?  lol
allieonastar;we were together and bed and you woke me up and ask if i was gonna give you some
billy_williams65 ;"oh wow ,  ,  ,  ,  ,  """" >"
allieonastar;I said yea and you said pull it out and stick it in me (  Because that's what year olds do ,  right ?  )  |
billy_williams65 ;wow ,  ,  ,  ,  ,  cool
allieonastar;and you were on top
billy_williams65 ;> ,  ,  ,  ,  ,  cool ,  ,  ,  ,  ,  you said that's what you like right ?
allieonastar;yea loved it and you did to
billy_williams65 ;i bet ,  ,  ,  ,  ,  can't wait
allieonastar;am hard just thinking about the dream
billy_williams65 ;oh wow cool ,  ,  ,  ,  ,  hehehe ,  ,  ,  ,  ,  when we get to williamsburg will you come and see me then ?
allieonastar;yea
billy_williams65 ;yay !  !  ,  ,  ,  ,  ,  |icant wait ,  i can't wait | ,  ,  ,  ,  : x
allieonastar;you can't /  me either wish you were here now
billy_williams65 ;wish i was too ,  ,  ,  ,  ,  be so much fun to hang out with you
allieonastar;cool
billy_williams65 ;what you do today ?
allieonastar;work ,  ,  ,  ,  ,  and you
billy_williams65 ;me and christa just hung out didn't do much
allieonastar;ok
billy_williams65 ;Christ has a boyfriend and she's chatting to him all the time lol
allieonastar;lol yeah
billy_williams65 ;well you do to with / me
allieonastar;well yeah but i feel like were different you know ?
billy_williams65 ;and what way
allieonastar;|idk ,  its just that your real|
billy_williams65 ;|u are to i hope (  Oh ,  I'm very real ,  Billy .  Count on it .  )  |
allieonastar;hope i don't sounds stupid but when they're chatting its all about stupid stuff
billy_williams65 ;lol yeah i'm real
allieonastar;cool
billy_williams65 ;lol if i could e pretend id be Angelina jolie lol
allieonastar;i like her
billy_williams65 ;or ashle y tisdale ,  ,  ,  ,  ,  yeah i like Angelina ,  ,  ,  ,  ,  did you see wanted ?
allieonastar;yea she gotta mean look that turns me on ,  ,  ,  ,  ,  not yet
billy_williams65 ;yeah i think she's so cool ,  ,  ,  ,  ,  and pretty
allieonastar;she hot to
billy_williams65 ;lol should i be mean to you then ?  lol
allieonastar;lol
billy_williams65 ;how you gonna do that / be mean
allieonastar;lol idk ,  ,  ,  ,  ,  you tell me if you like it lol
billy_williams65 ;ok
allieonastar;what's your favorite anjelina movie ?
billy_williams65 ;her and brad pitt as hit men
allieonastar;oh i love that one !  !  !  ,  ,  ,  ,  ,  i like it when she's cookin the dinner and they keep having to hide thestuff from each other
billy_williams65 ;yea s cool
allieonastar;i heard she's almost having the babies now
billy_williams65 ;yea
allieonastar;lol my aunt judysays she hates her cause she looks so pretty even pregnant
billy_williams65 ;oh btw how is your car ?
allieonastar;totalled
billy_williams65 ;oh NO ,  ,  ,  ,  ,  that's awful
allieonastar;o yea ,  ,  ,  ,  ,  i know
billy_williams65 ;if it's totaled will us till be able to visit me ?
allieonastar;yea
billy_williams65 ;oh GOOD
allieonastar;even if i gotta walk
billy_williams65 ;awwwww ,  ,  ,  ,  ,  your so sweet to me
allieonastar;i try
billy_williams65 ;: x
allieonastar;: x
billy_williams65 ;awww aunt judys home now i gotta go
allieonastar;ok baby night sweetie
billy_williams65 ;if can't get online again i'll look for you tomorrow ok ?
allieonastar;ok
billy_williams65 ;you have good night too baby
allieonastar;see you soon
billy_williams65 ;i'll miss you ,  ,  ,  ,  ,  |yes ,  very soon ,  yay !  !  !  !  |
allieonastar;i miss you more
billy_williams65 ;awwwww
allieonastar;><:-*:x
billy_williams65 ;no i miss you more lol
allieonastar;how much more
billy_williams65 ;": x8->>< ; ,  ,  ,  ,  ,  bye"
allieonastar;bye ,  ,  ,  ,  ,  hey babdydoll ,  ,  ,  ,  ,  night sweet stuff /  i thought about you all day couldn't get you off my mind sweet ,  ,  ,  ,  ,  yea you missed me ><:-*><:- * ,  ,  ,  ,  ,  night ,  ,  ,  ,  ,  hey sweetie ,  ,  ,  ,  ,  s here i be bk and an hour ,  ,  ,  ,  ,  i'm bk ,  ,  ,  ,  ,  hey you there ,  ,  ,  ,  ,  <ding> ,  ,  ,  ,  ,  allie you there ,  ,  ,  ,  ,  missed you baby ,  ,  ,  ,  ,  night sweet ,  ,  ,  ,  ,  you there ,  ,  ,  ,  ,  allie i miss you sweetie ,  ,  ,  ,  ,  allie baby ,  ,  ,  ,  ,  missing you sweetie
billy_williams65 ;i miss you too !  hope your on tonight .  sorry i haven't been here my dad came for a surprise and me and dad and Christ and aunt Judy went to six flags in atlanta !  we had so much fun !  !  i'll look for you online tonight--cant watit to talk to you !  !  !  ,  ,  ,  ,  ,  hey ,  ,  ,  ,  ,  hey you there ?  ,  ,  ,  ,  ,  hey sorry imissed you .  .  .  .  gotta go to bed i'll look for you tomorrow ,  ,  ,  ,  ,  hey you there ?  ,  ,  ,  ,  ,  ,  ,  ,  ,  ,  |look for you later ,  miss u| ,  ,  ,  ,  hi you there ?  ,  ,  ,  ,  ,  crap sorry i keep missing you ,  ,  ,  ,  ,  my dad's still here and he's helping us move to williamsburg it's like all of a sudden but we should be there next week ,  ,  ,  ,  ,  Christ and i get to have ea party on thursday to say goodbye ,  ,  ,  ,  ,  i'll look for you tomorrow have a good night ,  ,  ,  ,  ,  hi ,  ,  ,  ,  ,  i hope your okay your not sick are you ?  ,  ,  ,  ,  ,  |miss you ,  look for you later | ,  ,  ,  ,  just checking gon you have nice night
allieonastar;i'll be on tonight if your not gone yet miss you ,  ,  ,  ,  ,  hey sweet you there
billy_williams65 ;hi you there ?  ,  ,  ,  ,  ,  were having the party and i snuck away for a second ,  ,  ,  ,  ,  i'll look for you later miss you hope your ok
allieonastar;hey sweet you up yet ,  ,  ,  ,  ,  allie sweet
billy_williams65 ;hi were all moved !  !  !  ,  ,  ,  ,  ,  got ot williamsburg y yesterday ,  ,  ,  ,  ,  hope i talk to you soon .  .  .  ,  ,  ,  ,  ,  were going got breakfast i'll look for you later .  .  .  miss you ,  ,  ,  ,  ,  hey ,  ,  ,  ,  ,  so boring here ,  ,  ,  ,  ,  hope your having gfun talk to you soon ,  ,  ,  ,  ,  hey ,  ,  ,  ,  ,  gettin gsleepy ,  ,  ,  ,  ,  night ,  ,  ,  ,  ,  hi ,  ,  ,  ,  ,  hey ,  ,  ,  ,  ,  hey
allieonastar;hey sweet
billy_williams65 ;OMG ,  ,  ,  ,  ,  hi !  !  !  !  !  !  !  !  !  !  !  !  !  !  !  !  !  !  !  !  !  !  !  !  !  !  !  !  !  !  !  111
allieonastar;how are you
billy_williams65 ;i'm so happy to see you !  !  ,  ,  ,  ,  ,  |im ok ,  how are you ?  |
allieonastar;tired
billy_williams65 ;awww
allieonastar;bn out a town for a week
billy_williams65 ;wow i was wondering where you were .  .  .  .
allieonastar;aw
billy_williams65 ;is everything ok ?
allieonastar;yea
billy_williams65 ;oh good
allieonastar;you get moved
billy_williams65 ;yeah we're finally here ,  ,  ,  ,  ,  there are boxes EVERYWHERE ,  ,  ,  ,  ,  we go tjhere saturday
allieonastar;hehehe
billy_williams65 ;how you been ?
allieonastar;ok but now i am ok
billy_williams65 ;did something happen ?  iw as worried you were sick or something
allieonastar;no myjob sent me out a town
billy_williams65 ;ah that sucks ,  ,  ,  ,  ,  poor baby
allieonastar;i missed you bad
billy_williams65 ;man i missed you SO much ,  ,  ,  ,  ,  we went to sixflags last week and i kept wishing you were there
allieonastar;aw i wish i was there to
billy_williams65 ;it was so fun .  do you like roller coasters ?
allieonastar;love them
billy_williams65 ;|me and Christ rode all of them except dark night ,  it was still closed|
allieonastar;did that break your heart
billy_williams65 ;yeah we really wanted to ride it but someone got hurt on it i think
allieonastar;ok ,  ,  ,  ,  ,  say you and williamsburg now
billy_williams65 ;yep FINALLY
allieonastar;cool how you like it so far
billy_williams65 ;so far it's pretty boring lol
allieonastar;thattll change
billy_williams65 ;its small ,  ,  ,  ,  ,  you think so ?
allieonastar;yea when i come and get you
billy_williams65 ;|omg i was thinking about tatto the whole time we were moving .  .  .  .  .  kept thinking once we get there ,  then i can see u|
allieonastar;cool
billy_williams65 ;i'm so excited !  !  !  !  !  !  !  !  ,  ,  ,  ,  ,  when do you think you can come ?
allieonastar;me to ,  ,  ,  ,  ,  i'll try come up friday
billy_williams65 ;omg your not messing with me are you ?
allieonastar;no
billy_williams65 ;OMG !  !
allieonastar;what time can you meet me
billy_williams65 ;oh man it's going to feel like forever till then
allieonastar;|lol probably whenever ,  aunt judys working all the time ,  ,  ,  ,  what time is good for you ?
billy_williams65 ;how about morning
allieonastar;that's cool for me .  .  .  .  you won't have to work ?
billy_williams65 ;not that i know of
allieonastar;YAY YAY YAY !  !  !  !  !
billy_williams65 ;your aunt working days
allieonastar;lol she started yesterday and she's working mostly days but she's also gonna work this weekend and next cause she had to take time off while we were moving g
billy_williams65 ;cool who's gonna watch you
allieonastar;me and Christ watch ourselves lol
billy_williams65 ;cool
allieonastar;were helping cause we stay here and meet the people coming to turn on the cable and stuff
billy_williams65 ;ok
allieonastar;how is your car ?
billy_williams65 ;it's totaled ,  ,  ,  ,  ,  can't be fixed
allieonastar;oh NO ,  ,  ,  ,  ,  that's awful
billy_williams65 ;i'm sick over it ,  ,  ,  ,  ,  got me a truck though
allieonastar;you DID ?  ,  ,  ,  ,  ,  that's so cool !
billy_williams65 ;YEA
allieonastar;what kinda truck is it ?
billy_williams65 ;ford ranger
allieonastar;|cooooool ,  what color ?  |
billy_williams65 ;red
allieonastar;NICE
billy_williams65 ;tks
allieonastar;wow i'm so excited now
billy_williams65 ;what you wanna do when you get here ?
allieonastar;what ever you wanna do sweet
billy_williams65 ;cool
allieonastar;you know what you wanna do
billy_williams65 ;lol i'm so excited just to see you
allieonastar;so whatever you want is great
billy_williams65 ;cool ,  ,  ,  ,  ,  |just talking with you makes my cock hard (  Just talking with a year old makes him hard .  Scary ,  isn't it ?  )  |
allieonastar;"oh wow ,  ,  ,  ,  ,  """" >"
billy_williams65 ;I'll be alright
allieonastar;i know i trust you
billy_williams65 ;ok
allieonastar;: x
billy_williams65 ;: - *
allieonastar;lol aw
billy_williams65 ;when do you start your period
allieonastar;!  !  !  !  !  !  ,  ,  ,  ,  ,  oh ,  ,  ,  ,  ,  ummm one second
billy_williams65 ;ok
allieonastar;should be ,  like ,  next wed or thurs| ,  ,  ,  not this wed bu t next
billy_williams65 ;cool
allieonastar;"oh i just thought of something g ,  ,  ,  ,  ,  will you bring stuff so i don't get pregnant ,  ,  ,  ,  ,  """" >"
billy_williams65 ;yea
allieonastar;hehehehe i'll be careful
billy_williams65 ;thank you baby ,  ,  ,  ,  ,  i know you will
allieonastar;ok ,  ,  ,  ,  ,  watts christa doing
billy_williams65 ;right now ?  she's reading
allieonastar;ok
billy_williams65 ;she liked seeing prince caspian in the movie so now she's reading the book lol
allieonastar;and e body know about us yet
billy_williams65 ;|no ,  it's secret|
allieonastar;cool
billy_williams65 ;and i don't want her to be jealous cause she had to leave her boyfriend in Bristol
allieonastar;ok ,  ,  ,  ,  ,  i wish my job send me up there for a week
billy_williams65 ;om g that would be SO cool ,  ,  ,  ,  ,  i could make you dinner after work
allieonastar;i know ,  ,  ,  ,  ,  cool
billy_williams65 ;id love that
allieonastar;me too
billy_williams65 ;do you think they ever would send you here ?
allieonastar;dunno but i hope so
billy_williams65 ;yeah .  .  .  ,  ,  ,  ,  ,  where'd you have to go last week ?
allieonastar;Cleveland
billy_williams65 ;WOW ,  ,  ,  ,  ,  did you get to fly on a plane ?
allieonastar;no i drove
billy_williams65 ;|aww too bad ,  but it was in your new truck right ?  |
allieonastar;yea
billy_williams65 ;i bet that was fun ,  ,  ,  ,  ,  aunt Judy says she wants one of those teeny smart cars
allieonastar;yea kinda but i didn't get you or get to talk to you
billy_williams65 ;i know every time i would log on and see i missed you i just wanted to kick the wall !  !  !
allieonastar;I'll break your big toe doing that
billy_williams65 ;and i felt so bad when i saw all your offlines saying you missed me too .  .  .  .  ,  ,  ,  ,  ,  LOL
allieonastar;how you think i felt
billy_williams65 ;i know .  .  .  .  made me wish i could call you up and say hi
allieonastar;i was lonely and that room at night
billy_williams65 ;awwwww
allieonastar;thought about you though sweetie
billy_williams65 ;|im so sorry ,  i missed you too bigtime| ,  ,  ,  ,  i thought about you all the time
allieonastar;cool
billy_williams65 ;part of me was worried you were sick
allieonastar;aw that's sweet
billy_williams65 ;i'm so glad your ok an don't sick
allieonastar;me to ,  ,  ,  ,  ,  where bouts you move to up there
billy_williams65 ;|its in williamsburg ,  i don't know exactly where yet but this place is not that big|
allieonastar;i know
billy_williams65 ;aunt Judy says were gonna drive around tonight or tomorrow and figure out where everything is
allieonastar;what's it close to
billy_williams65 ;|lol ,  I'll think i'm stupid ,  i really don't know cause we got here in the dark on saturday and have just been here since| ,  ,  ,  it's not far from the highway though
allieonastar;cool
billy_williams65 ;it's farther from the school though aunt Judy says well have to take the e bus
allieonastar;ok
billy_williams65 ;one thin gi hope is that we can still take a regular bus to the mall cause we use d to do that all the time
allieonastar;ok ,  ,  ,  ,  ,  they have a mall there
billy_williams65 ;jeez i hope so !  !
allieonastar;hehehehehe
billy_williams65 ;i never thought there might not be a mall !  !  !  !  !  !  !  !  !  ,  ,  ,  ,  ,  do you know if there is one ?  ,  ,  ,  ,  ,  omg i'm looking online now lol
allieonastar;you not gonna go crazy are you
billy_williams65 ;|lol i hope not ,  its been so boring since we got here cause there's nothing to do| ,  ,  ,  ,  oh thank god there is a mall
allieonastar;|lol i know ,  now you think i'm so silly|
billy_williams65 ;no
allieonastar;cute and sweet maybe but not silly
billy_williams65 ;awwww
allieonastar;it'll take a little while to get ude to been there
billy_williams65 ;yeah it feels really weird right now
allieonastar;hehehe
billy_williams65 ;i was telling gmy dad when he was here that he needed to get me and Christ the Wii to play with ,  ,  ,  ,  ,  since we don't have anything else right now
allieonastar;hehehehe ,  ,  ,  ,  ,  you sweet talk him
billy_williams65 ;lol i'm trying !  !  !
allieonastar;when you see him again
billy_williams65 ;i was hoping i could get him to get it for us before he wnt back to work but no not yet ,  ,  ,  ,  ,  he says maybe labor day or right before ,  ,  ,  ,  ,  he stayed extra long this times we could go to six flags and then to help move
allieonastar;when you see him again say DADDY I WUV U N BAT UR EYES AT HIM N GRIN
billy_williams65 ;LOL !  !  !  !  ,  ,  ,  ,  ,  i will !  !  !
allieonastar;cute little o you probably get your wii like that
billy_williams65 ;|lol idk ,  but i'm gonna keep trying g !  !  | ,  ,  ,  ,  its so much fun and i used to play with erin all the time
allieonastar;cool ,  ,  ,  ,  ,  who's erin
billy_williams65 ;my friend in Bristol
allieonastar;ok
billy_williams65 ;her folks got it for her a few months ago and we played it all the time
allieonastar;it's fun i've played it
billy_williams65 ;me and Christ got to have a party last week to say bye t o everybody and she brought it so we could all play ,  ,  ,  ,  ,  oh you have ?  isn't it the BEST ?  ?  ?  ?
allieonastar;cool that was sweet of her
billy_williams65 ;i so love the Wii !  !  !  ,  ,  ,  ,  ,  yeah it was so sweet of her .  .  .  i hate that were all away from them now
allieonastar;i bet
billy_williams65 ;and its long distance t call and that sucks even more
allieonastar;awwww
billy_williams65 ;BUT there's one good thing about us being ghere now
allieonastar;what's that
billy_williams65 ;i get to see you soon !  !  !
allieonastar;hehehe yea you do
billy_williams65 ;will you be on later you think ?  ,  ,  ,  ,  ,  Christ wants the competition to chat with her boyfriend
allieonastar;i'll try i have to pay bills from last week
billy_williams65 ;awww that sucks
allieonastar;bye sweetie
billy_williams65 ;|k i'll look for you later on .  .  .  .  .  have a good night ,  i'm so glad to be talking g to you and i'm so excited now !  !  !  !  |
allieonastar;ok sweety later ,  ,  ,  ,  ,  me to
billy_williams65 ;bye : - *
allieonastar;><:- *
billy_williams65 ;hey just checking ,  ,  ,  ,  ,  night i'll look for you tomorrow ,  ,  ,  ,  ,  hey you there ?  ,  ,  ,  ,  ,  i'm folding glaundry so bored
allieonastar;you there sweet ,  ,  ,  ,  ,  aw must have missed you ,  ,  ,  ,  ,  i have to work friday found out this morning i'm gonna see if n e body will cover for me / i hope they do because i wanna see you night sweetie
billy_williams65 ;hey ,  ,  ,  ,  ,  sucks that you have to work ,  ,  ,  ,  ,  i want to see you too ,  ,  ,  ,  ,  i'll look for you later ,  ,  ,  ,  ,  hey were about toeat dinner i'll look for you later
allieonastar;i'll be on tomorrow b tween am and pm sweet ,  ,  ,  ,  ,  i think i'm off half a day
billy_williams65 ;you there ?  ,  ,  ,  ,  ,  miss you ,  ,  ,  ,  ,  crap idk if i can be on tomorrow at cause aunt Judy is gonna be home during the day ,  ,  ,  ,  ,  will you be on another time ?  ,  ,  ,  ,  ,  i'll try to be on tomorrow cause i wanna talk to you ,  ,  ,  ,  ,  aunt judys home so i'll look for you tomorrow ,  ,  ,  ,  ,  i'll try to be on at ,  ,  ,  ,  ,  night
allieonastar;hey you there ,  ,  ,  ,  ,  i'm sorry i wasn't on at like i said /  couldn't get off work ,  ,  ,  ,  ,  s pm and you not here sweet ,  ,  ,  ,  ,  bye sweet ,  ,  ,  ,  ,  hi you there
billy_williams65 ;hey ,  ,  ,  ,  ,  sorry i missed you aunt Judy didn't work last night after all ,  ,  ,  ,  ,  she's going back to Bristol on tuesday and i get to stay by myself !  !
allieonastar;cool
billy_williams65 ;omg your here !  !  !
allieonastar;how long she be gone
billy_williams65 ;she's going gtuesday morning and coming back wednesday for work
allieonastar;cool
billy_williams65 ;she says i can order pizza and sell rent me movies
allieonastar;woo hoo it's party time
billy_williams65 ;i know !  !  ,  ,  ,  ,  ,  i was thinking ,  ,  ,  ,  ,  you wanna come visit then ?
allieonastar;love to
billy_williams65 ;really ?
allieonastar;yea
billy_williams65 ;could you drive up after work or something ?
allieonastar;i'll try
billy_williams65 ;|o ok ,  so you don't know if you really can|
allieonastar;not right now but id love to be there with you
billy_williams65 ;i want to see you so bad
allieonastar;want to see you to sweet
billy_williams65 ;but are you saying yes or no ?  i'm confused
allieonastar;am saying yes
billy_williams65 ;yes your coming or yes I'll try ?  i just don't wanna get my hopes up if you can't really come
allieonastar;yes i'll try
billy_williams65 ;ok
allieonastar;if i do where we meet at
billy_williams65 ;i guess you could come to our apartment cause there'll be just me there ,  ,  ,  ,  ,  or the mall or something gif you want
allieonastar;cool ,  ,  ,  ,  ,  you by yourself today
billy_williams65 ;aunt judys working today but Christ is here
allieonastar;aw
billy_williams65 ;why ?
allieonastar;was thinking might try coming up today
billy_williams65 ;omg really ?
allieonastar;yea
billy_williams65 ;could you really ?  why didn't you SAY ?  ?  ?  ,  ,  ,  ,  ,  oh please come
allieonastar;you know your way around there yet
billy_williams65 ;|um ,  not all ot yet but ican try|
allieonastar;what places you live close to
billy_williams65 ;ummm ,  ,  ,  ,  ,  |theres a gas station ,  and a mcdonalds| ,  ,  ,  ,  and another burger place if orget what
allieonastar;cool
billy_williams65 ;whatcha thinking lol
allieonastar;about me and you
billy_williams65 ;awwww ,  ,  ,  ,  ,  i've been thinking gso much about that ,  ,  ,  ,  ,  |yesterday i was like ,  aww ,  if he didn't have to work he would be here now
allieonastar;yea me to
billy_williams65 ;hang on a second
allieonastar;ok
billy_williams65 ;aw MAN !
allieonastar;what
billy_williams65 ;aunt judys here .  .  .  i thought she had gone to work but she's here
allieonastar;saw crap
billy_williams65 ;hang on lemme find out about
allieonastar;ok
billy_williams65 ;aww theychanged her shift ,  ,  ,  ,  ,  she was gonna work hours but now she's just working regular tonight and tomorrow
allieonastar;and monday then she's leaving tuesday ,  ,  ,  ,  ,  i know
billy_williams65 ;what time she go and tonight
allieonastar;midnight
billy_williams65 ;ok ,  ,  ,  ,  ,  she still on call
allieonastar;yeah they promised here it wouldn't be for long but right now she is ,  ,  ,  ,  ,  i feel badfor her cause she hates it
billy_williams65 ;working different shifts like that s hard on a body
allieonastar;yeah she says that sometimes she wakes up at night and ant go back to sleep ,  ,  ,  ,  ,  i'm gonna have to go in a second cause she is here
billy_williams65 ;it messes you up
allieonastar;will you be on later ?
billy_williams65 ;yea
allieonastar;that s exactly what she said !  !
billy_williams65 ;and after awhile it tears you down / you get sick and can't adjust to get better
allieonastar;that's right you had to do it before right ?
billy_williams65 ;yea i been there done that
allieonastar;yuck i'm so sorry
billy_williams65 ;done it for years
allieonastar;OUCH
billy_williams65 ;was getting about hours sleep a day
allieonastar;omg ,  ,  ,  ,  ,  i would die
billy_williams65 ;was so tired i wanted to cry and couldn't
allieonastar;awwwww baby
billy_williams65 ;that makes me feel warm all over you callin me baby
allieonastar;: - * baby
billy_williams65 ;><:- *
allieonastar;i have to go will you be on later ?
billy_williams65 ;yea
allieonastar;yay
billy_williams65 ;we just have to catch each other
allieonastar;i know it's hard but i'm always thinking about you
billy_williams65 ;yea i'm thinking about you to that's why it's hard
allieonastar;i'm sorry she's here today i was all excited thinking about you driving up
billy_williams65 ;me to
allieonastar;talk to you soon ,  ,  ,  ,  ,  baby ->
billy_williams65 ;ok bye sweetie
allieonastar;bye
billy_williams65 ;you there
allieonastar;hi you there ?  ,  ,  ,  ,  ,  we went shopping gand bought glasses ,  ,  ,  ,  ,  BORING lol ,  ,  ,  ,  ,  gonna go have dinner now ,  ,  ,  ,  ,  hey ,  ,  ,  ,  ,  you there ?  ,  ,  ,  ,  ,  gotta go to sleep night baby ,  ,  ,  ,  ,  morning ,  ,  ,  ,  ,  gonna have breakfast be back ,  ,  ,  ,  ,  gtg .  .  .  were going to see mamma mia at the movies i'll look for you later ,  ,  ,  ,  ,  hi
billy_williams65 ;hi sweetie
allieonastar;hey !  !  ,  ,  ,  ,  ,  how are you ?
billy_williams65 ;hot and you
allieonastar;lol i'm cool now cause i'm inside ,  ,  ,  ,  ,  you been out ?
billy_williams65 ;yea ,  ,  ,  ,  ,  mowing
allieonastar;errrg not fun
billy_williams65 ;not at all ,  ,  ,  ,  ,  am wringin wet
allieonastar;"awwwww ,  ,  ,  ,  ,  """" > ,  ,  ,  ,  ,  bet you look cute"
billy_williams65 ;i need a bath /  you wanna give me one
allieonastar;lol ,  ,  ,  ,  ,  sure jump on through the screen lol
billy_williams65 ;wish it was possible
allieonastar;yeah
billy_williams65 ;id be there every day
allieonastar;well do you know if your coming on tuesday ?
billy_williams65 ;yea i am
allieonastar;for real ?  i don't wanna get all happy if your not sure
billy_williams65 ;yea really
allieonastar;YYYYAAAAAAAAAAAAAAAAAAAAYYYYYYYYYYYYYYYY !  !  !  !  !  !  !  !  !  !  !  !  !  !  !  !  !  !  !  !  !  !  !  !  !  !  !  !  !  !  !  !  !  !  !  !  !  !  !  !  !  !  !  !  !  !  !  !  !  !  !  !  !  !  !  !  !  !  !  !  !  !  !  !  !  !  !  !  !  !  !  !  !  !  !  !  !  !  !  !  !  !  !  !  !  !  1
billy_williams65 ;what time s your aunt leaving tuesday
allieonastar;omg ,  ,  ,  ,  ,  she says she's leaving around : 30
billy_williams65 ;ok
allieonastar;can you come after that ?
billy_williams65 ;yea
allieonastar;whoopee !  !  !  you have to tell me what kinda pizza you like cause i can order it
billy_williams65 ;what kind you like
allieonastar;i like cheese and pepperoni and sausage
billy_williams65 ;s cool
allieonastar;but not anchovies lol
billy_williams65 ;me to
allieonastar;i didn't know what those were and then my dad said they were fish
billy_williams65 ;anchovies yuck
allieonastar;i know .  .  .  ,  ,  ,  ,  ,  it'll be so much fun
billy_williams65 ;yea
allieonastar;what kinda movies you like ?  I get to rent a couple movies too
billy_williams65 ;what you like
allieonastar;pretty much anything just not really bloody horror
billy_williams65 ;cool ,  ,  ,  ,  ,  just little problem
allieonastar;what ?
billy_williams65 ;won't be able to stay long
allieonastar;oh yeah i figured cause you probably have to work wednesday ?
billy_williams65 ;yea
allieonastar;|well ,  i just wanna see u|
billy_williams65 ;cool
allieonastar;if it can't be for long that's ok ,  ,  ,  ,  ,  cause well see each other more right ?
billy_williams65 ;yea
allieonastar;|listen ,  aunt Judy is home right now ,  but later on ,  when she goes to work ,  could i call you ?  |
billy_williams65 ;what time is that
allieonastar;anytime after
billy_williams65 ;yea but we have to be careful
allieonastar;ok how should i be careful ?
billy_williams65 ;gotta question
allieonastar;ok
billy_williams65 ;|do you mind me bn married (  Well ,  I don't mind ,  but I bet your wife sure does .  |
allieonastar;oh ,  ,  ,  ,  ,  your married ?
billy_williams65 ;yea
allieonastar;but you still like me right ?
billy_williams65 ;yea
allieonastar;|if you still like me ,  then i don't mind anything ,  cause i like you so much|
billy_williams65 ;really
allieonastar;is that ok ?
billy_williams65 ;s cool
allieonastar;as long as it's ok with you
billy_williams65 ;ok
allieonastar;and i wanna hear your voice
billy_williams65 ;ok
allieonastar;tell me what time you want me to call ?
billy_williams65 ;can you call now
allieonastar;i can't cause aunt Judy has the phone and she's sleeping
billy_williams65 ;ok
allieonastar;before she goes towork ,  ,  ,  ,  ,  but i can later once she goes
billy_williams65 ;cool ,  ,  ,  ,  ,  -936-1067
allieonastar;ok cool ,  ,  ,  ,  ,  you want me to just call after she leaves or wait ?
billy_williams65 ;has she ever forgot and e thing and come back
allieonastar;sometimes i guess
billy_williams65 ;might wanna wait little bit after she leaves
allieonastar;ok
billy_williams65 ;but if i don't answer i've got grese all over me / helping brother with / car
allieonastar;awww ok
billy_williams65 ;leave me a message
allieonastar;|if you want ,  you can tell me a time to call and i'll call then| ,  ,  ,  ,  cool what kinda car ?
billy_williams65 ;ss impala / chevy
allieonastar;ooh i've heard of impala ,  ,  ,  ,  ,  they're like really special right ?
billy_williams65 ;yea this is to both of us
allieonastar;that's so cool ,  ,  ,  ,  ,  do guys like girls that know a lot about cars ?
billy_williams65 ;yea but some more interesting and the car
allieonastar;lol
billy_williams65 ;they treat the car better than the girl
allieonastar;wow ok ,  ,  ,  ,  ,  do you like cars or girls better ?  lol
billy_williams65 ;like girls better they sweeter than the car
allieonastar;awwww
billy_williams65 ;car can't kiss
allieonastar;lol that's way true
billy_williams65 ;what you bn doing today
allieonastar;we went to the movies and saw mamma mia ,  ,  ,  ,  ,  it was really funny and the songs were good
billy_williams65 ;cool
allieonastar;then we went and had lunch and came back so aunt Judy could sleep before going to work ,  ,  ,  ,  ,  christas sleeping too so i get the competition all to myself lol
billy_williams65 ;hehehe ,  ,  ,  ,  ,  well it's true !  !
allieonastar;yea i know ,  ,  ,  ,  ,  brother just called and he's ready to work on car
billy_williams65 ;oh you gotta go ?
allieonastar;yea
billy_williams65 ;ok ,  ,  ,  ,  ,  but i can call you later right ?
allieonastar;yea
billy_williams65 ;you sure you don't want me to call at a particular time ?  i really wanna hear your voice and if your not there then i don't want to bother you by calling back a lot
allieonastar;s ok
billy_williams65 ;ok well it'll be sometime after
allieonastar;cool
billy_williams65 ;"have fun working gon the car ,  ,  ,  ,  ,  baby """" >"
allieonastar;ok i be thinking about you ,  ,  ,  ,  ,  bye sweetie
billy_williams65 ;awww i'm thinking about you too ,  ,  ,  ,  ,  bye ,  ,  ,  ,  ,  hi you there ?  ,  ,  ,  ,  ,  gonna try to call you ,  ,  ,  ,  ,  omg you sound so cute ,  ,  ,  ,  ,  hope you catch lots of fish ,  ,  ,  ,  ,  hey just checking ,  ,  ,  ,  ,  gotta go to bed night baby ,  ,  ,  ,  ,  hi ,  ,  ,  ,  ,  listen hit me up when your online cause i figured out where i can meet you tomorrow ,  ,  ,  ,  ,  or i could call you if you want ,  ,  ,  ,  ,  hey i'm gonna go eat dinner but then i'll be back ,  ,  ,  ,  ,  so excited about tomorrow
allieonastar;you are are you
billy_williams65 ;hi !  !  !  ,  ,  ,  ,  ,  omg yes i'm SO excited lol ,  ,  ,  ,  ,  are you ?
allieonastar;hehehehe ,  ,  ,  ,  ,  yea
billy_williams65 ;yay !  ,  ,  ,  ,  ,  did you have a good day ?
allieonastar;yea all i thought about ws you
billy_williams65 ;omg i was thinking about you all day too !
allieonastar;cool
billy_williams65 ;now that i've heard your voice it's all real ,  ,  ,  ,  ,  i like your voice btw
allieonastar;i like your voice to
billy_williams65 ;"awww really ?  ,  ,  ,  ,  ,  """" >"
allieonastar;yea ,  ,  ,  ,  ,  sound awful cute
billy_williams65 ;awwww ,  ,  ,  ,  ,  ty
allieonastar;yw and i bet you got dimples to go with it
billy_williams65 ;lol ,  ,  ,  ,  ,  idk I'll have to tell me
allieonastar;in a cute little smile to
billy_williams65 ;awww ,  ,  ,  ,  ,  i've been smiling gall day
allieonastar;and the rest of you looks good to ,  ,  ,  ,  ,  hehehe you have
billy_williams65 ;wow thanks ,  ,  ,  ,  ,  yep i'm so excited to see you ,  ,  ,  ,  ,  bet i don't sleep tonight
allieonastar;i am to ,  ,  ,  ,  ,  was up half the night thinking about you
billy_williams65 ;awww really ?
allieonastar;yea
billy_williams65 ;what were you thinking gabout ?
allieonastar;kissing and cuddling
billy_williams65 ;"awww sounds good ,  ,  ,  ,  ,  """" >"
allieonastar;lol ,  ,  ,  ,  ,  |listen i rode my bike around today and there's an Arbys close to my house ,  you wanna meet there ?  |
billy_williams65 ;yea sure
allieonastar;ok ,  ,  ,  ,  ,  you need directions or do you know where i mean ?
billy_williams65 ;yea give me directions
allieonastar;ok are you going to come up on ?
billy_williams65 ;yea
allieonastar;ok i'm off of exit
billy_williams65 ;ok
allieonastar;you go to the end of the ramp and turn right ,  ,  ,  ,  ,  and then turn left at the first light ,  ,  ,  ,  ,  i think it's th street ,  ,  ,  ,  ,  but the abyss is right there I'll see it ,  ,  ,  ,  ,  and i'll ride my bike up and meet you there
billy_williams65 ;cool ,  ,  ,  ,  ,  ok
allieonastar;are you bringign your truck ?
billy_williams65 ;yea
allieonastar;ok ,  ,  ,  ,  ,  do you like Abby's ?
billy_williams65 ;yea
allieonastar;yeah me too ,  ,  ,  ,  ,  i live really close to there
billy_williams65 ;ok
allieonastar;what time are you coming ?
billy_williams65 ;i'm guessing about
allieonastar;that's good aunt Judy says she's leaving around : 30 now so Christ and her will be way gone by then
billy_williams65 ;cool
allieonastar;yeah ,  ,  ,  ,  ,  you mean it right ?  not messing with me are you ?
billy_williams65 ;i mean it
allieonastar;i know you do .  .  .  sorry i'm just so happy that i'm afraid it's not real
billy_williams65 ;finally get to see my boyfriend
allieonastar;hehehe
billy_williams65 ;what time do you have to go back ?
allieonastar;about
billy_williams65 ;ok ,  ,  ,  ,  ,  wow that's not long but it's ok ,  ,  ,  ,  ,  i'm just glad to see you
allieonastar;wish i could stay longer
billy_williams65 ;i know it's totally ok i'm so glad your coming
allieonastar;ok
billy_williams65 ;you can take pizza back with you lol
allieonastar;ok
billy_williams65 ;omg guess what
allieonastar;what
billy_williams65 ;we went shopping gtoday and i got fudge ripple ice cream for you
allieonastar;hehe cool
billy_williams65 ;lol yeah ,  ,  ,  ,  ,  so did you catch anything yesterday ?
allieonastar;no
billy_williams65 ;awww
allieonastar;got a couple of bits
billy_williams65 ;did theysteal the bait from you ?
allieonastar;yea
billy_williams65 ;aww sorry
allieonastar;s ok
billy_williams65 ;another are time when you can stay longer ,  will you take me fishing ?  |
allieonastar;sure
billy_williams65 ;be fun
allieonastar;you have rod and reel
billy_williams65 ;no
allieonastar;ok ,  ,  ,  ,  ,  you bn fishing before
billy_williams65 ;|wehn iwas little i went with my dad and i've hung around people fishing gbefore but i've never really done it ,  you know ?  |
allieonastar;ok
billy_williams65 ;what kinda fishu like best ?
allieonastar;catfish /  no bones hardly
billy_williams65 ;oh i had catfish once it was good
allieonastar;catfish always good
billy_williams65 ;christas hoping to sneak away and see her boyfriend tomorrow
allieonastar;she sneaking like you huh
billy_williams65 ;lol .  .  .  .  i guess yeah
allieonastar;does aunt Judy know what she gonna do
billy_williams65 ;no lol
allieonastar;aw
billy_williams65 ;christas gonna ask if she can go she our friend Morgan ,  ,  ,  ,  ,  and spend the night ,  ,  ,  ,  ,  lol see Morgan
allieonastar;yeah she's excited
billy_williams65 ;bet she is
allieonastar;she thinks i'm excited for her she doesn't know i get to see you tomorrow too !  !  !
billy_williams65 ;hehehe
allieonastar;lol i know
billy_williams65 ;that phone number yours or somebody else's
allieonastar;which number ?
billy_williams65 ;the you called from yesterday
allieonastar;what number did it show ?  when i call dad with the phone card he says it shows an number
billy_williams65 ;yea it did
allieonastar;yeah i have to call something and then put in the card number
billy_williams65 ;ok
allieonastar;could i call you now just to say hi ?  aunt judys at work ,  ,  ,  ,  ,  and christas watching television
billy_williams65 ;yea
allieonastar;cool !  ,  ,  ,  ,  ,  now ok ?  ,  ,  ,  ,  ,  lol you there ?
billy_williams65 ;yea
allieonastar;ok i'm gonna go get the phone give me a minute ok ?
billy_williams65 ;ok
allieonastar;ok calling now
billy_williams65 ;ok ,  ,  ,  ,  ,  you bk sweet
allieonastar;hey
billy_williams65 ;>
allieonastar;you blush that easy
billy_williams65 ;idk ,  ,  ,  ,  ,  i just get all nervous when i hear your voice
allieonastar;nothing to be nervous about
billy_williams65 ;i know
allieonastar;heheh i got butterflies when you called
billy_williams65 ;did you really ?  I had them soon as i wne t fo the phone
allieonastar;yea i did / aw
billy_williams65 ;i bet i have them all day tomorrow too
allieonastar;suppose to hot tomorrow to
billy_williams65 ;errrrg i know ,  ,  ,  ,  ,  i'm so glad we have ac id die otherwise ,  ,  ,  ,  ,  hang on Christ wants something
allieonastar;ok ,  ,  ,  ,  ,  brb
billy_williams65 ;back ,  ,  ,  ,  ,  ok
allieonastar;ok ,  ,  ,  ,  ,  what she want
billy_williams65 ;you still watching andy ?  ,  ,  ,  ,  ,  lol she wants to borrow a skirt of mine
allieonastar;no but i can hear it ,  ,  ,  ,  ,  oh a skirt
billy_williams65 ;"yeah she yelled and I went to the room and she's wearing it saying \"""" can I take this ?  \""""  ,  ,  ,  ,  ,  it's not my fave so i said ok"
allieonastar;cool ,  ,  ,  ,  ,  which s your fave
billy_williams65 ;I have a white one with glitter on the edge that i love
allieonastar;cool ,  ,  ,  ,  ,  what shirt you have for that skirt
billy_williams65 ;umm I have a couple that I wear .  .  .  i have a blue one with glitter and a pink striped one ,  ,  ,  ,  ,  which do you like ?
allieonastar;both would look good on you
billy_williams65 ;awww ty
allieonastar;yw
billy_williams65 ;you can pick if you want .  .  .  i just have to make sure they're not in a box lol
allieonastar;hehe ok
billy_williams65 ;i'm supposed to call my dad ina few minutes so i gotta go
allieonastar;ok
billy_williams65 ;tomorrow will you be online before you leave to come here ?
allieonastar;no i'll probably leave strait from work
billy_williams65 ;ok cool ,  ,  ,  ,  ,  well i can't wait to see you
allieonastar;same here sweet
billy_williams65 ;: x ,  ,  ,  ,  ,  : - *
allieonastar;: x><:- *
billy_williams65 ;night baby : - *
allieonastar;
billy_williams65 ;
allieonastar;
billy_williams65 ;
allieonastar;
billy_williams65 ;
allieonastar;
billy_williams65 ;
allieonastar;
billy_williams65 ;
allieonastar;
billy_williams65 ;
allieonastar;
billy_williams65 ;
allieonastar;
billy_williams65 ;
allieonastar;
billy_williams65 ;
allieonastar;
billy_williams65 ;
allieonastar;
billy_williams65 ;
allieonastar;
billy_williams65 ;
allieonastar;
billy_williams65 ;
allieonastar;
billy_williams65 ;
allieonastar;
billy_williams65 ;
allieonastar;
billy_williams65 ;
allieonastar;
