ID;msg
blaggca ;?
Decoy name;i'm around * edit *
blaggca ;"are you busy tonight would you like to see a movie or something (  Well that was quick ; minutes and he's all ready to meet )  ,  ,  ,  ,  ,  what is your name sweetie"
Decoy name;* kid's name *
blaggca ;"it's so beautiful (  I'm pretty confident that even if \"""" Roy \"""" had been my name THIS would have been his response .  )  ,  ,  ,  ,  ,  what about you asl"
Decoy name;"aww ty ,  ,  ,  ,  ,  |13 f california (  13 !  !  This is where you say \"""" oh ,  too young \"""" and walk away .  )  |"
blaggca ;yeayou like the movies and the beach and what music you like (  See ?  )
Decoy name;i like all kinds just not stuff like ashlee simpson and her stupid sister
blaggca ;|i'm looking for a date to take to the movies tonight would you be interested or just someone to cuddle with in my car at the beach ,  i can pick you up and i'll pay for everything no worries (  So let me get this strait ,  Corye .  You know that you are dealing with a year old yet still you push on .  )  | ,  ,  ,  i love to kiss and cuddle like teddy bears (  Why did you have to say something so nauseating ?  )  ,  ,  ,  ,  ,  lol
Decoy name;lol
blaggca ;you like to ,  ,  ,  ,  ,  you can never practive enough (  Oh ,  Corye you're so witty and smart ,  except not .  )  | ,  ,  ,  lol ,  ,  ,  ,  ,  ><:- * ,  ,  ,  ,  ,  lol
Decoy name;"maybe if i get to know you a little better (  Have you noticed who is pushing who here ?  I actually thought this guy was joking ; that's how fast he moved .  )"
blaggca ;sure we can talk for as long as you want i'm super nice i'm originally from Georgia
Decoy name;cool
blaggca ;i'm a southern type guy laid back fun and affecionate lol ,  ,  ,  ,  ,  so you are free tonight what city are you in i'm in chula vista
Decoy name;i'm kinda by * edit *
blaggca ;yeah what city oceanside (  Pushy much ?  Christ !  )
Decoy name;haha i will tell you later if i like you
blaggca ;|awww ,  that's mean mami (  You really just said that didn't you ,  you fuck ?  )  | ,  ,  ,  lol ,  ,  ,  ,  ,  it's okay though i understand so ask me questions to make you like me !  !  (  Every question I had has been answered and not correctly .  I do not like you .  Not one bit .  )
Decoy name;no it don't i just gotta like you !
blaggca ;I know baby ,  lol (  Sweetie ,  baby ,  it's all the same creepy speak and UGH !  )  | ,  ,  ask me things so you can get to know me honey ,  ,  ,  ,  ,  i want to see you tonight so ask whatever you need to in order to feel like friends and be comfortable (  Because you are ALL about the girl's comfort huh ?  )  ,  ,  ,  ,  ,  lol
Decoy name;ok what do you do ?
blaggca ;"i work for a computer company in san diego ,  ,  ,  ,  ,  |it's fun i drive around all day i eat at the mall for lunch mon-fri ,  lol| ,  ,  ,  ,  in la jolla ,  ,  ,  ,  ,  i have a great car a -door nissan sport it's fast and pretty so i love it ,  ,  ,  ,  ,  i have an apartment in chula vista ,  ,  ,  ,  ,  |all i missing in a sweetheart to share my love with a girl to romance and kiss and cuddle that is what i want to do tonight and i hope you can be my superwoman !  !  awww (  Be your \"""" superwoman \"""" ?  Yeah ,  no .  )  | ,  ,  ,  ,  ><"
Decoy name;awww
blaggca ;ask me more
Decoy name;how come you don't got a girlfriend ?
blaggca ;"anything you want honey i like talking with you ,  ,  ,  ,  ,  |i have had several but i'm picky and i know what i like some girls cheated on me some had to move away to work in other states so they just didn't work out (  So ,  you're idea of \"""" picky \"""" is picking a year old ?  )  |"
Decoy name;oic kk
blaggca ;|but i'm really sweet i've never had a bad girlfriend i'm just single now (  No ,  see trying to have sex with a year old = not sweet .  Not at all .  )  |
Decoy name;you got lots of girlfriends then ?
blaggca ;yes i have many girls that are my friends but there is something i like about you in particular so i want to be with you and find out how big your heart is i already know i'm attracted to you physically i want to know about what's on your inside of your heart (  The inside of my heart is filled with disdain for you .  )  ,  ,  ,  ,  ,  what other questions do you have baby ,  ,  ,  ,  ,  keep asking i like talking with you ,  ,  ,  ,  ,  !
Decoy name;what would we do if we went ?
blaggca ;what do you want to do when you graduate ?
Decoy name;be like a holistic dr i think
blaggca ;"|why i that ,  can you tell me what city you are in how many miles from san diego| ,  ,  ,  ,  well if you are worth the drive which i think you are then i have no problem i've been or LA to be with girls before (  Worth the drive ?  Ugh .  )  ,  ,  ,  ,  ,  i think you are worth it so far !  you know ,  ,  ,  ,  ,  |so your worth the gas money (  Yes ,  make sure that the underage girl is \"""" worth the gas money \"""" ,  you jackass .  )  | ,  ,  ,  do you have a phone number or do we have to talk on here ,  ,  ,  ,  ,  ?"
Decoy name;well we have to talk on here now lol ,  ,  ,  ,  ,  but we can talk on the phone later if you want ,  ,  ,  ,  ,  did leave ?
blaggca ;ok ,  ,  ,  ,  ,  no i'm here honey ,  ,  ,  ,  ,  so you like me so far sweetie
Decoy name;yah you seem real nice
blaggca ;i think i am the sweetest person in the world (  I vehemently disagree with you there .  )
Decoy name;yah your real sweet
blaggca ;i'm a super good friend i pride myself on never lying to my girlfriends
Decoy name;cool
blaggca ;if you love me and hold me and be with me i will love you forever and never hurt you ever i like to make people happy and smile (  So ,  making her smile is all it's about then ,  huh ?  )  | ,  ,  ,  if your smiling and happy so am i !
Decoy name;aww see your sweet (  Except not really .  )  ,  ,  ,  ,  ,  so what do you like to do with girlfriends ?  ,  ,  ,  ,  ,  like you take them out and stuff ?
blaggca ;|yes ,  depends on how close you live to me ,  ,  ,  ,  can you give me an address so i can mapquest and see how many minutes you are ,  ,  ,  ,  ,  if i know how close then i know how much time we can spend together sweetie ,  ,  ,  ,  ,  if your close then we can do lots of things together sweetie
Decoy name;i'll tell you i'm in * edit *
blaggca ;|aww ,  really ,  it's ok honey some people might say bye now but i really like you and think you are worth the drive ok hope you realize how big of an effort it will be to see each other| ,  ,  ,  |would you want a relationship then (  Yeah ,  because every year old girl's dream is some pushy ,  creepy year old .  )  | ,  ,  ,  i do
Decoy name;it's not real far is it ?
blaggca ;I like you so much i wish you could drive and meet me halfway you know (  OMG ,  i know right ?  !  How sweet of you to think how it could be easier for you ,  though .  Bravo ,  asshole .  )  |
Decoy name;yah i want a boyfriend that'd be real kewl
blaggca ;no it's just an hour drive ,  ,  ,  ,  ,  i need an exact address and i'll tell you how far ,  ,  ,  ,  ,  what is your mailing address
Decoy name;are you just playing me ?
blaggca ;"no sweetie ,  ,  ,  ,  ,  i'm really serious honey i want a girlfriend ,  ,  ,  ,  ,  i want to be with you tonight if you can meet me how long can you be out of your house are your parents strict ,  ,  ,  ,  ,  can you tell them your studying at a friends house ,  ,  ,  ,  ,  |lol (  Yeah ,  make sure you put \"""" lol \"""" here so you can downplay the creepy .  )  |"
Decoy name;lol my mom's gone
blaggca ;who is there ,  ,  ,  ,  ,  your dad
Decoy name;i don't know my dad
blaggca ;how long is your mom gone for baby ,  ,  ,  ,  ,  where did see go
Decoy name;vegas
blaggca ;|oh yea do you have any animals or anything ,  lol| ,  ,  ,  ,  to keep you company
Decoy name;no
blaggca ;|awwww ,  yeah i hope you enjoy our talk and will let me come over i'm ready as soon as you want me to be with you i want you to be comfortable of course so ask me anything you need to ok (  Yes ,  I am sure you are all about the comfort level of the year old and NOT about your own selfish wants .  Mmmhmm .  )  | ,  ,  ,  then i'll come over and keep you company i can stay until sunday if you want no pressure
Decoy name;i asked what you want to do
blaggca ;I want to just be with you and i would be so happy honey i like to just chill we can go see a movie ,  or go to the beach ,  my favorite thing to do with my girlfriend is to rent new movies and watch them at home and cuddle and makeout i hope you like to be affecionate kiss and cuddle it is so much fun with a hot person i like doing that so much | ,  ,  ,  just holding you close and loving you ,  ,  ,  ,  ,  ok but we can do whatever you want
Decoy name;yah i like kissing and cuddling hanging out
blaggca ;|awww ,  we are made in heaven for each other then !  (  * GAG !  *  )  | ,  ,  ,  ,  i think you will be a great girlfriend to me i want to be with you so bad
Decoy name;>
blaggca ;really ?
Decoy name;"yes i want you to ask me anything else you want then as soon as your ready give me directions and i will come right now to be with you and claim you as my girlfriend tonight !  (  \"""" Claim \"""" ?  That's interesting .  .  .  )  ,  ,  ,  ,  ,  we can have so much fun together ,  ,  ,  ,  ,  |when is your mom coming home honey what day (  Yes ,  make sure YOU won't get caught .  )  |"
blaggca ;monday sumtim
Decoy name;oh i have to come back to san diego sunday night so it's no problem i will be gone before she gets there ,  ,  ,  ,  ,  i work on monday ,  ,  ,  ,  ,  but we can spend all tonight and tomorrow together in each other's arms that would be my dream (  Don't make me vomit ,  Corye .  )  |
blaggca ;kewl what do you do ?
Decoy name;i work with computers i make a lot of money and i love my job ,  ,  ,  ,  ,  i get to drive around all day to the beach and mall ,  ,  ,  ,  ,  and i get paid for it ,  ,  ,  ,  ,  !  !  !
blaggca ;wow kewl
Decoy name;yea it's fun !  !  ,  ,  ,  ,  ,  i wouldn't do it if it wasn't ,  ,  ,  ,  ,  lo ,  ,  ,  ,  ,  lol
blaggca ;lol ,  ,  ,  ,  ,  what kinda movies you like ?
Decoy name;|all types only new ones ,  lol i like comedy for sure i like girl flicks drama mixed with comedy| ,  ,  ,  ,  some action like the rock ,  ,  ,  ,  ,  and stuff .  .  .  .  ,  ,  ,  ,  ,  what you like sweetie ,  ,  ,  ,  ,  ?
blaggca ;i like all kinds to
Decoy name;cool ,  ,  ,  ,  ,  i'll go get us some when i come up there we can go pick some out and blockbuster or something ok ,  ,  ,  ,  ,  and we can relax kick back and chill at home
blaggca ;cool
Decoy name;just me and you together as one !  !  (  Shut .  UP .  )  ,  ,  ,  ,  ,  tell me do you have any photos so i know what you look like
blaggca ;on my pro
Decoy name;you have more of your full body not just face ,  ,  ,  ,  ,  or more of your face
blaggca ;um yah i can email if you want
Decoy name;describe yourself in words to me !  !  make it exciting lol yeah send them to me now blaggca .  com ,  ,  ,  ,  ,  i'll send you some back and stuff ok ,  ,  ,  ,  ,  !  !  ,  ,  ,  ,  ,  i love taking photos and looking at them (  And I love the evidence so thanks .  )  ,  ,  ,  ,  ,  so much fun
blaggca ;kk i'm blond and have dark blu eyes '4 i think last time i checked and that's it i guess lol
Decoy name;lol are you sending me photos now on email ,  ,  ,  ,  ,  i can't wait ,  ,  ,  ,  ,  !  !
blaggca ;yah i am
Decoy name;that's so adorable your the perfect size i like athletic girl do you like to work out run and stay in shape
blaggca ;ok sent ,  ,  ,  ,  ,  i sent ok ?
Decoy name;i'm seeing now wait baby
blaggca ;kk
Decoy name;|awww your the most adorable and prettiest woman ever !  !  i like you a lot i send you photos also ok the second one is with my last girlfriend she was so pretty also that is how i look when we cuddle so cute huh !  !  !  !  (  13 year old = NOT a woman ,  Corye .  )  |
blaggca ;"aww ty ,  ,  ,  ,  ,  """" >"
Decoy name;your very welcome your are so pretty to me ,  ,  ,  ,  ,  did you get my photo
blaggca ;i'm going now
Decoy name;|:x ok enjoy honey ,  lol i'm much cuter in person i think ,  lol (  I highly doubt this .  )  |
blaggca ;aww your cute ,  ,  ,  ,  ,  who's with you in the one picture ?
Decoy name;that is my former girlfriend she is back in brazil now she is so pretty isn't she i like sexy girls !  !  ,  ,  ,  ,  ,  she was so sweet to me but she had to move back ,  ,  ,  ,  ,  and i couldn't go with her we are still friends ,  ,  ,  ,  ,  but i'm single now and i need another girlfriend to comfort me
blaggca ;she's real pretty
Decoy name;thankyou i think she was too
blaggca ;yah your hot
Decoy name;|awww ,  thankyou so much baby i work hard to stay in shape i have flat stomach and i eat good ,  well sometimes !  !  haha| ,  ,  ,  |we could be the hottest couple in * city edited * !  !  (  I .  .  .  what ?  Okay ,  a year old with a = hottest couple in .  .  .  YEAH I'm gonna have to DISAGREE with you there ,  you asshole .  )  | ,  ,  ,  aw
blaggca ;haha well you gotta eat bad sometimes
Decoy name;hey honey i have to fix dinner for my room mate now can i have your address to your house so i can mapquest the directions and ask you to see if they are right i can come over when i'm done eating we can talk for a little while longer ok (  How many times has he asked for the address now ?  is it ?  )  ,  ,  ,  ,  ,  i can't wait to hold you in my arms !  !  ,  ,  ,  ,  ,  your so sweet
blaggca ;i will be on when you come back ,  ,  ,  ,  ,  i'll wait
Decoy name;i just wanted to get them now so i can prepare while i'm eating how i'm going to drive there the quickest you know then i'll come back online to tell you i'm on the way can you do that for me ,  ,  ,  ,  ,  do you know the address
blaggca ;well you wanna watch movies and stuff ?  ,  ,  ,  ,  ,  yah i know my addy
Decoy name;yea sure ,  ,  ,  ,  ,  unless you want to do something else ,  ,  ,  ,  ,  don't worry i'll clean my mess and no parties ,  ,  ,  ,  ,  your mom won't know i was there i promise ,  ,  ,  ,  ,  if your worried about that
blaggca ;well yah she can't
Decoy name;no worries she won't i'm really respectable
blaggca ;i got a hot tub do you like hot tubs ?
Decoy name;|awww ,  it's my favourite
blaggca ;kewl !
Decoy name;|don't tempt me ,  lol| ,  ,  ,  ,  i'm so jealous ,  ,  ,  ,  ,  haha ,  ,  ,  ,  ,  |i'll want to live there ,  lol (  I'm pretty sure you will re-think this stance .  .  .  once you actually get there .  )  |
blaggca ;well you can sit in it
Decoy name;|ok ,  that would be a blast|
blaggca ;what else you wanna do ?
Decoy name;we can watch movies play in the hot tub and just get to know each other ok !  !  ,  ,  ,  ,  ,  we can do anything you want .  .  .  i don't know how shy you are honey
blaggca ;not really shy but don't know what you wanna do
Decoy name;like i said cuddling is my favorite thing to do i like to kiss hug and anything else as long as your comfortable ,  ,  ,  ,  ,  !  !
blaggca ;like what ?
Decoy name;|suprise !  !  i'll tell you when i get there ,  lol you know what !  !  but like i said i respect you and it's your choice totally| ,  ,  ,  ,  we are both hot ,  ,  ,  ,  ,  and attractive so ,  ,  ,  ,  ,  whatever happens is our decision and between only us !
blaggca ;lol well i'm not about not being prepared i gotta know what's up with you
Decoy name;|lol ,  awww|
blaggca ;and yah only us because i'm not dumb
Decoy name;i like you a lot i will only do what you want sweetie ,  ,  ,  ,  ,  tell me what you would like it seems like you want to do something else with me ,  ,  ,  ,  ,  if so just say so i don't mind ,  ,  ,  ,  ,  |u want me to say it first ,  lol ,  i'm not shy honey you can say what you feel| ,  ,  ,  |please feel open with me we will be b/f g/f so you can tell me all your feelings (  Yeah ,  put it on the kid .  )  | ,  ,  ,  ,  ok
blaggca ;yah you seem shy lol ,  ,  ,  ,  ,  well your all hey girl say what you want i ain't gonna say what i want lol
Decoy name;|lol i'm not shy at all i'm respectable i have manners but at the same time i am affecionate and i loved to be loved and make love ok (  No ,  it's no okay when you are talking about a kid ,  Corye !  NOT .  OKAY !  )  |
blaggca ;and it's like you the guy you supposed to be the guy you know ?  ,  ,  ,  ,  ,  lol you wanna make love me ?
Decoy name;|yes ,  i want to respect you honey you are going to be my girlfriend after all let's just leave it at this i'm really attracted to you and when we get together nothing is impossible ok i'm saying when we get in the hot tub we can make love no problem ,  i would love that !  !  | ,  ,  ,  you happy now ,  lol| ,  ,  ,  ,  aw
blaggca ;lol yah i just want you to be honest with me you know ?
Decoy name;i want to make you happy whether we just kiss or make out it's up to you !  ,  ,  ,  ,  ,  |i want to make love to you sure i'm a guy ,  lol and we are both very pretty so | ,  ,  ,  ,  it would be so much fun ,  ,  ,  ,  ,  are you a virgin just so i know
blaggca ;yah i am .  .  .  is that bad ?
Decoy name;no it's not bad
blaggca ;i still want you to like me
Decoy name;i still like you ,  ,  ,  ,  ,  i had sex for the first time when i was girls usually wait or more years the thing i knew is that when i wanted this very pretty girl we were g/f and b/f and i did it with her and i am so happy i did ,  ,  ,  ,  ,  but it's your choice and i want you to be happy so we can meet and if you feel a strong attraction i'd love to makeout no pressure though ,  ,  ,  ,  ,  ok
blaggca ;well it's not that big deal to me but i thought you should know you know
Decoy name;|thankyou for letting me know ,  i am curious though when we get in the hot tub and we are both turned on are you willing to makeout tonight ,  i would love to be your first i am very gentle and careful with you it's up to you (  Well ,  how fucking considerate of you !  )  | ,  ,  just let me know so i can prepare ,  ,  ,  ,  ,  ok
blaggca ;yah i think your real sweet and nice
Decoy name;it's the perfect time for you you have the house to yourself and we could take our time and fall in love (  Shut up .  )
blaggca ;awww ,  ,  ,  ,  ,  your so sweet
Decoy name;I really have to cook now ,  lol i don't want to stop talking with you ,  ,  ,  ,  can i get the directions please ,  ,  ,  ,  ,  so i can cook and prepare how to get there
blaggca ;yah i gotta go potty st can you hold on ?
Decoy name;yes
blaggca ;ok hang on
Decoy name;: x ,  ,  ,  ,  ,  are you back baby just send me the address when you get back the street name the city and zip code and a close landmark and the color of the house so i can for sure find it please baby ,  ,  ,  ,  ,  the house number too ,  ,  ,  ,  ,  |this food i'm cookin smells me my good ,  lol|
blaggca ;ok back sorry i had to get drink to ,  ,  ,  ,  ,  so thirsty
Decoy name;it's ok ,  ,  ,  ,  ,  yes i am
blaggca ;ok you gonna bring condemns then ?
Decoy name;i am sensitive myself
blaggca ;weird you go ?
Decoy name;|yes i will sweetheart ,  i have something most girls don't get to do also i have chocolate flavored condoms i only have left i will use them for you (  Did you really just make it seem like she would be special because you are going to use chocolate flavored condoms ?  Douche .  )  |
blaggca ;oh duh there you are ,  ,  ,  ,  ,  chocolate flavor ?
Decoy name;|yes ,  only if you want to give a blowjob it taste like chocolate do you know what i mean| ,  ,  ,  ,  if not we can talk later tonight about it ok
blaggca ;oh haha ok i'll trust you
Decoy name;|ok ,  thankyou i trust you as well| ,  ,  ,  ,  ok sounds great we have a plan now
blaggca ;yes
Decoy name;ok all i need is the address then so i can take a shower and get my clothes ready ok ,  ,  ,  ,  ,  i'm ready to be your man
blaggca ;ok ,  ,  ,  ,  ,  my daddy is * kid's addy * ,  ,  ,  ,  ,  * kid's zip * ,  ,  ,  ,  ,  oh * kid's city * but i already told you did member ?
Decoy name;yes thankyou
blaggca ;how long before you get here ?
Decoy name;i'll look now and tell you how long it will take me ok
blaggca ;kk
Decoy name;the e is for east
blaggca ;yah ,  ,  ,  ,  ,  what color car you got so i know it's you ?
Decoy name;|tell me is this right i go * directions to kid's addy * and i have a green Nissan altima is has chrome wheels and tinted windows you can't miss it it's very pretty ,  where should i park and what color is your house what does it look like
blaggca ;i know you gotta take the * directions * ,  ,  ,  ,  ,  its like beige and green color
Decoy name;i can be there by pm if the traffic isn't bad ok
blaggca ;not real pretty ,  ,  ,  ,  ,  ok kewl
Decoy name;how many rooms fence or no trees ?  ,  ,  ,  ,  ,  is the number of the house visible from the street ,  ,  ,  ,  ,  ?  ,  ,  ,  ,  ,  mailbox ?
blaggca ;rooms and two trees out front
Decoy name;cars ?
blaggca ;you can park on the street ,  ,  ,  ,  ,  in front
Decoy name;ok sure it's not for permitted cars
blaggca ;no cars at house no
Decoy name;what does your neirbors house look like
blaggca ;no it's a free street it's kewl
Decoy name;i want to make sure i can find it ,  ,  ,  ,  ,  what about the house number is it visitble from the street baby
blaggca ;lol lemme go look i never pain attention
Decoy name;?  ,  ,  ,  ,  ,  see if the house number is visible ,  ,  ,  ,  ,  ok
blaggca ;yah you can see it from the street
Decoy name;* house number * ,  ,  ,  ,  ,  how many windows ,  ,  ,  ,  ,  green color i got it ,  ,  ,  ,  ,  lol
blaggca ;it's got windows in front ,  ,  ,  ,  ,  in the door in the midle
Decoy name;|hey hopefully there is no traffic if not i can be there by ok ,  if there is traffic may be as late as or hopefully not wait on me ok don't fall asleep ,  lol (  Oh ,  don't you worry ,  we'll wait .  lol .  )  |
blaggca ;kk i won't
Decoy name;|i'm going to get ready ok ,  can you do me a favor baby|
blaggca ;yah
Decoy name;well first tell me can i stay the night you don't mind ,  ,  ,  ,  ,  so i don't have to drive home sleepy
blaggca ;yah you totally can
Decoy name;i'm sorry to impose
blaggca ;it's cool ,  ,  ,  ,  ,  no it's cool really
Decoy name;thankyou so much your so sweet
blaggca ;aww you are to
Decoy name;ok expect me as early as pm and as late as ok
blaggca ;what color car and do you have a cell ?  ,  ,  ,  ,  ,  can you call me when you get to the * edit * exit ?
Decoy name;it sucks so much i'm in between cell companies so i don't if you have a house number i can call you if i get lose though ,  ,  ,  ,  ,  on a pay phone ,  ,  ,  ,  ,  ok ,  ,  ,  ,  ,  do you ,  ,  ,  ,  ,  you have house phone
blaggca ;yah i have a house phone my cell don't take incoming ,  ,  ,  ,  ,  * kids' number * is my number ,  ,  ,  ,  ,  what color car you got ?
Decoy name;your cell ,  ,  ,  ,  ,  green altima i described in above if you read ok ,  ,  ,  ,  ,  you can't miss it it's pretty ,  ,  ,  ,  ,  dark windows and chrome wheels
blaggca ;kewl i like kewl cars
Decoy name;yea i'll take you for a ride no worry ok ,  ,  ,  ,  ,  just something else to do ,  ,  ,  ,  ,  !  !
blaggca ;aww kewl !  ,  ,  ,  ,  ,  ty
Decoy name;|ok i have to go the sooner i go the sooner you can hold me in your arms ok !  !  (  I told you the rule about making me vomit ,  right ?  NO NO .  )  | ,  ,  ,  ,  aw ,  ,  ,  ,  ,  that's your house number baby ,  ,  ,  ,  ,  ?  ,  ,  ,  ,  ,  can i call that number if i get lost ,  ,  ,  ,  ,  ?
blaggca ;yah you can and i will ans ,  ,  ,  ,  ,  i'm the only here so it's cool ,  ,  ,  ,  ,  ok are you leaving ?
Decoy name;|yes i'm coming now awww i'm so excited to be with my new girlfriend wow so excited (  I'm pretty sure the excitement fizzled .  Am I right ,  Corye ?  )  | ,  ,  ,  ,  !  !  !  !  !  ,  ,  ,  ,  ,  your the best ,  ,  ,  ,  ,  thankyou for all of this (  * snicker * You are welcome .  )
blaggca ;awww me to
Decoy name;i'm leaving now see you soon babygurl
blaggca ;you to i can't wait !  (  This is actually true .  )
Decoy name;><
blaggca ;kk ,  ,  ,  ,  ,  see you soon ,  ,  ,  ,  ,  ><
Decoy name;bye
blaggca ;
