ID;msg
bud448002 ;hi
eveaintsogreat ;hi asl
bud448002 ;m oc
eveaintsogreat ;f mira loma
bud448002 ;|do you have tits yet (  Yea ,  he's a quick one )  |
eveaintsogreat ;uh yea a little .  i don't got huge ones
bud448002 ;do you shave pussy hair (  13 is no problem for him .  Not even remotely concerned about her age .  )
eveaintsogreat ;no
bud448002 ;ok ,  do you play with it
eveaintsogreat ;not really
bud448002 ;have you try it ,  do you have b/f
eveaintsogreat ;no not right now i don't
bud448002 ;have had sex be for
eveaintsogreat ;yea
bud448002 ;how it good ,  does mom no about it ,  how old was the guy
eveaintsogreat ;no she don't .
bud448002 ;where you from
eveaintsogreat ;mira loma .  .  duh .
bud448002 ;do you like sex ,  how far you from Anaheim
eveaintsogreat ;i dunno .  i'm like a hour from la
bud448002 ;are you in
eveaintsogreat ;yea in
bud448002 ;do you like sex
eveaintsogreat ;yea
bud448002 ;do you want sex (  Speedy )  ,  do you have more picture of you
eveaintsogreat ;now ?  lol there's nobody here
bud448002 ;who home
eveaintsogreat ;my rents
bud448002 ;mom own the house some rents it ,  more picture
eveaintsogreat ;huh .  no ,  my rents are my parents
bud448002 ;do you own it
eveaintsogreat ;i don't no lol ,  my rents do
bud448002 ;would you every have sex with me
eveaintsogreat ;i dunno .  you got a picture
bud448002 ;what is email
eveaintsogreat ;i see you !
bud448002 ;how do i make picture better ,  see what
eveaintsogreat ;i dunno .  ,  i see you and your cam
bud448002 ;what do you dress like ,  \ any more picture of you
eveaintsogreat ;no i don't got anymore pictures .
bud448002 ;what size underwear
eveaintsogreat ;small
bud448002 ;when can we have sex
eveaintsogreat ;i dunno .  you work ?
bud448002 ;yes
eveaintsogreat ;what you do
bud448002 ;do you suck dick
eveaintsogreat ;you answer my ?  and i'll answer you
bud448002 ;what answer ,  i am at home
eveaintsogreat ;what you do for work
bud448002 ;work food store
eveaintsogreat ;oh ok ,  yea i did bjs before
bud448002 ;wish i have one down how ,  do you see it
eveaintsogreat ;yea i see
bud448002 ;can i add you to my list ,  are you busy
eveaintsogreat ;yea you can add
bud448002 ;would you every meet me ,  |do you like my dick (  No ,  no I do not .  This guy is a piece of work .  On this bust ,  he never sent me a picture of himself .  Only his dick .  What a sleazy piece of crap )  |
eveaintsogreat ;yea we can meet
bud448002 ;what will we do if you meet me
eveaintsogreat ;what you wanna do
bud448002 ;have sex ,  do you come on line alot ,  do you like my dick ,  hi ,  what will we do if you meet me
eveaintsogreat ;hi .  weekend you want
bud448002 ;have sex ,  is that ok
eveaintsogreat ;yea that's cool ,  don't wanna get preggers though
bud448002 ;do you want to see my cam still ,  what is preggers
eveaintsogreat ;pregnant .  you no .  have a baby
bud448002 ;where will we have sex at
eveaintsogreat ;my house
bud448002 ;how where do it with out mom and dad finding out
eveaintsogreat ;they be at work
bud448002 ;when ,  are they not there now
eveaintsogreat ;on the weekend a ftr new year ,  yea they are .  they're on vacation this week
bud448002 ;are they there now
eveaintsogreat ;yea !
bud448002 ;they going to be gone this weekend
eveaintsogreat ;no next weekend
bud448002 ;can you do it some this weekend (  Ah man it must suck hardcore to not be able to rape a minor whenever you want huh Michael ?  So terrible that you have to wait .  / Sarcasm )
eveaintsogreat ;no !  my rents will be home !
bud448002 ;do you come on here a lot
eveaintsogreat ;sometimes yea
bud448002 ;how will i get hold of you
eveaintsogreat ;i'm me ?
bud448002 ;ok ,  how many time have you had sex
eveaintsogreat ;i dunno .  i don't count
bud448002 ;time
eveaintsogreat ;no more than tattoo
bud448002 ;|when every i need sex i can get it from you (  Excellent ,  only not .  )  |
eveaintsogreat ;if my rents aren't home yea
bud448002 ;you the of jan
eveaintsogreat ;huh ?
bud448002 ;when rents be gone
eveaintsogreat ;yea .  they be working
bud448002 ;at night
eveaintsogreat ;yea
bud448002 ;does they work at night on friday ,  the
eveaintsogreat ;probes but i dunno sure
bud448002 ;what would we all do
eveaintsogreat ;you said sex .  that's cool
bud448002 ;do you let guys fuck you up the ass
eveaintsogreat ;no
bud448002 ;have you try it
eveaintsogreat ;no way .  sounds nasty to me
bud448002 ;some girl like it ,  what are you wearing ,  which one are you in the picture
eveaintsogreat ;in black
bud448002 ;can i see the other one ,  i a hev to go to bed
eveaintsogreat ;ok
bud448002 ;are you in th grade ,  what sizze be do you wear
eveaintsogreat ;small
bud448002 ;what size rba do you wear ,  see
eveaintsogreat ;be
bud448002 ;be ,  will you be on Thursday
eveaintsogreat ;yea
bud448002 ;i do not want to get caught
eveaintsogreat ;ok
bud448002 ;if mom and dad caught us do it ,  the call rape on me ,  hi
eveaintsogreat ;hi
bud448002 ;i do not want to get when we do it mom and dad call the cop me if find out how old i am ,  caught ,  for rape
eveaintsogreat ;yea you said that ,  they won't catch us
bud448002 ;do you under stand that
eveaintsogreat ;yea i do .  i'm not stupid
bud448002 ;if they find out about us doing it ,  will you be on Thursday ,  good night
eveaintsogreat ;bye
bud448002 ;hi
eveaintsogreat ;hi
bud448002 ;how are you
eveaintsogreat ;good .  you
bud448002 ;when do you go back to school
eveaintsogreat ;in jan
bud448002 ;after new year
eveaintsogreat ;yea
bud448002 ;ok ,  what are you doing
eveaintsogreat ;listening to music
bud448002 ;what type of music
eveaintsogreat ;black eyed peas
bud448002 ;have you had sex late why
eveaintsogreat ;no
bud448002 ;when can we
eveaintsogreat ;when my rents go back to work
bud448002 ;ok ,  are you good in bed
eveaintsogreat ;i guess so
bud448002 ;do you suck dick
eveaintsogreat ;yea i done that before .  i thought i told you that last night
bud448002 ;are you good at it
eveaintsogreat ;i guess so
bud448002 ;ok ,  would you do three some (  This is a recurring theme with him if you remember it from his other conviction .  )
eveaintsogreat ;i dunno .
bud448002 ;what are you wearing
eveaintsogreat ;pj's
bud448002 ;do you have bra on
eveaintsogreat ;no
bud448002 ;under wear
eveaintsogreat ;yea
bud448002 ;are you wear underwear
eveaintsogreat ;yea i do
bud448002 ;do you have any one
eveaintsogreat ;yea
bud448002 ;is it thong
eveaintsogreat ;no
bud448002 ;do you wear thong
eveaintsogreat ;no
bud448002 ;have you try one
eveaintsogreat ;yea
bud448002 ;did you like it
eveaintsogreat ;no
bud448002 ;do you play with it
eveaintsogreat ;not really
bud448002 ;have you try it
eveaintsogreat ;yea
bud448002 ;did you like it ,  would you do three some
eveaintsogreat ;i dunno .  you asked me that earlier tonight and i said same thing .
bud448002 ;can i fuck you up the ass
eveaintsogreat ;uh no .  that sounds gros
bud448002 ;would you try it
eveaintsogreat ;no
bud448002 ;what would we all do ,  talk to me
eveaintsogreat ;i dunno .  what do you want to do
bud448002 ;eat you out
eveaintsogreat ;ok
bud448002 ;have you every have pussy eat out
eveaintsogreat ;yea
bud448002 ;how was it ,  what is the oldest guy you had sex with ,  have you every been with a guy
eveaintsogreat ;yea .  .  duh .  have sex is with a guy .
bud448002 ;have you every had sex with girl
eveaintsogreat ;no
bud448002 ;would you every try it
eveaintsogreat ;i don't like girls like that
bud448002 ;ok ,  you pick something to talk about here
eveaintsogreat ;you work ?
bud448002 ;yes
eveaintsogreat ;what you do
bud448002 ;work for food store
eveaintsogreat ;you go to college ?
bud448002 ;no ,  hi
eveaintsogreat ;hi
bud448002 ;are you naked now ,  where the computer at
eveaintsogreat ;no i'm not naked .  why would i be
bud448002 ;i am jack off (  Good luck with that )
eveaintsogreat ;ok
bud448002 ;do you like it when i jack off for in person
eveaintsogreat ;i dunno .  never had a guy do that
bud448002 ;have you every ride a dick be for
eveaintsogreat ;i've had sex .
bud448002 ;have you every ride dick like go up and down on it
eveaintsogreat ;yea
bud448002 ;wish i can fuck you on saturday
eveaintsogreat ;yea but my rents are on vacation
bud448002 ;can you go out ,  do they going in your room
eveaintsogreat ;yea they go in my room
bud448002 ;all the time
eveaintsogreat ;yea pretty much
bud448002 ;do you go out
eveaintsogreat ;i go to my friends sometimes
bud448002 ;if i meet you on saturday ,  can you get out of the house
eveaintsogreat ;i told you no
bud448002 ;ok ,  you can not leave the house
eveaintsogreat ;yea but my rents check up on me .  i don't drive either
bud448002 ;if i came there
eveaintsogreat ;dude you gotta wait until my rents go back to work .
bud448002 ;ok ,  next friday
eveaintsogreat ;ok .  i dunno what they're working like for hours but i'll tell you when i no sure .
bud448002 ;are at work on sunday night
eveaintsogreat ;i don't think they work Sundays
bud448002 ;are they at work on next sunday night ,  what will we all do
eveaintsogreat ;you said sex .  that's cool .  weekend
bud448002 ;will pussy be shave for me
eveaintsogreat ;i don't shave it
bud448002 ;why
eveaintsogreat ;why should i
bud448002 ;make it clean for guy
eveaintsogreat ;i don't no any girls that do it
bud448002 ;guy will like it better
eveaintsogreat ;my boyfriend never complain d
bud448002 ;did you have sex with him
eveaintsogreat ;yea .
bud448002 ;how old was he
eveaintsogreat ;how many people you talking to ?  you keep asking me same ?  s over and over .
bud448002 ;none ,  did mom meet him
eveaintsogreat ;no
bud448002 ;ok ,  what will be the st when you meet me you will do to me
eveaintsogreat ;i dunno .  what do you want
bud448002 ;kiss
eveaintsogreat ;ok .  i can do that
bud448002 ;ok ,  talk to me ,  hello
eveaintsogreat ;hi
bud448002 ;can i fuck any way i want to
eveaintsogreat ;like how
bud448002 ;up the ass to
eveaintsogreat ;no .  i told you no .
bud448002 ;hi ,  how are you
eveaintsogreat ;good
bud448002 ;did you have sex late why
eveaintsogreat ;no
bud448002 ;who are you weate on]
eveaintsogreat ;what ?  i don't understand your typing (  Chatting with this guy was pure torture .  )
bud448002 ;when can we have sex
eveaintsogreat ;i dunno
bud448002 ;when mom and day go back to work
eveaintsogreat ;this week
bud448002 ;what day
eveaintsogreat ;every day
bud448002 ;at night ,  only
eveaintsogreat ;some days and some nights
bud448002 ;when are they night
eveaintsogreat ;friday and saturday
bud448002 ;do they work in the day on thursday ady ,  un still what time
eveaintsogreat ;i dunno thursday .  why
bud448002 ;i want sex ,  are you busy
eveaintsogreat ;no
bud448002 ;what time do they go to work on friday night
eveaintsogreat ;until like
bud448002 ;they go in at pm
eveaintsogreat ;no they work until
bud448002 ;how will i get hold of you on friday
eveaintsogreat ;i'll be online
bud448002 ;what time
eveaintsogreat ;i dunno
bud448002 ;do you want sex on friday
eveaintsogreat ;i guess
bud448002 ;yes or no
eveaintsogreat ;i guess
bud448002 ;yes or no ,  do you have big bed
eveaintsogreat ;ugh .  your being a creep
bud448002 ;what does that mean
eveaintsogreat ;that your being a creep
bud448002 ;condition um ,  condition um ,  what color bra ,  hi
eveaintsogreat ;hi
bud448002 ;i have to bring condition um
eveaintsogreat ;yea you do
bud448002 ;how will we do it ,  how big is your bed
eveaintsogreat ;it's a regular size bed
bud448002 ;twin ,  will you give be j
eveaintsogreat ;i guess
bud448002 ;will you be on after on friday
eveaintsogreat ;yea ok
bud448002 ;you tell me how to get there are
eveaintsogreat ;i will
bud448002 ;what name
eveaintsogreat ;huh
bud448002 ;what is your name
eveaintsogreat ;eve
bud448002 ;is that real name
eveaintsogreat ;yes
bud448002 ;what color bra
eveaintsogreat ;white
bud448002 ;underwear
eveaintsogreat ;white
bud448002 ;what are you going to wear when you meet me
eveaintsogreat ;i dunno .  jeans and shirt .
bud448002 ;do you have skr it
eveaintsogreat ;yea
bud448002 ;would you wear that ,  for me on friday ,  with out underwear on
eveaintsogreat ;no .  i like jeans better
bud448002 ;ok ,  what type of top
eveaintsogreat ;t shirt
bud448002 ;with no bra
eveaintsogreat ;no i wear bras
bud448002 ;i am jack off ,  will you be on tuesday
eveaintsogreat ;me bbie
bud448002 ;monday at what ,  i am going to bed ,  i have what pain are for the week
eveaintsogreat ;what ?
bud448002 ;tell you late ,  i am going to bed ,  how are you ,  how are you
eveaintsogreat ;good .
bud448002 ;what are you doing
eveaintsogreat ;listening to music
bud448002 ;what are you wearing
eveaintsogreat ;pj's
bud448002 ;what color underwear
eveaintsogreat ;white
bud448002 ;bra
eveaintsogreat ;no
bud448002 ;do you play with it ,  where the computer at
eveaintsogreat ;my room .
bud448002 ;do you play with it
eveaintsogreat ;no lots
bud448002 ;do you play with self a lots
eveaintsogreat ;no
bud448002 ;ok ,  have you every seen girl naked
eveaintsogreat ;yea
bud448002 ;d did you like it
eveaintsogreat ;i guess
bud448002 ;do you touch it
eveaintsogreat ;not lots
bud448002 ;did you suck her tits
eveaintsogreat ;no .  i didn't touch her
bud448002 ;would you every touch a girl
eveaintsogreat ;no
bud448002 ;why not
eveaintsogreat ;i'm not lez
bud448002 ;would you have three some
eveaintsogreat ;i dunno
bud448002 ;i want sex ,  what time does mom dad come home a thursday ,  from work
eveaintsogreat ;mom is home all day
bud448002 ;on thursday
eveaintsogreat ;yea
bud448002 ;when does she go to work
eveaintsogreat ;friday
bud448002 ;i might go out with my friend ,  what time do they come home from work on sunday
eveaintsogreat ;i dunno sunday schedule yet .  what time you wanna come ?
bud448002 ;what time on saturday
eveaintsogreat ;at night
bud448002 ;what time do they get home on saturday night
eveaintsogreat ;like
bud448002 ;do they come home later then that
eveaintsogreat ;no
bud448002 ;when we fuck
eveaintsogreat ;when you come over
bud448002 ;doing the week
eveaintsogreat ;no
bud448002 ;then when
eveaintsogreat ;weekend .  i told you that tons of times before
bud448002 ;ok ,  what are you doing
eveaintsogreat ;nothing
bud448002 ;what do you list to
eveaintsogreat ;huh
bud448002 ;what type of music do you list to
eveaintsogreat ;rock
bud448002 ;what band do you like
eveaintsogreat ;perfect circle .  system of a down
bud448002 ;ok ,  do you like
eveaintsogreat ;no
bud448002 ;ok ,  green day
eveaintsogreat ;they're ok ,  the year not really rock though ,  the year punk
bud448002 ;they not punk
eveaintsogreat ;yea punk
bud448002 ;do like or ezzy ,  o ezzy
eveaintsogreat ;who so easy
bud448002 ;ac dc
eveaintsogreat ;no those guys are old
bud448002 ;nin
eveaintsogreat ;the year cool
bud448002 ;foo frighter
eveaintsogreat ;not really .  they're ok
bud448002 ;what do you dress like
eveaintsogreat ;jeans and t-shirts
bud448002 ;do you tank tops
eveaintsogreat ;yea
bud448002 ;what type of top ,  are you back in school
eveaintsogreat ;t-shirts
bud448002 ;are you back in school
eveaintsogreat ;yea
bud448002 ;how is it ,  around here they still out of school
eveaintsogreat ;lucky
bud448002 ;do you like any guy that live around you
eveaintsogreat ;not really
bud448002 ;ok ,  hi
eveaintsogreat ;hey what's up ,  hell ll you
bud448002 ;nothing ,  what are you doing
eveaintsogreat ;chilling ,  you ?
bud448002 ;nothing ,  what are you wearing
eveaintsogreat ;pj's
bud448002 ;what color bra
eveaintsogreat ;no bra
bud448002 ;underwear
eveaintsogreat ;white
bud448002 ;how will you do me
eveaintsogreat ;what .  your not here to do
bud448002 ;how will you fuck me
eveaintsogreat ;your not here to do that
bud448002 ;who all home
eveaintsogreat ;my rents but the year work in tomorrow
bud448002 ;do they woprk to night
eveaintsogreat ;no
bud448002 ;how can we fuck to night
eveaintsogreat ;we can't
bud448002 ;do they work on sunday night
eveaintsogreat ;no they are go into my grammas though
bud448002 ;for how long
eveaintsogreat ;i dunno until like are
bud448002 ;can you go out
eveaintsogreat ;no i don't drive
bud448002 ;if i came there
eveaintsogreat ;yea but you got to pick me up
bud448002 ;can you go out tonight
eveaintsogreat ;NO
bud448002 ;saturday night
eveaintsogreat ;yea the year work in saturday night
bud448002 ;to how late ,  how late on saturday
eveaintsogreat ;i dunno i think like
bud448002 ;i want sex now
eveaintsogreat ;sorry
bud448002 ;do you want sex
eveaintsogreat ;yea but i can't do it tonight
bud448002 ;do you want to see my dick on cam
eveaintsogreat ;you got a cam ?  cool
bud448002 ;how do you like are it
eveaintsogreat ;it's kinda blurry .  can't see good ,  that's better
bud448002 ;how will you suck it
eveaintsogreat ;i don't want to cyber .  i like stuff girl ,  you would picture me up real
bud448002 ;yes
eveaintsogreat ;ok .  ,  so .  .  what then
bud448002 ;what
eveaintsogreat ;i mean like what day
bud448002 ;i do not get you
eveaintsogreat ;uh .  i'm speaking english here .  what day are you gonna pick me up
bud448002 ;can you go out on the week day
eveaintsogreat ;no i got school
bud448002 ;after school
eveaintsogreat ;no i got to go home and do homework and stuff ,  what wrong with the weekend
bud448002 ;do you like it .
eveaintsogreat ;your cam ?
bud448002 ;yes
eveaintsogreat ;yea
bud448002 ;what would you do to it
eveaintsogreat ;weekend you want but not cyber ,  only rea
bud448002 ;saturday you gout like pm ,  am
eveaintsogreat ;no i can't
bud448002 ;can us tee ok out
eveaintsogreat ;no ,  you can either meet me earlier are never
bud448002 ;ok ,  do you like it
eveaintsogreat ;i guess
bud448002 ;is big e young for you
eveaintsogreat ;i guess
bud448002 ;can i fuck you up the ass
eveaintsogreat ;dude i think your play in me
bud448002 ;no ,  what time do they go to work on friday
eveaintsogreat ;after noon
bud448002 ;if i came there after work
eveaintsogreat ;what time you get off
bud448002 ;is that ok
eveaintsogreat ;yea i gotta check make sure they gone sure so hold on
bud448002 ;can we talk to get no each other better
eveaintsogreat ;yea
bud448002 ;be for we meet
eveaintsogreat ;um you want to come at like ?
bud448002 ;no ,  i want to get no you better
eveaintsogreat ;your so playing me .  forget it .
bud448002 ;ok
eveaintsogreat ;i dunno why your doing this .  your like i want to meet and then your like nevermnid .  what's up wit taht ,  you like me are no ?
bud448002 ;no
eveaintsogreat ;why not
bud448002 ;i just got back with me x girlfriend
eveaintsogreat ;then why you playing me
bud448002 ;i just got back with her day a go
eveaintsogreat ;yea but you been playing me tonight when you said you wasn't
bud448002 ;ok ,  talk to me
eveaintsogreat ;why sud i ?  your a player ,  you don't even want to meet real
bud448002 ;why are say that
eveaintsogreat ;you said you don't want to n that your with your girlfriend now so weekend
bud448002 ;who we
eveaintsogreat ;i said weekend ,  means whatever
bud448002 ;you mean me and you
eveaintsogreat ;no i don't cause you said you don't like me anymore
bud448002 ;ok ,  hello
eveaintsogreat ;what
bud448002 ;are you in bed
eveaintsogreat ;no
bud448002 ;hi
eveaintsogreat ;hi
bud448002 ;who home
eveaintsogreat ;my mom but she s leaving soon
bud448002 ;where day ,  where dad
eveaintsogreat ;work
bud448002 ;how long mom going to be gone to
eveaintsogreat ;i dunno like am
bud448002 ;when does dad get home
eveaintsogreat ;tomorrow morning
bud448002 ;when your mom leave
eveaintsogreat ;i dunno like in a little bit why
bud448002 ;do you want sex
eveaintsogreat ;you real california us i don't wanna be played
bud448002 ;if mom gone
eveaintsogreat ;yea she will be
bud448002 ;how far you from Anaheim
eveaintsogreat ;i dunno sure but it ain't that far
bud448002 ;where your from
eveaintsogreat ;mira loma
bud448002 ;do you want sex to night
eveaintsogreat ;yea you bring condoms though ok
bud448002 ;ok ,  is mom gone yet
eveaintsogreat ;no in like minutes are something
bud448002 ;can i get number
eveaintsogreat ;it's her .  you can't call it she'll she your number on there ,  i can call you before she leaves ,  i can call you no prob ,  hell lo so if you want to come over i need to nor i can go to my friends house
bud448002 ;hold up
eveaintsogreat ;ok
bud448002 ;i am print it out ,  do you want to call me now
eveaintsogreat ;print what out lol ,  yea ok
bud448002 ;(  Verified by the very lovely and talented Red Baroness )  ,  ask for michael it my cell ,  what is name
eveaintsogreat ;ok cool i'm evie
bud448002 ;is mom gone
eveaintsogreat ;not right now it old you hold on i'm call in ok
bud448002 ;call who
eveaintsogreat ;call you in a minute .  i got to find my phone
bud448002 ;how will i get hold of you if i let lost
eveaintsogreat ;i can try and sneak her cell but i dunno .  just nap quest
bud448002 ;your mom going to be gone like un still am
eveaintsogreat ;yea
bud448002 ;is she with cingular
eveaintsogreat ;i dunno that lol ,  ok brb call in
bud448002 ;what are you going to wear ,  talk to me ,  brb
eveaintsogreat ;ok i'm here now
bud448002 ;what are you doing
eveaintsogreat ;talking to you lol ,  so ?
bud448002 ;is gone be for that
eveaintsogreat ;huh ?
bud448002 ;leaving be for that
eveaintsogreat ;yea she is leaving ij us wanna make sure she don't for get something and come back ,  that gives are time to get in work and leave me alone lol
bud448002 ;what
eveaintsogreat ;like if she forgets her purse she can come back and then go back to work and you won't be here ,  i wanna make sure she s really gone
bud448002 ;ok
eveaintsogreat ;you need my addy
bud448002 ;yes
eveaintsogreat ;* edited ,  mira loma ,  you need zip ?
bud448002 ;yes
eveaintsogreat ;* edited *
bud448002 ;name
eveaintsogreat ;I've ,  told you that !  ,  what do you want me to wear
bud448002 ;hold up
eveaintsogreat ;ok ,  hey i think my mom is leaving now
bud448002 ;what are you going to wear
eveaintsogreat ;i dunno .  right now i'm wearing pants in a black shirt ,  what you are gonna wear ?  ,  do you want me to change ?
bud448002 ;what ru we aq ring now
eveaintsogreat ;i said pants in a black shirt
bud448002 ;what do you have
eveaintsogreat ;i dunno the pants are sexy i think
bud448002 ;if i get lost ,  how will i get hold of you
eveaintsogreat ;you can mapquest my email .  i'm trying to sneak mom's phone ,  its easy to get to ,  i can meet you outside if you want
bud448002 ;can i have house phone
eveaintsogreat ;we don't have house phone .  my rents only got cells
bud448002 ;if i get lost
eveaintsogreat ;i will call you .  i think i'll run to my friends house and try to borrow her cell .  she's cool like that
bud448002 ;does have cingular
eveaintsogreat ;i think so maybe
bud448002 ;does she have cingular
eveaintsogreat ;i think so maybe ,  i have to ask her though
bud448002 ;can i come now
eveaintsogreat ;yea ,  what you driving ?  ,  so i no it's you
bud448002 ;white pt cruzer
eveaintsogreat ;oh awesome !  !  !  that's a hot car
bud448002 ;i have box in it
eveaintsogreat ;lol ok
bud448002 ;boom box ,  can i come now
eveaintsogreat ;oh h that srad ,  yes yes come now !  lol (  Get out the door you asshole we have others to accomodate )
bud448002 ;can i yes or no
eveaintsogreat ;yes !
bud448002 ;what will you be wearing
eveaintsogreat ;my pants and black T .  i will come out to the gate
bud448002 ;hope we do not get caught
eveaintsogreat ;naa it's cool
bud448002 ;is it black plant
eveaintsogreat ;black t shirt ,  my shirt is black
bud448002 ;what color is pants
eveaintsogreat ;grey
bud448002 ;it really east to get there
eveaintsogreat ;yea it is .  i'm gonna try to get her cell so i can call you
bud448002 ;leave now ,  is there gas to in a bye
eveaintsogreat ;yea like down the street ,  but i can't see it from my house are nothing
bud448002 ;what is nothing
eveaintsogreat ;nothing
bud448002 ;|can i leave njow (  Yes for the love of all that is decent ,  hurry up )  | ,  is mom gone
eveaintsogreat ;Yes she is gone ,  come now
bud448002 ;ok ,  i an weare gray pants gray top ,  brb
