ID;msg
burtoncanyon1732002 ;|23/m/brattleboro ,  vt|
Shelly ;f nh
burtoncanyon1732002 ;ok ,  where in nh
Shelly ;Walpole
burtoncanyon1732002 ;nice ,  have any friends my age
Shelly ;that's mean
burtoncanyon1732002 ;no ,  i'm not trying to be mean ,  your really cute but your ,  it's not a bad thing but to young for me if you know what i'm saying
Shelly ;i'm not a baby
burtoncanyon1732002 ;i know i'm sorry ,  but you are a cutie
Shelly ;awww ty ~ !  ,  you got any pictures ?
burtoncanyon1732002 ;cam
Shelly ;kewl ,  i wish i had one
burtoncanyon1732002 ;you california view if you want
Shelly ;kk ,  omg
burtoncanyon1732002 ;what
Shelly ;your hot !
burtoncanyon1732002 ;tanks
Shelly ;yw ,  i'm shelly ,  what's your name ?
burtoncanyon1732002 ;Andrew
Shelly ;nice meet you
burtoncanyon1732002 ;you
Shelly ;ty
burtoncanyon1732002 ;your welcome ,  i think i've taken my boat up to walpole on the river from brattleboro before
Shelly ;cool
burtoncanyon1732002 ;so what are you doing up so late for ,  brb
Shelly ;kk
burtoncanyon1732002 ;ok ,  so what are you up to
Shelly ;nothing much ,  you ?
burtoncanyon1732002 ;chilling on myspace ,  check en email and looking for hotties
Shelly ;lol ,  find any ?
burtoncanyon1732002 ;may be a few ,  but they won't resp and ,  so you have any other pictures other than the one in your profile
Shelly ;ya
burtoncanyon1732002 ;can i see
Shelly ;can i add you ?  ,  sometimes i get booted
burtoncanyon1732002 ;sure ,  so what about those pictures
Shelly ;oh lo
burtoncanyon1732002 ;nice ,  you model
Shelly ;awww ,  t ,  ty ,  omg no ,  i wish
burtoncanyon1732002 ;you should
Shelly ;really ?  ?
burtoncanyon1732002 ;yes ,  have any other ,  s
Shelly ;lol you
burtoncanyon1732002 ;jeeze to bad you are not older
Shelly ;i wish i was
burtoncanyon1732002 ;why
Shelly ;so i can drive lol
burtoncanyon1732002 ;so you could date me
Shelly ;awww ,  really ?  ?
burtoncanyon1732002 ;i would if you were older
Shelly ;aww ,  that's nice but sad lol
burtoncanyon1732002 ;why ,  sad
Shelly ;cause you don't like me
burtoncanyon1732002 ;come on ,  you have a mic
Shelly ;no
burtoncanyon1732002 ;ok ,  don't you have a boyfriend
Shelly ;no not any more
burtoncanyon1732002 ;why
Shelly ;idk ,  he dumped me
burtoncanyon1732002 ;your hot though
Shelly ;aww ,  ty ,  he fu on the someone he liked better i guess
burtoncanyon1732002 ;hmm
Shelly ;do you got a girlfriend ?
burtoncanyon1732002 ;no ,  kinda like being single
Shelly ;ya me some time ies
burtoncanyon1732002 ;but i love to cuddle
Shelly ;ya me
burtoncanyon1732002 ;do your parents know your talking to a year old
Shelly ;lol ,  no ,  do yours no your talking a yo ?  ,  lol
burtoncanyon1732002 ;i live alone
Shelly ;cool
burtoncanyon1732002 ;do they care
Shelly ;idk ,  i'm not tell in them ,  lol
burtoncanyon1732002 ;why
Shelly ;idk ,  don't want get in trouble i guess
burtoncanyon1732002 ;ok ,  may be in years we could go on a date
Shelly ;that's a long time ,  time
burtoncanyon1732002 ;what
Shelly ;it's a long time until i'm ,  lol
burtoncanyon1732002 ;that's what i meant
Shelly ;to ,  you
burtoncanyon1732002 ;what you do for fun
Shelly ;shop ,  lol ,  party ,  chill ,  you ?
burtoncanyon1732002 ;what you mean by party
Shelly ;idk ,  party lol
burtoncanyon1732002 ;what you do at a party
Shelly ;drink duh ,  lol ,  what do you do at a party ?
burtoncanyon1732002 ;ok round ,  smoke pot drink
Shelly ;cool
burtoncanyon1732002 ;what else you do
Shelly ;when ?  at a party or just whenever
burtoncanyon1732002 ;when ever or at a party
Shelly ;lol
burtoncanyon1732002 ;what's the oldest guy you been with or out with ,  ok ,  you a virgin ,  sorry should of never asked you that question
Shelly ;i got booted
burtoncanyon1732002 ;ok ,  you a virgin
Shelly ;no ,  is tq at ok
burtoncanyon1732002 ;it's fine ,  when did you get it taken away ,  <ding> ,  you there
Shelly ;i keep getting boote
burtoncanyon1732002 ;ok ,  so what's your favorite sexual position ,  are you there
Shelly ;ya sorry ,  i haven't done it that much
burtoncanyon1732002 ;ok ,  i like putting my head between a girls thighs with my to uge up in her
Shelly ;omg
burtoncanyon1732002 ;i probably said to much
Shelly ;kewl ,  no ,  your cams gone
burtoncanyon1732002 ;ya
Shelly ;awww ,  aww ,  hi !
burtoncanyon1732002 ;hi ,  any of your friends drive
Shelly ;no ,  i wish
burtoncanyon1732002 ;ok
Shelly ;why ?
burtoncanyon1732002 ;if you did id say come down to the house some weekend
Shelly ;huh ?
burtoncanyon1732002 ;yes
Shelly ;oh ,  sorry ,  your house ?
burtoncanyon1732002 ;yes
Shelly ;well i can't drive
burtoncanyon1732002 ;i know
Shelly ;what would we do if i did lol
burtoncanyon1732002 ;anything you want
Shelly ;kewl ,  well it don't matter i guess
burtoncanyon1732002 ;what you mean
Shelly ;see us i can't drive
burtoncanyon1732002 ;so
Shelly ;so
burtoncanyon1732002 ;if you came here what would you like to do
Shelly ;it don't matter see us i can't come lol
burtoncanyon1732002 ;but if you could
Shelly ;lol ,  idk probably whatever you wanted
burtoncanyon1732002 ;if you cam with it would be up to you ,  it's always up to the girl
Shelly ;awww
burtoncanyon1732002 ;so .  .  .  .  .  .  .  .
Shelly ;lol ,  well idk what you want do
burtoncanyon1732002 ;probably you
Shelly ;aww ,  me
burtoncanyon1732002 ;serious ,  why
Shelly ;why what ?
burtoncanyon1732002 ;would you want to do me
Shelly ;me ,  like you said ,  i think your cam is frozaen ,  or your not moving ig ,  lol
burtoncanyon1732002 ;why would you want to do that
Shelly ;lol ,  y would you want ?
burtoncanyon1732002 ;never been with someone as young as you
Shelly ;is that bad ?
burtoncanyon1732002 ;not sure
Shelly ;oic
burtoncanyon1732002 ;what
Shelly ;idk ,  i'm not sure if you really like me or not i geus
burtoncanyon1732002 ;what you saying
Shelly ;lol ,  id kim just be in silly i guess
burtoncanyon1732002 ;i like you but to bad we can't chill
Shelly ;we can't ?
burtoncanyon1732002 ;why ,  can we
Shelly ;probably
burtoncanyon1732002 ;how
Shelly ;well i can't drive lol
burtoncanyon1732002 ;yes
Shelly ;my parents are going out of town this weekend ,  there going boston
burtoncanyon1732002 ;ok
Shelly ;your cams gone again
burtoncanyon1732002 ;yes ,  took it off ,  you keep on leaven me
Shelly ;I KNOW ,  grrrr are ,  lol ,  sorry ,  i keep get in booted
burtoncanyon1732002 ;ok ,  so what about your parents leaving
Shelly ;idk ,  just said there leaving
burtoncanyon1732002 ;and ?  ,  you going with them
Shelly ;omg no ,  lol
burtoncanyon1732002 ;who's watching you
Shelly ;no one
burtoncanyon1732002 ;so your coming to my house for the weekend
Shelly ;how can i do tatto ?  ,  i don't drive remember
burtoncanyon1732002 ;come picture you up
Shelly ;would you ?
burtoncanyon1732002 ;may be ,  you a cop
Shelly ;no ,  lol ,  are you ?
burtoncanyon1732002 ;how do i know that ,  i'm not
Shelly ;how do i no ?  ,  lol
burtoncanyon1732002 ;you saw me on cam
Shelly ;oh you ,  lol ,  you saw my pictures
burtoncanyon1732002 ;i know ,  how do i know though
Shelly ;you want me try call you ?
burtoncanyon1732002 ;when
Shelly ;now ?  ,  if i can
burtoncanyon1732002 ;i'm at my friends house and he's sleeping
Shelly ;oh ok ,  i can call you to moo row or something if you want
burtoncanyon1732002 ;do you want to
Shelly ;ya ,  id like hear your voice
burtoncanyon1732002 ;why ?
Shelly ;idk ,  lol ,  your funny ,  its up you
burtoncanyon1732002 ;we can talk ,  you ever met someone off of here
Shelly ;no ,  have you ?
burtoncanyon1732002 ;yes ,  but mty age
Shelly ;oic
burtoncanyon1732002 ;what
Shelly ;lol ,  idk ,  your just say in stuff
burtoncanyon1732002 ;like
Shelly ;well you said stuff like you meet people from here
burtoncanyon1732002 ;so ,  just asking
Shelly ;ok ,  are you mad ?
burtoncanyon1732002 ;no
Shelly ;ok
burtoncanyon1732002 ;who's taking care of you when you leave
Shelly ;no one
burtoncanyon1732002 ;why
Shelly ;i stay by myself all the time ,  its no big deal ,  its just a weekend
burtoncanyon1732002 ;your not having a party
Shelly ;lol no ,  i don't want have my house trashed lol
burtoncanyon1732002 ;ok ,  what do you wear to bed
Shelly ;well if it's cold then flannel pj's ,  lol
burtoncanyon1732002 ;if it's warm ?
Shelly ;like a tank and shorts pj's
burtoncanyon1732002 ;what DO U WEAR WHEN UR WITH A GUY
Shelly ;lol ,  stop yelling at me
burtoncanyon1732002 ;i'm not
Shelly ;i wear like jeans and a tan ,  tank
burtoncanyon1732002 ;no to bed
Shelly ;ooo ,  well i never really bed in bed with a guy lol ,  just in the car
burtoncanyon1732002 ;how you do it in a car
Shelly ;lol ,  not real easy
burtoncanyon1732002 ;beds more fun
Shelly ;i bet lol
burtoncanyon1732002 ;how's your ass look
Shelly ;i can't see it lol ,  its good
burtoncanyon1732002 ;what about your chest
Shelly ;be
burtoncanyon1732002 ;serious ,  for a year old
Shelly ;ya
burtoncanyon1732002 ;well i'm going to head home
Shelly ;ok
burtoncanyon1732002 ;i need sleep before work tomorrow
Shelly ;do you get up early ?  ,  wow ,  that's early
burtoncanyon1732002 ;yes ,  need the money
Shelly ;lol ,  yea ,  is your job fun ?  ,  what do you do ?
burtoncanyon1732002 ;i lay flooring ,  m0neys good ,  job sux
Shelly ;awww ,  sow wy
burtoncanyon1732002 ;so when are you on here usually
Shelly ;like after
burtoncanyon1732002 ;why after five
Shelly ;see us i get home around and eat a snack and stuff
burtoncanyon1732002 ;from where
Shelly ;home
burtoncanyon1732002 ;aren't you at home
Shelly ;ya ,  but not tomorrow
burtoncanyon1732002 ;where are you during the day
Shelly ;at school silly
burtoncanyon1732002 ;ok ,  you really want my number
Shelly ;ya
burtoncanyon1732002 ;i'll give it to you another time ,  asee you
Shelly ;lol
burtoncanyon1732002 ;bye
Shelly ;bye ,  teaser
burtoncanyon1732002 ;one question
Shelly ;ok
burtoncanyon1732002 ;what's your high and weight
Shelly ;lbs ,  feet
burtoncanyon1732002 ;ok
Shelly ;you ?
burtoncanyon1732002 ;I'm ,  '3|
Shelly ;wow
burtoncanyon1732002 ;this is my body
Shelly ;wow ,  very hot
burtoncanyon1732002 ;yup
Shelly ;i thought you were leaving / ,  or is that your house ?  '
burtoncanyon1732002 ;my friends ,  see you ,  -254-9498
Shelly ;you want me try call now ?
burtoncanyon1732002 ;how much longer you staying up
Shelly ;or tomorrow ?  ,  i would have see if i could now ,  can i call you tomorrow
burtoncanyon1732002 ;call me tonight if you want
Shelly ;ok ,  i'll try
burtoncanyon1732002 ;call me in minutes
Shelly ;ok if my parens tr sleep in
burtoncanyon1732002 ;call tomorrow
Shelly ;ok ,  lol
burtoncanyon1732002 ;bye
Shelly ;bye !
burtoncanyon1732002 ;i so scared that you might be a cop
Shelly ;i'm not ,  i promise
burtoncanyon1732002 ;h jow do i know though
Shelly ;i told you i can call you
burtoncanyon1732002 ;when
Shelly ;i can try to call real quick if you want
burtoncanyon1732002 ;i'll be at my house in minutes
Shelly ;ok ,  is that your house or cell phone
burtoncanyon1732002 ;house
Shelly ;kk
burtoncanyon1732002 ;be there in minutes though
Shelly ;kk
burtoncanyon1732002 ;talk soon bye
Shelly ;kk ,  bye
burtoncanyon1732002 ;did you get in trouble last night
Shelly ;na
burtoncanyon1732002 ;what happened
Shelly ;my mom was just go in the bathroom lol ,  i freaked out
burtoncanyon1732002 ;ok ,  ya you did
Shelly ;sorry
burtoncanyon1732002 ;but you have the sweat est voice
Shelly ;awww
burtoncanyon1732002 ;i liked it
Shelly ;ty !  ,  i liked yours
burtoncanyon1732002 ;thanks
Shelly ;yw ,  so how was your day ?
burtoncanyon1732002 ;pretty good
Shelly ;:
burtoncanyon1732002 ;you tell anyone about me
Shelly ;no ,  did you ?
burtoncanyon1732002 ;no ,  we should probably keep it that way
Shelly ;ya probably
burtoncanyon1732002 ;ok ,  do you really want to see me this weekend
Shelly ;ya ,  do you
burtoncanyon1732002 ;ya ,  how we gonna do this
Shelly ;idk ,  do you want meet me at a store by my house or something ?
burtoncanyon1732002 ;why
Shelly ;idk ,  what do you want do ?
burtoncanyon1732002 ;we are just gonna meet there ,  what we gonna do from there
Shelly ;we can go my house
burtoncanyon1732002 ;and do what
Shelly ;whatever you want
burtoncanyon1732002 ;am i staying there
Shelly ;ya you could
burtoncanyon1732002 ;how big is your bed
Shelly ;it's a queen
burtoncanyon1732002 ;serious ,  how did you get a queen
Shelly ;lol ,  my parents got a new bed ,  so i got there old one ,  i don't have school friday do you want meet then or do you gotta work ,  are you there ?
burtoncanyon1732002 ;gotta work ,  when are your parents leaving ,  hello ,  where did you go
Shelly ;i got booted
burtoncanyon1732002 ;ok
Shelly ;sorry
burtoncanyon1732002 ;so when are your parents leaving
Shelly ;there leaving friday morning
burtoncanyon1732002 ;ok ,  have you ever slept in the same bad with a guy
Shelly ;no
burtoncanyon1732002 ;then how you gonna sleep with me
Shelly ;idk lol ,  i can do it ,  do you snore ?  ?  ,  lol
burtoncanyon1732002 ;i talk in my sleep
Shelly ;lol ,  what do you say ?
burtoncanyon1732002 ;not sure
Shelly ;lo
burtoncanyon1732002 ;you gonna have sex
Shelly ;with you ?  ,  lol
burtoncanyon1732002 ;yes ,  your choice
Shelly ;yep if you want ,  yea
burtoncanyon1732002 ;if you want to
Shelly ;yep
burtoncanyon1732002 ;i'm not forcing you
Shelly ;omg i no
burtoncanyon1732002 ;you should of called me back last night
Shelly ;i was scared ll ,  lol
burtoncanyon1732002 ;why
Shelly ;and i don't no how many minutes i got on my cell
burtoncanyon1732002 ;oh
Shelly ;callin card i mean lol
burtoncanyon1732002 ;why did you call me from an number
Shelly ;idk ,  maybe its the callin card
burtoncanyon1732002 ;ok ,  ok ,  so how big is your chest
Shelly ;be
burtoncanyon1732002 ;ok ,  to bad your not or
Shelly ;ya i wish i was
burtoncanyon1732002 ;then id date you
Shelly ;what do you mean ?  ,  like go places ?
burtoncanyon1732002 ;no go out with you
Shelly ;i'm confused ,  aren't you coming friday ?
burtoncanyon1732002 ;may be ,  if i can get a ride there
Shelly ;don't you got car ?
burtoncanyon1732002 ;no ,  i had dw is ,  no license .
Shelly ;oh no
burtoncanyon1732002 ;where is the store
Shelly ;it's the star in north walpole ,  right across the bridge ,  do you no were that is ?
burtoncanyon1732002 ;from ,  no
Shelly ;it's across the bridge from bellows falls
burtoncanyon1732002 ;ok ,  you have a nice bed
Shelly ;ya
burtoncanyon1732002 ;your par nets rich
Shelly ;nah ,  i don't think so lol
burtoncanyon1732002 ;they gonna kill me or get the police after me if they find out
Shelly ;lol ,  they won't silly ,  i'm not tell in lo ,  lol
burtoncanyon1732002 ;what if you get mad at me and tell them
Shelly ;i won't ,  jeez a ,  i'm not like that
burtoncanyon1732002 ;ok ,  may be i'll come
Shelly ;well i wanna no so i no what i'm doing
burtoncanyon1732002 ;why what else are you doing
Shelly ;idk ,  lol
burtoncanyon1732002 ;what are you gonna do with me in the house with just me there and don't say it's up to me
Shelly ;well sex you said right ?  lol
burtoncanyon1732002 ;if you want it
Shelly ;yeah ,  don't you ?
burtoncanyon1732002 ;i'm huge are you gonna be able to handle that
Shelly ;idk ,  probably lol
burtoncanyon1732002 ;why is that
Shelly ;idk
burtoncanyon1732002 ;tell me ,  you have a dildo
Shelly ;omg no
burtoncanyon1732002 ;did you cry last time you had sex
Shelly ;no
burtoncanyon1732002 ;how was it then
Shelly ;it was ok lol ,  kinda fast
burtoncanyon1732002 ;how fast
Shelly ;idk lol ,  probably like minutes
burtoncanyon1732002 ;wow ,  did you get off
Shelly ;no
burtoncanyon1732002 ;d have you ever
Shelly ;i don't think so
burtoncanyon1732002 ;you ever played with yourself
Shelly ;yeah sometimes
burtoncanyon1732002 ;|do you cu ,  m|
Shelly ;i don't think so
burtoncanyon1732002 ;you know it's gonna be ruff
Shelly ;what do you mean ?
burtoncanyon1732002 ;like i'm gonna put it deep inside of you
Shelly ;kewl ,  lol ,  will that hurt ?
burtoncanyon1732002 ;if it does i'll pull out ,  you have nails
Shelly ;yeah kinda
burtoncanyon1732002 ;if it hurts claw me
Shelly ;won't that hurt you ?
burtoncanyon1732002 ;ya ,  but pain is fun some times
Shelly ;really ?
burtoncanyon1732002 ;yes ,  like spanking
Shelly ;i never did that
burtoncanyon1732002 ;ok
Shelly ;do you like that ?  >
burtoncanyon1732002 ;you have any full body shots of yourself
Shelly ;just one kind a silly one ,  it's my shadow
burtoncanyon1732002 ;oh ,  have any o hers i didn't get to see yesterday
Shelly ;i don't think so ,  hi !  !  !
burtoncanyon1732002 ;hello
Shelly ;so what time do you think on friday ?
burtoncanyon1732002 ;not sure yet ,  might be on Saturday for a while ,  is that alright
Shelly ;what do you mean ?
burtoncanyon1732002 ;it would probably be easier
Shelly ;you mean come on saturday instead ?
burtoncanyon1732002 ;yes ,  why
Shelly ;just check in
burtoncanyon1732002 ;can i do that ,  then i could bring my friend on a long smoke ride and see if he wants to stop by your place
Shelly ;is he nice ?
burtoncanyon1732002 ;yes why
Shelly ;idk ,  what would he do ?  be here ?
burtoncanyon1732002 ;yes ,  why not ,  for a while ,  because then how am i going to get home
Shelly ;ya i guess ,  but what will you tell him ?
burtoncanyon1732002 ;nothing ,  that we are going to see a friend of mine
Shelly ;are you gonna spend the night
burtoncanyon1732002 ;probably not ,  how would i get home the next day
Shelly ;idk
burtoncanyon1732002 ;ya
Shelly ;would he come pick you up again ?
burtoncanyon1732002 ;i could stay for like an hour ,  probably not
Shelly ;its still just gona be like me and you right ?
burtoncanyon1732002 ;if he can chill there to ,  right
Shelly ;well what's he gonna be doing ?  ,  your kinda confused in me
burtoncanyon1732002 ;watch television or something ,  i'll give him a bud while i visit] ,  why what do you want to do to me
Shelly ;i thought we already said ,  i'm confused
burtoncanyon1732002 ;if he's there what would you do
Shelly ;idk what do you want me do ?  ?
burtoncanyon1732002 ;it's all up to you
Shelly ;well i'm just confused ,  idk if you wanna be with e or not ,  be
burtoncanyon1732002 ;why ,  if my friend will go and see you with me then he will not be able to pick me up the next day ,  we can chill for an hour or
Shelly ;chill ?
burtoncanyon1732002 ;hang out
Shelly ;is that all you wanna do now ?  ,  your so confusnig me
burtoncanyon1732002 ;yes ,  because i barely know you ,  lets work are friendship up from there
Shelly ;your be in weird
burtoncanyon1732002 ;sorry
Shelly ;why were you just saying all that stuff then ?  ' ,  you were just cyberin weren't you ?
burtoncanyon1732002 ;see if your like a slut because i hate sluts
Shelly ;are you callin me a slut ?  ?  ?
burtoncanyon1732002 ;and now i know you don't sound like one ,  i'm not calling you a slut ,  baby ,  you there
Shelly ;who's the baby ?
burtoncanyon1732002 ;i'm not calling you one
Shelly ;your the one who doesn't no what he wants d
burtoncanyon1732002 ;omg ,  can i call you baby or sweetheart
Shelly ;omg ,  sorry ,  lol ,  lol ,  i'm so sorry
burtoncanyon1732002 ;ya ,  ok] ,  when are you gonna come down here ,  unless you want to come to my place for the weekend
Shelly ;how can i do that ?  ,  i can't drive silly
burtoncanyon1732002 ;come get you friday ,  party with me for the weekend
Shelly ;wow ,  would you really do that ?
burtoncanyon1732002 ;if you want ,  when your parents gonna be home
Shelly ;sun night ,  probably like or so
burtoncanyon1732002 ;ok ,  would you come
Shelly ;sure that would be kewl
burtoncanyon1732002 ;question
Shelly ;ok
burtoncanyon1732002 ;what kind underwear you wear
Shelly ;usually bikni ,  bikini
burtoncanyon1732002 ;what do they look like
Shelly ;gosh ,  lol ,  there's a bunch of the mn ,  mostly colors
burtoncanyon1732002 ;ok ,  you have any sexy pictures
Shelly ;just what i showed you ,  is your cam stuck ?  ,  or are you not moving ?  ,  lol
burtoncanyon1732002 ;it's on pause]
Shelly ;oic ,  lol ,  how come ?
burtoncanyon1732002 ;because
Shelly ;lol ok
burtoncanyon1732002 ;you give head
Shelly ;yeah i have
burtoncanyon1732002 ;you like to
Shelly ;yeah he liked it so that was kewl
burtoncanyon1732002 ;he cum in your mouth
Shelly ;ya
burtoncanyon1732002 ;did you like that ,  or not
Shelly ;yeah it was ok ,  i gagged the first time lol
burtoncanyon1732002 ;how many times you done it
Shelly ;gosh ,  probably like time ses
burtoncanyon1732002 ;with has the biggest dick you have
Shelly ;lol ,  idk ,  i didn't mesure ,  lol
burtoncanyon1732002 ;how far do you put it in your mouth
Shelly ;pretty far
burtoncanyon1732002 ;in your throat
Shelly ;omg no ,  you mean like in there ?  ,  id choke
burtoncanyon1732002 ;ok
Shelly ;so should i tell my mom that i'm gonna spend the weekend at a friends ?  ,  you sure gonna come get me ?
burtoncanyon1732002 ;why
Shelly ;in case she calls i guess
burtoncanyon1732002 ;let me figure this out and i'll tell you thursday
Shelly ;ok
burtoncanyon1732002 ;ok
Shelly ;i hope your not playing me
burtoncanyon1732002 ;why
Shelly ;see us ,  that would be mena ,  mean
burtoncanyon1732002 ;what if i'm not play in
Shelly ;then that's good ,  i don't li ike liars ,  or pretenders ,  play as ,  shoot brb gotta pee lol
burtoncanyon1732002 ;ok
Shelly ;back
burtoncanyon1732002 ;ok
Shelly ;so are you at your friends house again ?
burtoncanyon1732002 ;yes ,  why you want to talk to me
Shelly ;huh ?  ,  what do you mean ?
burtoncanyon1732002 ;huh what ,  call me
Shelly ;my parents are here
burtoncanyon1732002 ;when can you
Shelly ;idk ,  why ?  ,  your not at home neway
burtoncanyon1732002 ;i can walk home
Shelly ;ok maybe later when there in bed
burtoncanyon1732002 ;ok
Shelly ;why do you want talk me on the phone again ?  >
burtoncanyon1732002 ;you have such a sweet voice
Shelly ;aww ,  ty ,  so are you off work on friday ?
burtoncanyon1732002 ;no ,  work until
Shelly ;oic i ,  how far are you from me ?
burtoncanyon1732002 ;exits
Shelly ;wow ,  your close1
burtoncanyon1732002 ;what are you gonna where to bed with me
Shelly ;lol idk ,  what do you want me wear ?
burtoncanyon1732002 ;up oic ok
Shelly ;is your house cold ?
burtoncanyon1732002 ;no
Shelly ;wow ,  lol ,  well probably my shorts and tank pj's
burtoncanyon1732002 ;ok
Shelly ;lol ok ,  i was scared a minutes ,  old ,  you chatting with other people ?
burtoncanyon1732002 ;and you
Shelly ;nope
burtoncanyon1732002 ;nope what
Shelly ;i'm not chatting with any one else
burtoncanyon1732002 ;are you a good kisser
Shelly ;yea i think so ,  are you ?
burtoncanyon1732002 ;yes
Shelly ;awww ,  you look like it ,  :*
burtoncanyon1732002 ;what color are your eyes
Shelly ;hazel ,  are yours blue ?
burtoncanyon1732002 ;yes ,  how you know
Shelly ;i could see them ,  there really pretty
burtoncanyon1732002 ;nice
Shelly ;they are nice lol
burtoncanyon1732002 ;thanks
Shelly ;yw
burtoncanyon1732002 ;what kinda beer you drink
Shelly ;bud lite ,  what do you drinik ?
burtoncanyon1732002 ;bud ,  seria h nevada a lot of dark beers
Shelly ;i don't li like those fancy beers lo
burtoncanyon1732002 ;brb
Shelly ;kk
burtoncanyon1732002 ;tell me what fun means to you
Shelly ;hmm ,  having a good time ,  what does it mean you
burtoncanyon1732002 ;no more than that
Shelly ;you mean li like partying
burtoncanyon1732002 ;anything
Shelly ;well i like like drink and smoke some
burtoncanyon1732002 ;how would you get me out of bed
Shelly ;lol
burtoncanyon1732002 ;you smoke
Shelly ;ya ,  not cigarettes
burtoncanyon1732002 ;smoke what
Shelly ;weed ,  didn't we talk about this before ?
burtoncanyon1732002 ;nice ,  no
Shelly ;oops ,  sorry ,  lol ,  is that bad ?
burtoncanyon1732002 ;no ,  i like that
Shelly ;cool
burtoncanyon1732002 ;what happens when you get really high
Shelly ;lol ,  i giggle and eat ,  lol ,  what about you ?  ,  sometimes i get kinda paranoid but not ursu aly
burtoncanyon1732002 ;nothing ,  just really high
Shelly ;oic lol ,  i usually drink so i'm not sure what makes me laugh ,  lol
burtoncanyon1732002 ;what makes you laugh when your not high
Shelly ;lol ,  most stuff i guess ,  i kind a laugh a lot
burtoncanyon1732002 ;you ticklish
Shelly ;omg yes
burtoncanyon1732002 ;where
Shelly ;my feet
burtoncanyon1732002 ;your sides
Shelly ;yeah ,  lol ,  and my knees
burtoncanyon1732002 ;how much tickling can you take
Shelly ;lol ,  idk ,  see i'm laughing already
burtoncanyon1732002 ;are you
Shelly ;lol ,  see ?
burtoncanyon1732002 ;see ,  how
Shelly ;lol
burtoncanyon1732002 ;other than that
Shelly ;yeah a liil
burtoncanyon1732002 ;yeah a little what
Shelly ;laugh in a little
burtoncanyon1732002 ;ok ,  what if your parents found out about us
Shelly ;they won't
burtoncanyon1732002 ;what if they did ?  ,  what do you think would happen ?
Shelly ;id probably get in trouble ,  id get grounded probably ,  idk ,  lol i don't want find out though ,  so don't tell them
burtoncanyon1732002 ;think they would contact me
Shelly ;idk ,  how would they no who you are ?
burtoncanyon1732002 ;not sure ,  what are we gonna make it a secret till your
Shelly ;i guess so ,  if you like me that long
burtoncanyon1732002 ;ok ,  how old will you be when your in th grade
Shelly ;i'll be when i graduate i think
burtoncanyon1732002 ;what you want to do after college
Shelly ;idk ,  maybe a teacher ,  if you could be anything what would you be ?
burtoncanyon1732002 ;machan ic
Shelly ;kewl ,  like cars ?
burtoncanyon1732002 ;yes ,  what you thinking about put
Shelly ;you ,  lol
burtoncanyon1732002 ;why ,  what about
Shelly ;just that your so cute
burtoncanyon1732002 ;i am ,  an i know it
Shelly ;lol ,  well you should ,  lol
burtoncanyon1732002 ;i do ,  you ever though about bi
Shelly ;not really ,  kinda
burtoncanyon1732002 ;kinda
Shelly ;awwww ,  how sweet !  !
burtoncanyon1732002 ;yes ,  that's axel
Shelly ;he's so e !  ,  cute ,  axel !  !  !
burtoncanyon1732002 ;so uh a avenue though ht about being with a girl
Shelly ;well yeah but i don't think i would like it
burtoncanyon1732002 ;why
Shelly ;so cute ,  is your face wet ?  lol
burtoncanyon1732002 ;i know i am ,  no
Shelly ;lol you you are ,  ll ,  lol
burtoncanyon1732002 ;talk to me
Shelly ;lol ,  what do you want me say ?
burtoncanyon1732002 ;anything
Shelly ;lol
burtoncanyon1732002 ;your parents ever ask who uur talking to
Shelly ;nah ,  puters in my room ,  they don't no ,  did you go potty ?  ,  lol
burtoncanyon1732002 ;no
Shelly ;lol
burtoncanyon1732002 ;played with it
Shelly ;o mog ,  omg ,  ll ,  lol
burtoncanyon1732002 ;kidding
Shelly ;lol ,  i no ,  fast old ,  lol
burtoncanyon1732002 ;not enough time
Shelly ;lol
burtoncanyon1732002 ;god i wish i was with you
Shelly ;aww me
burtoncanyon1732002 ;i mean on top of me
Shelly ;well maybe soon lol
burtoncanyon1732002 ;my be ,  you bored
Shelly ;id
burtoncanyon1732002 ;what else you want to know about me
Shelly ;kinda ,  umm
burtoncanyon1732002 ;think
Shelly ;lol
burtoncanyon1732002 ;how do you look in a bathing suit
Shelly ;pretty good i think
burtoncanyon1732002 ;what you wear ,  what you doing ,  <ding> ,  are you there ,  <ding> ,  why you leave
Shelly ;i got booted
burtoncanyon1732002 ;oh
Shelly ;omg ,  i totally got frozen
burtoncanyon1732002 ;what
Shelly ;my puter froze
burtoncanyon1732002 ;oh ,  so what you gonna where when you fuirst meet me
Shelly ;probably jeans ,  its cold lol
burtoncanyon1732002 ;i'm so horny right now
Shelly ;lol ,  sorry
burtoncanyon1732002 ;not your fault
Shelly ;well i probably should go
burtoncanyon1732002 ;why
Shelly ;idk ,  lol ,  were not say in much
burtoncanyon1732002 ;hold on ,  wanna call me at ,  tonight
Shelly ;i can try ,  i gotta see if there asleep
burtoncanyon1732002 ;go see
Shelly ;there not now ,  i mean at
burtoncanyon1732002 ;will they be asleep at
Shelly ;maybe
burtoncanyon1732002 ;or you calling at
Shelly ;idk yet ,  i'll try
burtoncanyon1732002 ;ok ,  wanna call me tomorrow
Shelly ;sure
burtoncanyon1732002 ;call after
Shelly ;kk
burtoncanyon1732002 ;bye ,  hope to here from you tonight
Shelly ;ok ,  me
burtoncanyon1732002 ;bye
Shelly ;bye !  ,  are you there ?
burtoncanyon1732002 ;so you i'll be in bellows falls by and i'll walk to your hose .  see ya~~andrew ~~
