ID;msg
cal_xicano130 ;how you doing
La'Lilya ;fine
cal_xicano130 ;that's cool ,  so what are you up to ,  ?
La'Lilya ;my competition is messing up sorry
cal_xicano130 ;ooh it's ok ,  B- )  ,  let me know when your good to talk
La'Lilya ;it's doing some update thing i can't make it stop
cal_xicano130 ;ooh ok
La'Lilya ;i gotta restart brb
cal_xicano130 ;|hmm ,  let me know when the update is done | ,  ok ,  so are you back and good ?
La'Lilya ;i dunno ,  i think
cal_xicano130 ;that's cool ,  so what are you up to ?
La'Lilya ;nothing ,  asl ?
cal_xicano130 ;|23m california ,  i'm the guy from myspace| ,  james
La'Lilya ;dude so many guys wrote me
cal_xicano130 ;lol ,  that's my profile ,  |well you look good ,  that's why so many guys wrote to u|
La'Lilya ;a bunch t ripped off my age though
cal_xicano130 ;ya i bet
La'Lilya ;you gonna trip because i'm ?  ?  ?
cal_xicano130 ;it's ok
La'Lilya ;ha your cool then ,  lol
cal_xicano130 ;thanks ,  you too ,  so you have any bros/sis ?
La'Lilya ;ya ,  but there brats
cal_xicano130 ;|lol ,  how old ?  |
La'Lilya ;and
cal_xicano130 ;|aw how cute ,  lol|
La'Lilya ;no ,  there brats
cal_xicano130 ;lol ,  ok ,  |hmm ,  how about that girl in the picture wit u|
La'Lilya ;oh she's really my because
cal_xicano130 ;that's cool ,  so you live with your dad ?
La'Lilya ;ya
cal_xicano130 ;|coo ,  where's your mom live|
La'Lilya ;sb
cal_xicano130 ;cool ,  |hmm ,  so what do you do for fun ?  |
La'Lilya ;weekend
cal_xicano130 ;cool ,  do you have a boyfriend ?
La'Lilya ;not any more
cal_xicano130 ;ooh when did you break up
La'Lilya ;i dunno ,  just kinda stopped talking
cal_xicano130 ;|ooh ,  is he from your school ,  ?
La'Lilya ;nah
cal_xicano130 ;|thats coo ,  how old is he| ,  ?
La'Lilya ;like older lol
cal_xicano130 ;|lol ,  how much older|
La'Lilya ;i dunno
cal_xicano130 ;|ooh ,  where'd you meet him
La'Lilya ;lol ,  he was my mom's boyfriends brothers friend
cal_xicano130 ;|haha cool ,  did your mom now
La'Lilya ;kinda
cal_xicano130 ;|hmm ,  so what's the most you did wit him|
La'Lilya ;dude why do guys all ways wanna know that
cal_xicano130 ;|sorry ,  i'm just curious| ,  because you look good
La'Lilya ;lol
cal_xicano130 ;|yup ,  but if you don't wanna say it's ok|
La'Lilya ;it's just weird
cal_xicano130 ;what is ?
La'Lilya ;talking about
cal_xicano130 ;|hmm ,  ok| ,  well are you still as innocent as you look
La'Lilya ;um may be ,  may be not
cal_xicano130 ;hmm ,  lol ,  so what kind of guys do you like
La'Lilya ;cool s
cal_xicano130 ;|hmm ,  what else|
La'Lilya ;i dunno ,  guys that gotta car
cal_xicano130 ;ooh i have a car
La'Lilya ;lol
cal_xicano130 ;how did you keep your last boyfriend from your dad
La'Lilya ;i dunno ,  just did
cal_xicano130 ;so you must be good at sneaking around huh
La'Lilya ;i guess
cal_xicano130 ;cool ,  you know you have beautiful eyes
La'Lilya ;awww ty
cal_xicano130 ;your welcome ,  |hmm ,  so what grade are you in|
La'Lilya ;um
cal_xicano130 ;cool ,  well you look real good
La'Lilya ;th hanks
cal_xicano130 ;your welcome ,  so your name is lily ,  ?
La'Lilya ;um duh
cal_xicano130 ;|lol ,  just checkin| ,  so do you live with you
La'Lilya ;dad the bitch and there kids
cal_xicano130 ;|ooh ,  how long has she lived there
La'Lilya ;i dunno ,  they been get her a while
cal_xicano130 ;ooh ,  do they let you go out
La'Lilya ;well i go out when they don't know
cal_xicano130 ;cool ,  |hmm ,  so what stuff do you do when you go out
La'Lilya ;weekend
cal_xicano130 ;|hmm ,  like what tho|
La'Lilya ;listen music ,  drink ,  hang out
cal_xicano130 ;|cool ,  you sound like lots of fun| ,  what kind of music do you like
La'Lilya ;all kinds
cal_xicano130 ;that's cool ,  how long were you with your last boyfriend
La'Lilya ;a few weeks
cal_xicano130 ;|cool ,  was he your first ?  |
La'Lilya ;nah ,  like we didn't do all that
cal_xicano130 ;ooh ok
La'Lilya ;i gotta go in like minutes
cal_xicano130 ;|thats cool ,  but i meant was he your first bf|
La'Lilya ;oh nah
cal_xicano130 ;cool ,  so how many guys didn't care about your age ,  : - ?
La'Lilya ;i gotta go ,  phone
cal_xicano130 ;|ooh ok ,  take care| ,  B- )  ,  how you doing
La'Lilya ;fine
cal_xicano130 ;|cool ,  so all you want is to be loved huh|
La'Lilya ;lol you
cal_xicano130 ;aw that's cool ,  well hey i gotta get going but i'll talk to you later
La'Lilya ;ok
cal_xicano130 ;take care
La'Lilya ;u2
cal_xicano130 ;|k ,  bye .  .  .  B- )  | ,  hey
La'Lilya ;hey
cal_xicano130 ;how's it going
La'Lilya ;bored
cal_xicano130 ;I know the feeling ,  though i just woke up : -$|
La'Lilya ;lazy
cal_xicano130 ;|lol ,  hey i was up until like am|
La'Lilya ;y4
cal_xicano130 ;|hmm ,  because i'm just crazy like that sometimes| ,  did you do anything fun last night
La'Lilya ;nah
cal_xicano130 ;aw that sucks ,  so aren't you loved already
La'Lilya ;my mom loves me you ,  i just a hate it here
cal_xicano130 ;|ooh ,  why ?  |
La'Lilya ;i hate my dad ,  i hate his bitch wife ,  i hate there brat kids
cal_xicano130 ;|aww i'm sorry ,  do you get to see your mom a lot ?  |
La'Lilya ;no ,  dad got the judge say i can't
cal_xicano130 ;|aw that sucks ,  why'd he do that
La'Lilya ;it's stupid i don't wanna talk about it ,  i just hate him
cal_xicano130 ;oh ok ,  |well that sucks ,  i'm sorry|
La'Lilya ;ya ,  so any e way
cal_xicano130 ;your beautiful
La'Lilya ;aww
cal_xicano130 ;|yeah i figured that was a good way to change the subject ,  and you do look real good |
La'Lilya ;your sweet ,  your kinda cute
cal_xicano130 ;|aw thanks ,  your so sweet|
La'Lilya ;i am lol
cal_xicano130 ;B- )  hehe cool
La'Lilya ;so whatcha gonna do day
cal_xicano130 ;|hmm ,  i'm not sure .  .  .  i think i'm just going to chill .  .  .  i'm house sitting for my friend ,  and today's the last day i got their place to myself .  .  .  |
La'Lilya ;is it nice
cal_xicano130 ;|hmm ,  its pretty nice ,  it's an apartment ,  but its in west LA so it's cool|
La'Lilya ;koo ,  i'm hungry
cal_xicano130 ;|hmm ,  me too .  .  .  lol| ,  |hmm ,  what do you think ,  should i eat cereal or a sandwich|
La'Lilya ;um sammich
cal_xicano130 ;hehe that's so cute
La'Lilya ;what
cal_xicano130 ;|>< you are ,  makes me wanna hug you
La'Lilya ;lol
cal_xicano130 ;|yup ,  and i'm sure your so cute and small too huh|
La'Lilya ;ya ,  you saw my picture
cal_xicano130 ;|yup ,  i love your eyes|
La'Lilya ;aww ,  you make me smile
cal_xicano130 ;|aw thanks ,  i bet you have a beautiful smile too|
La'Lilya ;i guess
cal_xicano130 ;yup ,  |its true ,  i bet you got lots of guys who are crazy about you
La'Lilya ;not really
cal_xicano130 ;|hmm ,  well they are crazy then| ,  |lol ,  i know if i was over there i'd be like this ~  everytime i saw you
La'Lilya ;lol really
cal_xicano130 ;yup ,  lol ,  : -$ don't tell anyone though .  .  .  lol
La'Lilya ;lol i won't ,  hey my dad's leaving i gotta go talk him ok
cal_xicano130 ;ooh ok
La'Lilya ;i'll bbiab though kk ,  don't leave because i'm gonna be bored all by my you self
cal_xicano130 ;|ooh ok ,  i wont| ,  B- )  ,  hit me up when you get back ,  ->
La'Lilya ;lol hi hi
cal_xicano130 ;|lol ,  hey .  .  .  .  did you have fun|
La'Lilya ;nah ,  did you
cal_xicano130 ;|lol ,  nah ,  i was just sitting here ,  waiting to get a message from you and thinking about making a sandwich|
La'Lilya ;you still didn't eat ?  ?
cal_xicano130 ;|lol ,  no|
La'Lilya ;omg ,  i made dad take me the store stuff before he left ,  i got frozen pizzas yay
cal_xicano130 ;|cool ,  that's awesome .  .  .  can i have some ?  lol|
La'Lilya ;ha sure ,  what kind you want
cal_xicano130 ;what kind do you have
La'Lilya ;supreme chee ese pepper on ni and something else
cal_xicano130 ;|hmm ,  which is the best|
La'Lilya ;depends on my mood if was best i'd only have gotten kind
cal_xicano130 ;ooh that's cool ,  |hmm ,  i'll take the one with the most meat then .  .  .  .  lol|
La'Lilya ;um supreme i guess
cal_xicano130 ;|alrite ,  i'll take one of those then|
La'Lilya ;um ok ,  i don't deliver
cal_xicano130 ;|lol ,  damn too bad| ,  do you at least dress real cute when you make it
La'Lilya ;i all ways dress cute duh
cal_xicano130 ;oh oh yeah huh ,  |hmm ,  how about sexy|
La'Lilya ;but this a into long beach pizza lol ,  some times you
cal_xicano130 ;|thats hot .  .  .  hmm ,  what do mean this ain't long beach pizza .  .  .  lol|
La'Lilya ;like i dunno i waste as in you about you wanting pizza
cal_xicano130 ;lol ,  your so cute ,  can i have you instead .  .  .  .  lol
La'Lilya ;what you mean
cal_xicano130 ;|hmm ,  what do you think i mean|
La'Lilya ;like your girlfriend ?
cal_xicano130 ;|hmm ,  well i just said it ,  because i thought it sounded cool .  .  .  though you are beautiful|
La'Lilya ;huh
cal_xicano130 ;|hmm ,  i just confused myself to ,  i think your real beautiful
La'Lilya ;thanks
cal_xicano130 ;your welcome ,  itd be so cool if you lived closer
La'Lilya ;were you live at
cal_xicano130 ;LA
La'Lilya ;um ok
cal_xicano130 ;yup
La'Lilya ;that's not event hat far
cal_xicano130 ;|hmm ,  i think it's like hours isn't it|
La'Lilya ;um no ,  you know i live in long beach right
cal_xicano130 ;ooh i thought you lived in santa barbara
La'Lilya ;that's were i lived with my mom's
cal_xicano130 ;ooh ok
La'Lilya ;it's were i'm from and stuff
cal_xicano130 ;so when did you move to long beach
La'Lilya ;when he made me
cal_xicano130 ;|cool ,  i was in long beach yesterday .  .  .  do you live close to the aquarium and the queen mary|
La'Lilya ;it's like this big stupid thing because my mom's boyfriend did stuff but he's in jail and i don't really wanna talk about it all
cal_xicano130 ;|ooh ok ,  i'd like to know .  .  .  but you don't have to tell me|
La'Lilya ;ya the aquarium is like miles or some thing
cal_xicano130 ;cool ,  i could've said hi .  .  .  lol ,  aw why the sad face ?
La'Lilya ;i dunno ,  would a been cool meet you
cal_xicano130 ;really ?
La'Lilya ;ya
cal_xicano130 ;|we could still do it ,  but you look so good ,  it'd be hard for me to keep my hands to myself .  .  .  |
La'Lilya ;ya ?
cal_xicano130 ;yup
La'Lilya ;ok
cal_xicano130 ;|yup ,  you probably wouldn't like that
La'Lilya ;lol
cal_xicano130 ;|lol ,  but you just look so good|
La'Lilya ;so like what would you wanna do
cal_xicano130 ;|hmm ,  probably kiss and touch you all over|
La'Lilya ;ya ?
cal_xicano130 ;|yup ,  it'd be even better if you did the same|
La'Lilya ;you want me touch and kiss you
cal_xicano130 ;oh you
La'Lilya ;: - *
cal_xicano130 ;|ooh thanks ,  i bet you kiss real good|
La'Lilya ;lol i think so ?
cal_xicano130 ;yup i bet they are ,  real good ,  i'd like one everywhere
La'Lilya ;are you real
cal_xicano130 ;|yup ,  is that bad|
La'Lilya ;nah
cal_xicano130 ;ooh what if i said i wanted more then a kiss
La'Lilya ;i dunno
cal_xicano130 ;or what if i wanted it down below
La'Lilya ;like how you mean
cal_xicano130 ;hmm you know a bj
La'Lilya ;it depends
cal_xicano130 ;on what
La'Lilya ;like if your cute real or nice
cal_xicano130 ;|ooh ,  and if i was ,  you would ?  |
La'Lilya ;may be
cal_xicano130 ;|ooh ,  and what if i was ugly but nice |
La'Lilya ;um no
cal_xicano130 ;lol
La'Lilya ;so are you
cal_xicano130 ;am i what ?
La'Lilya ;cute and nice
cal_xicano130 ;|im nice .  .  .  cute ,  well that depends on what kind of guys do you like
La'Lilya ;like all kinds really
cal_xicano130 ;well you've seen my pix right
La'Lilya ;ya
cal_xicano130 ;so then what do you think
La'Lilya ;your cute
cal_xicano130 ;ooh thanks ,  so what if i wanted to kiss you down below
La'Lilya ;i kinda wanna try that
cal_xicano130 ;no one has done it to you ,  ?
La'Lilya ;no
cal_xicano130 ;ooh i'd love to
La'Lilya ;real
cal_xicano130 ;yup
La'Lilya ;like when
cal_xicano130 ;especially if you returned the favor ,  whenever you could
La'Lilya ;oh you want a bj ?
cal_xicano130 ;ya
La'Lilya ;like where would you wanna do all that though
cal_xicano130 ;|hmm ,  wherever we could |
La'Lilya ;i don't got a way get any where
cal_xicano130 ;i got a car
La'Lilya ;you gonna come long beach
cal_xicano130 ;i could
La'Lilya ;i gotta hot tub
cal_xicano130 ;ooh that's hot ,  but what about your dad and h is wife and kids
La'Lilya ;lol that's why it's a hot tub ,  well they left
cal_xicano130 ;for how long
La'Lilya ;like not until or some thing ,  the brats are stay in at there grammas
cal_xicano130 ;ooh am ?
La'Lilya ;ya
cal_xicano130 ;cool ,  how come they left you alone ?
La'Lilya ;you would gotta leave by like midnight just in case though ,  um how am i gonna go out with them do stuff ,  ew
cal_xicano130 ;|lol ,  where'd they go|
La'Lilya ;i dunno they just go out ,  like every other week end
cal_xicano130 ;cool
La'Lilya ;i guess ,  it was better when i was with my mom
cal_xicano130 ;|hmm ,  y's that
La'Lilya ;um i don't hate her
cal_xicano130 ;ooh ok ,  |hmm ,  so do you live in a big house now
La'Lilya ;i guess ,  what's big
cal_xicano130 ;|hmm ,  lol .  .  .  i don't now
La'Lilya ;it's got bed rooms
cal_xicano130 ;cool ,  is the hot tub outside
La'Lilya ;um where would it be in the living room ?
cal_xicano130 ;|lol ,  it could be inside|
La'Lilya ;o i've never seen that
cal_xicano130 ;i've only seen it on television .  .  .  lol .  .  .
La'Lilya ;like mtv cribs lol
cal_xicano130 ;|lol ,  yeah|
La'Lilya ;so you really wanna come over ?
cal_xicano130 ;|hmm ,  ya|
La'Lilya ;when
cal_xicano130 ;whenever you want me to go over
La'Lilya ;lol now ?
cal_xicano130 ;yeah if you want me to
La'Lilya ;ok
cal_xicano130 ;but i gotta tell you i'm kinda fat ,  so you might not think i'm cute in real life |
La'Lilya ;aw i don't care
cal_xicano130 ;aw really ?
La'Lilya ;ya ,  like i care like about your face
cal_xicano130 ;aw your so sweet
La'Lilya ;";"
cal_xicano130 ;and your eyes are so beautiful
La'Lilya ;you keep looking at my picture or what
cal_xicano130 ;|no ,  i just know already|
La'Lilya ;o ,  what kinda car you got
cal_xicano130 ;it's not that great .  .  .  lol .  .  .  it's an older Nissan ,  but it gets me from place to place
La'Lilya ;i don't really know cars ,  um what color
cal_xicano130 ;blue
La'Lilya ;i like blue (  t .  he .  )
cal_xicano130 ;|cool ,  me to ,  it's my favorite
La'Lilya ;so like should i get dressed all cute ,  or are you just playing
cal_xicano130 ;ooh ya you should dress all sexy
La'Lilya ;when you gonna be here
cal_xicano130 ;|well i need directions and a number ,  in case i get lost|
La'Lilya ;lol you huh ,  but like when
cal_xicano130 ;|hmm ,  your about minutes away without traffic|
La'Lilya ;well i gotta still get ready ,  you wanna come in like a hour
cal_xicano130 ;sure
La'Lilya ;ok ,  you know where * EDITED * is at
cal_xicano130 ;|nope ,  i don't really know long beach real good|
La'Lilya ;well we live * EDITED *
cal_xicano130 ;cool ,  do you got a number i can call
La'Lilya ;ya but i gotta get in the shower don't leave a mess but i can call you back if i miss you ok
cal_xicano130 ;ok
La'Lilya ;* EDITED *
cal_xicano130 ;cool ,  so in about an hour then ?
La'Lilya ;ya ,  omg this is so cool
cal_xicano130 ;B- )  yup
La'Lilya ;i gotta get ready are you sure gonna come
cal_xicano130 ;yup
La'Lilya ;call me or IM when you leave so i know kk ?
cal_xicano130 ;ok
La'Lilya ;do you gotta cell ,  so i can call you
cal_xicano130 ;yeah
La'Lilya ;kk ,  i gotta go get in the shower omg
cal_xicano130 ;cool
La'Lilya ;hey you should bring some thing go in the hot tub
cal_xicano130 ;|hmm ,  like shorts ?  are you out of the shower ?  |
La'Lilya ;ya ,  should i just put on my swim suit though
cal_xicano130 ;|hmm ,  its up to you .  .  .  should i just go in shorts ?  i don't have any swim trunks ,  but i got normal shorts|
La'Lilya ;ya that works ,  hurry up ,  I'm go do my hari
cal_xicano130 ;|cool ,  you want me to head out now ?  |
La'Lilya ;ya
cal_xicano130 ;|k ,  i just gotta get the directions .  .  .  i'll call you when i'm close|
