ID;msg
cobbler1976 ;hey
that_polish_chick94 ;hi
cobbler1976 ;hey ,  asl ?
that_polish_chick94 ;/ f/mi ,  you
cobbler1976 ;.  m .  miles
that_polish_chick94 ;that's cool ,  got any pictures ?
cobbler1976 ;yep ,  hot
that_polish_chick94 ;thank you ,  wow you are too
cobbler1976 ;yep .  you are young though
that_polish_chick94 ;yeah it sucks
cobbler1976 ;great body !
that_polish_chick94 ;hehe ,  thank you ,  i run and play basketball
cobbler1976 ;nice ,  where do you live ?
that_polish_chick94 ;i'm by romulus ,  you ?
cobbler1976 ;livoniathat_polish_chick94 (  02/10/08 : 11:22 PM )  :  cool ,  wish you were ,  lol
that_polish_chick94 ;lol why
cobbler1976 ;i would take you out
that_polish_chick94 ;that would be sweet
cobbler1976 ;yep ,  we would party
that_polish_chick94 ;hell yeah
cobbler1976 ;your pants might come off
that_polish_chick94 ;may be ,  by the ms elvs lol
cobbler1976 ;magic .  .  .  .  lol
that_polish_chick94 ;lol
cobbler1976 ;you are hot !  ,  what you wearing ?
that_polish_chick94 ;ty so are you ,  it blue and white pj pants in a white wifebeater
cobbler1976 ;nice
that_polish_chick94 ;you ?
cobbler1976 ;send me a picture ?
that_polish_chick94 ;i don't have a cam
cobbler1976 ;shorts ,  cell phone cam ?
that_polish_chick94 ;no i don't got a cell right now
cobbler1976 ;ok
that_polish_chick94 ;sorry
cobbler1976 ;it's ok ,  you hook up with a guy ever ?  ,  wet ?
that_polish_chick94 ;hook up how
cobbler1976 ;what's the most you have done ?
that_polish_chick94 ;what do you think ?  ,  guess
cobbler1976 ;no ,  bj ?
that_polish_chick94 ;that too ,  i went all the way like times
cobbler1976 ;wow ,  what was the oldest guy ?  ,  aha
that_polish_chick94 ;yeah
cobbler1976 ;if i was i would do you
that_polish_chick94 ;lol thank you
cobbler1976 ;you swallow ?
that_polish_chick94 ;yeah i done it before
cobbler1976 ;you like it ?
that_polish_chick94 ;yeah it was okay ,  he really liked it
cobbler1976 ;lol ,  i would like it ?
that_polish_chick94 ;lol i dunno would you ?
cobbler1976 ;hmmmm m ,  yeah for sure
that_polish_chick94 ;cool
cobbler1976 ;are you shaved ?
that_polish_chick94 ;yeah i don't like hair on me ,  you ?
cobbler1976 ;?
that_polish_chick94 ;you shave ?
cobbler1976 ;trim
that_polish_chick94 ;that's cool
cobbler1976 ;i bet you are so tight
that_polish_chick94 ;is that good ?
cobbler1976 ;yeas !  ,  what are you wearing ?
that_polish_chick94 ;i told you it blue and white pj pants in a white wifebeater
cobbler1976 ;anything under ?
that_polish_chick94 ;just panties
cobbler1976 ;lets hook up
that_polish_chick94 ;how ?
cobbler1976 ;your house ?
that_polish_chick94 ;yeah when no ones home maybe
cobbler1976 ;do i get your bj ?
that_polish_chick94 ;you want me to give you one ?
cobbler1976 ;yeah .  .  .  .  .  i know that's bad though
that_polish_chick94 ;i would
cobbler1976 ;what else ?
that_polish_chick94 ;anything you want
cobbler1976 ;i want in your panties
that_polish_chick94 ;oh yeah ?
cobbler1976 ;kinda
that_polish_chick94 ;lol
cobbler1976 ;how about if you were a cop
that_polish_chick94 ;wtf likes cops and robbers ?  ,  like *
cobbler1976 ;no like you were a cop and i was arrested .  .  lol
that_polish_chick94 ;lol you wanna pretend ?
cobbler1976 ;no .  i don't want to be arrested
that_polish_chick94 ;oh okay ,  then i won't be a cop lol
cobbler1976 ;lol ,  i am way to old
that_polish_chick94 ;no i had like year old dudes IM me before
cobbler1976 ;wow
that_polish_chick94 ;yeah i know
cobbler1976 ;that's bad ,  you would give me a bj ?
that_polish_chick94 ;yeah your hot
cobbler1976 ;do you have other pictures ?
that_polish_chick94 ;just a couple
cobbler1976 ;send them ,  wow
that_polish_chick94 ;do you got anymore ?  ,  wow what
cobbler1976 ;on my phone ,  you are so hot
that_polish_chick94 ;"oh ty """" >"
cobbler1976 ;what are you doing night ?
that_polish_chick94 ;taking a shower then probably watching television and going to bed or something
cobbler1976 ;can i get in the shower with you ?
that_polish_chick94 ;may be
cobbler1976 ;tonight ?
that_polish_chick94 ;no i can't tonight
cobbler1976 ;ok ,  what do your panties look like ?
that_polish_chick94 ;black bikini type
cobbler1976 ;sexy
that_polish_chick94 ;ty
cobbler1976 ;are you horny ?
that_polish_chick94 ;i dunno not really
cobbler1976 ;i could get you horny if i was there
that_polish_chick94 ;yeah
cobbler1976 ;yep ,  well then ?
that_polish_chick94 ;what
cobbler1976 ;will you show me my cum in your mouth ?
that_polish_chick94 ;yeah if you wanted
cobbler1976 ;i could fuck you ?
that_polish_chick94 ;yeah
cobbler1976 ;condom right ?
that_polish_chick94 ;i would get pregnant if you didn't wouldn't i ?
cobbler1976 ;yep
that_polish_chick94 ;then yeah
cobbler1976 ;when ?
that_polish_chick94 ;when my mom goes outta town ,  she goes sometimes ,  for like at least a day ,  i dunno when yet though
cobbler1976 ;ok ,  just sex or party and sex ?
that_polish_chick94 ;i dunno both ?  lol
cobbler1976 ;sure .  .  .  .  lol ,  drinks ?
that_polish_chick94 ;yeah that'd be cool
cobbler1976 ;just me and you .  .  .  .  right ?
that_polish_chick94 ;yeah ,  what you wanted to invite more people ?  lol
cobbler1976 ;noone else .  .  .  .  lol
that_polish_chick94 ;ok good lol
cobbler1976 ;i have a big dick is that ok ?
that_polish_chick94 ;yeah how big ?
cobbler1976 ;inches
that_polish_chick94 ;wow ,  would it hurt ?
cobbler1976 ;maybe .  .  .  .  is that ok ?
that_polish_chick94 ;if you go slow first
cobbler1976 ;ok ,  do you like to be ate out ?
that_polish_chick94 ;my ex never did that to me
cobbler1976 ;can i ?
that_polish_chick94 ;yeah
cobbler1976 ;do you get really wet ?
that_polish_chick94 ;he told me guys don't eat girls out ,  yeah i thin nk so
cobbler1976 ;good ,  have you had an orgasm ?
that_polish_chick94 ;no
cobbler1976 ;hopefully i give you one
that_polish_chick94 ;my ex just did it for like minutes
cobbler1976 ;did you like it ?
that_polish_chick94 ;it was okay
cobbler1976 ;ok ,  any brother or sister ?
that_polish_chick94 ;no just me ,  you ?
cobbler1976 ;just me
that_polish_chick94 ;that's cool
cobbler1976 ;yep
that_polish_chick94 ;brb i gotta take my dog out and get super cold
cobbler1976 ;ok ,  hi ?  ,  you there ?  ,  hey
that_polish_chick94 ;sorry my competition messed up
cobbler1976 ;you there ?
that_polish_chick94 ;yeah i mb out to go take a shower in am in though
cobbler1976 ;pk ,  ok ,  i want to see you in your panties
that_polish_chick94 ;yeah i don't have a cam
cobbler1976 ;lets both get one ?
that_polish_chick94 ;i could try but i don't think i can ,  i don't got money and i can't drive to the store or anything
cobbler1976 ;oh yeah
that_polish_chick94 ;yeah sorry i suck
cobbler1976 ;how much you weigh ?
that_polish_chick94 ;like
cobbler1976 ;perfect
that_polish_chick94 ;really ?
cobbler1976 ;yeah !  ,  do you have a nice ass ?
that_polish_chick94 ;my ex always said i did lol
cobbler1976 ;lol
that_polish_chick94 ;i dunno though i don't really look at it lol
cobbler1976 ;true ,  you are not a cop ?
that_polish_chick94 ;no way ,  why would i be a cop
cobbler1976 ;not sure .  your young .  .  i am
that_polish_chick94 ;oh well i don't wanna get in trouble either so it's not like i'm gonna tell anyone about you
cobbler1976 ;true
that_polish_chick94 ;so what kinda car you got
cobbler1976 ;equinox .
that_polish_chick94 ;oh never heard a that ,  is it sweet looking ?
cobbler1976 ;suv
that_polish_chick94 ;ooh nice
cobbler1976 ;yeah it cool ,  corvette also .  .  .  lol
that_polish_chick94 ;lol wow that's hot ,  for real ?
cobbler1976 ;swear i do .  ,  black on black
that_polish_chick94 ;you make allot money or something ?  ,  nii ice
cobbler1976 ;yep
that_polish_chick94 ;sweet what do you do ?
cobbler1976 ;pharmaceutical sales
that_polish_chick94 ;ooh ,  you must be smart
cobbler1976 ;yep .  .  .  .  .  .  .  .  .  .  .  you smart ?
that_polish_chick94 ;i try ,  i skipped a grade in elem tary school ,  elementary *
cobbler1976 ;nice ,  you would fuck a year old guy ?
that_polish_chick94 ;age don't really matter to me and you don't look old or anything ,  plus your hot ,  so yeah
cobbler1976 ;thanks .  .  .  .  .  .  .  .  .  .  .  .  .  your hot .  .  .  .  .  .  .  .  .  .  .  .  .
that_polish_chick94 ;ty
cobbler1976 ;what do you like to drink ?
that_polish_chick94 ;i like smi rn of ice the raspberry kind
cobbler1976 ;ok
that_polish_chick94 ;but other stuff is cool too ,  whatever someone got
cobbler1976 ;i can get some
that_polish_chick94 ;like if i'm at a party or something ,  that would be sweet
cobbler1976 ;when are we going to party ?
that_polish_chick94 ;as soon as i know when my mom's leaving
cobbler1976 ;you in a house or appointment ?
that_polish_chick94 ;house
cobbler1976 ;cool
that_polish_chick94 ;what about you ?
cobbler1976 ;house
that_polish_chick94 ;cool by yourself ?
cobbler1976 ;yep ,  what city you in ?
that_polish_chick94 ;van buren
cobbler1976 ;oh yeah
that_polish_chick94 ;yup
cobbler1976 ;nice ,  i am so horny ,  lol
that_polish_chick94 ;lol i'm sorry
cobbler1976 ;it's ok ,  you looked so hot in the red dress picture btw
that_polish_chick94 ;really ?  i thought i kinda looked like a dork
cobbler1976 ;not at all
that_polish_chick94 ;well ty
cobbler1976 ;yep ,  you like doggy style ?
that_polish_chick94 ;i never tried it
cobbler1976 ;can we ?
that_polish_chick94 ;sure ,  how do you do it ?
cobbler1976 ;?
that_polish_chick94 ;yeah
cobbler1976 ;you are on your hands and knees and i am behind you
that_polish_chick94 ;ooh okay ,  sounds fun
cobbler1976 ;you on top ?
that_polish_chick94 ;i could try
cobbler1976 ;how tall are you ?
that_polish_chick94 ;'3
cobbler1976 ;perfect !
that_polish_chick94 ;lol ty
cobbler1976 ;tits ?
that_polish_chick94 ;be
cobbler1976 ;nice !  ,  your so hot !
that_polish_chick94 ;hehe ty vm
cobbler1976 ;are you wet right now ?
that_polish_chick94 ;a little bit
cobbler1976 ;how many fingers can you slide inside before it hurts ?
that_polish_chick94 ;i dunno i never tried
cobbler1976 ;try for me
that_polish_chick94 ;i can't really right now because my mom's home ,  i'll try to night
cobbler1976 ;ok ,  where is she ?
that_polish_chick94 ;in the next room
cobbler1976 ;oh ,  she can't see our conversation can she ?
that_polish_chick94 ;no
cobbler1976 ;put your hand in your panties and try now real quick
that_polish_chick94 ;i can't really reach ,  i think ?
cobbler1976 ;lol .  .  .  .  .  .  ok
that_polish_chick94 ;lol
cobbler1976 ;my dick is so hard right now
that_polish_chick94 ;yeah ?
cobbler1976 ;yeah
that_polish_chick94 ;that's hot
cobbler1976 ;your hot !
that_polish_chick94 ;lol
cobbler1976 ;lol lol ,  what are you going to wear for me ?
that_polish_chick94 ;when ?
cobbler1976 ;whenever ?
that_polish_chick94 ;what do you want me to wear ?
cobbler1976 ;a little skirt ?  ,  jean skirt ?
that_polish_chick94 ;i think i might have one
cobbler1976 ;lace panties ?
that_polish_chick94 ;yeah
cobbler1976 ;you like to make out ?
that_polish_chick94 ;yeah i do
cobbler1976 ;me too
that_polish_chick94 ;it's my fave
cobbler1976 ;me too ,  send me your hottest picture
that_polish_chick94 ;i dunno which ones hottest because i think i sent you most of them
cobbler1976 ;ok ,  you have any of you in a bikini ?
that_polish_chick94 ;no just the one with / my shorts
cobbler1976 ;send that one ,  great tits !
that_polish_chick94 ;ty
cobbler1976 ;are they perky ?
that_polish_chick94 ;yeah i think so
cobbler1976 ;i am going to get you so wet
that_polish_chick94 ;can't wait
cobbler1976 ;me either ,  whens the last time you had sex ?
that_polish_chick94 ;december
cobbler1976 ;ok
that_polish_chick94 ;you
cobbler1976 ;whens the last time you gave a bj ?  ,  january
that_polish_chick94 ;i think december too
cobbler1976 ;you are so hot !
that_polish_chick94 ;hehe
cobbler1976 ;do you deep throat ?
that_polish_chick94 ;what's that
cobbler1976 ;putting a dick deep in your mouth
that_polish_chick94 ;oh yeah
cobbler1976 ;daw m ,  i hope she leaves soon
that_polish_chick94 ;me too
cobbler1976 ;what does she do ?
that_polish_chick94 ;she works at ford
cobbler1976 ;ok ,  any idea when ?  does she leave once a month ?
that_polish_chick94 ;yeah i think it's about once a month
cobbler1976 ;hi
that_polish_chick94 ;hi
cobbler1976 ;you're a doll ,  you ever have a some ?
that_polish_chick94 ;nope ,  you ?
cobbler1976 ;never ,  you ever hook up with one of your girlfriend
that_polish_chick94 ;i made out with / one for like seconds on a dare
cobbler1976 ;lol
that_polish_chick94 ;lol
cobbler1976 ;tongue ?
that_polish_chick94 ;yeah
cobbler1976 ;hot
that_polish_chick94 ;yeah we were drunk lol
cobbler1976 ;nice ,  i want to drink and fuck right now !  ,  what nationality are you ?
that_polish_chick94 ;i'm half polish and half something else ,  i dunno what my dad was
cobbler1976 ;ok
that_polish_chick94 ;you ?
cobbler1976 ;italian ,  its late
that_polish_chick94 ;yeah i'm probably gonna go take a shower now ,  i'll ttyl
cobbler1976 ;ok
that_polish_chick94 ;night
cobbler1976 ;what are you going to put on ?  ,  after shower ?
that_polish_chick94 ;i dunno yet ,  probably another wife beater and may be pj shorts
cobbler1976 ;can we fuck a couple times that night ?
that_polish_chick94 ;yeah
cobbler1976 ;maybe like or ?
that_polish_chick94 ;wow you can do it that many ?
cobbler1976 ;can we try ?
that_polish_chick94 ;yeah
cobbler1976 ;i get to cum in your mouth ?
that_polish_chick94 ;yah
cobbler1976 ;you going to swallow ?
that_polish_chick94 ;yeah if you want
cobbler1976 ;you are a little freak
that_polish_chick94 ;i am ?
cobbler1976 ;i have to put it in slow right ?
that_polish_chick94 ;yeah so it don't hurt at much
cobbler1976 ;then faster ?
that_polish_chick94 ;yeah
cobbler1976 ;nice ,  are you horny at all right now ?  ,  do you touch yourself ?
that_polish_chick94 ;no i like it when guys do it better
cobbler1976 ;make me cum ,  talk dirty ?
that_polish_chick94 ;i dunno what to say
cobbler1976 ;lol
that_polish_chick94 ;lol
cobbler1976 ;tell me how you would suck my dick
that_polish_chick94 ;i dunno id put it in my mouth and suck it
cobbler1976 ;no teeth but a lot of tongue ?
that_polish_chick94 ;is that what you like ?
cobbler1976 ;yeah
that_polish_chick94 ;i could do that
cobbler1976 ;is that how you do it ?
that_polish_chick94 ;yeah i never used teeth
cobbler1976 ;good ,  does your pussy hang out a little or all tucked in ?
that_polish_chick94 ;it doesn't hang out
cobbler1976 ;small and tight ?
that_polish_chick94 ;yeah i think so
cobbler1976 ;god i want you so bad right now
that_polish_chick94 ;i want you to
cobbler1976 ;i am going to fuck you so good ,  are we going to hang for a little or just start making out ?
that_polish_chick94 ;i dunno it depends what we feel like doing i guess
cobbler1976 ;true true ,  you tired ?
that_polish_chick94 ;yeah
cobbler1976 ;alright talk to you later on then
that_polish_chick94 ;ok ,  night
cobbler1976 ;good night ,  bye
that_polish_chick94 ;hey when do you go on ?
cobbler1976 ;hi
that_polish_chick94 ;hey
cobbler1976 ;what's up
that_polish_chick94 ;nm watch in television ,  you ?
cobbler1976 ;same ,  one minutes ok
that_polish_chick94 ;ok
cobbler1976 ;sorry ,  you there ?
that_polish_chick94 ;yeah sorry ,  was getting food ,  my mom brought thai
cobbler1976 ;yum ,  there is a lot of garlic in that though
that_polish_chick94 ;really ?  ,  i thought it was curry
cobbler1976 ;not sure but nasty
that_polish_chick94 ;yeah ,  i like mouthwash lol
cobbler1976 ;you like it ?  ,  lol ,  yep ,  any new pics> ?
that_polish_chick94 ;no ,  you ?
cobbler1976 ;none new ,  your still hot i am sure ,  what are you wearing tonight ?
that_polish_chick94 ;white pj pants in a black wifebeater ,  you ?
cobbler1976 ;shorts and a long sleeved t
that_polish_chick94 ;those your pj's ?
cobbler1976 ;yep ,  hold on again
that_polish_chick94 ;ok
cobbler1976 ;i am horny .  .  .  lol
that_polish_chick94 ;lol i'm sorry
cobbler1976 ;it's ok ,  you ?
that_polish_chick94 ;no not really
cobbler1976 ;hi
that_polish_chick94 ;hey
cobbler1976 ;hi
that_polish_chick94 ;what's up ?
cobbler1976 ;bored'u ?
that_polish_chick94 ;same
cobbler1976 ;what are you wearing ?
that_polish_chick94 ;jeans in a hoodie still ,  you ,  you there ?
cobbler1976 ;hi
that_polish_chick94 ;hey
cobbler1976 ;sorry
that_polish_chick94 ;it's okay
cobbler1976 ;any new pictures ?
that_polish_chick94 ;no ,  you
cobbler1976 ;no ,  anyone home ?
that_polish_chick94 ;yeah ,  i know
cobbler1976 ;you wearing panties ?
that_polish_chick94 ;yeah
cobbler1976 ;color ?
that_polish_chick94 ;black
cobbler1976 ;thong ?
that_polish_chick94 ;yup
cobbler1976 ;nice ,  are you wet ?
that_polish_chick94 ;no not right now
cobbler1976 ;hi
that_polish_chick94 ;hey
cobbler1976 ;jo ,  hi ,  lol
that_polish_chick94 ;lol
cobbler1976 ;how are you ?
that_polish_chick94 ;good ,  you ?
cobbler1976 ;good
that_polish_chick94 ;what you do today ?
cobbler1976 ;sleep ,  lol ,  you
that_polish_chick94 ;lol ,  nm same pretty much
cobbler1976 ;i am so hit today
that_polish_chick94 ;why ?
cobbler1976 ;drunk last night
that_polish_chick94 ;ohh
cobbler1976 ;one minute
that_polish_chick94 ;ok ,  hey
cobbler1976 ;hi
that_polish_chick94 ;what's up
cobbler1976 ;bord um ,  boredom ?  ,  you ?
that_polish_chick94 ;same here
cobbler1976 ;what did you do today ?
that_polish_chick94 ;went to hamtramck to my g parents house ,  but that's it ,  it was lame
cobbler1976 ;cool
that_polish_chick94 ;you ?
cobbler1976 ;work for work .  slept in late ,  ate dinner a little bit ago ,  probably going to watch television in a few ,  you ?
that_polish_chick94 ;and really ,  nm *
cobbler1976 ;your hot you know that ?
that_polish_chick94 ;lol i dunno i guess i'm okay
cobbler1976 ;you are hot ,  wish you were older than .  .  .  lol
that_polish_chick94 ;yeah me to lol
cobbler1976 ;i would invite you over to make out if you were say
that_polish_chick94 ;well i wish i was
cobbler1976 ;ha ha ,  mom leaving any time soon ?
that_polish_chick94 ;yeah i think she's going to stay with / her boyfriend up north soon
cobbler1976 ;i will probably chicken out to visit you ,  i could get seriously fucked for doing something like that .  .  .  .  you know ,  ?
that_polish_chick94 ;why what could happen ?
cobbler1976 ;jail ,  dude i am your
that_polish_chick94 ;oh ,  well i don't want you to go to jail ,  how would anyone know ?
cobbler1976 ;i don't know ,  how about if you were a cop .  .  .  lol
that_polish_chick94 ;lol wtf
cobbler1976 ;fuck you never know
that_polish_chick94 ;yeah i guess ,  you could be a astronaut
cobbler1976 ;lol ,  i am not an astronaut
that_polish_chick94 ;well i'm not a cop lol
cobbler1976 ;sure your not ,  oh well ,  what else
that_polish_chick94 ;what else ?
cobbler1976 ;yes ,  what else
that_polish_chick94 ;what else what lol
cobbler1976 ;i really want in your pants
that_polish_chick94 ;i'm totally down
cobbler1976 ;so am i ,  lol
that_polish_chick94 ;lol
cobbler1976 ;i bet it is great in your pants
that_polish_chick94 ;lol yeah it's pretty comfy
cobbler1976 ;lol ,  what are you going to do ?
that_polish_chick94 ;when ?
cobbler1976 ;now
that_polish_chick94 ;i dunno just do crap online i guess
cobbler1976 ;let me ask you this .  .  .  .  i would stop by there and we would just hook up ?
that_polish_chick94 ;why you wanna be my boyfriend or something ?
cobbler1976 ;no ,  your to young to be my girlfriend
that_polish_chick94 ;well that's cool with / me
cobbler1976 ;ok ,  you just want to hook up then ?
that_polish_chick94 ;yeah
cobbler1976 ;alright ,  well i am going to watch television
that_polish_chick94 ;okay
cobbler1976 ;what are you wearing right now ?
that_polish_chick94 ;my old track shorts in a wife beater
cobbler1976 ;lol ,  you like wife beaters a lot i noticed
that_polish_chick94 ;lol yeah i we are m to bed
cobbler1976 ;"cool ,  we ;; ,  well"
that_polish_chick94 ;what you wearing ?
cobbler1976 ;jeans and a long sleeve shirt
that_polish_chick94 ;that's cool
cobbler1976 ;yep yep ,  sorry ,  good night
that_polish_chick94 ;sorry for what
cobbler1976 ;talking so long to reply
that_polish_chick94 ;oh it's cool
cobbler1976 ;i was checking emails
that_polish_chick94 ;you ever go on during the week ?
cobbler1976 ;here and there ,  you ?
that_polish_chick94 ;yeah ,  i just never see you on
cobbler1976 ;i am kind a busy with work during the week
that_polish_chick94 ;what you do again ?
cobbler1976 ;if i log onto this computer it is usually to check email ,  pharmaceutical sales
that_polish_chick94 ;so you work in like a pharmecy ?
cobbler1976 ;no .  .  .  .  i sell drugs to doctors
that_polish_chick94 ;lol sweet ,  so your a drug dealer lol
cobbler1976 ;actually i call on doctors and try to get them to write my products over the competitions .  ,  lol ,  i am a legal drug dealer .  lol
that_polish_chick94 ;lol ,  that's badass
cobbler1976 ;thanks ,  i love my job ,  i am doing well at it too .  .  .  .  so that always helps
that_polish_chick94 ;you work like allot ?
cobbler1976 ;i don't mind work .  .  .  .  i would rather be doing other things .  .  .  .  but since i have to work at least i found something i don't mind doing ,  you know
that_polish_chick94 ;yeah that's cool ,  i don't know what i wanna do yet ,  how long did you have to go to college
cobbler1976 ;years
that_polish_chick94 ;oh okay
cobbler1976 ;there is not shit on television
that_polish_chick94 ;yeah sunday television suck ks ss
cobbler1976 ;sure does ,  to bad you can't stop over and let me take your cloths off you
that_polish_chick94 ;yeah if i had a car
cobbler1976 ;lol
that_polish_chick94 ;less boring then television lol
cobbler1976 ;kw you more fun ,  way more fun i meant
that_polish_chick94 ;lol i thought kwya was some new word
cobbler1976 ;it is an old word ,  lol
that_polish_chick94 ;lol ,  it sounds african
cobbler1976 ;yeah it isn't ,  i want a bj in the worst way right now
that_polish_chick94 ;aw ,  poor you
cobbler1976 ;exactly ,  oh well ,  time to go and get high and watch a movie may be
that_polish_chick94 ;oh yeah ?  ?  you smoke ?
cobbler1976 ;what would you watch .  .  .  .  blow ,  donnie brasco ,  scarface ,  red dragon ,  oceans ?  |
that_polish_chick94 ;i only like hydro
cobbler1976 ;i love pot on Sundays
that_polish_chick94 ;i love pot everyday lol
cobbler1976 ;i love hydro too ,  i have above average right now .  a little drought on the good stuff
that_polish_chick94 ;i haven't seen donnie brasco but all the other ones are bad ass
cobbler1976 ;donnie brasco is bad ass too
that_polish_chick94 ;yeah i had this regular go one time and it took like joints to feel like anything lol
cobbler1976 ;that shit blows
that_polish_chick94 ;hell yeah
cobbler1976 ;i had blue berry's once .  my buddy only got it once .  .  i have never seen or heard of it since .  .  .  the best shit
that_polish_chick94 ;ohh i think i heard a that ,  doesn't it taste like blue berrys kinda ?
cobbler1976 ;the pot smelled like blue berry and tasted like blue berry
that_polish_chick94 ;!  !
cobbler1976 ;yeah
that_polish_chick94 ;that's so fucking sweet ,  was it good ?
cobbler1976 ;it was sweet ,  two hits and i was blown out
that_polish_chick94 ;da a am mn
cobbler1976 ;are you wearing a thong right now ?  ?
that_polish_chick94 ;yeah
cobbler1976 ;i wish my hand was in it ,  lol
that_polish_chick94 ;lol that would be tight
cobbler1976 ;yep ,  why don't you have a boyfriend ?
that_polish_chick94 ;because all the guys i know are all in hsn the year boring and have the year mom pay for everything ,  or they play football or think they are hot shit
cobbler1976 ;i see
that_polish_chick94 ;no ones just like chill
cobbler1976 ;yeah ,  i define chill ,  get high and chill
that_polish_chick94 ;lol hell yeah
cobbler1976 ;which i am going to do right now ,  lol ,  i bet your ass looks great in jeans
that_polish_chick94 ;lol ,  i try
cobbler1976 ;you're not a cop ?
that_polish_chick94 ;no
cobbler1976 ;for sure not a cop
that_polish_chick94 ;for sure dude lol ,  why would i be a cop ?
cobbler1976 ;lol ,  i don't know
that_polish_chick94 ;i thought cops like can't lie or something
cobbler1976 ;haven't you ever heard of people meeting up with someone under but really it is a cop
that_polish_chick94 ;i don't think so ,  like on the news ?
cobbler1976 ;yeah ,  fuck yeah on the news
that_polish_chick94 ;lol ,  i don't really watch the news
cobbler1976 ;i don't either but it does happen
that_polish_chick94 ;that's gay
cobbler1976 ;fuck yeah it is
that_polish_chick94 ;i hate cops
cobbler1976 ;but it happens and i don't want it to happen to me ,  i don't like them either .
that_polish_chick94 ;yeah ,  how do the cops like talk to people ?
cobbler1976 ;i don't know
that_polish_chick94 ;that's messed
cobbler1976 ;i think like we are talking ,  yeah
that_polish_chick94 ;like they don't got anything better to do
cobbler1976 ;but at the same time a year old should not be fucking a year old ,  oh well ,  time for a movie ,  good night
that_polish_chick94 ;yeah i dunno
cobbler1976 ;what don't you know
that_polish_chick94 ;hope you smoke some good shit
cobbler1976 ;i will definitely get super high ,  what don't you know ?
that_polish_chick94 ;like i don't think it's really wrong
cobbler1976 ;i know what you mean ,  have a good night
that_polish_chick94 ;night ,  ttyl
cobbler1976 ;i do want to fuck you
that_polish_chick94 ;i want you to
cobbler1976 ;ok then ,  do you have a cam phone ?
that_polish_chick94 ;no don't got a cell right now
cobbler1976 ;ok
that_polish_chick94 ;i could call us om time though
cobbler1976 ;well peace out and i will talk to you later on ,  ok
that_polish_chick94 ;if you want ,  okay
cobbler1976 ;i will hit you up on here sometime during the week
that_polish_chick94 ;ok
cobbler1976 ;bye
that_polish_chick94 ;later ,  hey
cobbler1976 ;hi ,  how are you ?
that_polish_chick94 ;good got a snow day ,  i hate this snow though ,  you ?
cobbler1976 ;worked ,  roads were fine
that_polish_chick94 ;that sucks no snow day ?  lol
cobbler1976 ;i had a late start ,  lol no snow day ,  i didn't mind
that_polish_chick94 ;what movie did you end up watching ?
cobbler1976 ;red dragon ,  going to Tampa
that_polish_chick94 ;sweet ,  what for ?  ,  better then here
cobbler1976 ;training ,  april -25 ,  how are you
that_polish_chick94 ;good ,  you
cobbler1976 ;good ,  anything new and exciting ?
that_polish_chick94 ;no lol ,  i'm eating mango pieces
cobbler1976 ;yum
that_polish_chick94 ;yup
cobbler1976 ;one minute
that_polish_chick94 ;ok
cobbler1976 ;hi
that_polish_chick94 ;hey
cobbler1976 ;i still want in your pants
that_polish_chick94 ;i'm still down with / that lol ,  brb i'm gonna take a shower
cobbler1976 ;wait ,  you there
that_polish_chick94 ;ok ,  yeah
cobbler1976 ;good ,  when
that_polish_chick94 ;when am i gonna take a shower ?
cobbler1976 ;when can i get in your pants
that_polish_chick94 ;oh lol
cobbler1976 ;lol
that_polish_chick94 ;well my mom's going with / her boyfriend up north to her cabin soon ,  to his cabin i mean
cobbler1976 ;are you going ?
that_polish_chick94 ;like friday ,  no ,  fuck that lol ,  too cold
cobbler1976 ;yep yep ,  well ,  you ever hook up with anyone from here ?
that_polish_chick94 ;no ,  you ?
cobbler1976 ;never
that_polish_chick94 ;that's cool
cobbler1976 ;yep ,  you ever hook up with a guy ?  ,  lol
that_polish_chick94 ;lol yeah ,  my ex ,  but that's it
cobbler1976 ;what did you do with him ?
that_polish_chick94 ;everything
cobbler1976 ;lol
that_polish_chick94 ;lol
cobbler1976 ;i bet your body is perfect
that_polish_chick94 ;i try
cobbler1976 ;yep yep
that_polish_chick94 ;brb shower
cobbler1976 ;ok bye ,  x out of this ok ?
that_polish_chick94 ;okay
cobbler1976 ;what are you wearing right now ?
that_polish_chick94 ;pj pants in a tshirt
cobbler1976 ;panties and bra ?
that_polish_chick94 ;no ,  br bbb
cobbler1976 ;i bet you get so wet ?  ,  talk to you later on .  .  .  .  have to go .  have a good day !  ,  hi ,  hi
that_polish_chick94 ;hey
cobbler1976 ;what are you doing ?
that_polish_chick94 ;nm vacuumed and now i'm just online
cobbler1976 ;cool ,  how was the shower
that_polish_chick94 ;good
cobbler1976 ;good ,  now what
that_polish_chick94 ;i dunno ,  what you doing
cobbler1976 ;checking emails ,  bored ,  may have to watch a movie
that_polish_chick94 ;oh that's cool ,  what movie
cobbler1976 ;not sure ,  any suggestions
that_polish_chick94 ;mm ,  scarface
cobbler1976 ;ok \ ,  deal
that_polish_chick94 ;lol
cobbler1976 ;lol ,  have to get high if i watch it
that_polish_chick94 ;hell yeah ,  duh ,  lol
cobbler1976 ;funny ,  your going to be hot as hell when your like i bet ,  dude we can't fuck ,  i am too old ,  it sucks
that_polish_chick94 ;i don't think your old ,  but whatever
cobbler1976 ;yeah but your and i am .  .  .  .  .  lol
that_polish_chick94 ;lol i dunno it's not like i'm lol
cobbler1976 ;true ,  it would be a lot better if you were ,  you know at least then you would be legal
that_polish_chick94 ;yeah ,  i guess
cobbler1976 ;you're a little doll though
that_polish_chick94 ;ty
cobbler1976 ;your welcome ,  your body is perfect ,  your going to be a little bomb sell at ,  i am hungry
that_polish_chick94 ;get pizza
cobbler1976 ;sounds good but naw it's to late to eat ,  send me a picture that you think you look the hottest in
that_polish_chick94 ;i don't really know what one
cobbler1976 ;which ever you think you look the hottest in ,  that's hot ,  that's hot too
that_polish_chick94 ;ty ,  i think those are the only ir really like
cobbler1976 ;got cha ,  hmmmm ,  oh i also have casino ,  and there is one more
that_polish_chick94 ;casino is a movie ?
cobbler1976 ;yep ,  you ever see it
that_polish_chick94 ;no never heard of it
cobbler1976 ;it is a bad ass movie as well ,  how about goodfellas ,  you ever see that ?
that_polish_chick94 ;i might a seen that one because it sounds family er
cobbler1976 ;watch those two
that_polish_chick94 ;what's it about
cobbler1976 ;if ou like scarface you would like those two ,  mob related shit ,  i have to take this phone call ,  talk to you later on .  .  .  .  have a good night
that_polish_chick94 ;ok ,  you to ,  hey
cobbler1976 ;hi ,  ?  ?  ?  ?  ?  ?  ?  ?  ?  ?  ?  ?  ?  ?  ?  ?  ?  ?  ?  ?  ?  ?  ?  ?  ?  ?  ?  ?  ?  ?  ?  ?  ?  ?  ?  ?  ?  ?  ?  ?  ?  ?  ?  ?  ?  ?  ?  ?  ?  ?  ?  ?  ?  ?  ?  ?  ?  ?  ?  ?  ?  ?  ?  ?  ?  ?  ?  ?  ?  ?  ?  ?  ?  ?  ?  ?  ?  ?  ?  ?  ?  ?  ?
that_polish_chick94 ;hey
cobbler1976 ;what are you doing ?
that_polish_chick94 ;nm be in bored
cobbler1976 ;who is home ?
that_polish_chick94 ;me lol ,  what are you doing
cobbler1976 ;at home ,  what time should i stop by ?  ,  lol
that_polish_chick94 ;lol whenever you want
cobbler1976 ;seriously ?
that_polish_chick94 ;chye a him bored
cobbler1976 ;you are not a police officer and i will not be arrested tonight ?
that_polish_chick94 ;uh no i'm not and no
cobbler1976 ;what's your number i will call you in an hour
that_polish_chick94 ;i dunno if you should call me ,  i don't got a cell so it would be on the caller id ,  i can call you though when ever ,  whenever * ,  and prove that i'm not a cop or whatever you think i am lol
cobbler1976 ;lol ,  should i stop by tonight ?
that_polish_chick94 ;that would be tight
cobbler1976 ;bring pot ?
that_polish_chick94 ;hell yeah ,  is it good ?
cobbler1976 ;ok ,  it is ok not great but not shit
that_polish_chick94 ;sweet ,  you use bowl or papers ?
cobbler1976 ;i will roll one
that_polish_chick94 ;okay sweet ,  i don't got any more papers though
cobbler1976 ;no one will be stopping by ?
that_polish_chick94 ;no
cobbler1976 ;i have a great job and can't get fucked
that_polish_chick94 ;no ones coming over they would tell me if they were lol
cobbler1976 ;do you want me to stop by ?
that_polish_chick94 ;yeah
cobbler1976 ;ok
that_polish_chick94 ;i got comcast on demand
cobbler1976 ;be back at midnight
that_polish_chick94 ;okay
cobbler1976 ;talk to you in a few
that_polish_chick94 ;ok you wanna mapquest me ?  ,  or something
cobbler1976 ;sure
that_polish_chick94 ;ok ,  edit ,  sometimes it shows up on mail belleville sometimes van buren
cobbler1976 ;what city ,  zip ?
that_polish_chick94 ;is it far ?
cobbler1976 ;one minutes ,  belleville ?
that_polish_chick94 ;yeah ,  on our mail sometimes it shows up as belleville but sometimes it shows up van buren
cobbler1976 ;minutes
that_polish_chick94 ;oh okay sweet ,  when you want me to call you ?
cobbler1976 ;be back in twenty minutes
that_polish_chick94 ;okay
cobbler1976 ;talk to you soon
that_polish_chick94 ;ok
cobbler1976 ;hi
that_polish_chick94 ;hey
cobbler1976 ;bad news ,  out of pot
that_polish_chick94 ;oh that sucks
cobbler1976 ;you have any ?
that_polish_chick94 ;i got a joint ,  it ain't big though
cobbler1976 ;perfect ,  that's ok ,  should i leave now ?
that_polish_chick94 ;yeah
cobbler1976 ;call me ,  edit
that_polish_chick94 ;ok what's your ,  ok hold on
cobbler1976 ;?
that_polish_chick94 ;calling ,  your names marino ?
cobbler1976 ;yeah ,  lol ,  your name ?
that_polish_chick94 ;lmao ,  karla ,  ok calling just a second
cobbler1976 ;ok ,  lol ,  let's just hang out no hooking up ,  lol ,  ok ?
that_polish_chick94 ;ok
