ID;msg
come_ride_and_chill_with_me ;|23 male fort wayne (  That would be Indiana ,  for all you playing at home .  )  |
coryndestiny4ever ;kewl ,  ,  ,  ,  ,  |13 f oh (  He's been told .  We're also years apart ,  by the way .  )  |
come_ride_and_chill_with_me ;so how you doing (  He really should have bugged off by now .  Except he didn't .  )
coryndestiny4ever ;i'm bored lol ,  ,  ,  ,  ,  you ?
come_ride_and_chill_with_me ;i'm alright chilling
coryndestiny4ever ;lol
come_ride_and_chill_with_me ;looking something do (  Then go find something else to do .  Stop talking to me .  )
coryndestiny4ever ;o ic ,  ,  ,  ,  ,  what you wanna do ?
come_ride_and_chill_with_me ;anything really
coryndestiny4ever ;lol kewl
come_ride_and_chill_with_me ;i'm about go ride around
coryndestiny4ever ;ride around were ?
come_ride_and_chill_with_me ;anywhere i end up
coryndestiny4ever ;lol
come_ride_and_chill_with_me ;|so what part of ohio you from (  Why ?  Are you thinking of coming to Ohio ?  That's a really bad choice ,  bud .  )  |
coryndestiny4ever ;greenville
come_ride_and_chill_with_me ;oh ,  ,  ,  ,  ,  so what you look like
coryndestiny4ever ;lol my picture is on my pro
come_ride_and_chill_with_me ;oh alright
coryndestiny4ever ;lol
come_ride_and_chill_with_me ;nice picture
coryndestiny4ever ;lol tyvm ,  ,  ,  ,  ,  you gotta picture ?  ,  ,  ,  ,  ,  what's this ?  (  He turned on photosharing at this point .  The logs don't reflect photosharing invites .  )  ,  ,  ,  ,  ,  o ic kewl ,  ,  ,  ,  ,  your qt !
come_ride_and_chill_with_me ;you think so
coryndestiny4ever ;ya lol
come_ride_and_chill_with_me ;you l like laugh
coryndestiny4ever ;ya ,  ,  ,  ,  ,  lol
come_ride_and_chill_with_me ;dates good i could make you laugh all day ,  ,  ,  ,  ,  so whenz your bad
coryndestiny4ever ;Jean
come_ride_and_chill_with_me ;oh you just turned (  If there was any doubt that he knew how old I was .  .  .  )
coryndestiny4ever ;ya lol
come_ride_and_chill_with_me ;so howz life
coryndestiny4ever ;lol boring ,  ,  ,  ,  ,  grandmother left vegas and i'm here (  Kid home alone .  Danger Danger !  )
come_ride_and_chill_with_me ;what she left you alone
coryndestiny4ever ;ya
come_ride_and_chill_with_me ;you didn't wanna go
coryndestiny4ever ;she dint want me go (  Vegas : Not a kid friendly place !  Do you blame grandma ?  )
come_ride_and_chill_with_me ;i guess ,  ,  ,  ,  ,  now i see why your bored
coryndestiny4ever ;ya
come_ride_and_chill_with_me ;what you like do
coryndestiny4ever ;|drink lol (  I was definitely playing a bad kid .  Not all kids are your perfect ,  straight A ,  church-going children .  )  |
come_ride_and_chill_with_me ;oh yea
coryndestiny4ever ;but grandmother don't keep it around
come_ride_and_chill_with_me ;you wanna drink
coryndestiny4ever ;ya
come_ride_and_chill_with_me ;what you drink
coryndestiny4ever ;i like mikes
come_ride_and_chill_with_me ;"oh yea ,  ,  ,  ,  ,  |well if you feel like chilling i can bring some (  A cookie for anyone who can define \"""" Chilling \"""" in this context and sound like a dictionary entry when doing so .  No joke ,  I was asked to define it .  )  |"
coryndestiny4ever ;really ?  ,  ,  ,  ,  ,  tatto would be kewl
come_ride_and_chill_with_me ;really well ,  ,  ,  ,  ,  when you want
coryndestiny4ever ;lol i'm home all weekend ,  ,  ,  ,  ,  we just gonna chill ?
come_ride_and_chill_with_me ;yea why
coryndestiny4ever ;just wonderin
come_ride_and_chill_with_me ;"why wonder ,  ,  ,  ,  ,  i'm just a type a person i'm really laid back i'm into doing whatever a person wants do (  This is the beginning of \"""" What do YOU want to do ?  I hate dancing .  Oh I hate dancing .  )"
coryndestiny4ever ;ic
come_ride_and_chill_with_me ;you wouldn't have worry about nutting i wouldn't pressure you and nutting you wouldn't do ok (  Survey says .  .  .  I DON'T THINK SO !  )
coryndestiny4ever ;ok ,  ,  ,  ,  ,  but what if i get like kinda crazeee ?
come_ride_and_chill_with_me ;well eh i'm whatever i'm not scary
coryndestiny4ever ;o ok
come_ride_and_chill_with_me ;if you want day we can i don't have nuttin going right now (  TODAY ?  You mean he wants to come over after .  .  .  minutes of chatting to drink and hang with a kid .  This is ZERO good .  )
coryndestiny4ever ;maybe
come_ride_and_chill_with_me ;oh maybe
coryndestiny4ever ;lol
come_ride_and_chill_with_me ;so um
coryndestiny4ever ;lol
come_ride_and_chill_with_me ;you not quiet in person are you
coryndestiny4ever ;lol no
come_ride_and_chill_with_me ;good ,  ,  ,  ,  ,  nice name destiny ,  ,  ,  ,  ,  so what kinda dog was in yo picture
coryndestiny4ever ;it's a chihuahua mix lol
come_ride_and_chill_with_me ;i hate dem little motherfuckers (  Well it would be nice if we had one so it could scare you off .  )  ,  ,  ,  ,  ,  so why you so quiet
coryndestiny4ever ;lol because you are
come_ride_and_chill_with_me ;i'm talking
coryndestiny4ever ;lol
come_ride_and_chill_with_me ;probably better and person
coryndestiny4ever ;ya ,  ,  ,  ,  ,  how far away are you ?  (  Anyone doubt he really wants to meet ?  )
come_ride_and_chill_with_me ;so you don't have a boyfriend
coryndestiny4ever ;no
come_ride_and_chill_with_me ;probably an hour hour and a half
coryndestiny4ever ;the guys at school are dumb
come_ride_and_chill_with_me ;oh are dey
coryndestiny4ever ;ya
come_ride_and_chill_with_me ;"I don't have no girlfriend you should be my little mami (  \"""" Lil Mami \"""" is a really weird term to see this far north .  I saw it a lot in Florida ,  but not in Ohio .  )  |"
coryndestiny4ever ;lol tatto would be kewl
come_ride_and_chill_with_me ;uh huh ,  ,  ,  ,  ,  you think so
coryndestiny4ever ;ya ,  ,  ,  ,  ,  so what we do when you get here ?  (  I really wanted to know what we were going to do )
come_ride_and_chill_with_me ;drink talk play around act stupid whatever you want (  Vague is his favorite way to be .  I don't do so well with vague .  )
coryndestiny4ever ;lol
come_ride_and_chill_with_me ;why what you wanna do
coryndestiny4ever ;"|act stupid ?  i don't wanna get preggerz !  (  Now ,  at this point clarification of exactly what he meant by that above statement was absolutely necessary .  He had EVERY opportunity to say something like \"""" Damn girl what are you thinking ?  We're not going to do anything that could get you pregnant ,  you're too young to do that !  \""""  and things might have gone differently .  )  |"
come_ride_and_chill_with_me ;I wouldn't get you pregnant (  He did say that ,  sorta .  But note ,  he's still here .  )  | ,  ,  ,  why say that
coryndestiny4ever ;lol i dunno ,  ,  ,  ,  ,  tats what my dad always said acting stupid meant
come_ride_and_chill_with_me ;oh no it ain't
coryndestiny4ever ;o ic ,  ,  ,  ,  ,  so what you mean ?
come_ride_and_chill_with_me ;just have fun act crazy but it's whatever you wanna do (  SUCH a gentleman .  .  .  )  ,  ,  ,  ,  ,  your da female
coryndestiny4ever ;lol
come_ride_and_chill_with_me ;you said greenville
coryndestiny4ever ;ya
come_ride_and_chill_with_me ;yea about an hour and a half
coryndestiny4ever ;cool
come_ride_and_chill_with_me ;how much can you drink (  Asking a thirteen year old about her limit .  .  .  That's not good .  )
coryndestiny4ever ;|lol like but i get really wilid lol (  I haven't conducted a formal poll ,  but I ,  as an adult ,  cannot consume six drinks in one evening of frivolity ,  and I'm still in shock that he believed this .  )  |
come_ride_and_chill_with_me ;mikes hard lemonade right
coryndestiny4ever ;ya
come_ride_and_chill_with_me ;what if i stayed will that be a problem (  We have a very very comfy jail er .  .  .  guest room for you to stay in .  )
coryndestiny4ever ;what would we do ?  ,  ,  ,  ,  ,  it wouldn't be i don't think
come_ride_and_chill_with_me ;nutting just like i said whatever you wanted do you da female and i don't pressure no1 into nutting ,  ,  ,  ,  ,  y what you wanna do
coryndestiny4ever ;i wanna have fun
come_ride_and_chill_with_me ;ok well we can have fun ,  ,  ,  ,  ,  we gon do whatever you want ,  ,  ,  ,  ,  so you want me come
coryndestiny4ever ;i wanna no what you wanna do !  (  I really really really wanted to know what he really wanted to do .  Drinking excessively and spending the night are generally not stand-alone activities .  )  ,  ,  ,  ,  ,  your not telling me and i wanna know !
come_ride_and_chill_with_me ;we can drink ok ,  ,  ,  ,  ,  and whatever else happens itz fine ,  ,  ,  ,  ,  what you want me say
coryndestiny4ever ;like anything ?
come_ride_and_chill_with_me ;yea
coryndestiny4ever ;what you want me do
come_ride_and_chill_with_me ;lol what you want me do ?  ?  ?
coryndestiny4ever ;anything you want ,  ,  ,  ,  ,  i'll put it like diz if you wanted have sex i would ok i know datz what you wanted me say wasn't it (  OH NOES I WAS ENTRAPPED !  Oh wait .  He said he would have sex if I wanted .  )
come_ride_and_chill_with_me ;you would ?
coryndestiny4ever ;yea
come_ride_and_chill_with_me ;kewl !  i dint wanna say it because i dint no if tats what you meant !  (  I win .  )  ,  ,  ,  ,  ,  then id feel dumb
coryndestiny4ever ;you can never feel dum with me
come_ride_and_chill_with_me ;really ?
coryndestiny4ever ;yea ,  ,  ,  ,  ,  so do you want me come over and bring da drinkz (  But of course !  )
come_ride_and_chill_with_me ;tatto would be kewl ,  ,  ,  ,  ,  can i call you first ?
coryndestiny4ever ;yea or do you want me call you
come_ride_and_chill_with_me ;omg tatto was werd
coryndestiny4ever ;what
come_ride_and_chill_with_me ;i like blipped off ,  ,  ,  ,  ,  i can call you
coryndestiny4ever ;yea or do you want me call you
come_ride_and_chill_with_me ;i can call you ,  ,  ,  ,  ,  ,  ,  ,  ,  ,  grandmother has call id locked in her bedroom so i can't erase stuff ,  ,  ,  ,  ,  lol what's your name btw i'm destiny
coryndestiny4ever ;oh you got long distance
come_ride_and_chill_with_me ;i got callin cards
coryndestiny4ever ;Ronnelle ,  ,  ,  ,  ,  it's my cell
come_ride_and_chill_with_me ;ok
coryndestiny4ever ;|260-715-0968 (  Note ,  this does not lead to the cell he's currently occupying ,  btw )  |
come_ride_and_chill_with_me ;ok i gotta go find the phone and pee then i call ok ?
coryndestiny4ever ;alright
come_ride_and_chill_with_me ;omg i thought i would never find it lol ,  ,  ,  ,  ,  ok i log off and call now
coryndestiny4ever ;alright
come_ride_and_chill_with_me ;omg i'm so my card died ,  ,  ,  ,  ,  you tere ?
coryndestiny4ever ;yea ,  ,  ,  ,  ,  yea it happens
come_ride_and_chill_with_me ;lol ,  ,  ,  ,  ,  you gotta hot voice ,  ,  ,  ,  ,  it like made me all hot lol
coryndestiny4ever ;lol ,  ,  ,  ,  ,  really
come_ride_and_chill_with_me ;ya lol
coryndestiny4ever ;you sounded good
come_ride_and_chill_with_me ;lol tyvm
coryndestiny4ever ;yup
come_ride_and_chill_with_me ;"|so if i like get like all wanting fool around we can ?  (  Remember ,  she still cannot consent ,  so if she wants to fool around it should not matter in the least .  His job is to say \"""" NO !  \""""  )  |"
coryndestiny4ever ;yea if datz what you wanna do
come_ride_and_chill_with_me ;like all the way ?  ?  ?
coryndestiny4ever ;yea ,  ,  ,  ,  ,  why you want
come_ride_and_chill_with_me ;"|cuz i told you i get like really crazy when i drink and i think your hot lol (  Again ,  this statement should not have a bearing on what should be a \"""" no \"""" response .  )  |"
coryndestiny4ever ;oh well den get crazy
come_ride_and_chill_with_me ;tats why i like mikes because i have more fun lol ,  ,  ,  ,  ,  you gonna stay the night ?
coryndestiny4ever ;yea if you want me
come_ride_and_chill_with_me ;kewl !  ,  ,  ,  ,  ,  i'm so exited !  !  !  !  !
coryndestiny4ever ;are you
come_ride_and_chill_with_me ;yayayayaay
coryndestiny4ever ;you should be
come_ride_and_chill_with_me ;you want my email and stuff ?
coryndestiny4ever ;yea
come_ride_and_chill_with_me ;ok * Edited out address * ,  ,  ,  ,  ,  mapquest doesn't get it right directions but my mom used and it worked (  Mapquest really didn't give good directions at all .  It in fact gave horrible directions to the middle of nowhere .  )
coryndestiny4ever ;alright
come_ride_and_chill_with_me ;when you wanna be here ?
coryndestiny4ever ;soon
come_ride_and_chill_with_me ;how soon ?
coryndestiny4ever ;now
come_ride_and_chill_with_me ;how far away are you ?
coryndestiny4ever ;about an hour and a half
come_ride_and_chill_with_me ;ok so i see you at : 30 ?
coryndestiny4ever ;yea ima get da drinkz (  He did .  Mikes .  Anyone doubt what he showed up to do ?  )
come_ride_and_chill_with_me ;ok ,  ,  ,  ,  ,  i can't wait !
coryndestiny4ever ;i'll call you with my number blocked
come_ride_and_chill_with_me ;what you driving so i no what look ?  ,  ,  ,  ,  ,  omg don't !  ,  ,  ,  ,  ,  my grandmother gets all the calls ,  ,  ,  ,  ,  there forwarded her cell
coryndestiny4ever ;oh alright
come_ride_and_chill_with_me ;i get in bigggggggggg trouble ,  ,  ,  ,  ,  lol ,  ,  ,  ,  ,  when you get her * Edited direction * ,  ,  ,  ,  ,  and then * Edited direction * ok ?  ,  ,  ,  ,  ,  we got * Edited explanation of previous directions *
coryndestiny4ever ;okay
come_ride_and_chill_with_me ;ok ,  ,  ,  ,  ,  what you driving ?
coryndestiny4ever ;a white Nissan maxima
come_ride_and_chill_with_me ;ok ,  ,  ,  ,  ,  ,  ,  ,  ,  ,  i see you at : 30 then !  !  !  !  !  !  ,  ,  ,  ,  ,  yayayayayay
coryndestiny4ever ;okay
come_ride_and_chill_with_me ;i'm gonna go clean and get ready ok ?
coryndestiny4ever ;alright
come_ride_and_chill_with_me ;
