ID;msg
construction1302 ;hi
me0livia ;hi
construction1302 ;asl
me0livia ;i'm .  how come i don't see you in the room ?
construction1302 ;where you from
me0livia ;from Wisconsin .  how come your not in the room ?
construction1302 ;i am too ,  is this olivia smith
me0livia ;no ,  ok i finally found you
construction1302 ;lol
me0livia ;hi neil ,  asl ?
construction1302 ;m Appleton
me0livia ;i live near there
construction1302 ;i see ,  where
me0livia ;just near there lol
construction1302 ;what you on here for
me0livia ;to socialize .  what about you ?
construction1302 ;dido
me0livia ;did you ever see the movie ghosts ?  that's what the guy said .  dido
construction1302 ;no
me0livia ;you want me to tell you about it or no
construction1302 ;no it's alright
me0livia ;ok
construction1302 ;want to meet ,  what's you asl
me0livia ;i'm
construction1302 ;oh
me0livia ;what do you want to meet for
construction1302 ;just for fun
me0livia ;i like fun
construction1302 ;oh really
me0livia ;sure why not
construction1302 ;what kind of fun you like
me0livia ;|hanging out ,  watching youtube anything really ,  what about you ?
construction1302 ;whatever ,  don't matter ,  you ever meet anyone off here
me0livia ;no .  have you ?
construction1302 ;no
me0livia ;so why did you pick me to meet
construction1302 ;dunno ,  do you have a picture
me0livia ;I do ,  can you see my profile picture ?  |
construction1302 ;no i can't ,  send some on here
me0livia ;ok i will ,  this is my hair straight ,  i also have a picture with my hair wavy
construction1302 ;let's see more
me0livia ;ok ,  this is my best one ,  do you have a picture ?
construction1302 ;do you have more yet ?
me0livia ;i have one playing tennis ,  oh you look serious
construction1302 ;lol ,  let's see all your pictures
me0livia ;ok heres one me playing tennis .  what is on your sweatshirt ?  ,  it looks like a skull
construction1302 ;no
me0livia ;well it does look like a skull to me
construction1302 ;so where we going to hang out
me0livia ;you really serious we can hang out ?
construction1302 ;sure
me0livia ;ok cool
construction1302 ;where
me0livia ;depends on what we're gonna do when we hang out
construction1302 ;well what you want o do
me0livia ;i don't know lol
construction1302 ;you don't know ?
me0livia ;well what are you thinking ?
construction1302 ;it's up to you
me0livia ;i'm up for anything really .  i'm totally bored
construction1302 ;well call it
me0livia ;we can bake cookies lol
construction1302 ;lol ,  ok
me0livia ;so what kind do you like ?
construction1302 ;chocolate ,  where at your house
me0livia ;what do you mean
construction1302 ;to bake them
me0livia ;ok i get you ,  i have to check for choc chips in the kitchen ,  so after we bake then what do we do ?
construction1302 ;what ever you want ,  who you live with
me0livia ;my mother
construction1302 ;is she there
me0livia ;no .  she's in modesto california
construction1302 ;so your home alone
me0livia ;i am yeah
construction1302 ;till
me0livia ;till tomorrow morning she gets back
construction1302 ;oh
me0livia ;she went to an AA conference ,  who do you live with ?
construction1302 ;myself
me0livia ;do you get lonely ?
construction1302 ;yes
me0livia ;i thought so
construction1302 ;so what do you want to do after we bake them
me0livia ;eat them lol
construction1302 ;lol ,  anything else ?
me0livia ;hmm .  .  what are you thinking about ?
construction1302 ;make out
me0livia ;i think that's ok
construction1302 ;you think
me0livia ;yeah i think that's ok
construction1302 ;would you want to do more
me0livia ;would you ?
construction1302 ;up to you
me0livia ;what more are you thinking then ?
construction1302 ;can you call me
me0livia ;i can if the battery is working ,  let me check it ,  what is your number ?
construction1302 ;hold on ,  don't call right now ,  * edit *
me0livia ;ok i won't
construction1302 ;so what else would you be willing to do
me0livia ;i'm up for anything fun .  i mean that
construction1302 ;are you a virgin
me0livia ;i am .  i have made out but i haven't gone all the way
construction1302 ;do you want to ,  ?
me0livia ;you really want to ?
construction1302 ;if you do
me0livia ;if you do then i do
construction1302 ;ok we will see
me0livia ;ok cool
construction1302 ;ok call in minutes ,  i have to log out quick ,  ok
me0livia ;you here ?
construction1302 ;yea
me0livia ;my phone has to charge for about minute .  ok so will you wait for me ?
construction1302 ;yea
me0livia ;ok cool
construction1302 ;where do you live
me0livia ;fox valley
construction1302 ;by where
me0livia ;near oshkosh
construction1302 ;want me to just go there ,  now ?
me0livia ;do you have a car ?
construction1302 ;yea ,  can you call quick so i can here your voice
me0livia ;yes i will of course because i want to hear your voice too .  my phone is charging right now
construction1302 ;call while it's plugged in
me0livia ;i tried that .  my phone is a cheap one out of a walmart box
construction1302 ;i have to log out
me0livia ;i promise i will call as soon as i can
construction1302 ;ok ,  i have to go
me0livia ;ok bye bye
construction1302 ;hi ,  you there ,  ?  ,  you gunna call ?
me0livia ;hi ,  i called you didn't answer
construction1302 ;hey ,  i tried calling back
me0livia ;hey .  my phone is screwed up
construction1302 ;can you call again
me0livia ;sure i will try again .  how come you didn't answer
construction1302 ;call in one minutes ,  ok
me0livia ;how come you didn't answer ?
construction1302 ;i didn't hear it ,  call in one minutes ok
me0livia ;is aid i would try ok so hold on let me go back down stairs
construction1302 ;sorry got booted ,  so when you want to hang out
me0livia ;tonight may be ,  what do you think ?
construction1302 ;sure in like hours ,  ?  ,  is that good
me0livia ;sure .  can i cook you some dinner ?
construction1302 ;sure ,  like what
me0livia ;like chicken and macaroni and cheese ?
construction1302 ;ok ,  did you try calling yet ?
me0livia ;i did yeah .  ,  i'm going to try again
construction1302 ;ok
me0livia ;i'm calling now ,  hi
construction1302 ;hey
me0livia ;that was fast
construction1302 ;yea
me0livia ;so hi
construction1302 ;you sound hot
me0livia ;thanks lol ,  so you like my dinner idea ?
construction1302 ;yea ,  my computer is being gay so i might get booted
me0livia ;that's ok .  my phone was being gay
construction1302 ;i would love to see more pictures if you have any
me0livia ;i do
construction1302 ;damn computer
me0livia ;at least you can get back on
construction1302 ;lol yea ,  wanna send more picture
me0livia ;ok ,  here's one of me playing tennis s ,  i don't really know much about tennis but i was trying lol
construction1302 ;lol ,  god you are sexy
me0livia ;oh wow .  thanks
construction1302 ;i can't wait to see you
me0livia ;me too ,  so what do you want us to do when you get here ?
construction1302 ;we can cuddle and make out and more if you want
me0livia ;i like that idea
construction1302 ;are you shy
me0livia ;not really but a little ,  are you shy ?
construction1302 ;a little yea ,  what do you want to do to me ?
me0livia ;i'm up for anything really ,  as long as it's fun
construction1302 ;well be specific
me0livia ;well you said makeout so i'm think that too
construction1302 ;what is the furthest you've gone
me0livia ;i've made out but i never went all the way
construction1302 ;did you ever play with a dick
me0livia ;i did with my boyfriend
construction1302 ;you have a boy friend ?
me0livia ;not any more .  it was when i lived in Connecticut
construction1302 ;oh ,  so how far ar you from Appleton
me0livia ;not far ,  why you asking if i played with a dick ?
construction1302 ;just wondering if you would want to
me0livia ;would you let me ?  ?
construction1302 ;yea
me0livia ;oh wow
construction1302 ;what
me0livia ;i think that's cool
construction1302 ;would you let me play with your crotch
me0livia ;if you want to yeah
construction1302 ;ok ,  do you have hair down there
me0livia ;i do but not much
construction1302 ;oh cool ,  do you have naughty pictures
me0livia ;i don't have any naughty ones lol
construction1302 ;can you take some
me0livia ;i don't have a camera and why if your coming here
construction1302 ;i don't know just so i can see
me0livia ;i don't have a camera
construction1302 ;would your mom get mad if she knew you were meeting me
me0livia ;i don't know
construction1302 ;do you know how old i am ?
me0livia ;you said
construction1302 ;are you ok with that
me0livia ;i'm ok with that
construction1302 ;i could get in trouble
me0livia ;i live in Appleton too
construction1302 ;booted again
me0livia ;i saw that .  hi again
construction1302 ;hi
me0livia ;so i can start to cook now ,  the macaroni and cheese is frozen
construction1302 ;well i still can't leave for a while yet
me0livia ;that's ok
construction1302 ;are you able to hang out during the week too
me0livia ;not really because of school
construction1302 ;what school you go to
me0livia ;madison ,  do you know when you can come ?
construction1302 ;around ,  hopefully
me0livia ;"ok .  if you come at ; 30 i will have my shower done too ,  also i don't want to get pregnant if you know what i mean"
construction1302 ;yea ,  condom
me0livia ;ok cool ,  what color is your car ?
construction1302 ;well either blue or silver ,  i'll have either one
me0livia ;ok cool .
construction1302 ;what's your address
me0livia ;it is * edited **
construction1302 ;so you are not going to tell anyone right
me0livia ;i won't tell any one i promise and you either
construction1302 ;i won't
me0livia ;ok cool ,  do you like my hair up or down ?
construction1302 ;up ,  what will you be wearing
me0livia ;i can wear jeans or shorts
construction1302 ;you aren't fake are you ,  this won't be a set up will it
me0livia ;i'm not fake .  i'm real i'm olivia
construction1302 ;ok
me0livia ;how late can you stay ?
construction1302 ;well i can't stay that long ,  i have to work at in the morning
me0livia ;oh wow .  ok so stay for a little while .
construction1302 ;yea like hour or ,  depends on how fun we are having
me0livia ;i think we will have fun because we like each other already
construction1302 ;that we do ,  so your right by the hospital
me0livia ;|yes ,  down the street| ,  and ,  my house has halloween decorations up ,  lol
construction1302 ;will you be waiting out side
me0livia ;i will be on the porch unless i hear the timer on the stove
construction1302 ;no one else is there right
me0livia ;just me
construction1302 ;ok
me0livia ;so do you think i should start cooking ?  i'm getting hungry
construction1302 ;ok ,  do you wear a bra yet
me0livia ;i do but i don't have much on top yet
construction1302 ;ok
me0livia ;i'm not flat or anything but not big yet
construction1302 ;i would love to see them
me0livia ;you don't mind small ?
construction1302 ;no
me0livia ;i'm glad b because i want them to get bigger but i guess some guys don't care
construction1302 ;what's your address again
me0livia ;* edit *
construction1302 ;ok
me0livia ;i have to pee real quick ,  will you wait for me ?
construction1302 ;yea ,  hurry though
me0livia ;ok brb ,  i'm done
construction1302 ;ok
me0livia ;i better get going so i can get ready
construction1302 ;ok are you showering
me0livia ;yes and i want to fix my hair
construction1302 ;well if you shower your just going to get dirty again
me0livia ;so should i wait till you get here ?
construction1302 ;sure ,  then if you want we both can shower
me0livia ;oh ok .  i have shampoo and everything so you won't need any of that stuff ,  did you know i never took a shower with anyone before
construction1302 ;lol ,  well there's a first for everything
me0livia ;i hope it's big enough for both of us
construction1302 ;hopefully ,  what if it hurts when we do it
me0livia ;do you think it will ?  ?
construction1302 ;for you may be
me0livia ;is your thing really big ?
construction1302 ;big enough
me0livia ;i don't know if it will hurt or not .  i hope not
construction1302 ;i can go slow
me0livia ;ok and if it hurts i will say go slower
construction1302 ;ok
me0livia ;are you going to want coffee or anything to drink ?
construction1302 ;no i'm fine ,  are you moving soon ,  or when did i you move there
me0livia ;we moved here in june
construction1302 ;oh ,  what color is your house
me0livia ;it's sort of off white grayish ,  do you think you will get lost ?
construction1302 ;no i won't ,  are there different colors around the windows
me0livia ;it has green around them
construction1302 ;oh ok ,  well i will see you at around i might be late so don't free ack out if i am
me0livia ;ok i won't free ok out
construction1302 ;lol ,  ok ,  see you soon
me0livia ;see you soon
construction1302 ;wait out side at like
