ID;msg
cooperisaaca ;yes
14 year old girl ;lol kk
cooperisaaca ;great asl
14 year old girl ;f MI and you ?
cooperisaaca ;b> m miles
14 year old girl ;cool
cooperisaaca ;you have a cam
14 year old girl ;no sorry only pics]
cooperisaaca ;may i see your pictures
14 year old girl ;you got any ?
cooperisaaca ;no sorry new to this
14 year old girl ;kk
cooperisaaca ;you are cute
14 year old girl ;that's me and ty ,  wish you had a picture
cooperisaaca ;may i ask a question
14 year old girl ;sure
cooperisaaca ;b> any nude pictures lol
14 year old girl ;lol sorry but i a into got any ,  oohhhh i see you just wanted naked pictures now you ain't gonna talk
cooperisaaca ;sorry
14 year old girl ;lol
cooperisaaca ;my name is rusty
14 year old girl ;i'm year old girl
cooperisaaca ;nice to meet you year old girl
14 year old girl ;you too
cooperisaaca ;you have a boyfriend
14 year old girl ;i don't right now ,  you gotta girlfriend ?
cooperisaaca ;no ,  you want to hook up (  that took minutes )
14 year old girl ;for real ?
cooperisaaca ;yes
14 year old girl ;oh wow ,  where you live ?
cooperisaaca ;ypsilanti you
14 year old girl ;i am close to Detroit ,  is that far ?
cooperisaaca ;no
14 year old girl ;oh cool ,  what you wanna do ?  ,  god t house bots are driving me nuts
cooperisaaca ;it up to you
14 year old girl ;well my mom's gambling
cooperisaaca ;you alone
14 year old girl ;yea ,  imi afraid you might be a murderer lol
cooperisaaca ;i am not a murdering
14 year old girl ;lol
cooperisaaca ;b> you had sex
14 year old girl ;yeah like twice ,  it wasn't very fun ,  you think ima slut ?  lol
cooperisaaca ;no
14 year old girl ;cool ,  it pretty much just hurt
cooperisaaca ;b> you want to do phone sex
14 year old girl ;eww no
cooperisaaca ;ok ,  clean or hairy
14 year old girl ;clean
cooperisaaca ;mom (  new )
14 year old girl ;really ?  lol
cooperisaaca ;my cock is getting hard
14 year old girl ;wow really ?
cooperisaaca ;yea
14 year old girl ;cause of me ?
cooperisaaca ;yea
14 year old girl ;that makes me feel good
cooperisaaca ;you wet
14 year old girl ;not yet
cooperisaaca ;b> you want me to licking your clitoris
14 year old girl ;omg yea
cooperisaaca ;mom me me me ,  : - *
14 year old girl ;: - * ,  you really would come over ?
cooperisaaca ;yea
14 year old girl ;can you lemme call my mom and see if she is still at the casino or staying over ?  ,  and swear you ain't no murderer ?
cooperisaaca ;ok ,  i swear
14 year old girl ;kk gimme like minutes ok ?  just wanna make sure she is staying
cooperisaaca ;ok
14 year old girl ;brb
cooperisaaca ;ok
14 year old girl ;i'm coming she won't shut up lol
cooperisaaca ;ok ,  who will been you
14 year old girl ;huh ?
cooperisaaca ;how will you come over
14 year old girl ;you can't come get me ?
cooperisaaca ;what time is she coming home
14 year old girl ;not until tomorrow
cooperisaaca ;what is your address
14 year old girl ;you will come ?
cooperisaaca ;yes
14 year old girl ;you just wanna stay here ?  ,  hang on
cooperisaaca ;ok
14 year old girl ;just making sure she is so drunk she will probably just pass out at the casino and stay in the rooms ,  just wanna make sure
cooperisaaca ;ok
14 year old girl ;b> what all you wanna do ?
cooperisaaca ;sex ,  that sound good
14 year old girl ;ht at school lol
cooperisaaca ;why can't i call
14 year old girl ;huh ?
cooperisaaca ;can i call you
14 year old girl ;can i just call you ?
cooperisaaca ;ok can we talk dirty
14 year old girl ;lol i hate that ,  she's about done ,  i think lol ,  geesh i hate when she drinks ,  you wanna come still ?  she is staying
cooperisaaca ;what is the address
14 year old girl ;***  ,  is it far ?
cooperisaaca ;no
14 year old girl ;cool !  !  ,  so you coming ?
cooperisaaca ;yes
14 year old girl ;b> kk what kinda car ?
cooperisaaca ;on bike
14 year old girl ;motorcycle ?  ,  we can stay here if you wanna
cooperisaaca ;ok ,  |it a ten speed bike (  i know my mouth must of dropped open ,  it was so cold )  |
14 year old girl ;kk so like half and hour ?
cooperisaaca ;yes
14 year old girl ;kk you want me to call you while you are on your way ?
cooperisaaca ;no
14 year old girl ;kk so i will see you in like half and hr ?
cooperisaaca ;yes
14 year old girl ;ok i'm gonna grab a quick shower cya in
cooperisaaca ;ok
14 year old girl ;promise you are coming ?
cooperisaaca ;yes
14 year old girl ;cool
cooperisaaca ;you want me to been condoms
14 year old girl ;please ?
cooperisaaca ;ok
14 year old girl ;you still here ?
cooperisaaca ;yes
14 year old girl ;you can call me when you are almost here ?  ,  ***
cooperisaaca ;yes
14 year old girl ;what is your first name ?
cooperisaaca ;rusty
14 year old girl ;kk i will see you in about rusty : - * ,  i'm excited
cooperisaaca ;yea
14 year old girl ;kk bye
cooperisaaca ;bye
14 year old girl ;you here ?
cooperisaaca ;yea
14 year old girl ;you ain't left ?  ,  igh ,  sigh ,  you ain't coming ?
cooperisaaca ;i am
14 year old girl ;why ain't you left then ?  ,  i have been checking out the windows and stguff
cooperisaaca ;i am right ,  no one home with you
14 year old girl ;no ,  you said you promised too
cooperisaaca ;ok bye
14 year old girl ;i told you my mom ain't coming home
cooperisaaca ;ok
14 year old girl ;so you are coming or not coming ?
cooperisaaca ;coming
14 year old girl ;will you add me ?  ,  ok ,  how come you ain't left yet ?
cooperisaaca ;what color is trailer
14 year old girl ;no it's a house
cooperisaaca ;see you in a minn
14 year old girl ;you swear ?  cause if you ain't coming i'm gonna talk to someone else ,  hello ?
cooperisaaca ;i am coming now
14 year old girl ;kk you swear ?
cooperisaaca ;yes bye
14 year old girl ;it will ruin my whole night ,  ok i will watch for you
cooperisaaca ;ok bye
