ID;msg
davetalbot654 ;m miles
dorkasaurus_rex93 ;f miles
davetalbot654 ;wow that young
dorkasaurus_rex93 ;i'm not ,  lol
davetalbot654 ;yeah but that's still young ,  what you up to today ?
dorkasaurus_rex93 ;nothing really bored
davetalbot654 ;yeah me too ,  it so hard to talk to younger people on here
dorkasaurus_rex93 ;why ?
davetalbot654 ;because most people want to talk about sex
dorkasaurus_rex93 ;so
davetalbot654 ;i can tdo that with you
dorkasaurus_rex93 ;why ?
davetalbot654 ;you
dorkasaurus_rex93 ;so
davetalbot654 ;so ever seen to catch a predator ?
dorkasaurus_rex93 ;no ,  what's that ?
davetalbot654 ;it's a show about catching guys that hit on underage girls on the internet ,  not that i wouldn't like it
dorkasaurus_rex93 ;why do people tell people they're talking to underage girls ?  ,  its no ones business
davetalbot654 ;the cops set them up act like a teenage girl then bust them
dorkasaurus_rex93 ;that's kinda stupid ,  don't you think ?  ,  i mean if a guy and a girl like each other ,  then they should leave them alone
davetalbot654 ;true ,  so what do you look like ?
dorkasaurus_rex93 ;do you have a myspace ?
davetalbot654 ;yep
dorkasaurus_rex93 ;edit
davetalbot654 ;says it was deleted
dorkasaurus_rex93 ;that's because i spelled it wrong ,  lol
davetalbot654 ;lol ,  i can only see it if you add me
dorkasaurus_rex93 ;then add me
davetalbot654 ;last name ?
dorkasaurus_rex93 ;carter
davetalbot654 ;ok tell me when its added
dorkasaurus_rex93 ;added ,  ure cute
davetalbot654 ;ty
dorkasaurus_rex93 ;yw
davetalbot654 ;so are you ,  wow
dorkasaurus_rex93 ;really ?  ,  think so ?
davetalbot654 ;oh yeah ,  so what you wanna talk about ?
dorkasaurus_rex93 ;idc whatever you want ,  what's on your brain
davetalbot654 ;i'm a guy the same thing that's always on my brain ,  lol
dorkasaurus_rex93 ;okay well i'm not a mind reader ,  lol
davetalbot654 ;men only think about sex ,  / 7
dorkasaurus_rex93 ;lol ,  well i guess i don't to hnk of it that often ,  lol
davetalbot654 ;lol ,  especially with young girls ,  lol ,  are you a virgin ?
dorkasaurus_rex93 ;promise not to tell ?
davetalbot654 ;who am i gonna tell /
dorkasaurus_rex93 ;idk lol ,  no ,  i'm not
davetalbot654 ;lol
dorkasaurus_rex93 ;had a boyfriend in california
davetalbot654 ;really
dorkasaurus_rex93 ;yep
davetalbot654 ;do you masturbate ?
dorkasaurus_rex93 ;nope that sf a key f a key
davetalbot654 ;so what ae you looking for on here /
dorkasaurus_rex93 ;idk ,  to not be bored ,  lol
davetalbot654 ;lol ,  is it working ?  ,  * working
dorkasaurus_rex93 ;so far so good
davetalbot654 ;lol ,  cool ,  wow you have a nice little body
dorkasaurus_rex93 ;ty vm
davetalbot654 ;i'm just t lling the tuth ,  telling the truth
dorkasaurus_rex93 ;that's cool though because you're cute so it matters that you think i'm cute
davetalbot654 ;whee you at in this god awful state ?
dorkasaurus_rex93 ;near Detroit
davetalbot654 ;really i'm not far away
dorkasaurus_rex93 ;that's cool
davetalbot654 ;it would be i'm possible for us to get together though
dorkasaurus_rex93 ;why ?
davetalbot654 ;age
dorkasaurus_rex93 ;why
davetalbot654 ;you can't drive
dorkasaurus_rex93 ;yeah ,  that does suck ,  lol
davetalbot654 ;and no parent wi would let you hang out with me
dorkasaurus_rex93 ;why ?  ,  i mean ,  first it's none of her business ,  and two ,  it's none of her business ,  lol
davetalbot654 ;lol ,  you look like you would be awesome in bed and your so pretty
dorkasaurus_rex93 ;i love that you think so ,  whatcha thinking ?  ,  you got quiet on me
davetalbot654 ;fixing something
dorkasaurus_rex93 ;what you break
davetalbot654 ;kids toy
dorkasaurus_rex93 ;glue ,  unless it's a car ,  because then the wheels won't move ,  lol
davetalbot654 ;lol
dorkasaurus_rex93 ;and then it would just go in a circle ,  which wouldn't be much fun
davetalbot654 ;train from er
dorkasaurus_rex93 ;yeah don't glue that either ,  because then it couldn't transform ,  and then it would just be a doll
davetalbot654 ;and i'm thinking we get together and i tell everyone your my babysitter ,  lol
dorkasaurus_rex93 ;you want to ?  i mean like for real ?
davetalbot654 ;i'm still kind of scared ,  but it is a good cover
dorkasaurus_rex93 ;well i mean don't tell anyone anything
davetalbot654 ;oh for sure ,  what would we do though
dorkasaurus_rex93 ;my mom didn't know about my last boyfriend ,  didn't think it was her business ,  lol ,  idk ,  whatever you wanted i guess
davetalbot654 ;LOL
dorkasaurus_rex93 ;"i mean you'd be my boss right ?  ,  since i'm the babysitter ,  ;  ,  ;  ,  stupid thing i couldn't get it to wink ,  lol"
davetalbot654 ;yes ,  yes i would ,  but how would i pay you ?
dorkasaurus_rex93 ;well i mean since you're not really my boss i guess you don't have to right ?
davetalbot654 ;lol
dorkasaurus_rex93 ;i'm all confused now
davetalbot654 ;so tell me a few things ?
dorkasaurus_rex93 ;lol ,  whatcha want to know
davetalbot654 ;how big is yo pur chest ,  your *
dorkasaurus_rex93 ;be
davetalbot654 ;nice ,  how many times have you had sex ?
dorkasaurus_rex93 ;idk didn't count ,  like only one guy ,  but we had fun
davetalbot654 ;are you loud /
dorkasaurus_rex93 ;"idk ,  what do you mean ?  ,  like my mom say si don't shut up ,  ; lol"
davetalbot654 ;did you make a lot of noise ,  lol
dorkasaurus_rex93 ;not if his parents were home ,  lol
davetalbot654 ;can you pass for
dorkasaurus_rex93 ;idk ,  why ?
davetalbot654 ;well how tall are you ?
dorkasaurus_rex93 ;five two
davetalbot654 ;and if i say your or can you play along with it ?
dorkasaurus_rex93 ;who are you gonna tell that to ?  ,  i mean i thought we were not gonna tell anyone anything
davetalbot654 ;just in case ,  we are not telling anyone
dorkasaurus_rex93 ;yeah i mean ,  its one thing to not tell anyone
davetalbot654 ;ok lets meet if you want
dorkasaurus_rex93 ;it's another thing for you to be so ashamed of me that you want me to lie
davetalbot654 ;i'm not ashamed ,  not at all ,  i would be pretty damn proud
dorkasaurus_rex93 ;like do you really want to meet ?
davetalbot654 ;your beautiful
dorkasaurus_rex93 ;because i mean like if you really want to you could come over when my mom goes to vegas
davetalbot654 ;that could be fun
dorkasaurus_rex93 ;yeah it could
davetalbot654 ;you would have to meet me in a public place though
dorkasaurus_rex93 ;um that's cool ,  i mean i don't really care ,  exccept you said you didn't want anyone to know ,  and in public place someone might see us ,  but .  whatever you want
davetalbot654 ;yeah but i have to be careful you understand right ?
dorkasaurus_rex93 ;i know ,  that's why i don't know why you want to go where people will see us ,  but i'll do whatever you want
davetalbot654 ;go to you tube and dye in to catch a predator
dorkasaurus_rex93 ;|kay ,  why ?  | ,  do you ever watch ninja warrior ,  it cracks me up
davetalbot654 ;you'll see why i don't want to go straight to your house ,  i love ninja warrior
dorkasaurus_rex93 ;i totally TV it ,  omg ,  omg ,  nagano went down ,  on the first level
davetalbot654 ;nagano no way !  ,  takada is the man ,  you gonna be on for a while ?  ,  i'm gona go eat
dorkasaurus_rex93 ;yeah ,  if i'm not here it's because i have to eat ,  did you add me yet ?
davetalbot654 ;yes i did sexy ,  ok i'll be back in a few
dorkasaurus_rex93 ;okay
davetalbot654 ;ok i'm back
dorkasaurus_rex93 ;wb ,  what you eat ?
davetalbot654 ;meat loaf ,  yuck
dorkasaurus_rex93 ;ketchup ,  lots and lots of ketchup
davetalbot654 ;yeah ,  miss me ?
dorkasaurus_rex93 ;tons
davetalbot654 ;lol ,  sure
dorkasaurus_rex93 ;i was totally bored without you
davetalbot654 ;lol ,  yeah ?  ,  i wish you had a cam
dorkasaurus_rex93 ;yeah ?  how come ?
davetalbot654 ;so i could see you
dorkasaurus_rex93 ;oh duh ,  that makes sense
davetalbot654 ;lol ,  so talk to me
dorkasaurus_rex93 ;about ?
davetalbot654 ;anything
dorkasaurus_rex93 ;um .  .  .  favorite music ?
davetalbot654 ;rock i'm a singer
dorkasaurus_rex93 ;seriously ?
davetalbot654 ;yeah
dorkasaurus_rex93 ;i only sing in the shower ,  anywhere else would make peoples ears bleed
davetalbot654 ;lol can i watch ?  ,  i can give you lessons in the shower
dorkasaurus_rex93 ;lol ,  that's what you'd want to do in the whoswer ?  ,  um ,  shower ,  evidently id need typing lessons too
davetalbot654 ;lol ,  no that's not what i want to do in the shower
dorkasaurus_rex93 ;what do you want to do then ?
davetalbot654 ;got clean what else is there
dorkasaurus_rex93 ;guess that's true ,  lol
davetalbot654 ;clean you ,  lol ,  what do you want to do when we met ?
dorkasaurus_rex93 ;you totally got quiet on me ,  idc ,  whatever you want
davetalbot654 ;no ,  i asked you
dorkasaurus_rex93 ;can i ask you a question ?
davetalbot654 ;yes
dorkasaurus_rex93 ;what are you looking ofr on here ?  ,  and no stealing my answer about not being bored ,  that's not fair ,  lol
davetalbot654 ;lol ok ,  friends may be more ,  is that good enough
dorkasaurus_rex93 ;yeah ,  um ,  favorite color
davetalbot654 ;red
dorkasaurus_rex93 ;um ,  favorite kind of car
davetalbot654 ;grand am
dorkasaurus_rex93 ;ummmm mm ,  do you work ?
davetalbot654 ;no ,  unemployment
dorkasaurus_rex93 ;so then i guess i can't ask if you like what you do ,  lol ,  ummmm mm ,  favorite sport ?
davetalbot654 ;basketball ,  you ?
dorkasaurus_rex93 ;well a ,  i think football ,  but i can't play sports to save my life ,  i make a amazing bench warmer ,  lol
davetalbot654 ;<ding> ,  brb
dorkasaurus_rex93 ;okay
davetalbot654 ;ok ,  what you doing ?
dorkasaurus_rex93 ;nothing
davetalbot654 ;i'm listening to music
dorkasaurus_rex93 ;what kind
davetalbot654 ;akon ,  what you thinking about ?
dorkasaurus_rex93 ;|nothing ,  i just feel like i'm boring you or something
davetalbot654 ;do you rally want to meet me ,  no i'm not bored at all ,  fave color ?
dorkasaurus_rex93 ;pink ,  lol
davetalbot654 ;i should have guessed ,  fave thing to wear ?
dorkasaurus_rex93 ;yeah i guess it's all over my page ,  lol ,  um sundresses
davetalbot654 ;oh ,  i love girls in dresses and skirts
dorkasaurus_rex93 ;well then yay me
davetalbot654 ;lol ,  i just think that it's sexy ,  do you have nice legs ?
dorkasaurus_rex93 ;i think so
davetalbot654 ;fave type of panties
dorkasaurus_rex93 ;shorts and thongs
davetalbot654 ;cool ,  why do you want to meet me ?
dorkasaurus_rex93 ;honestly ?  ,  because you're cute ,  because you don't treat me like a little girl ,  and ,  i dunno you make me smile|
davetalbot654 ;lol ,  you don't act like a kid
dorkasaurus_rex93 ;my mom says i'm a old soul ,  not sure really what she means ,  but that's what she says
davetalbot654 ;lol ,  it means you act older than you are
dorkasaurus_rex93 ;oh ,  well then i am a old soul ,  lol
davetalbot654 ;lol
dorkasaurus_rex93 ;you are so freaking cute
davetalbot654 ;ty ,  i try ,  so ,  yeah that's me
dorkasaurus_rex93 ;much better with the light on
davetalbot654 ;and this is me with no shirt
dorkasaurus_rex93 ;nice tattoo
davetalbot654 ;which one i have a lot
dorkasaurus_rex93 ;there was one on your chest ,  is that your son ?
davetalbot654 ;yeah
dorkasaurus_rex93 ;how old is he ?  ,  are you married ?
davetalbot654 ;no divorced
dorkasaurus_rex93 ;good because i don't want to get my ass kicked because i'm talking to someones husband ,  lol
davetalbot654 ;lol ,  so you wouldn't want me if i were married ?
dorkasaurus_rex93 ;um ,  let's just say it's a good thing we aren't telling anyone ,  lol
davetalbot654 ;lol ,  so wanna be my babysitter ?
dorkasaurus_rex93 ;um ,  not sure how to answer that ,  because i don't want to watch your kids
davetalbot654 ;"ok \"""" babysitter \"
dorkasaurus_rex93 ;lol ,  i'm all about you
davetalbot654 ;yeah you can babysit me ,  how does that sound ?
dorkasaurus_rex93 ;how do i babysit a adult
davetalbot654 ;lol ,  i'm flirting with you
dorkasaurus_rex93 ;i know ,  lol ,  was just wondering what you would want
davetalbot654 ;you
dorkasaurus_rex93 ;that's it ?
davetalbot654 ;dress d sexy on my lap
dorkasaurus_rex93 ;so that's where the sitting comes from huh ?  ,  lololol o lolol
davetalbot654 ;lol
dorkasaurus_rex93 ;i totally made a funny ,  lol
davetalbot654 ;yeah you did ,  would that work for you ?
dorkasaurus_rex93 ;yeah sure ,  what if you get tired of me being on your lap
davetalbot654 ;hmmm ,  i don't know ,  any ideas ?
dorkasaurus_rex93 ;not really
davetalbot654 ;what if you get tied of being dressed is a better question ,  lol
dorkasaurus_rex93 ;if i got tied ?  ,  how am i getting tied
davetalbot654 ;tired sorry
dorkasaurus_rex93 ;oh .  .  .  i thought you were being flirty
davetalbot654 ;i was just in another way ,  so how would you get me turned on ?
dorkasaurus_rex93 ;i don't know what turns you on ?
davetalbot654 ;i don't j know give me some ideas
dorkasaurus_rex93 ;|um ,  you know i've only been with one guy right ?  |
davetalbot654 ;yeah ,  was it just sex o other stuff too ?
dorkasaurus_rex93 ;some other stuff
davetalbot654 ;like ?
dorkasaurus_rex93 ;idk .  .  .  never did anything with my butt ,  lol ,  so like not everything
davetalbot654 ;i don't do that ,  ok ,  you've never gone past making out with any other guy ?
dorkasaurus_rex93 ;|well i mean ,  isn't past making out sex ?  |
davetalbot654 ;no ,  there's lots of stuff that isn't sex
dorkasaurus_rex93 ;like ?
davetalbot654 ;fingering
dorkasaurus_rex93 ;well yeah i did that ,  but never to a guy
davetalbot654 ;umm giving head
dorkasaurus_rex93 ;i've done that
davetalbot654 ;getting eaten out
dorkasaurus_rex93 ;nope
davetalbot654 ;all that kind of stuff
dorkasaurus_rex93 ;yeah i haven't done that last one
davetalbot654 ;well what haven't you done that you want to do ?  ,  and don't be shy
dorkasaurus_rex93 ;probably that last one ,  like ,  yeah
davetalbot654 ;ok ,  ever wear a des or skirt with no panties ?  ,  lol ,  * dress ,  SORRY RANDOM QUESTIONS
dorkasaurus_rex93 ;i did once when i went to the beach and only took my bathing suit .  .  but not usually ,  idc
davetalbot654 ;ok ,  you want to ask me anything sexual or anything in general ?
dorkasaurus_rex93 ;um .  .  .  ,  ummmm mm ,  is there anything you haven't done that you want to do ?
davetalbot654 ;yeah
dorkasaurus_rex93 ;like ?
davetalbot654 ;sex with a teenager
dorkasaurus_rex93 ;just any teenager
davetalbot654 ;you ,  lol
dorkasaurus_rex93 ;oh ,  i was gonna say ,  lol
davetalbot654 ;so do you great horny alot ?
dorkasaurus_rex93 ;i mean .  .  .  like i guess
davetalbot654 ;well what makes you horny ?
dorkasaurus_rex93 ;the making out i guess
davetalbot654 ;but you don't go all the way ?
dorkasaurus_rex93 ;yeah i have
davetalbot654 ;but just with that one guy
dorkasaurus_rex93 ;right
davetalbot654 ;never wanted to but just didn't with anyone else
dorkasaurus_rex93 ;just didn't like i mean one guy i sorta dated sucked at kissing .  .  .  don't even want to think about how bad it could have been ,  lolol lololol
davetalbot654 ;lol ,  and what if i try ?
dorkasaurus_rex93 ;if you try what ?
davetalbot654 ;to get you into bed
dorkasaurus_rex93 ;then i guess you need to kiss good ?
davetalbot654 ;lol ,  i've been told i'm a very good kisser
dorkasaurus_rex93 ;well then yay us
davetalbot654 ;anything else you want to know ?  ,  anything at all i'm not shy
dorkasaurus_rex93 ;um do you really want to meet me ?
davetalbot654 ;yes
dorkasaurus_rex93 ;why ?
davetalbot654 ;you seem cool and you ae cute
dorkasaurus_rex93 ;think you might want to try and get me in bed ?
davetalbot654 ;i don't know ,  to be honest ,  why is that what you want /
dorkasaurus_rex93 ;that's cool ,  i mean ,  whatever ,  like .  .  .  i mean it could be cool ,  since you're a good kisser and all --- says someone ,  lol
davetalbot654 ;lol
dorkasaurus_rex93 ;but i mean it's not like id die if we didn't
davetalbot654 ;but you want to
dorkasaurus_rex93 ;well only if you want to
davetalbot654 ;well would you be willing to make the first move ?
dorkasaurus_rex93 ;what do you mean ?
davetalbot654 ;would you wait to be kissed or kiss me first
dorkasaurus_rex93 ;idk ,  like i might probably be a little shy ,  so .  .  .  .  .  .  ,  i mean i guess it depends on how things go
davetalbot654 ;will do you drink o smoke or do drugs ?
dorkasaurus_rex93 ;i drink sometimes ,  i tried to smoke a joint once .  .  .  .  ,  but i couldn't figure out how to inhale ,  lol
davetalbot654 ;lol ,  ciggerttes ?
dorkasaurus_rex93 ;yeah no ,  but that probably would have helped with the joint ,  lololol
davetalbot654 ;lol ,  just asking ,  ev kissed a girl ?
dorkasaurus_rex93 ;once on a dare
davetalbot654 ;like it ?
dorkasaurus_rex93 ;eh .  .  .  idk really
davetalbot654 ;how can you not know
dorkasaurus_rex93 ;like i mean it didn't make me puke or anything ,  but ,  it didn't make me feel like when i kissed my boyfriend ,  well ex boyfriend ,  where'd you go ?  ,  sorry totally got kicked
davetalbot654 ;i'm here soy ned education a drink ,  just asking ,  so tell me something about you
dorkasaurus_rex93 ;what do you want to know ?
davetalbot654 ;something no one knows ,  yeah ,  that's what i want
dorkasaurus_rex93 ;um .  .  .  .  ,  what's what you want ?
davetalbot654 ;to know something about you that no one else knows
dorkasaurus_rex93 ;ummmm mm ,  one time is to le something
davetalbot654 ;what did you steal
dorkasaurus_rex93 ;condoms ,  lol
davetalbot654 ;lol ,  nice
dorkasaurus_rex93 ;didn't want to get pregnant ,  lol
davetalbot654 ;good plan ,  so then we need condoms
dorkasaurus_rex93 ;well i still don't want to ge tpregnant ,  lol
davetalbot654 ;lol ,  i suppose not
dorkasaurus_rex93 ;whatcha thinking ?
davetalbot654 ;so was he big ?  ,  random stuff
dorkasaurus_rex93 ;i mean i guess
davetalbot654 ;what are you thinking /
dorkasaurus_rex93 ;that i really want ice cream
davetalbot654 ;lol
dorkasaurus_rex93 ;you keep getting quiet
davetalbot654 ;sorry i'm thinking
dorkasaurus_rex93 ;about what ?
davetalbot654 ;you
dorkasaurus_rex93 ;what about me ?
davetalbot654 ;that you beautiful
dorkasaurus_rex93 ;you should totally put your real picture in there instead of a avatar ,  you're much cuter than the avatar
davetalbot654 ;there you go
dorkasaurus_rex93 ;you're so good to me ,  lol
davetalbot654 ;lol ,  how can i not be
dorkasaurus_rex93 ;lol
davetalbot654 ;so when with gonna meet /
dorkasaurus_rex93 ;i guess when my mom goes to vegas
davetalbot654 ;when is that ?
dorkasaurus_rex93 ;um i don't know if its next week or the week after
davetalbot654 ;that's a long wait
dorkasaurus_rex93 ;you want me to go ask ?
davetalbot654 ;sure
dorkasaurus_rex93 ;okay brb ,  okay ,  so she leaves next week ,  she says she isn't sure if she s gonna leave wends day or thursday
davetalbot654 ;ok
dorkasaurus_rex93 ;is that still too long ?
davetalbot654 ;no ,  looking forward to it
dorkasaurus_rex93 ;cool .
davetalbot654 ;so wanna se a movie or something ?
dorkasaurus_rex93 ;if you want
davetalbot654 ;you haven't given me a straight ans we this whole time
dorkasaurus_rex93 ;that's not true ,  i totally did
davetalbot654 ;lol
dorkasaurus_rex93 ;when you asked what is my favorite color ,  and ,  if there was something that i wanted to try
davetalbot654 ;lol ,  i know i'm picking on you ,  is that ok ?
dorkasaurus_rex93 ;totally ,  |just ,  on here i don't always get it ,  can't read sarcasm online ,  lol
davetalbot654 ;- } ,  you so cute ,  so cutie
dorkasaurus_rex93 ;you think ?
davetalbot654 ;tell me what you want to do when we meet ,  want a date or we met then hang at your place ?
dorkasaurus_rex93 ;well we can totally hang here so my mom will be gone
davetalbot654 ;so meet somewhere then go to your place ?  ,  * somewhere ,  its up to you
dorkasaurus_rex93 ;that's cool
davetalbot654 ;ok ,  ok talk
dorkasaurus_rex93 ;i mean i guess it depends too if it's snowing ,  because sometimes i think i can get frost bite just from going to the mail box ,  lololol ,  so i'm not walking anywhere if it's gonna be really really cold
davetalbot654 ;will i guess that i'm gonna have to have you call me be foe we met then
dorkasaurus_rex93 ;that's cool
davetalbot654 ;ok ,  did you look that up on you tube ?
dorkasaurus_rex93 ;no
davetalbot654 ;you should e ally
dorkasaurus_rex93 ;what did you want me to look at again ?
davetalbot654 ;to catch a ped at or
dorkasaurus_rex93 ;i'll go look
davetalbot654 ;ok ,  did you look ?
dorkasaurus_rex93 ;there's a bunch
davetalbot654 ;look for the real ones ,  do you see why i'm scared ?
dorkasaurus_rex93 ;well yeah ,  but ,  i mean
davetalbot654 ;i trust you
dorkasaurus_rex93 ;well i mean .  .  i don't think they should be getting in peoples business
davetalbot654 ;true ,  so
dorkasaurus_rex93 ;so
davetalbot654 ;you really like me ?
dorkasaurus_rex93 ;yep ,  do you really like me ?
davetalbot654 ;ys i do
dorkasaurus_rex93 ;well then it's all good
davetalbot654 ;do you want to see me naked lol
dorkasaurus_rex93 ;totally
davetalbot654 ;now ?
dorkasaurus_rex93 ;well my mom's home
davetalbot654 ;o ok
dorkasaurus_rex93 ;wait ,  did you mean in person ?
davetalbot654 ;umm no i have a cam
dorkasaurus_rex93 ;lol ,  well then totally to both ,  now i see the superman one too
davetalbot654 ;ok you wanna see /
dorkasaurus_rex93 ;totally ,  that's hot
davetalbot654 ;you like ?
dorkasaurus_rex93 ;totally
davetalbot654 ;think it could make you happy
dorkasaurus_rex93 ;yeah ,  you think you could ?
davetalbot654 ;yeah
dorkasaurus_rex93 ;because you're a great kisser
davetalbot654 ;yep
dorkasaurus_rex93 ;so what got you um .  .  .  .  excited
davetalbot654 ;it don't take much
dorkasaurus_rex93 ;lol ,  |so could have e been anything ,  huh ?  |
davetalbot654 ;thinking of you
dorkasaurus_rex93 ;yeah ?
davetalbot654 ;that sounded creepy
dorkasaurus_rex93 ;not really
davetalbot654 ;close ,  not like your wet form thinking of me
dorkasaurus_rex93 ;only because i don't check
davetalbot654 ;are you / ,  ?  ?  ?  ?  ?  ?
dorkasaurus_rex93 ;well i'm not gonna check but probably
davetalbot654 ;lol
dorkasaurus_rex93 ;because that was hot
davetalbot654 ;ok ,  you want it ?
dorkasaurus_rex93 ;yeah
davetalbot654 ;what do you want to do with it
dorkasaurus_rex93 ;i don't think i want to do that butt thing .  .  that kind of scares me
davetalbot654 ;ok well what else ?
dorkasaurus_rex93 ;well what do you like ?
davetalbot654 ;sex
dorkasaurus_rex93 ;well that would work ,  lol ,  uve totally gone quiet on me again
davetalbot654 ;sorry ,  think in
dorkasaurus_rex93 ;whatcha thinking
davetalbot654 ;i want you
dorkasaurus_rex93 ;gonna be able to wait until my mom leaves ?
davetalbot654 ;if i have to
dorkasaurus_rex93 ;holy crap my mom's bitch ign about dishes ,  because i haven't done them yet ,  i'll bb iab
davetalbot654 ;hey
dorkasaurus_rex93 ;hey sorry .  my computer totally locked up last night
davetalbot654 ;it's ok ,  what's up ?
dorkasaurus_rex93 ;did miss me ?
davetalbot654 ;sure did
dorkasaurus_rex93 ;long but freaking awesome ,  like ,  i've never seen anything like it ,  and not awesome like yay great ,  but awesome like omfg
davetalbot654 ;ok i will look ,  i used to be a fireman
dorkasaurus_rex93 ;omg really ?  ,  bet that was so fucking scary ,  how come not any more ?  ,  too sexy for the calendar ?  ,  lololol olo lolo lololol lo lololol
davetalbot654 ;umm i did what i wanted to do ,  and that was run into a burning building
dorkasaurus_rex93 ;um .  why ?
davetalbot654 ;just to say the i did it ,  how many people do you know that can say they ran into a burning building
dorkasaurus_rex93 ;yeah but ,  i mean
davetalbot654 ;brb chae fucking on dinner
dorkasaurus_rex93 ;like was there someone in there ?
davetalbot654 ;no ,  just went in to put the fire out
dorkasaurus_rex93 ;and your boss got mad ?
davetalbot654 ;no i quit after that
dorkasaurus_rex93 ;how come ?
davetalbot654 ;because i just wanted to run into the fire after that i really didn't want to be a fireman again
dorkasaurus_rex93 ;that's cool ,  so what do you want to do now
davetalbot654 ;sound engene er ,  its the class you need to take to a radio dj
dorkasaurus_rex93 ;oh that's cool
davetalbot654 ;and what is it that you want to do
dorkasaurus_rex93 ;idk really ,  i thought maybe a vet ,  but it would make me sad if the animal died ,  and dogs kind of scare me
davetalbot654 ;lol ,  how about my live in nanny ?  ,  lol
dorkasaurus_rex93 ;idk .  .  .
davetalbot654 ;my future ex-wife ?  ,  * future ,  lol
dorkasaurus_rex93 ;lol ,  don't think you'd want to stay married to me huh ?
davetalbot654 ;don't know you might want a younger man
dorkasaurus_rex93 ;eh .  .  .  i think i'm not worried about getting married for a while ,  i'm sorta all about fun right now ,  lol
davetalbot654 ;lol ,  right on ,  so what do you do for fun ?  ,  brb ,  back so sorry it took so long
dorkasaurus_rex93 ;it's okay
davetalbot654 ;had to eat
dorkasaurus_rex93 ;meatloaf again ?
davetalbot654 ;chicken
dorkasaurus_rex93 ;wow you cook everything huh ?
davetalbot654 ;yeah i'm a cook
dorkasaurus_rex93 ;really ?  ,  you're kinda cool ,  i make a mean bowl of cereal
davetalbot654 ;yum ,  kinda cool ?
dorkasaurus_rex93 ;like you are but i don't want you to get a big ego
davetalbot654 ;lol ,  ok ,  tak ,  talk
dorkasaurus_rex93 ;about ?
davetalbot654 ;anything i don't care
dorkasaurus_rex93 ;well what's on your brain ?
davetalbot654 ;nothing really you ?
dorkasaurus_rex93 ;pretty much the same
davetalbot654 ;wow miss m we
dorkasaurus_rex93 ;tons
davetalbot654 ;miss me i mean
dorkasaurus_rex93 ;i knew what you meant
davetalbot654 ;sure ,  talk to me
dorkasaurus_rex93 ;um ,  are we still hanging out next week /
davetalbot654 ;i planned on it
dorkasaurus_rex93 ;cool ,  i have to go eat dinner really quick ,  i'll bb iaf
davetalbot654 ;ok ,  hey
dorkasaurus_rex93 ;hey ,  did miss me
davetalbot654 ;yeah you ?
dorkasaurus_rex93 ;where'd you go
davetalbot654 ;i'm back
dorkasaurus_rex93 ;thank god
davetalbot654 ;lol
dorkasaurus_rex93 ;no seriously ,  some weirdo was talking to me and wouldn't leave me the fuck alone ,  but now i can just talk to you and his messages owont come up
davetalbot654 ;lol ok ,  so what's up
dorkasaurus_rex93 ;where'd you go
davetalbot654 ;crashed
dorkasaurus_rex93 ;as in slept ,  or your computer died
davetalbot654 ;competition died
dorkasaurus_rex93 ;that sucks
davetalbot654 ;yeah it happens ,  how's my little sweetie today ?  ?
dorkasaurus_rex93 ;okay ,  how are you
davetalbot654 ;tired ,  babysat today
dorkasaurus_rex93 ;your kids ?  ,  or other kids
davetalbot654 ;my site rs ,  Sisters *
dorkasaurus_rex93 ;that's cool ,  how many ?
davetalbot654 ;plus my
dorkasaurus_rex93 ;holy crud
davetalbot654 ;yeah
dorkasaurus_rex93 ;how old is your other kid ?
davetalbot654 ;miss me today
dorkasaurus_rex93 ;tons
davetalbot654 ;yeally ?
dorkasaurus_rex93 ;your are doesn't work really well does it ,  lol ,  my last computer was missing a key ,  lol
davetalbot654 ;no no it doesn't
dorkasaurus_rex93 ;like it wasn't missing really ,  just ,  the top part
davetalbot654 ;lol
dorkasaurus_rex93 ;so it was not fun
davetalbot654 ;lol ,  you are too cool
dorkasaurus_rex93 ;why ?
davetalbot654 ;your funny
dorkasaurus_rex93 ;well yay me
davetalbot654 ;lol
dorkasaurus_rex93 ;how many people you talking to
davetalbot654 ;like
dorkasaurus_rex93 ;oh
davetalbot654 ;a couple friends and you
dorkasaurus_rex93 ;well i ll let you go
davetalbot654 ;no
dorkasaurus_rex93 ;are you sure
davetalbot654 ;you don't need to ,  i like talking to you
dorkasaurus_rex93 ;god because i like talking to you ,  good *
davetalbot654 ;i also use this chat thing called I'm
dorkasaurus_rex93 ;what's that ?
davetalbot654 ;it's all d and stuff ,  did you think of me last night ?
dorkasaurus_rex93 ;totally
davetalbot654 ;lol took you long enough
dorkasaurus_rex93 ;i know i went pee ,  lol
davetalbot654 ;lol ,  ok i will forgive you this time
dorkasaurus_rex93 ;good because otherwise i would have peed my pants and i haven't done that in like years ,  lol
davetalbot654 ;lol ,  good that wouldn't be too attractive
dorkasaurus_rex93 ;lol
davetalbot654 ;so you really want to met me ?
dorkasaurus_rex93 ;totally
davetalbot654 ;ok ,  gonna dress sexy for me ?
dorkasaurus_rex93 ;whatcha want me to wear ?
davetalbot654 ;the sexiest thing you have ,  umm how about something red ?
dorkasaurus_rex93 ;okay ,  because that's your favorite color
davetalbot654 ;lol yep ,  dress ?
dorkasaurus_rex93 ;i don't know if i have a red dress ,  but i'll wear a dress if you want
davetalbot654 ;ok ,  red thong ?  ,  lol
dorkasaurus_rex93 ;sure ,  lolol o ,  that i can do
davetalbot654 ;well ell me what you think the sexes t thin you have is
dorkasaurus_rex93 ;hold on ,  miss me ?
davetalbot654 ;of course
dorkasaurus_rex93 ;uh huh ,  sure sure ,  whatcha been doing ?
davetalbot654 ;nothing reading
dorkasaurus_rex93 ;fuck .  my mom's already bitching about dishes .  ,  i'll bbi afm ,  boo ,  did go have icecream ?
davetalbot654 ;i'm going to a club sorry
dorkasaurus_rex93 ;hmph ,  okay ,  whatcha gonna do next weekend ?  ,  hint hint ,  nudge ,  nudge
davetalbot654 ;you
dorkasaurus_rex93 ;lol ,  lol ,  when you gonna come over ?
davetalbot654 ;we will figure that out
dorkasaurus_rex93 ;okay that's cool ,  was just trying to figure out if i was going to start pretending to be sick so i don't have to go to school on friday ,  lo lololol
davetalbot654 ;ll ,  lol ,  yes do that but i gotta go
dorkasaurus_rex93 ;okay ,  have fun
davetalbot654 ;later ,  hello
dorkasaurus_rex93 ;hey ,  did have fun last night
davetalbot654 ;yeah ,  went and watched the ufc fights
dorkasaurus_rex93 ;that's cool ,  those kinda freak me out ,  cost heyre so man to each other
davetalbot654 ;it was awesome
dorkasaurus_rex93 ;i'm totally watching the ninja warriors i TV d ,  lol ,  they crack me up
davetalbot654 ;it is an awesome show ,  what you doing this weekend ?
dorkasaurus_rex93 ;you
davetalbot654 ;oh yeah !  ?
dorkasaurus_rex93 ;just stealing your answer from yesterday ,  lol
davetalbot654 ;lol ,  well fine if you don't want to
dorkasaurus_rex93 ;ouch ,  harsh ,  i didn't say that ,  lol
davetalbot654 ;lol
dorkasaurus_rex93 ;whatcha thinking ?
davetalbot654 ;nothing much ,  you ?
dorkasaurus_rex93 ;watching ninja warriors and play ring rocket mania ,  lol ,  and being totally annoyed by this total gym commercial
davetalbot654 ;lol ,  fun
dorkasaurus_rex93 ;that water is so o gross
davetalbot654 ;yeah but i still want to br on the show
dorkasaurus_rex93 ;did you put in a video for the american warrior thing ?
davetalbot654 ;no ,  i wanted too
dorkasaurus_rex93 ;may be they'll do it again
davetalbot654 ;they will ,  hmmmm
dorkasaurus_rex93 ;hmmm what ?  ,  you know what i totally miss ,  jack in the box ,  i totally want a chicken fajita pita ,  oh or or or or or ,  egg rolls ,  number my
davetalbot654 ;never had it
dorkasaurus_rex93 ;omg it's so to so good ,  you ve been deprived ,  lololol ,  like your life won't be complete until you've done ninja warrior or had a chicken fajita pita from jack in the box
davetalbot654 ;lol
dorkasaurus_rex93 ;it's the octopus guy ,  and he actually makes it past the first obstacle ,  omg and the second
davetalbot654 ;no way
dorkasaurus_rex93 ;totally ,  and almost died on the third but .  .  .  but is sorta stuck ,  they're all clapping for him
davetalbot654 ;lol
dorkasaurus_rex93 ;i've never seen him pass before ,  and then that stupid hang glider guy ,  he got stuck on the first one and face planted ,  lol
davetalbot654 ;yay
dorkasaurus_rex93 ;a year old made it farther than almost every one
davetalbot654 ;wow ,  what are you doing this weekend though ?
dorkasaurus_rex93 ;you're coming over right ?
davetalbot654 ;if you want
dorkasaurus_rex93 ;well totally
davetalbot654 ;ok so what are we dion g
dorkasaurus_rex93 ;whatever you want
davetalbot654 ;well give me some ideas
dorkasaurus_rex93 ;well we could watch movies .  .  .  or idk .  .  .  play
davetalbot654 ;play ?
dorkasaurus_rex93 ;yeah ,  you know ,  with each other
davetalbot654 ;how so ?
dorkasaurus_rex93 ;idk .  .  .  .  what do you like ?
davetalbot654 ;you tell me what you like
dorkasaurus_rex93 ;i like you ,  |i mean what do you want me to say ?  i've only been with one guy .  .  so like ,  i haven't done enough to say what i like you know ?  |
davetalbot654 ;then tell me what you want to try
dorkasaurus_rex93 ;pretty much anything ,  except stuff with my butt ,  lolol
davetalbot654 ;lol
dorkasaurus_rex93 ;that's just blech to me
davetalbot654 ;lol ,  ok
dorkasaurus_rex93 ;what do you want to try ?
davetalbot654 ;there is not much i haven't done
dorkasaurus_rex93 ;lol well then
davetalbot654 ;i haven't had a threesome
dorkasaurus_rex93 ;that might be hard with only the two of us
davetalbot654 ;ah i know ,  i haven't done anal
dorkasaurus_rex93 ;and probably won't this weekend too ,  lol
davetalbot654 ;i haven't taped it
dorkasaurus_rex93 ;me either
davetalbot654 ;i haven't taken pictures
dorkasaurus_rex93 ;are those all things you want to do / ,  like you haven't done them ,  but you want to ?
davetalbot654 ;no anal
dorkasaurus_rex93 ;so threesome and the pictures or filming ?
davetalbot654 ;the rest i think could be fun
dorkasaurus_rex93 ;so then .  .  .  i mean .  .  ,  what do you want to do ?
davetalbot654 ;it doesn't matter ,  we can't do a some ,  we can't film
dorkasaurus_rex93 ;yeah because i don't have any friends that would ,  do you ?  ,  and i don't have a camera ,  do you ?
davetalbot654 ;yes to the friends no to the camera ,  and pictures may not be a good idea
dorkasaurus_rex93 ;oh how come ?  ,  what kind of friends ?
davetalbot654 ;what if we get caught ?  ,  i have guy friends and girl friends that would
dorkasaurus_rex93 ;um ,  why would we get caught ?
davetalbot654 ;i'm not saying we would
dorkasaurus_rex93 ;so whatever ,  i mean ,  if you want to try something great ,  and if not that's cool too
davetalbot654 ;do you want me to take pictures of you ?
dorkasaurus_rex93 ;i mean it could be cool but not if you don't want
davetalbot654 ;i mean what would you do for me to take pictures of ?  ,  and would you want to do a some ?
dorkasaurus_rex93 ;um .  .  idk to both ,  lol ,  i mean like what do you want to take pictures of ?  ,  and ,  like ,  what friends ?  i mean i haven't even seen them ,  lol
davetalbot654 ;lol ,  idk would you rather it be a guy or a girl ?
dorkasaurus_rex93 ;idk .  .  .  girls kinda freak me out like that ,  like .  i mean ,  idk ,  where'd you go ?  ,  lol
davetalbot654 ;sorry got booted
dorkasaurus_rex93 ;it's cool ,  whatcha thinking ?
davetalbot654 ;nothing ,  umm do you shave done there ?
dorkasaurus_rex93 ;i trim
davetalbot654 ;cool ,  i shave
dorkasaurus_rex93 ;i know ,  i saw
davetalbot654 ;lol ,  so
dorkasaurus_rex93 ;so what ?
davetalbot654 ;you stopped talking
dorkasaurus_rex93 ;you stopped ,  so i just waited
davetalbot654 ;you have to talk too
dorkasaurus_rex93 ;well duh
davetalbot654 ;i'm bored and horny
dorkasaurus_rex93 ;won't be next weekend ,  lol ,  how long you gonna stay ?
davetalbot654 ;idk
dorkasaurus_rex93 ;like i mean are you gonna stay the weekend ,  the night ,  or just a little while
davetalbot654 ;what do you want ?
dorkasaurus_rex93 ;I mean you could stay the whole time if you want ,  but i mean it's up to u|
davetalbot654 ;no i asked you
dorkasaurus_rex93 ;duh i said you could stay the whole weekend ,  i mean i think that would be cool ,  my mom's leaving money for pizza and stuff ,  but .  .  .  .  its up to you
davetalbot654 ;well how about we see how things go ?
dorkasaurus_rex93 ;that's cool too
davetalbot654 ;ok
dorkasaurus_rex93 ;i have to go for a little bit .  .  .  .  .  bbiaf okay ?
davetalbot654 ;hey ,  hey
dorkasaurus_rex93 ;hey
davetalbot654 ;what's up ,  doing anything this weekend ?
dorkasaurus_rex93 ;you tell me
davetalbot654 ;yeah
dorkasaurus_rex93 ;what am i doing ?
davetalbot654 ;a tall bald guy who is well hung ?  ,  lol
dorkasaurus_rex93 ;well yay me ,  lol
davetalbot654 ;don't you want to ?
dorkasaurus_rex93 ;totally do ,  that's why i said yay me ,  duh
davetalbot654 ;lol ,  well ok tell me where you live ,  hello ?
dorkasaurus_rex93 ;oh sorry my mom was talking to me ,  lol ,  i have to go help with dinner really quick ,  bb iaf
davetalbot654 ;hello ?
dorkasaurus_rex93 ;how are you ?  ,  missed me ?
davetalbot654 ;yep yep yep
dorkasaurus_rex93 ;how come you're not talk in got me
davetalbot654 ;i can ask you the same ?
dorkasaurus_rex93 ;because i was waiting for you ,  did miss me ?
davetalbot654 ;yes i did
dorkasaurus_rex93 ;well yay me ,  i missed you too ,  when you gonna come and see me ?
davetalbot654 ;when i get my check
dorkasaurus_rex93 ;when do you get your check
davetalbot654 ;friday
dorkasaurus_rex93 ;cool ,  so do you want to wait until saturday or are you coming friday
davetalbot654 ;friday
dorkasaurus_rex93 ;well they said they might cancel our half day because we had a snow day today ,  so i won't be home until like is that okay
davetalbot654 ;yeah ,  want me to pick you up from school ?
dorkasaurus_rex93 ;well idk because i won't know if we are doing a half day or not until like tomorrow
davetalbot654 ;so let me know to mar rw
dorkasaurus_rex93 ;okay
davetalbot654 ;because i think that would be best
dorkasaurus_rex93 ;you think ,  with everyone around ?
davetalbot654 ;i'm just picking you up ,  not like we're doing anything wrong
dorkasaurus_rex93 ;yeah but at least if you picked me up from my house no one would see
davetalbot654 ;are you afraid of someone seeing
dorkasaurus_rex93 ;idk .  .  .  not really ,  i just don't like everyone in my business
davetalbot654 ;so just don't tell anyone anything
dorkasaurus_rex93 ;well duh ,  just figured if no one saw no one could ask questions ,  but whatever ,  whatcha think i ing
davetalbot654 ;you know i'm scared
dorkasaurus_rex93 ;why ?
davetalbot654 ;because your young i just think that i would be more com for table eating you in public ,  i'm not saying that i'm going to get in trouble it's just
dorkasaurus_rex93 ;it's just ?
davetalbot654 ;i'm more com for table with that
dorkasaurus_rex93 ;okay ,  i have to go help my mom with dinner ,  i'll bbiab is that okay ?  ,  are you here ?  ,  well i'm not sure if i'm gonna be able to talk to you before tomorrow since you're not on but .  .  .  .  .  ,  edit ,  edit ,  edit
davetalbot654 ;highway ,  hey
dorkasaurus_rex93 ;hey
davetalbot654 ;what was this you wot e
dorkasaurus_rex93 ;i gave you my address
davetalbot654 ;well give it to me again
dorkasaurus_rex93 ;lol okay ,  edit ,  edit
davetalbot654 ;ok ,  so what time ?
dorkasaurus_rex93 ;i ll be home by ,  brb have to pee ,  lol ,  sorry stopped for ice cream too
davetalbot654 ;when am i cumin ?  ,  i need the zup code
dorkasaurus_rex93 ;sorry my computer totally died
davetalbot654 ;zip code
dorkasaurus_rex93 ;like yahoo wouldn't load
davetalbot654 ;kylie give me the zip code ,  please
dorkasaurus_rex93 ;edit ,  sorry ,  my yahoo isn't working right
davetalbot654 ;well i tried to mapquest it ,  sw wms fine to me ,  * seems
dorkasaurus_rex93 ;i totally got booted ,  and then couldn't sign back on
davetalbot654 ;it's cool ,  ok whole address
dorkasaurus_rex93 ;removed ,  edit
davetalbot654 ;ok one second ,  you told me belle view before ,  ok when ?
dorkasaurus_rex93 ;when do you want to ?
davetalbot654 ;your mom gone / ,  ?  ?  ?  ?  ?  ?  ?  ?  ?  ?  ?
dorkasaurus_rex93 ;she will be in the morning ,  be here at
davetalbot654 ;you what me there at ?  ,  give me your number and i will call when i'm on my way
dorkasaurus_rex93 ;removed
davetalbot654 ;ok ans i will call you when i get to your road so you can met me at the end of your drive way if that's cool
dorkasaurus_rex93 ;that's cool
davetalbot654 ;ok so what time like or ?
dorkasaurus_rex93 ;yeah
davetalbot654 ;ok ,  how about ,  what time do you get out of school ?
dorkasaurus_rex93 ;that's cool
davetalbot654 ;ok it take me an hour to get there are you gonna be home at ?
dorkasaurus_rex93 ;yeah
davetalbot654 ;o kill call you to marrow ,  : - *
dorkasaurus_rex93 ;boo ,  i got home early .  .  .  are you here ?
davetalbot654 ;yeah i'm here
dorkasaurus_rex93 ;well i'm home ,  you gonna leave now ?
davetalbot654 ;i mcharg in my cell and getting dressed
dorkasaurus_rex93 ;how long of a drive is it ?  like an hour right ?  ,  so you're late ,  lolo lololol
davetalbot654 ;how am i late ?
dorkasaurus_rex93 ;because if it takes you an hour you won't be here at ,  lol ,  but i'll get over it ,  i'll just take a shower and stuff
davetalbot654 ;i asked you lastnite was ok member ?
dorkasaurus_rex93 ;no lol ,  sorry ,  because if i remembered i wouldn't have come home early ,  lololol
davetalbot654 ;well i did
dorkasaurus_rex93 ;that's cool ,  no big gee ,  i'll just shower and get party ,  lol
davetalbot654 ;lol ,  ok i'll call you in a few
dorkasaurus_rex93 ;okay ,  my home or cell number ?
davetalbot654 ;hey wait heres my cell ,  call me when you get out of the shower
dorkasaurus_rex93 ;okay
davetalbot654 ;ok ima go cash me check and head that way right now
dorkasaurus_rex93 ;okay ,  ttys
