ID;msg
DavieWants2 ;|such a cute boy ,  why so negative |
SnapShotDeath ;live sucks
DavieWants2 ;|so do lots of things kid ,  don't let it get YOU down |
SnapShotDeath ;i hate ny and being poor and gay
DavieWants2 ;|sorry life sucks ,  but get over it |
SnapShotDeath ;if i got a rich dad i be happy
DavieWants2 ;|reely ,  i can make YOu reel happy boy |
SnapShotDeath ;how ?
DavieWants2 ;taking you into my life and making you my little fag boy and make you adore me and my needs
SnapShotDeath ;your profi says your a boy scot dude they not rich
DavieWants2 ;yeah but i have plenty from an inheritance boy
SnapShotDeath ;you really a boy scot ?  ,  ?
DavieWants2 ;|yes ,  of course i am |
SnapShotDeath ;that's so gay
DavieWants2 ;|why ,  you should see some of those bois naked bodies ,  what a turn on ,  ,  its hard to not want them |
SnapShotDeath ;they don't got hair
DavieWants2 ;"|well most don't ,  and there the ons i like to \"""" watch \"""" |"
SnapShotDeath ;i like big cocks
DavieWants2 ;i'm into looking at my bois asses
SnapShotDeath ;<---14 i got hair when i was
DavieWants2 ;wow really
SnapShotDeath ;where you from ?
DavieWants2 ;long isl nad
SnapShotDeath ;daym your close
DavieWants2 ;but i only like young bois
SnapShotDeath ;i no lots of dudes younger then me ,  you there ?  ,  where you go ?
DavieWants2 ;wetting up a meeting with ricky boy
SnapShotDeath ;huh ?
DavieWants2 ;sorry timing is everything
SnapShotDeath ;why you say that ?
DavieWants2 ;cause i wanted you fi srst
SnapShotDeath ;i'm still here
DavieWants2 ;|yeah ,  but Ricky is already waiting for me |
SnapShotDeath ;how old he ?
DavieWants2 ;and he doesn't even know what i want ,  he was so horny he gaveme his address |
SnapShotDeath ;i'm
DavieWants2 ;i bet YOU have a reel smooth fag ass ,  i sure would love to tear it UP |
SnapShotDeath ;i do what you say ,  you buy me stuff right ?
DavieWants2 ;for reel ,  i like that in a boy | ,  sure kid
SnapShotDeath ;<----josh
DavieWants2 ;|do U meet off line with older guys ,  i won't hurt YOU |
SnapShotDeath ;i met ,  but they lie that not rich
DavieWants2 ;|kewl ,  let me see if Ricky is still up to meet ,  if not i'll get back to YOU |
SnapShotDeath ;please ,  i swear i'm good
DavieWants2 ;I know YOU are boy ,  but ricki still wants to meet me at sorry |
SnapShotDeath ;can i call you
DavieWants2 ;|why ,  |
SnapShotDeath ;because if i call you like me i swear ,  you really rich ?
DavieWants2 ;I guess ,  i really don't think about money |
SnapShotDeath ;that because you got it ,  i don't
DavieWants2 ;|sorry ,  but i will rewward YOU if YOUbecome my little sex boy ,  but You must any descreeet |
SnapShotDeath ;i promise ,  where dumb ass ricki live ?
DavieWants2 ;|in queens ,  off southern state |
SnapShotDeath ;i'm in queens
DavieWants2 ;|where ,  i can spin by if riccki is a no show |
SnapShotDeath ;why don't we all do it
DavieWants2 ;"i like to \"""" work \""""  alone kid"
SnapShotDeath ;but i run away and you get me all the time
DavieWants2 ;|ok ok ,  i can't resist a boy who wants it |
SnapShotDeath ;can i call you ?
DavieWants2 ;why do YOU want to be phone fucked boy ?
SnapShotDeath ;if you want
DavieWants2 ;i like to rape my bois for REAL
SnapShotDeath ;i swear i do what you say
DavieWants2 ;what if i tell YOU i want to put a rope around YOUR neck as i fuck YOu in YOUR sweet ass ,  and hear YOU beg not to die |
SnapShotDeath ;you buy me stuff ?
DavieWants2 ;yes i will don't worry
SnapShotDeath ;ok
DavieWants2 ;You don't mind that i love rough sex with my bois
SnapShotDeath ;no i do what you say
DavieWants2 ;NY
SnapShotDeath ;huh ?
DavieWants2 ;YOU live in NY
SnapShotDeath ;queens ,  i says
DavieWants2 ;well were exactly boy
SnapShotDeath ;th avenue
DavieWants2 ;how about is hbo i ,  |i have a green honda ,  what corner |
SnapShotDeath ;can i call you so i know your not freak ?
DavieWants2 ;I am sort of a freak kid ,  i love to fuck yng bois and hurt them to see if they want more |
SnapShotDeath ;no i gotta rule i don't meet off line with not talking first because lots of peeps out there what to kill fags
DavieWants2 ;I might be one of them boy ,  but You will have great anal sex if YOU take the chance boy |
SnapShotDeath ;just let me call you now ,  then i be ok
DavieWants2 ;ok boy
SnapShotDeath ;what's your name ?
DavieWants2 ;david franks
SnapShotDeath ;what i say ?
DavieWants2 ;|sorry i just feel that You can have happy life ,  just don't do anything stupid ,  lie YOu said there are lots of sicko out there kid ,  so careful |
SnapShotDeath ;no i swear i do what you say ,  you said you buy me stuff
DavieWants2 ;|but kid ,  i want YOu to be happy too ,  so tread carefully itd dangerous out three boy |
SnapShotDeath ;you said you make me happy ,  what i say wrong ?  ,  please
DavieWants2 ;|nothin ,  i don't want to hurt YOU |
SnapShotDeath ;hurt me how ,  i don't get it
DavieWants2 ;|well ,  never mind ,  i just don't want to ,  ok |
SnapShotDeath ;you like that dumb ass ricki better ?
DavieWants2 ;|oh no infact the opposite kid ,  i don't give a fuck about him |
SnapShotDeath ;so why can't we meet ,  i don't get it ,  please tell me what i did ,  i swear i do what you say please ae ,  what i do ?  ,  why you being mean now ?  ,  what i say ,  please talk
DavieWants2 ;|ok ok ,  but what do YOU want me to do ?  |
SnapShotDeath ;make me happy like you says you will ,  i will do what you say
DavieWants2 ;but i don't think i can rely make U happy ,  i can only hurt YOU boy |
SnapShotDeath ;how you hurt me ?  ,  i don't get it ,  like make me sad ?  ,  ?  ,  tell me i don't get it
DavieWants2 ;|id rape YOU if i ever got YOu alone kid ,  it's what i like to do to bois like YOu ,  so better U don't email ,  i like YOU |
SnapShotDeath ;i can play rape if you buy me stuff i swear
DavieWants2 ;|why do YOU say that YOU are not liked ,  i liked YOu almost immediately boy .  YOU will do fine ,  go make some friends |
SnapShotDeath ;i like you so i don't get it
DavieWants2 ;|well kid ,  it s like this ,  i'm a pervert and i like to find vulnarable bois like YOU |
SnapShotDeath ;i don't get it
DavieWants2 ;|well ,  don't worry about it just be thankful i like You and hope YOu find happiness |
SnapShotDeath ;i don't get it like you would kill me ?
DavieWants2 ;|well ,  it happens boy |
SnapShotDeath ;huh ?
DavieWants2 ;what YOU think ,  this world is safe and innocent boy ,  wake up read thepapers |
SnapShotDeath ;you kill peeps ?  ,  i don't get it
DavieWants2 ;|internet is too porous ,  but i have .  .  .  .  .  |
SnapShotDeath ;why you are nice i don't get it ,  i like you
DavieWants2 ;|yeah i'm reel nice ,  i've don't long time and i hate the world ,  how can i be nice kid ?  ?  |
SnapShotDeath ;huh ?
DavieWants2 ;just don't obsessed with guys ,  get out and find a nice girl and forget YOU ever herd from me |
SnapShotDeath ;i don't like girls ,  i like you
DavieWants2 ;|try ,  there gentle and lovable and can help YOu when depressed boy |
SnapShotDeath ;like you hate every thin and i do so maybe we will love each other
DavieWants2 ;|silly U boy ,  i don't fuck for love ,  i enjoy seeing the fright in my bois face when i'm putting my hands around his thin neck as i molest him | ,  |im a reel nice guy ,  huh ?  |
SnapShotDeath ;i no i can make you happy ,  i want die ,  but if your my dad i be happy ,  get it
DavieWants2 ;|YOUR not making sense ,  why do You want to die boy ?  your young and a whole life in front of YOu silly |
SnapShotDeath ;because no one loves me
DavieWants2 ;I do boy ,  i do in just two minutes ,  so you must be lovable ok ,  |
SnapShotDeath ;so why not we be together ,  i no lots of bois you can luk at ,  i can help you get them
DavieWants2 ;|YOUR such a cute little boy ,  if i didn't like YOu id take advantage of You and YOUR nieve life boy |
SnapShotDeath ;why you doing this ?  ,  i you playing me ?
DavieWants2 ;|oh no i am not ,  i just think YOUR differenrt than most bois i meet |
SnapShotDeath ;why ?
DavieWants2 ;|dont know ,  maybe YOUR voice ,  may be YOUR cute little body ,  i don't know |
SnapShotDeath ;you really kill peeps ?
DavieWants2 ;I really can't talk here but some times things do get out of hand ,  in fact this one time this boy tried to bite my cock to get away ,  i had to strangel him |
SnapShotDeath ;that sounds kinda fun ,  i dream about killing kids in my school that mean to me
DavieWants2 ;|it was cheep thrill if You must know ,  but i sort of felt bad cause he was a very lonely boy and he wanted it i think | ,  why they mean to YOU boy
SnapShotDeath ;because i'm gay
DavieWants2 ;oh so are lots of them bois YOU look at
SnapShotDeath ;i killed a cat when i was it was kinda fun
DavieWants2 ;how did you kill it kid
SnapShotDeath ;i smashed it in the alley with a base ball bat
DavieWants2 ;|wow ,  i bet it was a screamer |
SnapShotDeath ;i think i got it on the second hit but once i started it was fun and i kept go in
DavieWants2 ;|hope YOU don't like it too much boy that's how my sickness started boy ,  i first would mutalate animals |
SnapShotDeath ;c we are same
DavieWants2 ;but i don't want U to be like me boy ,  |lots og guilt ,  lots of loneliness |
SnapShotDeath ;we have fun ,  i swear i do what you say
DavieWants2 ;|ok ok boy ,  your hopeless |
SnapShotDeath ;what you mean ?
DavieWants2 ;I give up ,  i'll meet YOU if YOU really want to |
SnapShotDeath ;what we do ?
DavieWants2 ;I hope YOU like having a cock up YOU hole boy ,  i like to fill my boss faghole with cum all day even if i have to tie YOU up and fuck you hours ,  i need to see my cum lesaking out YOUR ass |
SnapShotDeath ;then we go shopping ?
DavieWants2 ;|sure ,  then to a motel boy |
SnapShotDeath ;i like you
DavieWants2 ;|but YOu must be so descreet ,  don't mention me to anyone boy |
SnapShotDeath ;i promise ,  but i thought i can live with you ,  y hotel ?  ,  ?  ,  you there ?
DavieWants2 ;|oops got booted ,  i don't want to live with anyone boy ,  but i will teach YOU an be YOUR mentor if YOU like boy ,  then maybe if YOU are not a jerk may be YOU can move in with me ,  if YOUR still want to |
SnapShotDeath ;i really like you
DavieWants2 ;|ok but don't think i'll let YOU fuck me ,  i'll do all the fucking boy |
SnapShotDeath ;i like to kiss lots
DavieWants2 ;|well let's take it slow boy ,  i prefer to be in control and i like to fuck without condoms boy |
SnapShotDeath ;i do what you say if you love me
DavieWants2 ;I'll be very demanding boy ,  and don't want to hear YOu complain |
SnapShotDeath ;i swear i won't
DavieWants2 ;if i tell YOU drink my piss in the morning i don't want to hear you bitch boy
SnapShotDeath ;i won't i swear ,  hi
DavieWants2 ;oh hi again boy
SnapShotDeath ;my mom got home so i had t no use the phone
DavieWants2 ;|oh ,  i understand boy ,  | ,  mom doesn't nU like to have your fag hole fucked
SnapShotDeath ;you meet ric cki
DavieWants2 ;|yup ,  |
SnapShotDeath ;why not me
DavieWants2 ;I want both YOu and ricci ,  but i sure would not turn YOu doen boi|
SnapShotDeath ;huh ?
DavieWants2 ;i would love to be naked with you and have your as spread and read uy for my man cock
SnapShotDeath ;i do what you say
DavieWants2 ;I know U will boy ,  i love bois like U that don't resist having there ass filled with my cock|
SnapShotDeath ;did you kill him ?
DavieWants2 ;|no i just scared him ,  bu tif he wanted it die i woulds have been happy |
SnapShotDeath ;i want to kill him
DavieWants2 ;but why boy
SnapShotDeath ;because you did hi \  not me
DavieWants2 ;but he loved near by ,  you dont|
SnapShotDeath ;?
DavieWants2 ;he lived near me silly U
SnapShotDeath ;i'm in queens ,  lets cut him up
DavieWants2 ;|oh ,  i forgot| ,  |ok ,  bu to get to save his cock and nuts boi|
SnapShotDeath ;huh
DavieWants2 ;i get to keep his cock boy
SnapShotDeath ;if we cut him up
DavieWants2 ;|yeah ,  but why do U want to get involved |
SnapShotDeath ;because if i do you love me
DavieWants2 ;i sure will boy
SnapShotDeath ;and i have fun
DavieWants2 ;|boi ,  i really don't think U can handle it|
SnapShotDeath ;no you show me
DavieWants2 ;id reel why like to boy
SnapShotDeath ;i saw a dog today and want to beat it
DavieWants2 ;|kewl ,  why did you want to beat it boy ,  |
SnapShotDeath ;i want to smash it's head
DavieWants2 ;boy you remind me too much of me
SnapShotDeath ;like blood and guts and shit
DavieWants2 ;|me too ,  i love ot see a boy 's face as i'm about to put my hands around his neck and face fuck him
SnapShotDeath ;i don't do that is it hard
DavieWants2 ;I no boy ,  but You will one day ,  i pro|
SnapShotDeath ;i just want you like me
DavieWants2 ;but i do boy ,  i sure do ,  and one day may be we can be involved in some rape murder together boi|
SnapShotDeath ;how we do that
DavieWants2 ;i'll get us a fag boy who has no reel family and we can have some fun with him
SnapShotDeath ;what we do ?
DavieWants2 ;|well mutalate him but before we do well stick your cocks into him ,  we can even cut his nuts off and stick our cocks into him were his nuts use to be ,  i love the feweling of my cock with blood on it and i really love the feeling of my cock inside a boys body cavity that i cut open|
SnapShotDeath ;i never done that
DavieWants2 ;|well one day you will if i no you ,  YOUR a lot like me when was a boi|
SnapShotDeath ;i gotta go
DavieWants2 ;ok bye boy
SnapShotDeath ;where you been ?
DavieWants2 ;sorry been so busy
SnapShotDeath ;i try send email and it says your not member then your profi is gone ,  so i call and it say z to check number
DavieWants2 ;i was out of town so i shut off my screen names
SnapShotDeath ;your phone don't work
DavieWants2 ;i was in the mountains of NH it didn't work
SnapShotDeath ;o i thought it like mine prepay so if you don't pay it don't work
DavieWants2 ;|nope ,  it was in the mountaism boy ,  | ,  but i was thinking of YOu so much
SnapShotDeath ;me i killed nuther cat
DavieWants2 ;why boy .  ?
SnapShotDeath ;i wanted
DavieWants2 ;did it make YOU hard boy ?
SnapShotDeath ;it made me like feel like i could do all ,  like i was big
DavieWants2 ;|boi ,  YOU make me so hard ,  i would really just love to met and fuck boy | ,  id be very abusive and rough if that is what my boy likes
SnapShotDeath ;why you go to mountains ?
DavieWants2 ;vacation .  .  .  sort of .  .  .
SnapShotDeath ;what that mean
DavieWants2 ;|nothing boy ,  don't worry about it ,  i just am glad YOU emialed me again |
SnapShotDeath ;i want to put the cat in the microwave but was scared
DavieWants2 ;what the heck ,  it's a useless creature anyway |
SnapShotDeath ;no but what if i culn't get it all out
DavieWants2 ;|yeah ,  i guess it would be sort of a mess |
SnapShotDeath ;no so i took ruber bands with a zip bag over his head and watched him freak and die it was funny
DavieWants2 ;i bet he squermed reel good boy
SnapShotDeath ;lots and hit walls and i kicked him round ,  brb
DavieWants2 ;it's like it the bois whose cock i grabbed and twisted and tossed though is boy against a tree once
SnapShotDeath ;sorry
DavieWants2 ;|its ok boy ,  |
SnapShotDeath ;i had to poop
DavieWants2 ;oh i hope everything came out okay boy
SnapShotDeath ;all good ,  lol ,  i don't get what you said about the tree
DavieWants2 ;i said i once smacked this bois head against a tree when he wanted to stop
SnapShotDeath ;did he cry
DavieWants2 ;yes
SnapShotDeath ;lol ,  did you kill him
DavieWants2 ;|oh no ,  but i should have |
SnapShotDeath ;i hate cry babys
DavieWants2 ;|me too ,  but what can U do / most bois cry |
SnapShotDeath ;i don't
DavieWants2 ;really .  id make YOU cry boy
SnapShotDeath ;nope i don't
DavieWants2 ;even if i tied U spread eagle to a tree and stuck and stabbed YOUR nuts with a stick
SnapShotDeath ;nope ,  i'm bad ,  you ever cut someone up i wanted cut the cat up but don't no how
DavieWants2 ;|well sort of ,  i did slice this bois nut sac after he bit me |
SnapShotDeath ;he dead
DavieWants2 ;|oh no ,  just wanted to let him know that i wanted my cock sucked ,  he was only poked ,  it hardly broke the skin |
SnapShotDeath ;so you lied you never really killed no ?  ,  ?
DavieWants2 ;|oh yeah ,  i did but i really can't talk about it here silly boy |
SnapShotDeath ;why not ?  ,  i tell you about the cat ,  i want no how to do it
DavieWants2 ;but i really don't like to beside s it was a while a go
SnapShotDeath ;you says you do
DavieWants2 ;thanks boy
SnapShotDeath ;huh ?
DavieWants2 ;|ok ok ,  i did but he was never found and i would like it to stay that way boy |
SnapShotDeath ;that's hot ,  its like the cats ,  i just put them in bag and in the dumpster
DavieWants2 ;it can be a turn on
SnapShotDeath ;you like cut him up
DavieWants2 ;sort of ,  but what i did was made sure he had no id ,  and i made sure he was pretty much disbursted |
SnapShotDeath ;huh ?  ,  what's that mean
DavieWants2 ;i drove around all night and distributed body parts to every corner of the state
SnapShotDeath ;o ,  that's kewl ,  i wanna keep the dick
DavieWants2 ;|yeah ok .  well see ,  but i sure get turned on by wanting to see YOU naked and see how good a fuck YOU are boy |
SnapShotDeath ;I'm in the are
DavieWants2 ;i bet YOU are boy ,  |
SnapShotDeath ;shit i gotta go i'm gotta be at tonyz at -30 to eat because my mas a crack whore and we got no food
DavieWants2 ;have fun boy
SnapShotDeath ;you gotta nuther number i can call you night the one you give me keeps saying try the number gain ,  like it z disco d
DavieWants2 ;|1 is my only boy ,  would love to fuck U later too |
SnapShotDeath ;ok i call laytar
