ID;msg
daydreamez69 ;dang ,  what you doing here girl
lizzy_gal991 ;chat in ,  you are to ?
daydreamez69 ;NO
lizzy_gal991 ;lol ,  your funny
daydreamez69 ;you are really
lizzy_gal991 ;yes ,  is that bad
daydreamez69 ;kinda
lizzy_gal991 ;oh ok
daydreamez69 ;under age ,  it's ok ,  don't cry ,  where you at
lizzy_gal991 ;leesburg ,  you
daydreamez69 ;fairfax
lizzy_gal991 ;cool
daydreamez69 ;yeah ,  where leesburg
lizzy_gal991 ;close to the high school
daydreamez69 ;high school
lizzy_gal991 ;yea
daydreamez69 ;ic ,  what grade are you ,  ic ,  no friend to chat ?  ?  ,  wanna be friend .  .  chat sometimes
lizzy_gal991 ;sure
daydreamez69 ;ok ,  add you the list
lizzy_gal991 ;sure
daydreamez69 ;any BF:- ?
lizzy_gal991 ;no
daydreamez69 ;how come
lizzy_gal991 ;don't like any one
daydreamez69 ;no kiss from guy huh
lizzy_gal991 ;that i know
daydreamez69 ;well .  .  .  you never know
lizzy_gal991 ;true
daydreamez69 ;might meet a nice guy ,  at school
lizzy_gal991 ;not at school ,  lol
daydreamez69 ;like the older guy .  .  I guess huh
lizzy_gal991 ;yeah
daydreamez69 ;like how old
lizzy_gal991 ;i just like nice guys ,  not stupid
daydreamez69 ;oh ok ,  guy with money .  .  treat you nice .  .  I guess ,  what you do most of the day ,  study
lizzy_gal991 ;no ,  lol ,  chat ,  listen to music ,  read
daydreamez69 ;ic
lizzy_gal991 ;what do you do
daydreamez69 ;computer stuff
lizzy_gal991 ;cool
daydreamez69 ;make good money .  .  support myself
lizzy_gal991 ;cool
daydreamez69 ;what your real name ,  liz
lizzy_gal991 ;elia beth
daydreamez69 ;oh ok ,  kevin here
lizzy_gal991 ;hi kevin
daydreamez69 ;hi baby Liz ,  you chat a lot .  .  I guess huh ,  where mom and dad
lizzy_gal991 ;divorced ,  mom works a lot
daydreamez69 ;ic ,  got brother .  .  sister
lizzy_gal991 ;no
daydreamez69 ;only you
lizzy_gal991 ;yeah
daydreamez69 ;stay home yourself
lizzy_gal991 ;yeh a
daydreamez69 ;poor thing ,  don't worry ,  we can chat for fun
lizzy_gal991 ;ok
daydreamez69 ;so .  .  tell me ,  have you ever kiss a guy in school
lizzy_gal991 ;not in school
daydreamez69 ;outside
lizzy_gal991 ;at ym house
daydreamez69 ;gym house
lizzy_gal991 ;not at school
daydreamez69 ;your BF
lizzy_gal991 ;yeah
daydreamez69 ;how old is he
lizzy_gal991 ;but he s not my boyfriend nwo
daydreamez69 ;ic ,  do you like him
lizzy_gal991 ;yeah
daydreamez69 ;anything more than a kiss:- ?
lizzy_gal991 ;yeh a
daydreamez69 ;like ?  ,  just between you and me ,  secret:-$ ,  so .  .  what did he do ?
lizzy_gal991 ;fingered me
daydreamez69 ;oh ,  you like it
lizzy_gal991 ;yeah
daydreamez69 ;that's all he did
lizzy_gal991 ;yeah
daydreamez69 ;no going all the way
lizzy_gal991 ;no
daydreamez69 ;oh ok ,  you nervous
lizzy_gal991 ;now
daydreamez69 ;I mean that time
lizzy_gal991 ;yeah
daydreamez69 ;it's ok .  .  as long as you like it ,  .  .  you don't have to worry ,  not like or years
lizzy_gal991 ;ok
daydreamez69 ;as long as you don't have period
lizzy_gal991 ;not yet
daydreamez69 ;oh ok ,  you feel like you have soon ,  maybe or
lizzy_gal991 ;i guess
daydreamez69 ;you like my picture
lizzy_gal991 ;":"""" > yeah"
daydreamez69 ;brb ,  BBl
lizzy_gal991 ;hey !
daydreamez69 ;going soon ,  back to say hi
lizzy_gal991 ;where you going
daydreamez69 ;to eat ,  may be ic ummmm play with you someday
lizzy_gal991 ;really ?
daydreamez69 ;yeah
lizzy_gal991 ;cool
daydreamez69 ;afraid too old
lizzy_gal991 ;no
daydreamez69 ;I bring you something
lizzy_gal991 ;what
daydreamez69 ;perfume or something
lizzy_gal991 ;ok
daydreamez69 ;so .  .  what you like to do ,  like old BF doing
lizzy_gal991 ;i like to kiss
daydreamez69 ;yeah ,  know how to give head ,  like guy do for girl ,  not like finger
lizzy_gal991 ;no
daydreamez69 ;much better feeling ,  how tall are you ,  ok ,  thin
lizzy_gal991 ;you
daydreamez69 ;'6
lizzy_gal991 ;cool
daydreamez69 ;your weight ,  ok ,  cute ,  I might be trouble doing this ,  wanna help you how it feels
lizzy_gal991 ;ok ,  you don't hafta ,  i don't want ge\t you in trouble
daydreamez69 ;unless you don't tell anyone ,  even your friend
lizzy_gal991 ;i won't
daydreamez69 ;promise
lizzy_gal991 ;promise
daydreamez69 ;you live in townhouse ,  or house
lizzy_gal991 ;can i call you some time
daydreamez69 ;yeah ,  i give you number later
lizzy_gal991 ;ok ,  house ,  you
daydreamez69 ;house ,  big house ,  ?  ?
lizzy_gal991 ;no
daydreamez69 ;your mom work all day
lizzy_gal991 ;yeah
daydreamez69 ;like what time get home
lizzy_gal991 ;-8
daydreamez69 ;ok ,  every day
lizzy_gal991 ;yea
daydreamez69 ;ok
lizzy_gal991 ;you
daydreamez69 ;i work daytime ,  but can get off sometimes
lizzy_gal991 ;cool
daydreamez69 ;to get there
lizzy_gal991 ;you live far ?
daydreamez69 ;no about an hr
lizzy_gal991 ;cool
daydreamez69 ;what time off school ,  ok ,  will talk later .  .  ok
lizzy_gal991 ;you got a face picture ?
daydreamez69 ;yeah
lizzy_gal991 ;you leaving ?
daydreamez69 ;i give you later ,  yeah ,  be back later
lizzy_gal991 ;ok
daydreamez69 ;: - * ,  bye liz
lizzy_gal991 ;hey
daydreamez69 ;hi liz
lizzy_gal991 ;hi kevin ,  what you do in
daydreamez69 ;how are you
lizzy_gal991 ;ok you
daydreamez69 ;just checking some stuff
lizzy_gal991 ;ok
daydreamez69 ;BRB ,  : - *
lizzy_gal991 ;hi
daydreamez69 ;hi liz
lizzy_gal991 ;what you do in
daydreamez69 ;nothing much .  .  .  how have you been doing
lizzy_gal991 ;ok ,  you
daydreamez69 ;anything good
lizzy_gal991 ;no
daydreamez69 ;it's ok ,  what's wrong ,  finish your homework
lizzy_gal991 ;yea
daydreamez69 ;good ,  mom work in
lizzy_gal991 ;yea
daydreamez69 ;what day she works
lizzy_gal991 ;different ones she a nurse
daydreamez69 ;oh ok ,  does she knows computer ,  she might check on you
lizzy_gal991 ;lol no
daydreamez69 ;hehehe
lizzy_gal991 ;she don't get on here ,  why
daydreamez69 ;your room
lizzy_gal991 ;yea
daydreamez69 ;nice bedroom you got
lizzy_gal991 ;it's ok
daydreamez69 ;may I sleep there .  .  few hours
lizzy_gal991 ;me bee
daydreamez69 ;hi hi ,  j/k ,  so .  .  study hard
lizzy_gal991 ;ok
daydreamez69 ;I might help you ,  math i m ok
lizzy_gal991 ;what are you good at
daydreamez69 ;math I guess
lizzy_gal991 ;ok
daydreamez69 ;may be have urb f help you out
lizzy_gal991 ;i don't have boyfriend
daydreamez69 ;oh ok .  .  .  ,  the EX one huh ,  the one finger you
lizzy_gal991 ;yea he is ex
daydreamez69 ;how long was that
lizzy_gal991 ;hi
daydreamez69 ;what's going on .  .  haven't seen you in years ,  how california do in
lizzy_gal991 ;ok you
daydreamez69 ;busy homework I guess huh
lizzy_gal991 ;lots of stupid stuff lol
daydreamez69 ;hehehe ,  not even a fun than g huh
lizzy_gal991 ;no
daydreamez69 ;dang ,  that's not a good thing
lizzy_gal991 ;why
daydreamez69 ;need have fun sometimes .  .
lizzy_gal991 ;ohh
daydreamez69 ;study all the times .  .  not good
lizzy_gal991 ;lol
daydreamez69 ;what bring you up today
lizzy_gal991 ;bored
daydreamez69 ;miss yahoo
lizzy_gal991 ;you
daydreamez69 ;mom at work huh
lizzy_gal991 ;yea
daydreamez69 ;same here .  .  boring as hell
lizzy_gal991 ;sow wy
daydreamez69 ;it ok ,  so .  .  .  good thanksgiving
lizzy_gal991 ;was ok
daydreamez69 ;go anywhere
lizzy_gal991 ;aunts ,  you
daydreamez69 ;get together with brother family
lizzy_gal991 ;cool
daydreamez69 ;wrestling with turkey
lizzy_gal991 ;lol
daydreamez69 ;finally da chic gave up ,  busy there .  .  I should let you go
lizzy_gal991 ;hey
daydreamez69 ;wow .  .  stay up late .  .  no school tomorrow I guess huh
lizzy_gal991 ;yea ,  can't sleep
daydreamez69 ;really
lizzy_gal991 ;yea
daydreamez69 ;near by .  .  .  will come by read bedtime story
lizzy_gal991 ;lol ,  mom's home
daydreamez69 ;yeah
lizzy_gal991 ;sow wy
daydreamez69 ;well .  .  guess not ,  how you know .  .  no school morrow
lizzy_gal991 ;huh
daydreamez69 ;someone let you know .  .  no school morrow ,  look like more snow cum me mm ming
lizzy_gal991 ;kewl !  !  !  111
daydreamez69 ;yeah .  .  .  I like your picture .  .  .  kewl
lizzy_gal991 ;ty
daydreamez69 ;in your profile .  .  .  soccer game or something ,  fall sleep
lizzy_gal991 ;and ,  no ,  lol
daydreamez69 ;haven't read my bedtime story yet ,  which school do you go to
lizzy_gal991 ;ah why you want know that
daydreamez69 ;just wonder .  .  .  keep conversation ,  never mind
lizzy_gal991 ;lol
daydreamez69 ;wanna see you smile .  .  .  look like lot of LOL ,  mom is home .  .  .  she sneaks in .  .  you are in trouble .  .  girl ,  hehe
lizzy_gal991 ;why would i be in trouble
daydreamez69 ;for chatting .  .  .  lot of online friends .  .  I guess ,  don't do home work too
lizzy_gal991 ;i do my homework ,  lol
daydreamez69 ;yeah .  .  you study algebra
lizzy_gal991 ;in math yea ,  what you do
daydreamez69 ;solve my problem here
lizzy_gal991 ;huh
daydreamez69 ;x234 + y324 + * 332 )  = when x=2 .  .  .  solve Y .  .  .  ,  oops ,  x (  456 - )  ,  j/k
lizzy_gal991 ;lol ok
daydreamez69 ;any BF story wanna tell me ,  or new BF
lizzy_gal991 ;i don't have a boyfriend
daydreamez69 ;how come .  .  .  old BF doesn't want you back huh
lizzy_gal991 ;i dunno don't talk to him
daydreamez69 ;study same school
lizzy_gal991 ;no
daydreamez69 ;maybe he has another GF
lizzy_gal991 ;dunno
daydreamez69 ;finger you and just run away huh ,  how you know him .  .  near your home
lizzy_gal991 ;yea
daydreamez69 ;you two do that .  .  where .  .  .  your place
lizzy_gal991 ;yea
daydreamez69 ;no one home huh ,  tell me detail .  .  sure like to hear ,  like first what he did .  .  so and so ,  secret .  .  can't tell huh
lizzy_gal991 ;i don't want a talk about that
daydreamez69 ;oh ok ,  what you like to talk about .  .  ask me anything
lizzy_gal991 ;tell me about you
daydreamez69 ;"I m '7 """" lbs .  .  .  lean body as you cameron ,  work in MD"
lizzy_gal991 ;cool
daydreamez69 ;from am to pm ,  uh huh ,  love opposite sex ,  that's sure
lizzy_gal991 ;kewl ,  me
daydreamez69 ;yeah ,  have you ever have real encounter ,  like real fun ,  with your BF
lizzy_gal991 ;what you mean
daydreamez69 ;like all the way with your ex BF ,  you know what i mean
lizzy_gal991 ;sex ?
daydreamez69 ;kind like that
lizzy_gal991 ;lol
daydreamez69 ;like something go for hours ,  or second
lizzy_gal991 ;never rd one nut in for hours
daydreamez69 ;yeah that's kind too much .  .  I guess ,  i have been one time
lizzy_gal991 ;been what
daydreamez69 ;kinda fun .  .  but exhausted ,  fun for hours ,  with my ex GF ,  long time ago ,  time
lizzy_gal991 ;ok
daydreamez69 ;but it was fu though ,  fun
lizzy_gal991 ;cool
daydreamez69 ;bath get her ,  few beers ,  bbl ,  not go sleep
lizzy_gal991 ;huh
daydreamez69 ;you ,  have time .  .  call me morrow chat sometime
lizzy_gal991 ;what's your
daydreamez69 ;my cell
lizzy_gal991 ;i'll try
daydreamez69 ;ok ,  morning is ok ,  or noon
lizzy_gal991 ;ok
daydreamez69 ;go sleep .  .  work morrow ,  night liz
lizzy_gal991 ;night
daydreamez69 ;bye bye baby ,  chat you later morrow ok
lizzy_gal991 ;ok
daydreamez69 ;I take that kiss anytime .  .  .  hehehe
lizzy_gal991 ;kewl !
daydreamez69 ;yeah .  .  well go sleep ,  don't stay up too late .  .  .  ok
lizzy_gal991 ;ok
daydreamez69 ;one more before bedtime
lizzy_gal991 ;hugs s ,  kisses
daydreamez69 ;cool ,  I take all ,  bye baby .  .  .  going now .  .  .  night
lizzy_gal991 ;night night q tie
daydreamez69 ;hey .  .  I like that .  .  .  cute .  .  .  cool
lizzy_gal991 ;lol kewl ,  wish i had a face picture
daydreamez69 ;my ,  my face picture
lizzy_gal991 ;well yea silly
daydreamez69 ;hehe ,  too old .  .  .  you might scare
lizzy_gal991 ;lol ,  i know your old ,  ut ole me already d
daydreamez69 ;oh ok
lizzy_gal991 ;right ?
daydreamez69 ;between friend .  .  let me see I have in my harddrive ,  yeah
lizzy_gal991 ;kewl h tats like me backward ,  i'm
daydreamez69 ;hehe ,  you like older huh
lizzy_gal991 ;yea
daydreamez69 ;I guess more mature ,  not jumpy ,  but again .  .  .  just friend .  .  chat for fun .  .  nothing serious
lizzy_gal991 ;ok
daydreamez69 ;sure ,  you look like asian ?  ,  or middleeast .  .  mixed
lizzy_gal991 ;my mom is korean
daydreamez69 ;oh ok ,  and your dad
lizzy_gal991 ;white
daydreamez69 ;ic ,  me too .  .  asian
lizzy_gal991 ;cool
daydreamez69 ;haha ,  ok .  .  found it ,  hope not too scary
lizzy_gal991 ;lol
daydreamez69 ;see it
lizzy_gal991 ;where ?
daydreamez69 ;picture box ,  may be click on it
lizzy_gal991 ;ah ok ,  your cute !
daydreamez69 ;going to bed .  .  you can call me tomorrow
lizzy_gal991 ;ok
daydreamez69 ;yeah ,  night baby
lizzy_gal991 ;night night
daydreamez69 ;call me morrow ok ,  if you have time
lizzy_gal991 ;ok ,  i'll be in class ,  but i'll try
daydreamez69 ;: -c ,  only like to meet you .  .  cute
lizzy_gal991 ;sow wy got booted
daydreamez69 ;it ok ,  like I say .  .  .  don't want any trouble .  .  .  really ,  only like to meet you .  .  cute
lizzy_gal991 ;me either ,  kewl
daydreamez69 ;just wanna check you out how cute why are ,  sure love that voice ,  might have to take you home when you are .  .  not one day more
lizzy_gal991 ;lol
daydreamez69 ;hehe
lizzy_gal991 ;that's a long time
daydreamez69 ;yeah .  .  well ,  wanna go to court and declare you are
lizzy_gal991 ;lol
daydreamez69 ;I steal you right after you step out the court house
lizzy_gal991 ;lol ,  you funny
daydreamez69 ;so .  .  how you got the number restricted when you call .  .  .  unlisted
lizzy_gal991 ;yea ,  mom did that
daydreamez69 ;from dad
lizzy_gal991 ;yea ,  she's a bitch ,  lol
daydreamez69 ;haha ,  becareful .  .  I tell her ,  j/k .  .  I wouldn't have a gut to do that ,  she kills me too
lizzy_gal991 ;lol
daydreamez69 ;how old is she ,  oh ok ,  so .  .  .  serious for Friday huh
lizzy_gal991 ;i dunno
daydreamez69 ;I still don't know where to meet you .  .  really
lizzy_gal991 ;maybe next friday
daydreamez69 ;how come .  .  .  not good for you ,  if not .  .  it's ok .  .  .  whenever you like
lizzy_gal991 ;i'll have check mom's work schedule le
daydreamez69 ;still have few days before friday ,  check if she works on friday
lizzy_gal991 ;i will
daydreamez69 ;if not any day next week
lizzy_gal991 ;ok
daydreamez69 ;call let me know ,  love to hear your sexy voice .  .  cute ,  hehe ,  whisper me ,  with some nice .  .  sensual thing ,  hugs
lizzy_gal991 ;hugs
daydreamez69 ;kisses ,  and soft touch ,  anything missing ,  hehe
lizzy_gal991 ;: - *
daydreamez69 ;soft kisses ,  travel around and around ,  soft sensual skin huh
lizzy_gal991 ;sounds fun
daydreamez69 ;yeah ,  should be ,  any particular thing you like ?
lizzy_gal991 ;kiss in ,  massages
daydreamez69 ;yeah ,  with my soft tongue .  .  .  tickle ya:-$
lizzy_gal991 ;: x
daydreamez69 ;just don't scream so loud:-$ ,  like to give you first exciting experience .  .  .  .  hope you enjoy ,  anything you did with your ex BF .  .  I might need to know ?
lizzy_gal991 ;just kiss in
daydreamez69 ;oh ok ,  how about quit go to school oneday nextweek .  .  .  we can stay in hotel .  .  enjoy one day ?  ,  afraid your mom know .  .  hehe ,  she reads the report
lizzy_gal991 ;skip school ?
daydreamez69 ;yeah .  .  like someday ,  but .  .  .  she might read the report from school that you skip ,  that way .  .  have the whole .  .  .  enjoy
lizzy_gal991 ;kewl !  !
daydreamez69 ;uh huh
lizzy_gal991 ;what happened the picture on your profile
daydreamez69 ;but how .  .  your mom know .  .  she kills you ,  I take it off ,  don't wanna show anyone
lizzy_gal991 ;i liked it
daydreamez69 ;only for you ,  I show in person:-$ ,  know how to do with it ?  ,  i can put it back
lizzy_gal991 ;no you teach me ,  kewl !
daydreamez69 ;ok ,  yeah .  .  .  .  show you .  .  enjoy good time .  .  .  thing people do ,  soft and sensual
lizzy_gal991 ;cool
daydreamez69 ;brb
lizzy_gal991 ;you put it back ,  ok
daydreamez69 ;ok ,  you want it ,  cummmmm here get it .  .  .  hehehe ,  if you want it back
lizzy_gal991 ;come where ?  ,  lol
daydreamez69 ;to me ,  j/k
lizzy_gal991 ;lol
daydreamez69 ;so .  .  can you
lizzy_gal991 ;i can't drive
daydreamez69 ;off school one day
lizzy_gal991 ;yea ,  i can skip
daydreamez69 ;how you tell your mom
lizzy_gal991 ;i can act sick
daydreamez69 ;and
lizzy_gal991 ;she got to work
daydreamez69 ;how you get home school bus take you back
lizzy_gal991 ;i won't go ,  i'll act sick at home silly
daydreamez69 ;but she call home check on you ,  then how do you go ,  what I think is .  .  just go school in the morning ,  but like get sick .  .  .  someone can take you home .  .  then we can go
lizzy_gal991 ;ok
daydreamez69 ;I can't pick you up at school though
lizzy_gal991 ;no ,  you can't
daydreamez69 ;yeah ,  but how you get home
lizzy_gal991 ;i dunno
daydreamez69 ;if you stay home sick .  .  mom would call you all the time
lizzy_gal991 ;no ,  she cant call at work
daydreamez69 ;what she works ,  nurse
lizzy_gal991 ;yes
daydreamez69 ;well .  .  lot of phone in hospital ,  of course she can call you
lizzy_gal991 ;she don't call though
daydreamez69 ;well .  .  .  you never know ,  she finds out .  .  .  I would be more trouble than you
lizzy_gal991 ;ok ,  we don't hafta
daydreamez69 ;will think of something
lizzy_gal991 ;ok
daydreamez69 ;what if stay home sick .  .  .  we stay at home
lizzy_gal991 ;ok
daydreamez69 ;that way she call you can answer
lizzy_gal991 ;ok
daydreamez69 ;that way work ,  I would rather stay in hotel .  .  .  nice ,  bring some bubble bath ,  candlelight s
lizzy_gal991 ;kewl !  !  !  11
daydreamez69 ;bring some massage oil .  .  .  I massage for you ,  no messy at home ,  but
lizzy_gal991 ;yea ,  she would see that
daydreamez69 ;yeah ,  how about .  .  stay home sick but say go to your friend house play
lizzy_gal991 ;lol
daydreamez69 ;haha
lizzy_gal991 ;i gotta go eat ,  bbl
daydreamez69 ;anyway .  .  .  just wanna to entertain you a nice day ,  ok .  .  cute
lizzy_gal991 ;kisses
daydreamez69 ;yeah ,  hope we don't make too messy in the house
lizzy_gal991 ;me to !  !  ,  lol ,  hey q tie
daydreamez69 ;how are ya liz
lizzy_gal991 ;ok you
daydreamez69 ;cold going to school morning huh
lizzy_gal991 ;vey\ry !  !  !  1
daydreamez69 ;hope .  .  it's snow .  .  stay home morrow
lizzy_gal991 ;i wish
daydreamez69 ;yeah ,  me too .  .  .  hope they close work .  .  stay home in blanket .  .  better
lizzy_gal991 ;yea
daydreamez69 ;done homework
lizzy_gal991 ;that would rock ,  yea
daydreamez69 ;cool ,  mom works today
lizzy_gal991 ;yea
daydreamez69 ;so .  .  what you find out ,  her schedule
lizzy_gal991 ;she no work tomorrow or saturday
daydreamez69 ;ic ,  next week
lizzy_gal991 ;but she works most of net week
daydreamez69 ;yeah ,  might cum see you everyday next
lizzy_gal991 ;cool
daydreamez69 ;hehe
lizzy_gal991 ;what we do ?
daydreamez69 ;give you some hugs .  .  kiss
lizzy_gal991 ;cool
daydreamez69 ;well .  .  .  maybe next
lizzy_gal991 ;yea ,  wed or thursday
daydreamez69 ;yeah ,  only I afraid if anyone know .  .  .  ,  I would be in big trouble
lizzy_gal991 ;me
daydreamez69 ;so .  .  .  keep between us .  .  not even your close GF ,  : -$
lizzy_gal991 ;kk ,  i promise
daydreamez69 ;only afraid you accidentally say something .  .  .  might end up trouble
lizzy_gal991 ;ok we don't hafta
daydreamez69 ;so .  .  promise me keep between us
lizzy_gal991 ;ok promise ,  you ok ?
daydreamez69 ;cool ,  yeah .  .  me .  .  .  of course
lizzy_gal991 ;ok ,  mom would frae ok
daydreamez69 ;so .  .  what you like to do on wed or the ,  or days ,  and where do we meet:- ?
lizzy_gal991 ;there's a stipr mall close to my house ,  i can walk to
daydreamez69 ;ok ,  can you get the address
lizzy_gal991 ;yea ,  i will
daydreamez69 ;so I can nap through yahoo ,  \ ok .  .  baby
lizzy_gal991 ;it's near king street i think
daydreamez69 ;ok
lizzy_gal991 ;it's down by Safeway
daydreamez69 ;maybe just like an hr or something .  .  .  depend
lizzy_gal991 ;ok
daydreamez69 ;just sit in my van
lizzy_gal991 ;ok
daydreamez69 ;someplace ,  better at home .  .  but
lizzy_gal991 ;i don't want anyone see us
daydreamez69 ;oh ok
lizzy_gal991 ;if they tell mom
daydreamez69 ;how long can you go
lizzy_gal991 ;well you said hour
daydreamez69 ;ok ,  probably meet in the back of the mall or something
lizzy_gal991 ;ok
daydreamez69 ;not in front ,  she works sunday:- ?
lizzy_gal991 ;no
daydreamez69 ;oh ok ,  like wed .  .  what time .  .  after school
lizzy_gal991 ;yea ,  wed or thursday ,  i have see
daydreamez69 ;either .  .  I don't care
lizzy_gal991 ;kk
daydreamez69 ;just let me know .  .  .  baby
lizzy_gal991 ;ok ,  probably thursday
daydreamez69 ;cool ,  let me know later
lizzy_gal991 ;you leaving ?
daydreamez69 ;or call me ,  keep my private .  .  or remember only
lizzy_gal991 ;i will
daydreamez69 ;so .  .  what you like to do .  .  .  .  when moroow ,  hugs ,  kiss ,  play little bit
lizzy_gal991 ;"yea ,  :"""" >"
daydreamez69 ;hehe
lizzy_gal991 ;but i don't want a get preggers
daydreamez69 ;no you don't ,  no period ,  or maybe try condom ,  but accept to you
lizzy_gal991 ;ok
daydreamez69 ;but sure like to .  .  .  hmm ,  kiss you ,  lick your ear
lizzy_gal991 ;me
daydreamez69 ;down your neck ,  and check ,  and down more ,  hehe
lizzy_gal991 ;cool
daydreamez69 ;would you like to ,  be ,  licked and tickle every where ,  hehehe
lizzy_gal991 ;yea
daydreamez69 ;j/k ,  cool ,  only thing afraid in the van
lizzy_gal991 ;yea true
daydreamez69 ;will figure out
lizzy_gal991 ;ok
daydreamez69 ;or maybe just kiss .  .  play a bit ,  would you be on later
lizzy_gal991 ;you leaving ?
daydreamez69 ;yeah .  .  but be back later ,  soon
lizzy_gal991 ;kk
daydreamez69 ;like probably
lizzy_gal991 ;hurry ,  lol
daydreamez69 ;haha ,  mom works today huh
lizzy_gal991 ;yea
daydreamez69 ;kewl ,  hope i am near there .  .  .  cummmmmm right over ,  j/k
lizzy_gal991 ;: x
daydreamez69 ;: - * ,  if keep between us .  .  we can get together more often
lizzy_gal991 ;ok
daydreamez69 ;what you like for Xmas
lizzy_gal991 ;hmm
daydreamez69 ;don't wanna give you something your mom might know
lizzy_gal991 ;ok ,  get me a super rise
daydreamez69 ;money go shopping ,  ok
lizzy_gal991 ;bring it next week ,  lol
daydreamez69 ;will surprise you ,  no $ ,  money is safer
lizzy_gal991 ;why
daydreamez69 ;but again she might ask you where you get money
lizzy_gal991 ;yea
daydreamez69 ;you like music
lizzy_gal991 ;yea
daydreamez69 ;like band .  .  .  singer:- ?
lizzy_gal991 ;black eye peas
daydreamez69 ;cool ,  what if mom ask you where you get money buy that
lizzy_gal991 ;i dunno
daydreamez69 ;do you have xmas money
lizzy_gal991 ;get me something she can't see
daydreamez69 ;hmmmm m ,  don't know .  .  .  afraid she might know
lizzy_gal991 ;ok
daydreamez69 ;what you like the most ,  brb
lizzy_gal991 ;hey !
daydreamez69 ;visit chat room:- ?  ,  hehe
lizzy_gal991 ;no
daydreamez69 ;so .  .  .  what store in the mall .  .  we should meet on the ,  or wed
lizzy_gal991 ;thursday ,  probably
daydreamez69 ;ok
lizzy_gal991 ;and at this little strip mall
daydreamez69 ;probably ,  ok ,  behind them all or front
lizzy_gal991 ;lol i dunno
daydreamez69 ;hehe ,  lot of your friends there
lizzy_gal991 ;no
daydreamez69 ;ok .  .  maybe we meet in front of store
lizzy_gal991 ;may be i skip school ,  meet you early
daydreamez69 ;yeah ,  seriously
lizzy_gal991 ;yea
daydreamez69 ;but how do you say to your mom
lizzy_gal991 ;i'll figure it out
daydreamez69 ;ok ,  we can spend whole day ?
lizzy_gal991 ;ok
daydreamez69 ;good ,  I get a room for comfortable ,  not in car
lizzy_gal991 ;kewl ,  id like that
daydreamez69 ;yeah ,  some candlelight s ,  bubble bath
lizzy_gal991 ;cool
daydreamez69 ;you drink soda only
lizzy_gal991 ;i've had beer
daydreamez69 ;yeah ,  cool ,  only one .  .  .  ok ,  smoke:- ?
lizzy_gal991 ;no
daydreamez69 ;ok ,  let me know .  .  .  cute .  .  .  would be better spend more time on the
lizzy_gal991 ;yea
daydreamez69 ;but .  .  .  try not to let your mom know
lizzy_gal991 ;i won't let her know
daydreamez69 ;ok ,  odd question .  .  .  you don't have period yet
lizzy_gal991 ;huh ,  i do
daydreamez69 ;you do
lizzy_gal991 ;yea
daydreamez69 ;when ,  a while ago
lizzy_gal991 ;months
daydreamez69 ;ok
lizzy_gal991 ;why
daydreamez69 ;just asking
lizzy_gal991 ;that sy i say i don't want a get pregnant
daydreamez69 ;if you like to try .  .  .  I need to get condom
lizzy_gal991 ;ok
daydreamez69 ;but not important .  .  we can just try outside ,  nothing inside might be problem .  .  ok
lizzy_gal991 ;huh
daydreamez69 ;unless you like to do that
lizzy_gal991 ;i might
daydreamez69 ;then I buy condom
lizzy_gal991 ;ok
daydreamez69 ;just in case
lizzy_gal991 ;ok
daydreamez69 ;My might be too big .  .  .
lizzy_gal991 ;lol
daydreamez69 ;hehe ,  you don't think
lizzy_gal991 ;i dunno
daydreamez69 ;ok ,  check it out when near ,  your ,  hand ,  like beer commercial ,  it looks bigger in the close up ,  haha
lizzy_gal991 ;huh
daydreamez69 ;j/k ,  I was thinking get the holiday Inns .  .  there in leesburg
lizzy_gal991 ;ok
daydreamez69 ;don't know how far from you ,  let me check ,  if you give me your address i can nap to see how far to that holiday inns ,  it's on E market st in leesburg
lizzy_gal991 ;E Market St ,  that ones closer to me
daydreamez69 ;oh ok ,  will get that one for the
lizzy_gal991 ;ok
daydreamez69 ;anything else you need .  .  baby
lizzy_gal991 ;lol i dunno
daydreamez69 ;hehe
lizzy_gal991 ;you
daydreamez69 ;will figure as we go .  .  ok ,  only thing iwo or why the most is someone you know see us ,  or your mom friend
lizzy_gal991 ;yea ,  we be careful
daydreamez69 ;ok ,  will enjoy time there .  .  .  in the room ,  anything you like to know ,  or wanna try
lizzy_gal991 ;anything ,  everything ,  lol
daydreamez69 ;yeah .  .  .  ,  cool
lizzy_gal991 ;what makes you happy
daydreamez69 ;I love to lick my girl ,  and to be licked back
lizzy_gal991 ;kewl !  !  111
daydreamez69 ;or normal stuff you know ,  anything like in TV ,  some sexy channel
lizzy_gal991 ;they got sexy channel in hotel ?
daydreamez69 ;no ,  I watch from home ,  wanna see it
lizzy_gal991 ;sure ,  i never see that ,  before
daydreamez69 ;don't think they have dvd in the room
lizzy_gal991 ;oh
daydreamez69 ;i have portable DVD .  .  maybe ,  but most of CD is for computer ,  don't know if it can read
lizzy_gal991 ;ok
daydreamez69 ;don't worry .  .  will show you ,  just don't try too hard
lizzy_gal991 ;lol
daydreamez69 ;might hur tuesday self ,  hehe ,  brb
lizzy_gal991 ;lol
daydreamez69 ;hold on ,  back
lizzy_gal991 ;kk
daydreamez69 ;you have lot of GF or few ,  go shopping
lizzy_gal991 ;not a lot
daydreamez69 ;close GF:- ?  ,  have any new picture ,  like to see
lizzy_gal991 ;no i wish ,  no cam
daydreamez69 ;i mean .  .  no cam .  .  just picture
lizzy_gal991 ;yea
daydreamez69 ;I mean your new picture .  .  you have any
lizzy_gal991 ;no
daydreamez69 ;oh ok ,  I will try with those CDs if work with DVD .  .  I bring there on the
lizzy_gal991 ;ok ,  kewl
daydreamez69 ;what food you like .  .  cute
lizzy_gal991 ;pie
daydreamez69 ;may be order and bring there ,  apple pie
lizzy_gal991 ;sure
daydreamez69 ;or ?
lizzy_gal991 ;any kind of pie
daydreamez69 ;mc donald ,  hehe
lizzy_gal991 ;ee was
daydreamez69 ;where
lizzy_gal991 ;pizza may be
daydreamez69 ;ok ,  they sell pie
lizzy_gal991 ;we order ?  ,  no ,  lol ,  maybe you go by the grocery store
daydreamez69 ;ok ,  will figure ,  have plenty of time
lizzy_gal991 ;yea
daydreamez69 ;only worry is how you tell your mom ,  when you skip school .  .  hehe
lizzy_gal991 ;yea
daydreamez69 ;tell me how ,  : - ?
lizzy_gal991 ;i'll gets omne i desa at school tomorrow
daydreamez69 ;We like to enjoy whole day//but if not .  .  .  it's ok
lizzy_gal991 ;ok ,  i try
daydreamez69 ;hr is good ,  just talk ,  hugs
lizzy_gal991 ;ok
daydreamez69 ;little kiss will do ,  you like to go all the way .  .  huh
lizzy_gal991 ;yea
daydreamez69 ;never try
lizzy_gal991 ;no
daydreamez69 ;oh ok ,  will feel good
lizzy_gal991 ;just kissing and stuff
daydreamez69 ;very good
lizzy_gal991 ;cool
daydreamez69 ;first time might hurt a bit
lizzy_gal991 ;ok
daydreamez69 ;but slowly
lizzy_gal991 ;kk
daydreamez69 ;then ok ,  little by little
lizzy_gal991 ;ok
daydreamez69 ;any of your friends talking about this ,  or thinking
lizzy_gal991 ;yea
daydreamez69 ;close friend
lizzy_gal991 ;i'm only vir ign left in my friends
daydreamez69 ;oh ok ,  they try with their BF
lizzy_gal991 ;yea
daydreamez69 ;what they say
lizzy_gal991 ;some like some don't
daydreamez69 ;bois are usually just ,  quick ,  and rough ,  but when we get experience ,  slow is better
lizzy_gal991 ;: x
daydreamez69 ;just take time and know how to use it ,  : - *
lizzy_gal991 ;can't wait
daydreamez69 ;anything you like to learn ,  tell me ,  will try ,  brb ,  back
lizzy_gal991 ;kk ,  someone there ?
daydreamez69 ;phone
lizzy_gal991 ;oh
daydreamez69 ;so .  .  seriously .  .  any girls try out what they call doggie
lizzy_gal991 ;no ,  what's taht
daydreamez69 ;instead do it in the front .  .  this one the back
lizzy_gal991 ;oh
daydreamez69 ;like sitting on it
lizzy_gal991 ;cool
daydreamez69 ;haha ,  how tall are you
lizzy_gal991 ;'2
daydreamez69 ;cool ,  weight
lizzy_gal991 ;you
daydreamez69 ;'7 ,  your weight ,  like ,  cool ,  fit
lizzy_gal991 ;yea
daydreamez69 ;so .  .  your friends don't like it at all
lizzy_gal991 ;some do
daydreamez69 ;do they use condom ,  for safe
lizzy_gal991 ;yea
daydreamez69 ;oh ok ,  hope you don't tell them about us
lizzy_gal991 ;i not ,  lol
daydreamez69 ;how old are they ,  same
lizzy_gal991 ;yea ,  -14
daydreamez69 ;your birthday
lizzy_gal991 ;no
daydreamez69 ;i thought ,  like
lizzy_gal991 ;lol no yahoo put those there
daydreamez69 ;oh ok ,  you like the idea for whole day huh ,  better ,  more enjoyable
lizzy_gal991 ;yea
daydreamez69 ;no rush there
lizzy_gal991 ;no
daydreamez69 ;only thing when mom keep calling you at home ,  then ,  trouble there
lizzy_gal991 ;she cant call from work remember
daydreamez69 ;oh ok ,  if you skip on the .  .  we can meet earlier morning
lizzy_gal991 ;ok
daydreamez69 ;stay in the room .  .  like or ,  pm
lizzy_gal991 ;cool
daydreamez69 ;yeah ,  can't wait huh ,  me too
lizzy_gal991 ;me !  !  !  11
daydreamez69 ;like to cuddle you in the bathtub ,  have little beer ,  kiss all over your body
lizzy_gal991 ;sounds fun
daydreamez69 ;uh huh ,  hold on baby .  .  .  let me check something
lizzy_gal991 ;what you check
daydreamez69 ;room ,  if available
lizzy_gal991 ;ok
daydreamez69 ;are you sure the
lizzy_gal991 ;yeA
daydreamez69 ;or let me know later ,  this week ,  I can get like days before the
lizzy_gal991 ;she no work then ,  thursday is best
daydreamez69 ;ok ,  brb ,  check if they have available
lizzy_gal991 ;ok
daydreamez69 ;baby
lizzy_gal991 ;yea
daydreamez69 ;days in is not good
lizzy_gal991 ;ok
daydreamez69 ;dirty ,  will get comfort suite
lizzy_gal991 ;kk
daydreamez69 ;check it if it's good ,  nap edited ,  photo look great ,  I have to check if we can get in in the back door ,  instead of front
lizzy_gal991 ;ok
daydreamez69 ;they might see you minor
lizzy_gal991 ;yea
daydreamez69 ;very nice room there ,  clean
lizzy_gal991 ;that link id not work
daydreamez69 ;re aql ly
lizzy_gal991 ;yea
daydreamez69 ;ok .  .  use yahoo ,  nap ,  |put in leesburg ,  va| ,  then choose hotel when bring up the nap
lizzy_gal991 ;wa hts the address yes
daydreamez69 ;click on some don't .  .  .  call comfort in ,  address edited ,  address edited
lizzy_gal991 ;ok ,  kewl
daydreamez69 ;yea ,  nice huh
lizzy_gal991 ;yeah ,  very
daydreamez69 ;yeah .  .  I like it ,  about $80 .  .  tax and extra thing ,  not bad
lizzy_gal991 ;cool
daydreamez69 ;you pay ,  haha ,  j/k
lizzy_gal991 ;lol ,  good ,  i don't have a job
daydreamez69 ;yeah i know that q tie ,  just hope no one work there know you
lizzy_gal991 ;yea ,  doubt that
daydreamez69 ;need to wear dark people asses ,  glasses ,  like
lizzy_gal991 ;lol ,  ok
daydreamez69 ;with that hat in your profile ,  hehe ,  wanna me call ,  you
lizzy_gal991 ;i gotta go soon
daydreamez69 ;oh ok ,  mom home
lizzy_gal991 ;will be soon
daydreamez69 ;ok ,  let me know if we can go for the ,  ok ,  send me off message ,  or call me
lizzy_gal991 ;ok
daydreamez69 ;ok .  .  baby ,  love you
lizzy_gal991 ;hugs ,  kisses
daydreamez69 ;: - *
lizzy_gal991 ;: x
daydreamez69 ;: -*:-*:-*:-*:-*:-*:-*:-*:-*:-*:-*:- * ,  thousand kisses ,  hehe ,  night baby
lizzy_gal991 ;night night
daydreamez69 ;sleep well ,  and keep secret between us
lizzy_gal991 ;i will
daydreamez69 ;: -$
lizzy_gal991 ;you
daydreamez69 ;bye darling ,  : - *
lizzy_gal991 ;by ,  hey !
daydreamez69 ;hey .  .  cute ,  how are you baby
lizzy_gal991 ;ok you
daydreamez69 ;m good ,  mom at work
lizzy_gal991 ;yea
daydreamez69 ;so .  .  what's the plan .  .  .  cute
lizzy_gal991 ;well i got a test on thursday
daydreamez69 ;may be i stop by today
lizzy_gal991 ;can we meet on friday
daydreamez69 ;yeah ,  how you tell mom about friday
lizzy_gal991 ;she will know i skipped if i miss the test ,  she goes work before i go school
daydreamez69 ;oh ok
lizzy_gal991 ;i'll just stay home
daydreamez69 ;what time she go to work ,  like friday ,  are you the grade
lizzy_gal991 ;yea
daydreamez69 ;what time you start ,  oh ok ,  the thing is school will call if you are not report to school ,  unless someone call sick for you .  .  or you call
lizzy_gal991 ;i'll call
daydreamez69 ;oh ok
lizzy_gal991 ;i've had do it before
daydreamez69 ;ok ,  so .  .  meet around ,  brb
lizzy_gal991 ;how about
daydreamez69 ;ok .  .  .  good plan
lizzy_gal991 ;cool
daydreamez69 ;hope she doesn't call home
lizzy_gal991 ;she can't make calls at work ,  remember
daydreamez69 ;ok ,  can you change your profile ,  put in the age like
lizzy_gal991 ;why
daydreamez69 ;afraid someone track our conversation ,  pretend like you are ,  so .  .  it's legal
lizzy_gal991 ;but i'm ,  not
daydreamez69 ;yeah .  .  but change for next only ,  after that you can change it back
lizzy_gal991 ;hm ok
daydreamez69 ;just say like just turn few months ago ,  |look for goodtime ,  ,  hand around malls ,  fun guy to have good ,  fun time .  .  kinda thing| ,  so .  .  everyone thought you are legal ,  they don't track it
lizzy_gal991 ;oh
daydreamez69 ;just for next .  .  .  you can change it back after that ,  I only afraid people track our conversation ,  that's all ,  ok .  .  .  cute
lizzy_gal991 ;ok ,  kewl
daydreamez69 ;yeah .  .  just bypass next
lizzy_gal991 ;who is they ,  yahoo ?
daydreamez69 ;yeah ,  or some goverment agency .  .  CRap ,  they track stuff ,  we don't wanna get into trouble ,  just make like legal
lizzy_gal991 ;ok
daydreamez69 ;yeah .  .  for next ,  you can change it back after we meet on friday ,  : -$
lizzy_gal991 ;kk ,  i don't want a get in trouble
daydreamez69 ;yeah ,  they usually look for anyone under ,  talking with someone older .  .  kinda thing
lizzy_gal991 ;oh
daydreamez69 ;yeah
lizzy_gal991 ;it's bad ?
daydreamez69 ;no ,  if the profile is over .  .  .  is ok
lizzy_gal991 ;ok
daydreamez69 ;so .  .  .  friday is good
lizzy_gal991 ;yes ,  definitely
daydreamez69 ;ok ,  like what time ,  so I can get the room
lizzy_gal991 ;i'll walk the Safeway
daydreamez69 ;ok .  .  baby
lizzy_gal991 ;meet you
daydreamez69 ;Safeway or golly ,  brb ,  golly ,  or afeway:- ?
lizzy_gal991 ;the strip mall next to the Safeway
daydreamez69 ;oh ok
lizzy_gal991 ;there's a roy rogers rest in it
daydreamez69 ;front of Safeway ,  meet you inside Safeway ,  roy roger:- ?
lizzy_gal991 ;out side
daydreamez69 ;ok
lizzy_gal991 ;you come in your van ?
daydreamez69 ;I might
lizzy_gal991 ;how will i know you
daydreamez69 ;or small car ,  yeah .  .  .  van
lizzy_gal991 ;what it look like
daydreamez69 ;what you dress that day ,  white van
lizzy_gal991 ;it's cold i'll wear my big black coat
daydreamez69 ;ok
lizzy_gal991 ;yea that are mill ons of white vans ,  how i know irs U
daydreamez69 ;Toyota ,  I will wave you ,  you change profile later
lizzy_gal991 ;ok
daydreamez69 ;: 30
lizzy_gal991 ;yea
daydreamez69 ;ok ,  wanna go to the back of Safeway ,  or front ,  may be lot of people go shopping
lizzy_gal991 ;may be ,  but it look funny if i in back
daydreamez69 ;oh ok .  .  front then ,  got coin to call me
lizzy_gal991 ;if someone see me in back they may call cop
daydreamez69 ;or call from home before you go ,  oh ok
lizzy_gal991 ;i'll call from home before i go
daydreamez69 ;ok .  .  baby ,  anything important staud why on friday ,  study
lizzy_gal991 ;no ,  test on thursday
daydreamez69 ;good luck .  .  cute
lizzy_gal991 ;it's english
daydreamez69 ;ok ,  honor roll:- ?
lizzy_gal991 ;no
daydreamez69 ;ok ,  : - * ,  i call you later ,  before mom get home ,  brb ,  : - *
lizzy_gal991 ;hey !  !  1
daydreamez69 ;hi cute ,  how are you
lizzy_gal991 ;ok you ,  cold
daydreamez69 ;wish i were there .  .  warm ya up:-$
lizzy_gal991 ;me
daydreamez69 ;mom at work
lizzy_gal991 ;no
daydreamez69 ;oh ok ,  why so sad
lizzy_gal991 ;just wish i could be with you
daydreamez69 ;oh ok ,  it's ok
lizzy_gal991 ;wish it was friday
daydreamez69 ;not too long .  .  hehe ,  sure wanna go bad huh
lizzy_gal991 ;yea
daydreamez69 ;wanna try everything huh
lizzy_gal991 ;yea
daydreamez69 ;you change profile:- ?  ,  for next week
lizzy_gal991 ;oh i got
daydreamez69 ;change back after next week
lizzy_gal991 ;i'll do it
daydreamez69 ;ok .  .  sweetie ,  metoo .  .  wish i were there ,  give you a HOT HOT kiss
lizzy_gal991 ;yum
daydreamez69 ;need to warm up in van before we go .  .  .  hehhe
lizzy_gal991 ;he he
daydreamez69 ;sit on my lap ,  kiss ,  get it HOT
lizzy_gal991 ;: - *
daydreamez69 ;keep between us .  .  then we can go for long time
lizzy_gal991 ;out secret ,  our
daydreamez69 ;uh huh
lizzy_gal991 ;i tell no one
daydreamez69 ;don't tell even your close GF ok
lizzy_gal991 ;i won't promise
daydreamez69 ;they might run around with this
lizzy_gal991 ;i promise
daydreamez69 ;then we will have big problem ,  ok .  .  .  I trust you ,  : - *
lizzy_gal991 ;cool
daydreamez69 ;what you like Xmas
lizzy_gal991 ;you no tell anyone
daydreamez69 ;surprise you
lizzy_gal991 ;yea
daydreamez69 ;of course i won't ,  I m old enough ,  only afraid you
lizzy_gal991 ;how old you again ?
daydreamez69 ;mid
lizzy_gal991 ;cool
daydreamez69 ;are you sure
lizzy_gal991 ;yes
daydreamez69 ;no ly my young body ,  HOT body
lizzy_gal991 ;can't wait !  !  !
daydreamez69 ;so .  .  set for friday huh
lizzy_gal991 ;yes
daydreamez69 ;what time need be home
lizzy_gal991 ;-4
daydreamez69 ;ok .  .  cool ,  what time mom be home
lizzy_gal991 ;or so
daydreamez69 ;ok ,  you call school before go
lizzy_gal991 ;yes
daydreamez69 ;i will be there earlier if we wanna start earlier ,  like ,  or whenever you can go ,  remember my to call
lizzy_gal991 ;give it me again
daydreamez69 ;just remember .  .  don't write it down
lizzy_gal991 ;ok ,  kk
daydreamez69 ;just remember last ,  number ,  we need to go down near Dulles airport .  .  better
lizzy_gal991 ;why
daydreamez69 ;nice room with room service ,  afraid people recognize you
lizzy_gal991 ;i scared go far away
daydreamez69 ;brb ,  not too far ,  like minutes ,  or .  .  15 minutes ,  drive ,  hehe ,  remember change profile
lizzy_gal991 ;ok
daydreamez69 ;ok .  .  cute ,  put age like ,  turn to in oct .  .  something ,  to make sure .  .  .  no body tracking us
lizzy_gal991 ;ok ,  we don't hafta meet if you scared
daydreamez69 ;I like too .  .  .  as long as you keep between us
lizzy_gal991 ;ok
daydreamez69 ;love to enjoy .  .  have our great time together ,  show you how much fun it can be:-$
lizzy_gal991 ;: x ,  i just don't want a get pregnant
daydreamez69 ;will take care that ,  wear condom
lizzy_gal991 ;kk
daydreamez69 ;or let it out .  .  not inside ,  of you ,  like anything xmas
lizzy_gal991 ;i love clothes
daydreamez69 ;how you tell your mom
lizzy_gal991 ;i dunno
daydreamez69 ;you like mp3 ,  may be take you to buy something after that
lizzy_gal991 ;ok
daydreamez69 ;when we left hotel ,  like pm ,  or
lizzy_gal991 ;go shopping ?
daydreamez69 ;yeah ,  bebe store
lizzy_gal991 ;cool
daydreamez69 ;ok .  .  cute ,  don't know which shopping have bebe store .  .  will check on the internet
lizzy_gal991 ;ok kk
daydreamez69 ;only thing afraid how you tell your mom
lizzy_gal991 ;yea ,  me
daydreamez69 ;will figure out when we get get her ,  ok
lizzy_gal991 ;ok
daydreamez69 ;change profile ,  I be back later ,  baby ,  : - *
lizzy_gal991 ;><
daydreamez69 ;love you q tie
lizzy_gal991 ;: x
daydreamez69 ;smoo of och ,  : - *
lizzy_gal991 ;i changed my profile you
daydreamez69 ;: - *
lizzy_gal991 ;hey q tie
daydreamez69 ;how are you .  .  baby
lizzy_gal991 ;ok you
daydreamez69 ;miss ya:- * ,  cold
lizzy_gal991 ;you ,  yea !  !  !  1
daydreamez69 ;need your body to warm me:-$ ,  how about get together after school .  .  warm up a bit
lizzy_gal991 ;friday ,  lol
daydreamez69 ;how about to the age for ,  hehe ,  ok .  .  I guess
lizzy_gal991 ;i did
daydreamez69 ;on the age section ,  just for this week ,  on friday .  .  we don't have to go far .  .  .  just go to hotel like we talked before
lizzy_gal991 ;kk ,  done
daydreamez69 ;I don't book it
lizzy_gal991 ;why not
daydreamez69 ;their check in time like pm ,  but they say check if available .  .  we can check in ,  I am sure we will have ,  if not go to another hotel:-$ ,  few of them around the area
lizzy_gal991 ;kk
daydreamez69 ;I like the one in Dulles airport .  .  nice but little long drive
lizzy_gal991 ;yea
daydreamez69 ;so .  .  what time should we meet you ,  at Safeway
lizzy_gal991 ;we ?  ?
daydreamez69 ;oh ,  I ,  hehe ,  cool .  .  .  profile looks good
lizzy_gal991 ;it's so cold you meet me at that roy rogers restaurant
daydreamez69 ;don't have to worry much ,  oh ok ,  I drive white Toyota van ,  when you see
lizzy_gal991 ;corner of catoctin cir and king st
daydreamez69 ;you can go out .  .  .  ok baby
lizzy_gal991 ;kk
daydreamez69 ;what time mom go to work
lizzy_gal991 ;-8
daydreamez69 ;you have to leave for school before right
lizzy_gal991 ;yea
daydreamez69 ;then if she's home around that time .  .  .  how it gonna work
lizzy_gal991 ;if she don't leave before i have go then i'll walk down the street and hide until she leaves
daydreamez69 ;oh boy
lizzy_gal991 ;she usually leave early
daydreamez69 ;maybe stay in Safeway .  .  some where warm
lizzy_gal991 ;that's why i go to the restaurant
daydreamez69 ;but you have to call school too
lizzy_gal991 ;get coffee ,  yea
daydreamez69 ;you drink coffee
lizzy_gal991 ;yea
daydreamez69 ;cool ,  me too
lizzy_gal991 ;cool
daydreamez69 ;don't you have to call school before
lizzy_gal991 ;what you want me wear
daydreamez69 ;anything .  .  I don't care .  .  .  just stay warm
lizzy_gal991 ;kk
daydreamez69 ;may be something sexy ,  hehe
lizzy_gal991 ;lol ,  kk
daydreamez69 ;i will take off .  .  slowlyyyyyyy then ,  hehe ,  my thing is getting HOT here
lizzy_gal991 ;thing ?
daydreamez69 ;you know ,  my ,  C ,  o ,  c ,  K
lizzy_gal991 ;lol oh ,  kewl
daydreamez69 ;haha ,  sure wanna go all the way huh
lizzy_gal991 ;yea
daydreamez69 ;might have to get condoms
lizzy_gal991 ;wow
daydreamez69 ;j/k
lizzy_gal991 ;lol
daydreamez69 ;double it .  .  .  make sure no pregnant
lizzy_gal991 ;yea no pregnant
daydreamez69 ;you have period every month
lizzy_gal991 ;yea
daydreamez69 ;on time ,  like what day
lizzy_gal991 ;week each month
daydreamez69 ;really ,  soon yet
lizzy_gal991 ;just finish it
daydreamez69 ;oh ok ,  good ,  nice and clean huh:-$
lizzy_gal991 ;i guess
daydreamez69 ;like bubble bath:- ?  ,  maybe I go buy some .  .  ,  we sit in bathtub .  .  drink some beer .  .  .  enjoy fun time there
lizzy_gal991 ;yea i do ,  sounds fun
daydreamez69 ;yeah .  .  .  take it slow ,  have plenty of time
lizzy_gal991 ;yea
daydreamez69 ;I will be there earlier .  .  try to get the room earlier if I can ,  if not then I go meet you first .  .  get room later
lizzy_gal991 ;kk
daydreamez69 ;mom at work
lizzy_gal991 ;how early
daydreamez69 ;I go to work earlier ,  : 30 ,  but drive up there ,  may be ,  get coffee and thing for us
lizzy_gal991 ;kk ,  where you work
daydreamez69 ;what size you are wearing .  .  .  jacket ,  up in rockville
lizzy_gal991 ;jacket ?  ,  y ,  you call in sick friday ?
daydreamez69 ;yeah
lizzy_gal991 ;cool
daydreamez69 ;any day ,  thought maybe buy you a bebe sweater
lizzy_gal991 ;kk
daydreamez69 ;or you like little necklace ,  gold
lizzy_gal991 ;kewl !  !  !  1
daydreamez69 ;yeah ,  for souvenir ,  xmas
lizzy_gal991 ;cool
daydreamez69 ;just tell mom like .  .  .  someone drop that in cafeteria ,  no one claim .  .  so
lizzy_gal991 ;kk
daydreamez69 ;try to look for morrow
lizzy_gal991 ;what
daydreamez69 ;gold necklace
lizzy_gal991 ;oh ,  kk
daydreamez69 ;sweater is hard to find the reason tell mom
lizzy_gal991 ;yea
daydreamez69 ;or maybe mp3 player
lizzy_gal991 ;i like necklace
daydreamez69 ;oh ok baby ,  silver .  .  gold:- ?
lizzy_gal991 ;gold
daydreamez69 ;ok ,  any particular shape
lizzy_gal991 ;no
daydreamez69 ;ok baby ,  do you have to go back home to call school when mom left for work
lizzy_gal991 ;yea
daydreamez69 ;wow .  .  .  hopefully when you get home .  .  .  she left ,  otherwise .  .  .  problem there
lizzy_gal991 ;ok i call from pay phone
daydreamez69 ;yea ,  pretend to be mom call for daughter ,  or you just call for yourself
lizzy_gal991 ;i can me ,  done it before
daydreamez69 ;oh ok ,  well if you are there earlier in roy roger ,  maybe we can get get her earlier
lizzy_gal991 ;kk ,  you gonna be inside ?
daydreamez69 ;don't have to be in roy roger that long ,  no .  .  .  I will wait in the van
lizzy_gal991 ;kk
daydreamez69 ;when you cameron .  .  .  just go out
lizzy_gal991 ;if you there early i may not be there when you get there
daydreamez69 ;I will try to park in the front of roy roger ,  it's ok ,  i just wait .  .  maybe sleep in the van .  .  .  I have sleeping bag ,  pillow .  .  whole yards
lizzy_gal991 ;cool
daydreamez69 ;hehe
lizzy_gal991 ;how will i know it's your van
daydreamez69 ;if we can't check in earlier .  .  .  we can stay low in the van ,  white color ,  toyota sienna ,  guess only one in roy roger earlier
lizzy_gal991 ;i hope ,  lol
daydreamez69 ;hehe ,  don't go to the wrong one
lizzy_gal991 ;hmm
daydreamez69 ;j/k ,  I will waive ,  what time you have to pretend go to school on friday .  .  .  like : 30 to take the bus
lizzy_gal991 ;yea
daydreamez69 ;then I guess you be in roy roger around ,  not too far from home I guess
lizzy_gal991 ;yea
daydreamez69 ;is it next to Safeway
lizzy_gal991 ;yeah
daydreamez69 ;cool
lizzy_gal991 ;if mom lea vs early i will be later
daydreamez69 ;oh ok ,  I just don't want you to stay out .  .  too cold .  .  baby
lizzy_gal991 ;me !  i know ,  you wait me ?
daydreamez69 ;yes .  .  no matter what
lizzy_gal991 ;kk ,  : x
daydreamez69 ;even sleep there / 2 day ,  they might kick me out of the parking lot
lizzy_gal991 ;lol
daydreamez69 ;: - *
lizzy_gal991 ;kiss
daydreamez69 ;days to go huh
lizzy_gal991 ;yea
daydreamez69 ;keep between us .  .  .  don't tell your close GF .  .  .  ok .  .  .  cute
lizzy_gal991 ;kk !
daydreamez69 ;they might run around with that
lizzy_gal991 ;promise
daydreamez69 ;ok .  .  .  sweetie ,  will have great time
lizzy_gal991 ;cool
daydreamez69 ;you will enjoy it
lizzy_gal991 ;can't wait
daydreamez69 ;I might bring my laptop ,  we can watch some hot movie there in the room
lizzy_gal991 ;kewl !  !  !  11
daydreamez69 ;learn some new moves:-$
lizzy_gal991 ;wow
daydreamez69 ;yeah .  .  .  learn some good thing from there
lizzy_gal991 ;cool
daydreamez69 ;get experience be
lizzy_gal991 ;i never watch of those
daydreamez69 ;oh ok ,  you shy watching it
lizzy_gal991 ;lol ,  i dunno ,  never watched
daydreamez69 ;should be fun ,  got to run
lizzy_gal991 ;yea
daydreamez69 ;back later hunni
lizzy_gal991 ;kk
daydreamez69 ;would you be on ,  later
lizzy_gal991 ;i try
daydreamez69 ;like what time
lizzy_gal991 ;when you be on
daydreamez69 ;around .  .  maybe ,  but if not .  .  .  will meet morrow
lizzy_gal991 ;kk
daydreamez69 ;love you baby ,  bye
lizzy_gal991 ;by q tie
daydreamez69 ;keep them HOT for me ,  you have ?
lizzy_gal991 ;what
daydreamez69 ;like ,  boos:-$
lizzy_gal991 ;huh
daydreamez69 ;you know ,  breast ,  growing
lizzy_gal991 ;lol oh
daydreamez69 ;little
lizzy_gal991 ;yea
daydreamez69 ;haha
lizzy_gal991 ;little
daydreamez69 ;cool ,  : -$ ,  can't wait for friday .  .  .  hunni
lizzy_gal991 ;me !  !  !
daydreamez69 ;bye now .  .  .  going out buy some food ,  dinner
lizzy_gal991 ;kk
daydreamez69 ;back later ,  : - *
lizzy_gal991 ;hey q tie
daydreamez69 ;hehe ,  how are you .  .  .  cute
lizzy_gal991 ;ok you ,  excited about friday !
daydreamez69 ;so cold
lizzy_gal991 ;what if it snow
daydreamez69 ;need you bad
lizzy_gal991 ;you still come if it snow
daydreamez69 ;we still go .  .  are we
lizzy_gal991 ;yea
daydreamez69 ;ok
lizzy_gal991 ;even if it snow
daydreamez69 ;what happen if school close
lizzy_gal991 ;she still go work ,  it be kewl
daydreamez69 ;but you
lizzy_gal991 ;won't have skip
daydreamez69 ;still go with plan huh
lizzy_gal991 ;yea
daydreamez69 ;cool
lizzy_gal991 ;same plan ,  roy rogers
daydreamez69 ;got the room reserved
lizzy_gal991 ;COOL
daydreamez69 ;good
lizzy_gal991 ;where at
daydreamez69 ;comfort suite ,  on prosperity rd .  .  I think
lizzy_gal991 ;cool
daydreamez69 ;near roy roger
lizzy_gal991 ;in your name ?
daydreamez69 ;yea
lizzy_gal991 ;i have sneak in ?
daydreamez69 ;no reserve for
lizzy_gal991 ;cool
daydreamez69 ;pretend like my niece
lizzy_gal991 ;kk
daydreamez69 ;hehe
lizzy_gal991 ;what's our last name ?  ,  lol
daydreamez69 ;don't have to match
lizzy_gal991 ;kk ,  so friday i'll wear
daydreamez69 ;they usually don't ask that
lizzy_gal991 ;a black coat with fur on hood ,  jeans
daydreamez69 ;beside we pay money ,  ok .  .  .  cute
lizzy_gal991 ;knit hat to keep my head warm
daydreamez69 ;cool ,  I wait in the van .  .  just come out when you see
lizzy_gal991 ;you wave at me ?
daydreamez69 ;yeah
lizzy_gal991 ;wish i now a better way now you
daydreamez69 ;any other better way:- ?
lizzy_gal991 ;hmm
daydreamez69 ;usssually hotel .  .  they have some back door
lizzy_gal991 ;when you drive up i mean
daydreamez69 ;we can get in if we have key ,  yeah ,  I check in first ,  then go around if they have back door we can get in ,  if not just pretend like uncle and niece ,  carry some stuff and get ni
lizzy_gal991 ;kk
daydreamez69 ;I bring my laptop ,  we watch some hot movie:-$
lizzy_gal991 ;cool
daydreamez69 ;like robots ,  war of the worlds ,  I bought you a gift:-$
lizzy_gal991 ;KEWL !  !  111
daydreamez69 ;yeah .  .  stop by shopping today ,  weather so cold ,  dress warm for friday .  .  .  ok .  .  cute
lizzy_gal991 ;oh i will ,  lol ,  pull my hat way down ,  hood on coat way up
daydreamez69 ;will slowly take them off when we are in the room ,  hehe ,  j/k ,  make it look like .  .  huh ,  Bond's girl
lizzy_gal991 ;huh ,  what's that
daydreamez69 ;james bond ,  movie
lizzy_gal991 ;oh ,  kk
daydreamez69 ;are you sure .  .  .  don't have any problem .  .  for friday
lizzy_gal991 ;yea ,  you are sure
daydreamez69 ;no one know our plan
lizzy_gal991 ;nope
daydreamez69 ;ok ,  I call sick friday ,  instead of taking vacation ,  save a day
lizzy_gal991 ;cool
daydreamez69 ;have bought .  .  .  that thing yet ,  haven't ,  need to buy tomorrow .  .  .  if we go all the way
lizzy_gal991 ;what thing
daydreamez69 ;protection ,  no Preg
lizzy_gal991 ;oh ,  kk
daydreamez69 ;double it .  .  so it won't leak ,  anyway .  .  I will take care of that ,  anything you want to eat ,  hope they have room service
lizzy_gal991 ;me
daydreamez69 ;or we can order delivery
lizzy_gal991 ;kk ,  i like pie
daydreamez69 ;we have micro vave in the room ,  and refrigerator ,  we can buy stuff and warm it in the room
lizzy_gal991 ;kk
daydreamez69 ;don't have to go far
lizzy_gal991 ;cool
daydreamez69 ;maybe I go for / 2hr .  .  buy stuff ,  and get back ,  while you can watch some hot movie ,  very hot ,  old movie .  .  .  small screen ,  but great ,  you don't want ,  you don't want movie:- ?
lizzy_gal991 ;yea ,  i do
daydreamez69 ;oh ok
lizzy_gal991 ;so ww ycomp slow
daydreamez69 ;it's ok ,  you use mom competition
lizzy_gal991 ;no it's mine
daydreamez69 ;just don't click on remember password ,  retype every time you logon
lizzy_gal991 ;kk
daydreamez69 ;wanna me to show you how to clear your competition .  .  after chat
lizzy_gal991 ;sur
daydreamez69 ;clear out any image after use ,  you use Explorer
lizzy_gal991 ;yea
daydreamez69 ;click on tools .  .  tap ,  then internet option
lizzy_gal991 ;kk
daydreamez69 ;then advanced ,  hold the bar go all the way down ,  check on empty temp internet .  .  and save ,  or apply
lizzy_gal991 ;ok
daydreamez69 ;that way will clear ,  after you close explorer ,  what time should you be in roy roger on friday
lizzy_gal991 ;wish
daydreamez69 ;ok ,  I might go check if the room available first
lizzy_gal991 ;kk
daydreamez69 ;still remember my ,  call me if i m not there yet
lizzy_gal991 ;kk
daydreamez69 ;you know how to clear your yahoo
lizzy_gal991 ;no
daydreamez69 ;ok ,  go to my computer ,  click on C drive ,  then program files ,  then yahoo ,  then message are ,  then profiles
lizzy_gal991 ;kk
daydreamez69 ;then your yahoo ID ,  then archive folder ,  which will show every one you chat ,  delete them
lizzy_gal991 ;kk
daydreamez69 ;or delete archive folder ,  will c laer ,  clear
lizzy_gal991 ;kk
daydreamez69 ;"you see """" my Icon """" ,  open it then you can delete your image .  .  .  show people when you chat ,  mom probably won't know these things"
lizzy_gal991 ;ok
daydreamez69 ;only thing is don't save password in yahoo ,  type everytime when you logon .  .  .  .  then it's safe ,  you might create another main yahoo ID for back up ,  just in case if mom want to see who you chat with
lizzy_gal991 ;ok
daydreamez69 ;can't wait for friday huh
lizzy_gal991 ;yea !
daydreamez69 ;I only worry when we get to hotel ,  find the way to get in .  .  .  so people not suspicious
lizzy_gal991 ;yea ,  me
daydreamez69 ;hope not too obvious ,  will figure when we get together in the morning .  .  ok
lizzy_gal991 ;kk ,  can't wait !
daydreamez69 ;me too q tie ,  should be fun ,  sure you can handle it ?
lizzy_gal991 ;yea
daydreamez69 ;hehe ,  hope not to pain ,  hehe ,  you not chicken out .  .  aren't you
lizzy_gal991 ;no ,  lol ,  ru
daydreamez69 ;me either ,  no ly thing not to get pregnant ,  important thing
lizzy_gal991 ;yea
daydreamez69 ;be home around
lizzy_gal991 ;yea
daydreamez69 ;how many GF you know have been through this experience
lizzy_gal991 ;all but me
daydreamez69 ;like how many ,  all
lizzy_gal991 ;yea
daydreamez69 ;they might wanna join you after this .  .  .  ,  hehe
lizzy_gal991 ;lol
daydreamez69 ;since you will have too much fun ,  they might wanna experience it .  .  hehe ,  hope you don't tell them
lizzy_gal991 ;no
daydreamez69 ;ok ,  anything else we need for friday ,  I be up there earlier .  .  try to work on the room ,  and figure how we get in safe ,  then cum around .  .  .  pick you up
lizzy_gal991 ;kk
daydreamez69 ;mom at work ?
lizzy_gal991 ;no
daydreamez69 ;home huh
lizzy_gal991 ;yea
daydreamez69 ;ok .  .  .  careful
lizzy_gal991 ;kk
daydreamez69 ;I logoff
lizzy_gal991 ;ok
daydreamez69 ;don't talk too much .  .  she might know .  .  .  ok
lizzy_gal991 ;she down stair
daydreamez69 ;oh ok ,  miss your voice .  .  cute
lizzy_gal991 ;yea
daydreamez69 ;we need to stay slow in the van .  .  .  en joy some hot kiss ,  when we meet on friday ,  turn the heat on in the van .  .  keep warm
lizzy_gal991 ;yea it be cold
daydreamez69 ;I bring along sleeping bag .  .  just in case we check in late
lizzy_gal991 ;kk
daydreamez69 ;i m going .  .  .  would you be on tomorrow ,  oh .  .  I m busy morrow night
lizzy_gal991 ;what you do
daydreamez69 ;but be online late ,  work extra
lizzy_gal991 ;oh ,  what time you be on
daydreamez69 ;and Thursday too ,  like probably
lizzy_gal991 ;kk i try be on
daydreamez69 ;may be late for you ,  if not .  .  it's ok ,  don't let mom know
lizzy_gal991 ;kk i won't
daydreamez69 ;we'll meet on friday anyway
lizzy_gal991 ;you sur be there friday ?  ?  !  !
daydreamez69 ;yes
lizzy_gal991 ;cool
daydreamez69 ;what .  .  .  you afraid
lizzy_gal991 ;i don't want a walk in the snow if you not
daydreamez69 ;I will be there ,  I got the room already
lizzy_gal991 ;cool
daydreamez69 ;anything change .  .  .  let me know .  .  .  ok
lizzy_gal991 ;ok ,  i miss you ,  see ya friday
daydreamez69 ;you don't have to .  .  .  if you don't want to .  .  baby
lizzy_gal991 ;i want
daydreamez69 ;ok ,  will try on friday
lizzy_gal991 ;you don't if you don't want ,  hafta
daydreamez69 ;I sure will ,  go
lizzy_gal991 ;>< ,  hey
daydreamez69 ;yeah .  .  .  cute
lizzy_gal991 ;you back ?
daydreamez69 ;mom not there ,  yeah ,  miss you ,  get back
lizzy_gal991 ;cool
daydreamez69 ;so .  .  .  sure like to try everything huh
lizzy_gal991 ;yes
daydreamez69 ;anything you know ,  or your GF tell you
lizzy_gal991 ;just kiss in
daydreamez69 ;that's it ,  hehe
lizzy_gal991 ;":"""" >"
daydreamez69 ;much more than that ,  only afraid your shy do in it
lizzy_gal991 ;we don't hafta
daydreamez69 ;i mean if you are shy of doing things beside kissing ,  there are more fun stuff .  .  .  guess you can watch the film
lizzy_gal991 ;just shy about talking
daydreamez69 ;oh ok ,  brb ,  hold on baby .  .  back in ,  back ,  : - *
lizzy_gal991 ;kk ,  : - *
daydreamez69 ;if too cold on friday .  .  .  tell me somewhere near i stop by pick you up .  .  cute ,  don't have to walk too far
lizzy_gal991 ;roy roger not far
daydreamez69 ;oh ok ,  is it near safeway right
lizzy_gal991 ;yes
daydreamez69 ;address edited ,  address edited
lizzy_gal991 ;kk
daydreamez69 ;across there
lizzy_gal991 ;yea ,  right get her
daydreamez69 ;ok ,  I will be on the roy roger side ,  on friday
lizzy_gal991 ;yea lol ,  i be in roys
daydreamez69 ;hehe ,  yeah ,  want some breakfast
lizzy_gal991 ;don't want a freeze
daydreamez69 ;we can sit in the van eat
lizzy_gal991 ;kk
daydreamez69 ;order take out ,  or IHOP somewhere
lizzy_gal991 ;maybe they have pie
daydreamez69 ;what kind of pie .  .  .  maybe I buy on the way there
lizzy_gal991 ;chocolate
daydreamez69 ;chocolate pie ,  or cake
lizzy_gal991 ;PIE ,  lol
daydreamez69 ;hehe ,  I don't know these things ,  girl stuff ,  where can I buy it
lizzy_gal991 ;i dunno
daydreamez69 ;I think they have in Starbucks ,  or some bakery store
lizzy_gal991 ;kk
daydreamez69 ;I give you hot kiss replace Pie then
lizzy_gal991 ;cool
daydreamez69 ;: - * ,  any of your GF enjoy the fun at all ,  or they just don't like it
lizzy_gal991 ;some do
daydreamez69 ;with BF
lizzy_gal991 ;yea
daydreamez69 ;at home after school you mean
lizzy_gal991 ;yea
daydreamez69 ;they went all the way
lizzy_gal991 ;yea
daydreamez69 ;quick ,  like minutes
lizzy_gal991 ;yea
daydreamez69 ;yeah .  .  usually first one always quick ,  because getting too hot ,  but from second on
lizzy_gal991 ;oh
daydreamez69 ;with me ,  first one might take few minutes ,  like
lizzy_gal991 ;kk
daydreamez69 ;second one ,  go for minutes ,  .  .  .  15 ,  .  .  20 ,  .  .  .  1hr
lizzy_gal991 ;wow
daydreamez69 ;hehe ,  handle to ,  there are some other things too
lizzy_gal991 ;oh
daydreamez69 ;like ?  ,  kiss in ,  licking ,  playing ,  with hand ,  finder ,  finger ,  stuff
lizzy_gal991 ;: - *
daydreamez69 ;well .  .  will try on friday ,  ok .  .  cute
lizzy_gal991 ;kk ,  can't wait
daydreamez69 ;me too .  .  cute ,  hope we can get get her more often after friday ,  sometimes
lizzy_gal991 ;me
daydreamez69 ;don't take too many off school .  .  mom kills you
lizzy_gal991 ;yea
daydreamez69 ;she finds out .  .  big problem ,  just enjoy friday ,  will figure out later ,  to get together
lizzy_gal991 ;kk ,  we be careful
daydreamez69 ;yeah .  .  .  only worry about you ,  I know how to take my ,  take care my
lizzy_gal991 ;yea
daydreamez69 ;don't be scare if mom know and threatening you ,  as long as you don't say a thing .  .  .  we will be safe
lizzy_gal991 ;i won't ,  i promise
daydreamez69 ;ok ,  will try to go as many times as you like on friday
lizzy_gal991 ;kewl ,  i like that
daydreamez69 ;my is hard and up easily ,  : -$ ,  any GF ask you about it at all
lizzy_gal991 ;no
daydreamez69 ;talk about guys most of the time:- ?  ,  hehe
lizzy_gal991 ;lol no
daydreamez69 ;ready for test on the huh
lizzy_gal991 ;sorta ,  i study tomorrow
daydreamez69 ;math test ,  or midterm or something
lizzy_gal991 ;yea ,  big test before Xmas
daydreamez69 ;oh ok ,  come friday .  .  will give you hot massage
lizzy_gal991 ;kewl !  !  1
daydreamez69 ;every where with my soft tongue
lizzy_gal991 ;cool
daydreamez69 ;hehe ,  sure you won't get tickled
lizzy_gal991 ;lol hope not
daydreamez69 ;will see
lizzy_gal991 ;mom calling me gotta go
daydreamez69 ;ok .  .  cute ,  night are
lizzy_gal991 ;heya !
daydreamez69 ;how are you
lizzy_gal991 ;you get off early ?
daydreamez69 ;cold
lizzy_gal991 ;yea
daydreamez69 ;uh huh
lizzy_gal991 ;cool
daydreamez69 ;brb ,  go up there .  .  check in morrow
lizzy_gal991 ;on thursday ?
daydreamez69 ;yeah
lizzy_gal991 ;cool
daydreamez69 ;because friday can't check in until pm
lizzy_gal991 ;kk
daydreamez69 ;might ask them checkout late ,  you have time sneak out ,  like an hr .  .  something ,  if not friday ,  early morning
lizzy_gal991 ;no friday
daydreamez69 ;ok ,  how earlier ,  we get earlier friday
lizzy_gal991 ;wish
daydreamez69 ;no
lizzy_gal991 ;i want make sure mom is gone ,  have call school
daydreamez69 ;what time suppose go to school ,  call from my cell
lizzy_gal991 ;kk
daydreamez69 ;so .  .  go earlier
lizzy_gal991 ;i try early ,  as i can
daydreamez69 ;ok ,  hope check out late ,  like pm friday ,  remember my cell
lizzy_gal991 ;yea
daydreamez69 ;ok ,  i check in morrow but leave ,  get back earlier friday morning
lizzy_gal991 ;S King St ,  that the roy roger you need go ,  i check the other
daydreamez69 ;ok
lizzy_gal991 ;it far walk
daydreamez69 ;call me when you about get there ,  then i go to roy roger
lizzy_gal991 ;i won't have phone with me ,  i call when i leave my house
daydreamez69 ;try earlier if not is fine ,  ok
lizzy_gal991 ;cool
daydreamez69 ;sure won't change mind
lizzy_gal991 ;i won't
daydreamez69 ;ok
lizzy_gal991 ;promise
daydreamez69 ;ok .  .  cute ,  got awesome movie:-$
lizzy_gal991 ;really
daydreamez69 ;will try some of those
lizzy_gal991 ;cool
daydreamez69 ;hehe
lizzy_gal991 ;how far you live from here
daydreamez69 ;about an hr
lizzy_gal991 ;kk
daydreamez69 ;what ,  come play often
lizzy_gal991 ;that's long way
daydreamez69 ;let me know when I find time for it ,  let try friday first
lizzy_gal991 ;kk
daydreamez69 ;if you like .  .  we can do more often ,  as long as you keep secret
lizzy_gal991 ;kk ,  our secret
daydreamez69 ;yea
lizzy_gal991 ;promise
daydreamez69 ;no telling no one ,  promise huh ,  : - * ,  got to go .  .  back like minutes
lizzy_gal991 ;yes
daydreamez69 ;take a bath
lizzy_gal991 ;kk
daydreamez69 ;join me now ,  by cute .  .  BBL:- *
lizzy_gal991 ;kk ,  kiss
daydreamez69 ;mom is home
lizzy_gal991 ;yea
daydreamez69 ;gonna be cold morrow ,  but friday better
lizzy_gal991 ;yea ,  much
daydreamez69 ;test morrow ,  good luck .  .  cute
lizzy_gal991 ;yea ,  thanks !
daydreamez69 ;do good .  .  .  get awesome award friday ,  : -$ ,  hehe ,  sure can handle it ?
lizzy_gal991 ;yea
daydreamez69 ;hehe ,  will be slow www first time ,  I cum up there morrow ,  but no you ,  guess friday is ok
lizzy_gal991 ;yea ,  tomorrow bad ,  where you be
daydreamez69 ;try earlier .  .  cause maybe have to check out ,  i'll be in hotel ,  put stuff there and figure out where s roy roger ,  and door to get in in hotel
lizzy_gal991 ;kk
daydreamez69 ;get to know place q tie live ,  hehe ,  not shy watch movie ,  everything goes there
lizzy_gal991 ;kewl ,  yea i like movie
daydreamez69 ;my old laptop .  .  start so slow ,  but sure can watch movie on it
lizzy_gal991 ;kk
daydreamez69 ;what time you suppose to leave house school ,  on friday ,  so if mom leave earlier .  .  then you call school ,  if not .  .  .  you have to go roy roger ,  : - ?  ,  or hide somewhere
lizzy_gal991 ;yea
daydreamez69 ;cold outside
lizzy_gal991 ;i wear big coat ,  hat ,  not stay out long
daydreamez69 ;why don't go see me ,  then use my cell call school ,  then we go from there
lizzy_gal991 ;i will as soon as can
daydreamez69 ;wanna make sure mom leave for work huh ,  do you have to go back home ,  to check on her
lizzy_gal991 ;yea
daydreamez69 ;oh ok ,  afraid if she's still home .  .  then you'll be big trouble
lizzy_gal991 ;yea
daydreamez69 ;for skip school
lizzy_gal991 ;yea
daydreamez69 ;so .  .  why check for ,  she will think you are i school anyway
lizzy_gal991 ;so i can be sur
daydreamez69 ;only thing if she s still home the null be in trouble ,  why don't go with me .  .  drive by
lizzy_gal991 ;i won't go inside silly
daydreamez69 ;look if her car still there ,  if not then we are ok
lizzy_gal991 ;yea
daydreamez69 ;go back of my van ,  with dark glass .  .  .  can't c from outside
lizzy_gal991 ;kk
daydreamez69 ;ok ,  so wanna meet around ,  then drive by house ,  if she's still home then .  .  wait
lizzy_gal991 ;kk ,  i call when i leave house
daydreamez69 ;call me ,  how you call me if mom is still home
lizzy_gal991 ;if she not i call
daydreamez69 ;what if she s still there
lizzy_gal991 ;if she is i walk see you
daydreamez69 ;like what time
lizzy_gal991 ;yea i'll try be at
daydreamez69 ;ok
lizzy_gal991 ;might be later
daydreamez69 ;I can wait
lizzy_gal991 ;good
daydreamez69 ;don't worry ,  don't leave you out there cold ,  : - *
lizzy_gal991 ;cool
daydreamez69 ;I leave here on friday around : 30 ,  be up there around : 30 or : 45 ,  if no traffic
lizzy_gal991 ;kk
daydreamez69 ;if too much trouble .  .  .  let me know we can try some other time
lizzy_gal991 ;no this good ,  just wait
daydreamez69 ;ok
lizzy_gal991 ;try for
daydreamez69 ;ok .  .  sweetie
lizzy_gal991 ;q tie
daydreamez69 ;got next week school off:- ?  ,  xmas week ?  ?  ,  cute .  .  Hotie
lizzy_gal991 ;yea
daydreamez69 ;only thing worry if school delay ,  then we're screwed
lizzy_gal991 ;lol
daydreamez69 ;hehe ,  I sleep myself in hotel then
lizzy_gal991 ;yea ,  lol
daydreamez69 ;might have to play myself ,  haha ,  got no boos to play ,  hehe
lizzy_gal991 ;i can't wait
daydreamez69 ;me too .  .  cute ,  do you have to call school before am
lizzy_gal991 ;yea
daydreamez69 ;or can call after
lizzy_gal991 ;have all before
daydreamez69 ;ok ,  get in my van then use my cell call school then ,  how far from roy roger to your home ,  minute walk ,  know the way show me to drive by .  .  right
lizzy_gal991 ;yea
daydreamez69 ;ok .  .  cool ,  hope not get lost .  .  hehe
lizzy_gal991 ;me
daydreamez69 ;what street your house on ,  I can nap through yahoo .  .  and print out the nap ,  just in case
lizzy_gal991 ;i'll show you
daydreamez69 ;ok ,  hope the weather is ok
lizzy_gal991 ;me ,  you stay all night in hotel ?
daydreamez69 ;if sleek and snow .  .  school close ,  we're screwed ,  hehe ,  no .  .  tomorrow I check in then leave
lizzy_gal991 ;if school close she still work
daydreamez69 ;just to keep the room
lizzy_gal991 ;then i no skip ,  just come see you
daydreamez69 ;your house ,  or hotel
lizzy_gal991 ;hotel
daydreamez69 ;ok
lizzy_gal991 ;don't wanna go my house
daydreamez69 ;no ooo ,  hotel is much better ,  it's suite ,  bigger room .  .  nice bathtub .  .  I hope
lizzy_gal991 ;kewl ,  me
daydreamez69 ;we can play around all we want
lizzy_gal991 ;kewl !  !  !  11
daydreamez69 ;I might have to give extra money for those cleaners ,  for stay little late ,  check out time is ,  need to stay late may be pm ,  or .  .  right
lizzy_gal991 ;kk ,  sow wy mom was talking me
daydreamez69 ;is ok .  .  cute ,  that's why don't send any message
lizzy_gal991 ;kk
daydreamez69 ;be online morrow before friday
lizzy_gal991 ;kewl ,  you can tell me about room
daydreamez69 ;all set .  .  no change huh
lizzy_gal991 ;yea
daydreamez69 ;room is nice ,  soft bed
lizzy_gal991 ;you been there
daydreamez69 ;no ,  but most of hotel .  .  I think ,  beside this is comfort suite ,  room is bigger
lizzy_gal991 ;kk
daydreamez69 ;you been in hotel before
lizzy_gal991 ;not that
daydreamez69 ;oh ok ,  will let you know .  .  when I check in morrow ,  I canceled the one I book on friday ,  because can't check in until like or .  .  no good
lizzy_gal991 ;yea ,  no good
daydreamez69 ;so .  .  check in morrow .  .  .  but have to check out around noon friday ,  I ask them to pay extra to stay late .  .  like or pm ,  should be good
lizzy_gal991 ;kk
daydreamez69 ;need to be home before pm .  .  right .  .  cute
lizzy_gal991 ;yea
daydreamez69 ;ok ,  i have to take few hours of fear li tomorrow to go there ,  around .  .  I think to check in
lizzy_gal991 ;kk ,  is that bad
daydreamez69 ;no .  .  just hope weather is ok ,  not much snow or rain .  .  sleek
lizzy_gal991 ;yea me
daydreamez69 ;but I go there morrow anyway ,  to get to know the place ,  and a way to get in hotel without going to front door
lizzy_gal991 ;cool
daydreamez69 ;or I have put you in my pocket ,  stay in there while I m going in ,  hehe
lizzy_gal991 ;lol
daydreamez69 ;so .  .  promise will try everything little by little huh
lizzy_gal991 ;kk
daydreamez69 ;sure learn some from watching movie ,  old one .  .  picture not great ,  but there re five clips ,  all good
lizzy_gal991 ;cool
daydreamez69 ;will get hot by watching it
lizzy_gal991 ;yea
daydreamez69 ;get me up every time ,  your GF watch any of it
lizzy_gal991 ;no
daydreamez69 ;so .  .  when that they went all out with their BF ,  a while ago
lizzy_gal991 ;hey !
daydreamez69 ;hehe ,  how are you there
lizzy_gal991 ;ok you ,  cold
daydreamez69 ;I know ,  drive up there .  .  .  ice
lizzy_gal991 ;yea ,  can you make it
daydreamez69 ;no school today huh ,  yea
lizzy_gal991 ;yea ,  maybe not tomorrow
daydreamez69 ;where did you go
lizzy_gal991 ;school
daydreamez69 ;whole day ,  oh no
lizzy_gal991 ;we had school today
daydreamez69 ;got the room .  .  everything setup
lizzy_gal991 ;KEWL !  ,  nice room ?
daydreamez69 ;oh yea ,  very
lizzy_gal991 ;cool
daydreamez69 ;so .  .  can't make it
lizzy_gal991 ;yea i can ,  you can't ?
daydreamez69 ;yes ,  that's why i go there get the room
lizzy_gal991 ;you there now ?
daydreamez69 ;no .  .  went home ,  go back morrow ,  hope you make it
lizzy_gal991 ;i will !  !  !  1
daydreamez69 ;if not I just return the room and leave ,  are you sure
lizzy_gal991 ;yes ,  ru
daydreamez69 ;yes
lizzy_gal991 ;kewl ,  hope road don't ice
daydreamez69 ;yea ,  you think have school morrow
lizzy_gal991 ;probably not
daydreamez69 ;if not
lizzy_gal991 ;so no have skip
daydreamez69 ;you wait until mom leave
lizzy_gal991 ;yea
daydreamez69 ;ok ,  call me on my cell ,  when she leave tomorrow
lizzy_gal991 ;kk ,  why
daydreamez69 ;I stop by roy roger ,  beside safeway .  .  right
lizzy_gal991 ;yep
daydreamez69 ;ok
lizzy_gal991 ;can't wait !
daydreamez69 ;thought you say may not tomorrow
lizzy_gal991 ;i meant school
daydreamez69 ;oh ok
lizzy_gal991 ;very cold
daydreamez69 ;yea ,  cum to the room .  .  I warm you up
lizzy_gal991 ;i wear black coat with fuzzy hood ,  jeans ,  hat
daydreamez69 ;cool ,  I drive small car instead of van
lizzy_gal991 ;kk ,  what it look like
daydreamez69 ;Toyota red ,  corolla ,  corrola S .  .  red color
lizzy_gal991 ;new old ?
daydreamez69 ;new
lizzy_gal991 ;kk
daydreamez69 ;what time you think or you don't know
lizzy_gal991 ;i try
daydreamez69 ;ok ,  call me before you go anyway
lizzy_gal991 ;kk
daydreamez69 ;don't want you to sit in roy roger too long
lizzy_gal991 ;yea
daydreamez69 ;small restaurant ,  I ordered lunch there today
lizzy_gal991 ;really
daydreamez69 ;roast beef
lizzy_gal991 ;cool
daydreamez69 ;hehe ,  you go there often
lizzy_gal991 ;no
daydreamez69 ;you live near there
lizzy_gal991 ;yes
daydreamez69 ;in contatin cir something .  .  .  right
lizzy_gal991 ;huh
daydreamez69 ;forgot the street name
lizzy_gal991 ;Catoctin
daydreamez69 ;oh ok ,  sure make it morrow
lizzy_gal991 ;yea !  !  !  11
daydreamez69 ;no change mind huh
lizzy_gal991 ;nope
daydreamez69 ;very nice room .  .  .  will have great time there
lizzy_gal991 ;kewl ,  what it look like
daydreamez69 ;bedroom ,  computer table ,  sofa ,  bathroom ,  television ,  make it dark .  .  very romance
lizzy_gal991 ;cool
daydreamez69 ;I probably be up there around : 30
lizzy_gal991 ;kk
daydreamez69 ;want me to buy something to eat ,  bring to room
lizzy_gal991 ;yea
daydreamez69 ;I bring couple beer
lizzy_gal991 ;kk
daydreamez69 ;soda
lizzy_gal991 ;and pie
daydreamez69 ;we can order pizza ,  room service
lizzy_gal991 ;don't get my pie
daydreamez69 ;haha ,  I try ,  any kind ,  apple
lizzy_gal991 ;chocolate
daydreamez69 ;oh ok ,  anything for be fast
lizzy_gal991 ;hmm
daydreamez69 ;breakfast
lizzy_gal991 ;kk
daydreamez69 ;are you sure mom won't call when you don't have school
lizzy_gal991 ;yea ,  she cant call from work ,  remember beer
daydreamez69 ;ok ,  need to be home before .  .  right
lizzy_gal991 ;yea
daydreamez69 ;ok ,  probably we can't stay that late ,  may be
lizzy_gal991 ;kk
daydreamez69 ;should be good enough
lizzy_gal991 ;lol ,  i hope
daydreamez69 ;wanting more .  .  .  hehehe
lizzy_gal991 ;how far you got drive ?  ,  i hope you don't wreck ,  in ice
daydreamez69 ;about an hr
lizzy_gal991 ;where you live
daydreamez69 ;fairfax
lizzy_gal991 ;kk
daydreamez69 ;very sleek today ,  i drive slow ,  still swing my car back and fort ,  will be better morrow
lizzy_gal991 ;i hope
daydreamez69 ;degree ,  melt a bit
lizzy_gal991 ;in morning ?
daydreamez69 ;no morning maybe or ,  noon probably -45
lizzy_gal991 ;that when you drive ,  in morning
daydreamez69 ;it ok on highway though ,  since lot of car .  .  create heat on the street ,  melt all of that ice ,  you have to go school today .  .  really ,  thought public they all closed
lizzy_gal991 ;not mine
daydreamez69 ;private school
lizzy_gal991 ;yea
daydreamez69 ;catholic:- ?
lizzy_gal991 ;lol yea
daydreamez69 ;hehe ,  did the test:- ?
lizzy_gal991 ;yea
daydreamez69 ;how it goes
lizzy_gal991 ;ok
daydreamez69 ;ok .  .  not great
lizzy_gal991 ;don't now grade yet
daydreamez69 ;oh ok ,  very nice hotel indeed .  .  glad I book that one ,  have back door too .  .  get in easy
lizzy_gal991 ;cool
daydreamez69 ;floor ,  I left my laptop and stuff there
lizzy_gal991 ;cool
daydreamez69 ;mom home
lizzy_gal991 ;yea
daydreamez69 ;watch out
lizzy_gal991 ;kk
daydreamez69 ;still remember my cell for morrow
lizzy_gal991 ;yea
daydreamez69 ;ok ,  call me when you are ready .  .  .  it's about minutes from hotel to royroger
lizzy_gal991 ;kk
daydreamez69 ;don't take too long .  .  hehe ,  haha
lizzy_gal991 ;i get there soon as can
daydreamez69 ;save time for bath .  .  .  fun stuff ,  j/k ,  try the best you can .  .  and be safe
lizzy_gal991 ;kk
daydreamez69 ;don't rush .  .  mom might know
lizzy_gal991 ;kk
daydreamez69 ;like to lay you down in nice bed ,  give you big .  .  hot kiss
lizzy_gal991 ;sounds fun ,  can't wait
daydreamez69 ;sure:- ?  ,  no going back huh
lizzy_gal991 ;yea
daydreamez69 ;maybe after watching movie clips .  .  you might wanna try everything
lizzy_gal991 ;may be ,  : - *
daydreamez69 ;: - * ,  well .  .  let get off earlier today ,  save things for tomorrow .  .  ok
lizzy_gal991 ;kk
daydreamez69 ;or like to talk little more
lizzy_gal991 ;up you
daydreamez69 ;hang around a bit ,  any GF ask you anything
lizzy_gal991 ;no
daydreamez69 ;thought if you all close friends .  .  .  maybe share some secrets
lizzy_gal991 ;no
daydreamez69 ;like they talked to you about virginity ,  and hook up with guys
lizzy_gal991 ;you tole me no tell them ,  about you
daydreamez69 ;no .  .  really ,  oh ok ,  yea .  .  .  keep between us ,  like me i would be more trouble if they find out
lizzy_gal991 ;yea
daydreamez69 ;boy same your age are ok ,  between us .  .  we can keep going if you like
lizzy_gal991 ;going ?
daydreamez69 ;like getting together sometimes ,  after tomorrow
lizzy_gal991 ;oh ,  yea
daydreamez69 ;as long as we keep secret between us
lizzy_gal991 ;kk ,  i won't tell anyone
daydreamez69 ;ok .  .  I trust you baby ,  we will have great time tomorrow .  .  .  get ready ,  hope won't hurt you too much since first time
lizzy_gal991 ;"me ,  :"""" >"
daydreamez69 ;hehe ,  may be first one ,  but second will be great
lizzy_gal991 ;good !  !  !
daydreamez69 ;promise ,  did your GF tell you about it at all
lizzy_gal991 ;a little
daydreamez69 ;like how they did ,  probably pretty quick .  .  .  I would think
lizzy_gal991 ;mom's around ,  i'll call you in the morning
daydreamez69 ;ok .  .  let get off ,  night q tie ,  call me when you are ready in the morning
lizzy_gal991 ;kk
