ID;msg
dble_d1 ;how you doing
rachelgurl0315 ;hold on i'm get in ims all over
dble_d1 ;popular girl ,  are you chatting with somefriends
rachelgurl0315 ;no guys keep i minutes me i gotta leave the room hold on
dble_d1 ;like i said popular girl ,  gotta expect that being a female in a chat room
rachelgurl0315 ;yea it's crash in my puter brb ok
dble_d1 ;that sucks ,  so what are you doing in a chat room are you bored
rachelgurl0315 ;you there
dble_d1 ;yes i am
rachelgurl0315 ;ok my computer is real slow i don't know why
dble_d1 ;bummer
rachelgurl0315 ;your asl ?
dble_d1 ;were you talking to friends in the chat room
rachelgurl0315 ;no i don't know anyone here
dble_d1 ;what's your age
rachelgurl0315 ;you ?
dble_d1 ;wow so young ,  what are you doing in a chat room
rachelgurl0315 ;i'm bored
dble_d1 ;i'm old ,  and bored
rachelgurl0315 ;how old are you
dble_d1 ;in my early 's
rachelgurl0315 ;yeah your old ,  lol
dble_d1 ;gee thanks
rachelgurl0315 ;i'm play in
dble_d1 ;so you were just watching what everyone was saying then and not talking ,  i know
rachelgurl0315 ;yeah but i kept getting ims and stupid cam invites so i left
dble_d1 ;invites to guys cams
rachelgurl0315 ;yes
dble_d1 ;well you know what they wanted to show you don't you
rachelgurl0315 ;yeah pretty much
dble_d1 ;a lot of that stuff goes on in chat rooms
rachelgurl0315 ;yeah no matter what chat room your in
dble_d1 ;yes girls and guys wanna show their stuff ,  playful
rachelgurl0315 ;haha yeah moment won't let me have a cam like ever
dble_d1 ;she is probably worried you are gonna show your stuff
rachelgurl0315 ;yup
dble_d1 ;and would you do that if you had one ,  and no one was home
rachelgurl0315 ;no they'd end up on some web site probably ,  lol
dble_d1 ;well good girl ,  some things are better left private
rachelgurl0315 ;yes
dble_d1 ;so you have a boyfriend
rachelgurl0315 ;no we've only been here like weeks
dble_d1 ;and where is that
rachelgurl0315 ;were in wine arm i'll wake e
dble_d1 ;cool where did you move from ,  i live about miles west of you
rachelgurl0315 ;Nashville nc
dble_d1 ;cool
rachelgurl0315 ;what city are you in
dble_d1 ;give the boyfriend thing time you are young and have your whole life ahead of you ,  by pea waukee lake ,  waukesha county
rachelgurl0315 ;all the citys have weird names here
dble_d1 ;why do you say that
rachelgurl0315 ;there all hard porn uce ,  lol
dble_d1 ;you'll figure them out give it time ,  a lot of cool stuff happen in milwaukee
rachelgurl0315 ;yeah i guess so
dble_d1 ;awesome fireworks display for the fourth of july down at the lake ,  summerfest ,  that's a big music festival
rachelgurl0315 ;oh cool
dble_d1 ;lots of different bands play there from country to rock and roll ,  old bands and new bands ,  it's huge a lot of people go there it's fun
rachelgurl0315 ;id like that
dble_d1 ;you probably would i think ,  what kind of music do you listen to
rachelgurl0315 ;i like bands no ones ever herd of haha
dble_d1 ;like
rachelgurl0315 ;malice mizer jrock mazzy star
dble_d1 ;like you said band no one has ever heard of
rachelgurl0315 ;hahaha yup
dble_d1 ;you have brothers or sisters
rachelgurl0315 ;no
dble_d1 ;only child hu well that's cool
rachelgurl0315 ;yeah i don't like most people any way hehehe
dble_d1 ;well you must like me a little you are still talking to me ,  even though i'm old
rachelgurl0315 ;haha i don't care about age really as long as people aren't assholes
dble_d1 ;well i'm not one of those types of people
rachelgurl0315 ;i know ,  hehe
dble_d1 ;so your home alone or is your parents home too
rachelgurl0315 ;mom's here now she's going back to nc tonight though
dble_d1 ;so it will be just you and your dad then
rachelgurl0315 ;dad's hardly ever home
dble_d1 ;so you ll be alone a lot that kinda sucks
rachelgurl0315 ;he's flyin to nc to meet mom finish up some stuff ,  nah i don't mind
dble_d1 ;so your mom will be coming back soon then
rachelgurl0315 ;yeah sell be here sunday i think
dble_d1 ;so you are left by yourself till sunday then
rachelgurl0315 ;yeah
dble_d1 ;well just remember if you go in a chat room someone will want to show you something
rachelgurl0315 ;yeah even here ,  yahoo room suck
dble_d1 ;why is someone trying to show you something now on here
rachelgurl0315 ;not now no but we hni was in the chat are room yeah
dble_d1 ;if that's what you want too see it's fine to go in there
rachelgurl0315 ;yeah id rather have like a boyfriend in real life cyber and phone sex is stupid
dble_d1 ;i have had people want me to show them stuff and they wanted to show me stuff too
rachelgurl0315 ;you don't have a girlfriend ,  ?
dble_d1 ;i agree it's more fun to see and do things in person ,  no no girlfriend ,  i wish ,  i have a cam but it's not usually on
rachelgurl0315 ;haha yeh mom won't ever let me have a cam
dble_d1 ;they can be fun ,  exciting
rachelgurl0315 ;really ,  ?
dble_d1 ;if you are bored and lonely
rachelgurl0315 ;haha i'm both
dble_d1 ;you and friends if they have one can view each other ,  me too ,  that's why i go in chatrooms
rachelgurl0315 ;cool
dble_d1 ;if their was some girls inviting me to see their cams i probably would watch
rachelgurl0315 ;yah if there pretty lol
dble_d1 ;that's for sure ,  so do you have any pictures
rachelgurl0315 ;sorry ,  yeah on my pro ,  and my photos
dble_d1 ;i saw that one like i said be you are young but you are also cute if i may say so ,  i have one in profile also but i have other ones in photo album
rachelgurl0315 ;thanks yes you can say so he he
dble_d1 ;ok then you are cute
rachelgurl0315 ;hey your not bad a old guy hehe
dble_d1 ;wish i was your age again ,  thanks ,  all my other ones are in yahoo photo album
rachelgurl0315 ;i got more in mine
dble_d1 ;i only have a couple in there that i can show ,  and i have some of friends and fa milf too
rachelgurl0315 ;how do i see them
dble_d1 ;god it sure is windy ,  which ones
rachelgurl0315 ;the ones in your photo album
dble_d1 ;i'm not weird or anything like that but i have two kinds public and a couple private ,  photo sharing
rachelgurl0315 ;A mom wants me grocery shop with her can i i'm you when we get back
dble_d1 ;yes hang on i will add you to my messenger list
rachelgurl0315 ;she's leaving tonight and there's no food here ,  oh ok
dble_d1 ;there
rachelgurl0315 ;cool i added you
dble_d1 ;when you get back i should still be on
rachelgurl0315 ;ok i ttyl
dble_d1 ;ok
rachelgurl0315 ;hi ,  you there
dble_d1 ;hi back again
rachelgurl0315 ;hi yeah
dble_d1 ;how was shopping
rachelgurl0315 ;boring but we got lots a food now
dble_d1 ;cool ,  so when does your mom going back to nc
rachelgurl0315 ;she's leaving night she's packing right now and is freaking out haha
dble_d1 ;do you see my picture in the i'm window ?
rachelgurl0315 ;no but now i do i had click on it ,  that's a good picture of you
dble_d1 ;thanks ,  i have others too ,  you don't have on here
rachelgurl0315 ;oh yeah i got how do i see your other pictures ,  i don't ?  ,  ohh ,  i thought it did that automatically
dble_d1 ;i guess not ,  i can change mine
rachelgurl0315 ;lemme find mine i'll put it here
dble_d1 ;cool ,  there you are
rachelgurl0315 ;did that work ,  oh haha ok
dble_d1 ;you are hot look in
rachelgurl0315 ;thanks i like your pictures ,  how do i see your other ones on yahoo
dble_d1 ;i have a few more that i could show on here ,  i was trying to photo share with you but it won't let me
rachelgurl0315 ;hmm
dble_d1 ;some of the ones i can and can't show are on here too
rachelgurl0315 ;why can't you show some of them
dble_d1 ;no they are private if you know what i mean
rachelgurl0315 ;oh ,  haha ok
dble_d1 ;you said you did not want to see that kind of things
rachelgurl0315 ;i don't like when guys just like invite me there cam and there naked ,  they you don't even i'm ,  can you c mine
dble_d1 ;well i could show you if you wanted to see if not it's not a big deal ,  yes i can
rachelgurl0315 ;ok if you want it's ok ,  i know your not like some random weirdo ,  hehe ,  wow i see it ,  its big huh
dble_d1 ;yes ,  that's what they show on cams too ,  i can do that too
rachelgurl0315 ;haha yeah i fount out they showed them on cam really fast
dble_d1 ;did you see one
rachelgurl0315 ;yeah ,  just a cam invite then that
dble_d1 ;i've got my cam on
rachelgurl0315 ;oh i didn't even see it
dble_d1 ;i can show you what i showed you be but on cam
rachelgurl0315 ;ok
dble_d1 ;where is your mom
rachelgurl0315 ;in her room still pack in ,  i think you froze are you moving
dble_d1 ;it's working now
rachelgurl0315 ;ohh yeah i can see it now
dble_d1 ;i have to stop now or i make a mess
rachelgurl0315 ;huh ,  ?
dble_d1 ;i'm go on a cum
rachelgurl0315 ;oh
dble_d1 ;make a mess
rachelgurl0315 ;wow
dble_d1 ;ok seen enough
rachelgurl0315 ;haha ok ,  you do that on webcam a lots ,  * lot
dble_d1 ;no ,  no i do not ,  once in a while if someone wanted to see
rachelgurl0315 ;oh cool ,  idk i've always thought doing like cyber or phone sex is kinda boring
dble_d1 ;like i said be a little excitement
rachelgurl0315 ;yeah that's cool
dble_d1 ;and was that boring ,  or did you like it
rachelgurl0315 ;no it was ok it's different because you didn't like i'm me outta nowhere ,  haha
dble_d1 ;well ty
rachelgurl0315 ;h he hey with
dble_d1 ;i kind did want to keep going
rachelgurl0315 ;hold a second mom's ready leave i think ,  brb
dble_d1 ;ok
rachelgurl0315 ;ok i'm back
dble_d1 ;did she go now
rachelgurl0315 ;yeah finally
dble_d1 ;so now you are alone
rachelgurl0315 ;yeah til sunday woo hoo ,  hehe
dble_d1 ;wow ,  interesting
rachelgurl0315 ;what is
dble_d1 ;you home alone
rachelgurl0315 ;haha nah i've been babysitting sense i was
dble_d1 ;no i was thinking other things ,  sorry
rachelgurl0315 ;i don't get it
dble_d1 ;my mind is in the gutter right now
rachelgurl0315 ;how come
dble_d1 ;what i was just showing you ,  it's still hard ,  looking at your picture ,  and would not mind seeing more sorry
rachelgurl0315 ;oh i get it now ,  hehe
dble_d1 ;it has been awhile ,  if you know what i mean
rachelgurl0315 ;a while sense you had a girlfriend you mean ,  ?
dble_d1 ;sorta ,  its been a while since i have been with a female ,  in certain ways ,  it would be nice ,  so what are you gonna do all by yourself till sunday now
rachelgurl0315 ;sorry i'm here ,  ohh so you mean gf/bf things ,  hehe
dble_d1 ;yes ,  so where did you go ,  what were you doing
rachelgurl0315 ;an e i gb or was at the door
dble_d1 ;uh oh
rachelgurl0315 ;haha no she brought gt some food over ,  nothing bad
dble_d1 ;oh ok
rachelgurl0315 ;how long sense you had a girlfriend
dble_d1 ;i have a lot of time on my hands don't work till next tuesday ,  or years
rachelgurl0315 ;wow you got lots a time off hehe ,  what do you do
dble_d1 ;construction ,  took some time off
rachelgurl0315 ;oh cool ,  what do you do when your not at work
dble_d1 ;hang out work around the yard hang out in the backyard and have a fire ,  go to a park or beach and hang out ,  drive around
rachelgurl0315 ;haha are you a pyro
dble_d1 ;no just a little campfire ,  i have a fire pit
rachelgurl0315 ;where do you drive
dble_d1 ;all over around town sometimes i drive to the lake in milwaukee ,  go for a walk on the lakefront
rachelgurl0315 ;oh how cool
dble_d1 ;yes it's ok ,  but it would be more fun hagin out with someone rather than doing it by myself
rachelgurl0315 ;yeah i know what you mean ,  your off until tuesday why not look for a girlfriend ,  hehe
dble_d1 ;wish it was that easy
rachelgurl0315 ;how come it's not your nice and cute a old guy ,  hehe
dble_d1 ;if i was as young as you it would be nice to have you as my girlfriend ,  we could have fun
rachelgurl0315 ;id let you be my boyfriend hehe
dble_d1 ;if i was only younger right
rachelgurl0315 ;haha nah your really not that old ,  id rather have a guy who's not an asshole ,  instead of some young guy who s like a total dick
dble_d1 ;yah ,  well i'd like to be the guy to hang out with you
rachelgurl0315 ;i like you ,  what would we do
dble_d1 ;what ever you wanted to do ,  what would you like to do most
rachelgurl0315 ;i .  .  .  don't know we've only been here like weeks i don't know of any thing do
dble_d1 ;do you have any parks by you or beaches ,  go to a movie ,  drive around ,  there are all kinds of things i could think of
rachelgurl0315 ;you like scary movies
dble_d1 ;yes
rachelgurl0315 ;hehe me ,  mom don't let me watch them i get nitemares easy hehe
dble_d1 ;well she is not home now right ,  you can watch what you want too
rachelgurl0315 ;nope she's not hehe
dble_d1 ;and do what ever you want too ,  anybody else there to watch over you ,  or are you totally alone
rachelgurl0315 ;meh i just like hanging out no nobody else is here
dble_d1 ;well you can do what you want then ,  watch what you want ,  hang out with who ever you want ,  that's cool
rachelgurl0315 ;watch scary movies hehehe
dble_d1 ;yes that would be something to do
rachelgurl0315 ;how far is that lake you talked about
dble_d1 ;in milwaukee ?
rachelgurl0315 ;yeah
dble_d1 ;depends on where you live
rachelgurl0315 ;that's were mom's flying from ,  how far away do you live
dble_d1 ;she is flying out of milwaukee general ,  it used to be called billie mitchell
rachelgurl0315 ;idk the name but its in million wake e
dble_d1 ;airport ,  and you are in milwaukke ,  somewhere ,  i live about miles from you
rachelgurl0315 ;no were like a half hour from million wake e i think we live in oco nomo wc
dble_d1 ;hop skip and a jump
rachelgurl0315 ;i have no idea how spell my city hehe
dble_d1 ;occonomowoc ,  that is where i was born ,  i live minutes from there
rachelgurl0315 ;really wow ,  and yeah i'll never figure out how spell or say it heheh
dble_d1 ;there is a couple beaches there and parks too ,  ski hill ,  that is how it is spelled ,  occonomowoc
rachelgurl0315 ;many or ,  haha
dble_d1 ;yep ,  so we are closer together than i thought then
rachelgurl0315 ;yeah your uber close i have no clue where anything is in this state i can't even spell are dumb city
dble_d1 ;i go out to ka now and fowler parks from time to time
rachelgurl0315 ;i haven't been any parks here yet
dble_d1 ;fowler is right downtown ,  occonomowoc ,  and ka now is west of town ,  it is small and off of highway ,  by the wayside just outside of town
rachelgurl0315 ;i hope there's a dog park mom and dad said i could get a doggy
dble_d1 ;what kind of dog do you want ?  hot dog / he he just kidding ,  i want a lab
rachelgurl0315 ;hehe god that was bad ,  i love labs
dble_d1 ;or rot we iller ,  yes it was bad
rachelgurl0315 ;there big
dble_d1 ;but you know ,  so are you by hwy16 ,  or highway
rachelgurl0315 ;yeah were close ,  highway
dble_d1 ;by and ,  or are you by in town
rachelgurl0315 ;no it's and i had look on the nap
dble_d1 ;so you are by or near the ski hill then ,  olympia
rachelgurl0315 ;i think so i've never been skiing
dble_d1 ;me either
rachelgurl0315 ;it hardly ever snows in Nashville i've hardly ever seen snow
dble_d1 ;well you will now
rachelgurl0315 ;haha yeah i know
dble_d1 ;it's a joke but snow here is kinda like sex ,  you never know how many inches you'll get or how long it will last
rachelgurl0315 ;how's it like sex hehe ,  HAHA ,  that was better than url as the he
dble_d1 ;that saying is older than i am ,  but i bet you were smiling though
rachelgurl0315 ;hehe yeah
dble_d1 ;on both jokes
rachelgurl0315 ;i thought you were gonna make some joke about having sex in the snow
dble_d1 ;no but sounds interesting but cold
rachelgurl0315 ;very cold brr ,  not like i would know hahaha
dble_d1 ;well since you are by and the beaches and parks i spoke of are about half an hour walking distance from you may be by by cycle or minutes by car ,  i would not know how cold it would be either
rachelgurl0315 ;you never had sex in the snow huh ,  haha
dble_d1 ;if i was to do that i have a camper in my backyard or the house or my truck
rachelgurl0315 ;oh cool you got a camper
dble_d1 ;yes
rachelgurl0315 ;but don't it get cold in there ,  or do you have like a heater
dble_d1 ;i sleep in it sometimes on the weekends when i don't want anyone to know i am around ,  no i have a heater in there ,  bathroom too
rachelgurl0315 ;haha id sleep in it all the time then
dble_d1 ;stove ,  television ,  stereo
rachelgurl0315 ;that's cool wow with
dble_d1 ;no shower though it would have to be a sponge bath
rachelgurl0315 ;haha like in a hospital it le ,  i don't think i've ever had one of those
dble_d1 ;that could be interesting
rachelgurl0315 ;heheh i suppose i would be ,  * it ,  sponge bath in the snow te hehe
dble_d1 ;wow how cold
rachelgurl0315 ;haha yeah
dble_d1 ;hope it is nice marrow cause i might be out in occonomowoc
rachelgurl0315 ;i got my own tub now yay ,  really what are you gonna do
dble_d1 ;anything may be the park why ,  you have your own tub ?  ,  you don't share ?
rachelgurl0315 ;just won during yes i do so ,  haha i only had a shower in nc now i got my own bathtub ,  share my tub hmm ,  idk
dble_d1 ;sounds like an invitation h hmmmm
rachelgurl0315 ;haha you wanna use my bathtub huh ,  i don't share much the hehe
dble_d1 ;may be ,  sounds like fun
rachelgurl0315 ;you don't have a bath tub or you just trying to sneak into mine hmm ,  te hehe
dble_d1 ;sneak into yours oh yah
rachelgurl0315 ;haha idk i've never taken a bath with any ,  you just want use my new bathtub !  !  !
dble_d1 ;sure ,  could be fun
rachelgurl0315 ;ok you can use my nEW bathtub but you hafta clean it up when your done ,  !  !
dble_d1 ;really
rachelgurl0315 ;if you clean it ,  may be ,  hehehe
dble_d1 ;where would you be while i am in there
rachelgurl0315 ;watch in television haha ,  aww why a sad face
dble_d1 ;you db watch in television
rachelgurl0315 ;what would you want me be doing then mr clean ,  hehe
dble_d1 ;i could think of a few different things
rachelgurl0315 ;different things hmm like what
dble_d1 ;"washing my back ,  """" >"
rachelgurl0315 ;hehehe but you'd b naked or do you wear your cloths in the bath ,  ?  !
dble_d1 ;i would be wearing shorts would that be better then being any kid
rachelgurl0315 ;haha but you would not get very clean then
dble_d1 ;probably not as clean as i would being any kid ,  but you are young and probably shy and i am old
rachelgurl0315 ;no haha probably not as clean no ,  and our not old i was just play in ,  unless your really like
dble_d1 ;and someone might tell your parents you had someone over while they were gone ,  no not that is old
rachelgurl0315 ;people have been coming and going and parking here for like the who el week ,  and they all ready don't like mom haha
dble_d1 ;so we could hang out then
rachelgurl0315 ;may be may be notte hehehe ,  do you mean like you'd come over as my boyfriend
dble_d1 ;maybe if that's what you wanted me to do
rachelgurl0315 ;haha you don't hardly have any competition i your like the only person i know here
dble_d1 ;or i could meet you somewhere and show you a few things ,  around town
rachelgurl0315 ;a few things like what ohh like site seeing
dble_d1 ;yes ,  show you some sites ,  around town but only if you want it your choice
rachelgurl0315 ;and then come take a bath after hehehe ,  phone brb ,  ok ,  so have you ever met someone from online before
dble_d1 ;i could take a shower or bath here at home i wouldn't have to use your new tub ,  no talk to different girls on here but have never meet yet
rachelgurl0315 ;haha i was just play in id share my new bathtub ,  te hehe ,  so none were ever your girlfriend like in real life
dble_d1 ;would be the first person from here that i would meet if you'd be up to it ,  no none were my girlfriend from on here
rachelgurl0315 ;i like you a lot
dble_d1 ;really
rachelgurl0315 ;yeah i've never talk d this long any one from online before
dble_d1 ;me either girls my age never talk too long and girls your age when they find out my age don't talk to me ,  some girls talk to me for awhile but they are out just to play games with people's heads
rachelgurl0315 ;i only don't talk the weird or i don't mind talking people who are nice ,  unless there haha
dble_d1 ;they play mind games
rachelgurl0315 ;who
dble_d1 ;they say they want to meet but really they are not interested ,  different girls on here
rachelgurl0315 ;i never met ne1 from online yet either ,  but i wouldn't like just t meet some random guy i want like a boyfriend
dble_d1 ;i dated some one who was younger than me once long time ago ,  really ,  that is part of why i go on here to try and find a girlfriend ,  i have had no luck yet though
rachelgurl0315 ;yeah that's just like idk y would someone want meet some guy to hang out with and do what ever for like hours and never talk again that's dumb
dble_d1 ;i can only wish and hope
rachelgurl0315 ;i like you
dble_d1 ;really ,  i like you too
rachelgurl0315 ;thanks ,  te hehe
dble_d1 ;if i meet you i would hope it would be for more than three hours and i would still talk to you after that
rachelgurl0315 ;i would
dble_d1 ;what ,  would you
rachelgurl0315 ;i would still talk you after ,  hehe
dble_d1 ;after what lol
rachelgurl0315 ;after what ever hehe
dble_d1 ;hmmm ,  sounds like another invite ,  ><
rachelgurl0315 ;>< ,  hug ggs
dble_d1 ;: - *
rachelgurl0315 ;: - * ,  kiss is is sses
dble_d1 ;a we
rachelgurl0315 ;hehe
dble_d1 ;so who called b ,  mom or dad
rachelgurl0315 ;no gram ,  my grandma
dble_d1 ;and where is she
rachelgurl0315 ;she lives in florida
dble_d1 ;no real atives here at all
rachelgurl0315 ;no ,  she buys me call in cards i'm trying ether buu me a cell ie hehe ,  ><
dble_d1 ;they are cool i have a camera phone
rachelgurl0315 ;hehe ,  ooo so i want ,  : - *
dble_d1 ;do you hmmmm
rachelgurl0315 ;yes
dble_d1 ;they don't take too bad of a picture
rachelgurl0315 ;i won't get of those until i'm like ,  mom says ,  haha
dble_d1 ;i know first hand so to say had to try it out when i first got it things a guy will do when he is bored h hmmmm ,  well it could be a girl thing too
rachelgurl0315 ;haha how'd you try it out
dble_d1 ;it was easy like a camera point and shoot
rachelgurl0315 ;oh cool
dble_d1 ;i'd have to show you
rachelgurl0315 ;oh ok cool ,  what did you do with it when you were bored
dble_d1 ;i took a picture of myself ,  hmmmm
rachelgurl0315 ;haha i love your glasses
dble_d1 ;thanks ,  that other picture was one of my trucks
rachelgurl0315 ;how many trucks do you have
dble_d1 ;there is the other
rachelgurl0315 ;i like your trucks
dble_d1 ;thanks ,  how about this ha ha
rachelgurl0315 ;i can't read it's tiny ,  !
dble_d1 ;he is telling her to kiss his nose ,  but tit is not his nose
rachelgurl0315 ;hahaha and he's upside down
dble_d1 ;it ,  oops sorry
rachelgurl0315 ;haha no it's ok that was funny
dble_d1 ;so what would you like to do marrow anything special
rachelgurl0315 ;ummmm idk ,  one second ok ima put a pizza in
dble_d1 ;cheese pizza ,  are you still there ,  gotta run hope to see you on later or in the mourning maybe ,  i should be on around or ,  bye for now
rachelgurl0315 ;ok ,  hey !
dble_d1 ;hey hot stuff
rachelgurl0315 ;hey !  ,  what you been doing
dble_d1 ;nothing good
rachelgurl0315 ;awww
dble_d1 ;what about you
rachelgurl0315 ;nm just waiting for you to get back
dble_d1 ;i was on looking you this morning
rachelgurl0315 ;i got your offline ,  sorry i wasn't on
dble_d1 ;me ,  did you have school
rachelgurl0315 ;no
dble_d1 ;so where were you and what were you doing
rachelgurl0315 ;sleeping and i watched some television ,  what were you doing
dble_d1 ;dreaming of you
rachelgurl0315 ;awwww really ?
dble_d1 ;yes was hope may be to see you live in person
rachelgurl0315 ;what did we do in your dream
dble_d1 ;a lot of things
rachelgurl0315 ;like what !  ,  tell lll me please
dble_d1 ;bf/gf things
rachelgurl0315 ;wow ,  tell me !
dble_d1 ;has something to do with what you saw yesterday
rachelgurl0315 ;omg really please tell me ,  i really wanna hear
dble_d1 ;who is with you
rachelgurl0315 ;nobody ,  why
dble_d1 ;look at my picture
rachelgurl0315 ;i see it ,  hehe
dble_d1 ;you wanted to hold it me
rachelgurl0315 ;that's it lol like isn't that boring
dble_d1 ;you liked playing with it too
rachelgurl0315 ;um i never played with it
dble_d1 ;would you like too
rachelgurl0315 ;wow you let me ?
dble_d1 ;yes if you really want to
rachelgurl0315 ;wow ,  but your not here
dble_d1 ;you have not invited me
rachelgurl0315 ;will you really or are up lay in me
dble_d1 ;yes really if you want to
rachelgurl0315 ;wow that's cool ,  what you wanna do ,  like that ,  you will let me do that
dble_d1 ;do what
rachelgurl0315 ;touch your thing
dble_d1 ;yes
rachelgurl0315 ;wow ok
dble_d1 ;you can do anything you want
rachelgurl0315 ;like what .  what do you like ,  i wanna make you happy
dble_d1 ;i wanna make you happy ,  what can i do you
rachelgurl0315 ;i am ,  umm i dunno ,  i done a bj before but not lots
dble_d1 ;wow i'd like that
rachelgurl0315 ;really ?
dble_d1 ;wanna try
rachelgurl0315 ;yea i can do that
dble_d1 ;really ,  are you serious
rachelgurl0315 ;yes !
dble_d1 ;or are you joking
rachelgurl0315 ;no i'm not play in ,  i'm serious
dble_d1 ;really
rachelgurl0315 ;if you don't want to it's ok ,  if you don't like me or whatever
dble_d1 ;wanna meet me somewhere
rachelgurl0315 ;you can come over
dble_d1 ;what about neighbors
rachelgurl0315 ;they're all old .  they don't care about me
dble_d1 ;i would feel safer and more comfortable meeting outside somewhere
rachelgurl0315 ;but i can't drive .  its cool to come over .  i promise
dble_d1 ;i'll meet you somewhere by your house
rachelgurl0315 ;but there's no like place by my house ,  just houses
dble_d1 ;is there a gas station by where you live
rachelgurl0315 ;no ,  there's nobody here but me .  you can just come over .  ,  umm you can park like down the street if you want to i guess
dble_d1 ;i do not know where you live or i don't know your phone number
rachelgurl0315 ;i can give you my add duh lol ,  your crazy ,  but like if i give you a bj do i get something or i just give you a bj and you leave lol
dble_d1 ;well what do you want
rachelgurl0315 ;i dunno .  you can pick ,  i just don't wanna get preggers you know
dble_d1 ;that would not happen
rachelgurl0315 ;why
dble_d1 ;have protection
rachelgurl0315 ;oohh ok that's cool ,  so like when can you come over
dble_d1 ;i still don't know where you live
rachelgurl0315 ;oh sorry .  lol ,  EDITED
dble_d1 ;not sure where that is
rachelgurl0315 ;nap it lol ,  oconomowoc
dble_d1 ;are you by that harley place on
rachelgurl0315 ;i dunno this place really good you know ,  i just moved here ,  i'm thinking ,  yea i think i saw that place one time
dble_d1 ;is it by that mall
rachelgurl0315 ;it's like on a big introduced sect with ,  did you get directions
dble_d1 ;well there is a mobile gas station and across the street is a shopping mall and then up the road from there is a funeral home and a motorcycle place
rachelgurl0315 ;you are there ,  my house is kinda close to there yea
dble_d1 ;close to what
rachelgurl0315 ;the motorcycle place
dble_d1 ;same side of the road or the opposite side
rachelgurl0315 ;it's not on the same street ,  my house is on the left
dble_d1 ;do you live on the same side of the road the motor cl ycle place is ,  or do you live on the opposite side
rachelgurl0315 ;wow i dunno ,  your confusing me ,  you know i'm new ,  just get directions ,  dang
dble_d1 ;is the motorcycle place close enough you to walk to
rachelgurl0315 ;no
dble_d1 ;well i will try and find you but it would be faster if i knew more
rachelgurl0315 ;why don't you mapquest it ,  you can get good directions off that site
dble_d1 ;and even faster if you could walk somewhere and meet me
rachelgurl0315 ;wow why you are being like that ,  i wanna hang out ,  just mapquest it
dble_d1 ;me
rachelgurl0315 ;dang ,  and it's raining ,  i'm not walking in the rain
dble_d1 ;i'll dry you off
rachelgurl0315 ;whatever ,  you are gonna come are not ,  cause i'm bored and hanging out will be cool
dble_d1 ;hey i can photo share again ,  what happened
rachelgurl0315 ;i dunno ,  so you are coming over are not
dble_d1 ;i will leave here in a couple minutes
rachelgurl0315 ;yay !
dble_d1 ;but i am not sure where i'm going yet
rachelgurl0315 ;nap it !  ,  why don't you just nap it ,  it's not hard
dble_d1 ;yes it is hard hh hmmmm
rachelgurl0315 ;lol
dble_d1 ;really
rachelgurl0315 ;um if you want me to i can nap it you
dble_d1 ;yes
rachelgurl0315 ;what's your add ,  or like a place close
dble_d1 ;hartland
rachelgurl0315 ;ok ,  i'm looking it up ,  ok it's almost done ,  my house is white with like blue trim
dble_d1 ;how old was the guy you gave a bj ,  and that was in nc
rachelgurl0315 ;yea ,  do you know how to get to norht ?  ,  north
dble_d1 ;what did he give you ,  yes
rachelgurl0315 ;ok when you get to you take a right on Pabst boulevard ,  and then a right on mineral springs ,  and i'm the last house on the left
dble_d1 ;so you are in Pabst farms sub .
rachelgurl0315 ;yea there's like a field by my house lol
dble_d1 ;so did he give you something when you did that him
rachelgurl0315 ;nothing ,  i just gave him a bj
dble_d1 ;do you like doing them
rachelgurl0315 ;yeah ,  hey you are coming over now cause i'm gonna take a shower
dble_d1 ;can i watch ,  or join you
rachelgurl0315 ;yea if you want to lol
dble_d1 ;yes
rachelgurl0315 ;cool so your coming over now ?
dble_d1 ;would like to watch or join you
rachelgurl0315 ;hmm join i think ,  hey i'm gonna go get ready
dble_d1 ;how are you gonna get ready
rachelgurl0315 ;fix my hair
dble_d1 ;its only gonna get messed up again
rachelgurl0315 ;yea but i don't wanna look ugly when you get here ,  you can mess it up in the shower
dble_d1 ;wow
rachelgurl0315 ;so come over ok i'm gonna get ready !
dble_d1 ;i'm really hard now
rachelgurl0315 ;ok so come over !
dble_d1 ;ok
rachelgurl0315 ;ok so see you in a little bit right ?
dble_d1 ;soon
rachelgurl0315 ;ok cool .  i'm gonna go and get ready ,  see you in a bit
dble_d1 ;i must be crazy
rachelgurl0315 ;no your not
dble_d1 ;you do know what would happen to me by being with you
rachelgurl0315 ;not like i'm gonna tell people ,  neways .  you are coming are not cause i really gotta get ready
dble_d1 ;ok
rachelgurl0315 ;so you leaving are what
dble_d1 ;yep
