ID;msg
deirules83;how are you ?
decoy name;bored ,  ,  ,  you ?
deirules83;same
decoy name;asl ?
deirules83;these people are not very interesting ,  ,  ,  / m/belleville
decoy name;f Michigan (  Age stated .  )
deirules83;cool ,  ,  ,  what are you doing ?
decoy name;nothing ,  ,  ,  you ?
deirules83;same
decoy name;what's your name ?  ,  ,  ,  i'm cory
deirules83;i'm carl (  Fake name .  )  ,  ,  ,  what are you doing in an adult room cory ?
decoy name;nice to meet you
deirules83;same
decoy name;chatting ,  ,  ,  you ?
deirules83;cool ,  ,  ,  same
decoy name;you have any pictures ?
deirules83;|yes ,  you ?  |
decoy name;a few
deirules83;you are very cute
decoy name;"thanks ,  ,  ,  you are ?  (  The pictures he showed me of \"""" him \"""" looked much older and did not match his arrest photo .  )"
deirules83;ya
decoy name;cool
deirules83;you have more pictures ?
decoy name;i might but i don't know where they are ,  ,  ,  do you ?
deirules83;yes
decoy name;cool ,  ,  ,  can i see ?
deirules83;what do your parents think about you being on here ?
decoy name;my mom don't care (  Sadly ,  many parents don't but they should .  )  |
deirules83;really ,  that's cool|
decoy name;you chat a lot ?
deirules83;little here and there
decoy name;ok
deirules83;what do you like to chat about ?
decoy name;anything ,  ,  ,  you ?
deirules83;panties (  Panties usually come up in pervert comversations .  )
decoy name;lol ,  ,  ,  for real ?
deirules83;ya
decoy name;what kind ?
deirules83;all
decoy name;ok ,  ,  ,  you have a favorite kind ?
deirules83;|boyshorts ,  you ?  |
decoy name;i wear bikini kind
deirules83;|mmm ,  size ?  |
decoy name;nice ,  ,  ,  |i also wear them ,  size (  I was obviously not dealing with the usual pervert .  )  |
deirules83;you do ?
decoy name;ya
deirules83;ok ,  ,  ,  panties ?
decoy name;ya
deirules83;i didn't know guys do that ,  ,  ,  thought they wore boxers and stuff
decoy name;|most do ,  i like panties and stockings (  Sometimes a pervert says something you don't know how to respond to .  )  |
deirules83;ok
decoy name;at what age will you lose virginity ?  (  Wtf kind of question is this ?  )
deirules83;i already did ,  ,  ,  i was
decoy name;to who ?
deirules83;old boyfriend
decoy name;cool
deirules83;is that ok ?  ,  ,  ,  you think i'm bad ?
decoy name;I think it's great ,  are you active now ?  |
deirules83;no i don't have a boyfriend
decoy name;oh
deirules83;I gotta run ,  c-ya soon|
decoy name;ok bye
deirules83;find some more pictures
decoy name;lol i will try
deirules83;any in bikini ?
decoy name;no sorry
deirules83;|lol ,  its cool ,  bra size ?  |
decoy name;be
deirules83;sweet
decoy name;small
deirules83;i like
decoy name;really ?
deirules83;very much
decoy name;|describe your outfit right now ,  all of it
deirules83;i have on blue jeans ,  ,  ,  a hoodie sweatshirt that says ac/dc ,  ,  ,  its cold here
decoy name;under those ?
deirules83;a black shirt ,  ,  ,  red bra and panties ,  ,  ,  socks
decoy name;do you masturbate ?
deirules83;no ,  ,  ,  i thought only guys do that
decoy name;oh ,  ,  ,  |ok babe ,  gotta run|
deirules83;ok ,  ,  ,  talk to you later
decoy name;cool ,  ,  ,  hi
deirules83;hi ,  ,  ,  how are you ?
decoy name;|good ,  you ?  |
deirules83;bored lol
decoy name;whatcha been doing ?
deirules83;just chatting ,  ,  ,  you ?
decoy name;same ,  ,  ,  any new pictures ?
deirules83;no ,  ,  ,  sorry
decoy name;it's ok
deirules83;you have a ny new ones ?
decoy name;no
deirules83;darn
decoy name;may i see an old one again ?  ,  ,  ,  minimum ,  ,  ,  nice
deirules83;thanks
decoy name;i am masturbating (  Ew .  I really could have lived without knowing this .  )
deirules83;you are ?
decoy name;ya
deirules83;ok
decoy name;is that ok ?
deirules83;yea i guess so
decoy name;more pictures ?  ,  ,  ,  |very hot ,  keep them coming| ,  ,  any butt shots ?
deirules83;no sorry
decoy name;|its ok ,  more please ?  | ,  ,  love that one
deirules83;I think that is all .
decoy name;oh please find more !  !  !
deirules83;icky no makeup in that one
decoy name;love it
deirules83;thanks
decoy name;any shots of you and friends or family ?
deirules83;I would have to look for them
decoy name;mmm ok
deirules83;you don't have any more pictures ?
decoy name;pictures of my daughter
deirules83;no of you
decoy name;no
deirules83;ok ,  ,  ,  you showed me that one before ,  ,  ,  is that your daughter ?
decoy name;ya
deirules83;she's pretty
decoy name;ty
deirules83;any more pictures ?
decoy name;finding more ?
deirules83;looking
decoy name;you need more body shots
deirules83;you to lol
decoy name;TRUE
deirules83;lol
decoy name;i am almost ready to cum
deirules83;you are ?
decoy name;ya ,  ,  ,  you find any ?
deirules83;no ,  ,  ,  i showed all i found
decoy name;ok
deirules83;is the last one your daughter ?
decoy name;|ya ,  a few years back
deirules83;ok
decoy name;mmm just came
deirules83;you really did ?
decoy name;ya
deirules83;you like ?
decoy name;lol ,  ,  ,  maybe
deirules83;big mess here
decoy name;lol ,  ,  ,  how big ?
deirules83;real big
decoy name;all over your pictures
deirules83;you did ?
decoy name;ya ,  ,  ,  you horny ?
deirules83;maybe ,  ,  ,  are you ?
decoy name;|lol ,  i just finished !  !  but yeah|
deirules83;i'm not in to cyber
decoy name;me neither
deirules83;ok
decoy name;: - *
deirules83;: - *
decoy name;do you have a hot ass ?
deirules83;i don't know lol ,  ,  ,  i guess so ,  ,  ,  why ?
decoy name;id love to rub the head of my cock on it (  I would love for you to be arrested .  )
deirules83;for real ?
decoy name;is that bad ?
deirules83;lol no
decoy name;sit on my lap .  .  .  .  (  He is trying to get my kid to cyber .  )
deirules83;ok
decoy name;mmm now grind
deirules83;ok
decoy name;mmm feel that ?
deirules83;lol wish i could
decoy name;|rock hard against your ass ,  inches|
deirules83;inches ?  ,  ,  ,  omg
decoy name;not enough ?
deirules83;lol ,  ,  ,  that's huge ,  ,  ,  who is in the picture ?
decoy name;I dunno ,  someone sent it to me|
deirules83;oh
decoy name;you like ?
deirules83;yea it sok
decoy name;rub your clitoris
deirules83;i don't want to cyber
decoy name;oh you
deirules83;you have lots of pictures like that ?
decoy name;no
deirules83;ok ,  ,  ,  just wondered
decoy name;I'm stroking again ,  thinking of you on my lap|
deirules83;you are ?
decoy name;ya
deirules83;: x
decoy name;: - *
deirules83;think you could handle inches ?
decoy name;i don't know that is really really big ,  ,  ,  who is the little girl ?
deirules83;dau
decoy name;ok ,  ,  ,  cute ,  ,  ,  is that you ?
deirules83;|no ,  guy i used to play with|
decoy name;oh
deirules83;you bi ?
decoy name;bi ?  ,  ,  ,  you mean do i like girls to ?
deirules83;ya
decoy name;i don't know ,  ,  ,  never thought about it
deirules83;would love to see you with my daughter (  Wtf ?  ?  ?  )
decoy name;really ?
deirules83;ya
decoy name;does she like girls ?
deirules83;ya
decoy name;oh ,  ,  ,  did she tell you that ?
deirules83;ya
decoy name;ok
deirules83;is she hot ?
decoy name;she's really pretty ,  ,  ,  how old is she ?
deirules83;her bra size is dd
decoy name;wow that's big
deirules83;yours ?
decoy name;be ,  ,  ,  small
deirules83;|its ok ,  time to grow|
decoy name;i guess so
deirules83;id like to put my cock in between them
decoy name;you do ?
deirules83;mmm you
decoy name;ok ,  ,  ,  why ?
deirules83;what do you wanna do with it ?
decoy name;i don't know ,  ,  ,  do you want me to do something with it ?
deirules83;it's up to you
decoy name;if you want
deirules83;what would you do ?
decoy name;all i ever did was sex and oral
deirules83;mmm
decoy name;mmm ?
deirules83;yummy
decoy name;you don't think i'm bad do you ?
deirules83;|ya ,  but it's ok ,  i gotta gio|
decoy name;
deirules83;
decoy name;
deirules83;
decoy name;
deirules83;
