ID;msg
detfreak99@sbcglobal.net ;nuttin chilling you
Decoy ;same ,  asl please ?
detfreak99@sbcglobal.net ;md et
Decoy ;f miles
detfreak99@sbcglobal.net ;ok
Decoy ;i'm holly
detfreak99@sbcglobal.net ;I'm is hard ,  nice to meet you
Decoy ;nice meet you
detfreak99@sbcglobal.net ;so what do you like to do
Decoy ;hang out with my friends go swimming but don't do that much now that it's getting cold out ,  go the mall listen music ,  what do you like ?
detfreak99@sbcglobal.net ;anything to keep my attention
Decoy ;like what ?
detfreak99@sbcglobal.net ;video games movies etc
Decoy ;kewldetfreak99 .  net (  09/18/08 : 02:23 PM )  :  ty ,  do you chat alot ?
detfreak99@sbcglobal.net ;not much you
Decoy ;ya i guess i probably do
detfreak99@sbcglobal.net ;lol ,  why
Decoy ;nothing else do
detfreak99@sbcglobal.net ;what would you like to do
Decoy ;hang out with my friends lolz
detfreak99@sbcglobal.net ;wish i could help
Decoy ;how could you help hang out with my friends ?  lolz
detfreak99@sbcglobal.net ;don't know ,  how do you look
Decoy ;you got pictures ?
detfreak99@sbcglobal.net ;yea you
Decoy ;ya
detfreak99@sbcglobal.net ;y'all silly
Decoy ;lolz ,  you got anymore pictures ?  ,  i have like tons
detfreak99@sbcglobal.net ;not yet have some but cant send them
Decoy ;why ?  detfreak99 .  net (  09/18/08 : 08:44 PM )  :  body parts
detfreak99@sbcglobal.net ;and you not gonna report me
Decoy ;huh ?
detfreak99@sbcglobal.net ;its parts of my body ,  that you to young to see
Decoy ;whatever
detfreak99@sbcglobal.net ;lol ,  what would you do with a penis ,  nutting
Decoy ;lolz
detfreak99@sbcglobal.net ;right
Decoy ;i don't know what you mean
detfreak99@sbcglobal.net ;cause you a good girl
Decoy ;whatever ,  lolz
detfreak99@sbcglobal.net ;name something you done bad
Decoy ;if you ask my stepmom i'm bad all the time ,  lolz
detfreak99@sbcglobal.net ;not the way i am
Decoy ;not the way your bad ?
detfreak99@sbcglobal.net ;you got a cell phone
Decoy ;no ,  why ?
detfreak99@sbcglobal.net ;if you did
Decoy ;if i did what ?
detfreak99@sbcglobal.net ;i would say send me naked pictures
Decoy ;oh i don't have pictures like that ,  i that you wanted talk on the phone ,  because i have a call in card
detfreak99@sbcglobal.net ;lol where are you from
Decoy ;my ,  what kinda music do you like ?
detfreak99@sbcglobal.net ;all ,  you little virgin ,  lol
Decoy ;"ya """" >"
detfreak99@sbcglobal.net ;lol
Decoy ;don't laugh at me
detfreak99@sbcglobal.net ;why
Decoy ;because it's not funny
detfreak99@sbcglobal.net ;why you say that
Decoy ;because it's like your making fun of me
detfreak99@sbcglobal.net ;i'll stop
Decoy ;you don't wanna chat now ?
detfreak99@sbcglobal.net ;don't bother me
Decoy ;huh ?
detfreak99@sbcglobal.net ;don't get yourself in trouble
Decoy ;you wanted see my pictures an then you make fun of me an your saying don't bother you ?  ,  fine be like that bye
detfreak99@sbcglobal.net ;no ,  i said it doesn't bother me if you want to call me still
Decoy ;oh ,  i that you were telling me not bother you like don't chat with you anymore
detfreak99@sbcglobal.net ;have you ever played with yourself
Decoy ;i tried it before but it's kinda fake by yourself
detfreak99@sbcglobal.net ;what do you mean
Decoy ;seems kinda stupid by yourself
detfreak99@sbcglobal.net ;i'll make you ride a cucumber
Decoy ;huh ?
detfreak99@sbcglobal.net ;i'll make you cum on a cucumber
Decoy ;E
detfreak99@sbcglobal.net ;lol ,  you know you like that
Decoy ;like what ?
detfreak99@sbcglobal.net ;the cucumber
Decoy ;no i don't htink so
detfreak99@sbcglobal.net ;what's on your mind
Decoy ;nothing rely ,  what's on yours ?
detfreak99@sbcglobal.net ;what you are wearing
Decoy ;sweats it's cold out night nothing fancy lol
detfreak99@sbcglobal.net ;that's to much
Decoy ;i'm cold
detfreak99@sbcglobal.net ;wish i could see ,  nipples all hard
Decoy ;lolz that semba ress in
detfreak99@sbcglobal.net ;lol ,  why
Decoy ;i dunno
detfreak99@sbcglobal.net ;sure
Decoy ;huh ?
detfreak99@sbcglobal.net ;so what are you about to do
Decoy ;i'm chatting ,  what are you doing ?
detfreak99@sbcglobal.net ;sitting here
Decoy ;ok
detfreak99@sbcglobal.net ;come play with me
Decoy ;what ?
detfreak99@sbcglobal.net ;come on
Decoy ;what ?
detfreak99@sbcglobal.net ;come play with me
Decoy ;play with you ?
detfreak99@sbcglobal.net ;yea
Decoy ;like what ?
detfreak99@sbcglobal.net ;what you wanna play
Decoy ;no what do you wanna ?
detfreak99@sbcglobal.net ;me licking you
Decoy ;licking me ?  ,  like where ?
detfreak99@sbcglobal.net ;you pick
Decoy ;i dunno ,  you said it
detfreak99@sbcglobal.net ;between your legs
Decoy ;you wanna lick me there ?
detfreak99@sbcglobal.net ;can i
Decoy ;real ?
detfreak99@sbcglobal.net ;yea
Decoy ;maybe when i know you some more
detfreak99@sbcglobal.net ;you wouldn't know what do do
Decoy ;i heard it was fun though
detfreak99@sbcglobal.net ;really
Decoy ;ya ,  my friend did it
detfreak99@sbcglobal.net ;what she say
Decoy ;she said it was kewl
detfreak99@sbcglobal.net ;lol
Decoy ;why you laughing at me again ?
detfreak99@sbcglobal.net ;kinda cute ,  so that's the only reason why you wanna try it
Decoy ;i'm kinda curios w at it's like
detfreak99@sbcglobal.net ;and what if you like it
Decoy ;that would be kewl
detfreak99@sbcglobal.net ;what else you wanna try
Decoy ;i dunno
detfreak99@sbcglobal.net ;ok ,  what's up
Decoy ;nothing
detfreak99@sbcglobal.net ;what are you wearing now
Decoy ;sweats i told you that its cold
detfreak99@sbcglobal.net ;told you to change
Decoy ;why ?  ,  i'm going sleep soon i have school mo row
detfreak99@sbcglobal.net ;ok
Decoy ;do you work ?
detfreak99@sbcglobal.net ;yea
Decoy ;what do you do ?  ,  you here ?  ,  ok night i'm going sleep ,  was kewl chatting with you ,  hey
detfreak99@sbcglobal.net ;hi ,  sorry wasn't home
Decoy ;that's ok
detfreak99@sbcglobal.net ;how are you
Decoy ;getting sleepy rely
detfreak99@sbcglobal.net ;go to bed ,  and can i come
Decoy ;huh ?
detfreak99@sbcglobal.net ;when you go to bed
Decoy ;couple minutes
detfreak99@sbcglobal.net ;can i come too
Decoy ;sleep ?
detfreak99@sbcglobal.net ;next to you
Decoy ;lolz your not here silly
detfreak99@sbcglobal.net ;if i was
Decoy ;lol but your not ,  anim fall in asleep typ in
detfreak99@sbcglobal.net ;ok
Decoy ;you gonna be online tomorrow ?
detfreak99@sbcglobal.net ;night ,  might be
Decoy ;kewl ttyl if you are ,  night
detfreak99@sbcglobal.net ;night princess
Decoy ;hi
detfreak99@sbcglobal.net ;hi
Decoy ;watch doing ?
detfreak99@sbcglobal.net ;about to play my you
Decoy ;kewl ,  nothing rely here ,  just gonna check my email
detfreak99@sbcglobal.net ;then you leaving me
Decoy ;no not if you wanna chat ,  i that you were going play video games ?
detfreak99@sbcglobal.net ;i was but i kinda miss you
Decoy ;awww rely ?
detfreak99@sbcglobal.net ;i like messing with y
Decoy ;g thanks
detfreak99@sbcglobal.net ;lol just picking with you ,  but i did miss talking to you
Decoy ;you better watch out i might pick back ,  ya right
detfreak99@sbcglobal.net ;i did
Decoy ;i'm not fall in that again
detfreak99@sbcglobal.net ;and what you gonna do to me
Decoy ;i dunno yet
detfreak99@sbcglobal.net ;so what you do today
Decoy ;an like i would tell you if i did ha ha ,  nothing just watched my bros
detfreak99@sbcglobal.net ;lol ,  come watch me
Decoy ;watch you what ?  ,  your old need a babysitter
detfreak99@sbcglobal.net ;may be
Decoy ;huh ?
detfreak99@sbcglobal.net ;what's on your mind
Decoy ;nothing rely ,  it's empty lol
detfreak99@sbcglobal.net ;do i need to come hold you
Decoy ;lol
detfreak99@sbcglobal.net ;so what you think about me ?
Decoy ;i think your kewl
detfreak99@sbcglobal.net ;i wonder how you taste
Decoy ;how i taste ?
detfreak99@sbcglobal.net ;yea ,  when you get wet ,  know what i mean now ?
Decoy ;no
detfreak99@sbcglobal.net ;do you get horny ?
Decoy ;sometimes
detfreak99@sbcglobal.net ;you know when you get wet
Decoy ;oh
detfreak99@sbcglobal.net ;get it now
Decoy ;i think so
detfreak99@sbcglobal.net ;what are you thinking about now
Decoy ;i dunno
detfreak99@sbcglobal.net ;don't make me come kiss you
Decoy ;like you rely would
detfreak99@sbcglobal.net ;would you let me
Decoy ;i dunno you would rely wanna kiss me ?
detfreak99@sbcglobal.net ;why wouldn't i
Decoy ;i dunno
detfreak99@sbcglobal.net ;ok ,  sorry if i scared you
Decoy ;you don't scare me i think your kewl
detfreak99@sbcglobal.net ;ok ,  quiet
Decoy ;sorry i was read in something ,  i'm not busy though
detfreak99@sbcglobal.net ;let me know when your done
Decoy ;i'm done now ,  are you playing xbox ?
detfreak99@sbcglobal.net ;not yet
Decoy ;i wish i had a wi i
detfreak99@sbcglobal.net ;it's fun
Decoy ;ya
detfreak99@sbcglobal.net ;i have one
Decoy ;wow kewl
detfreak99@sbcglobal.net ;I have a with ,  ,  ps3 ,  and a ps2|
Decoy ;omg you are so lucky
detfreak99@sbcglobal.net ;why
Decoy ;i only have a gameboy ,  but i love play in with ii at my friends house ,  i hope when the step monster goes away she can bring it over the weekend
detfreak99@sbcglobal.net ;lol
Decoy ;what do you like the best ?  ,  rely ?
detfreak99@sbcglobal.net ;what you play on your gameboy or do you have a ds
Decoy ;she won't get me a ds ,  i have Mario pacman herbie fully loaded pokemon emerald
detfreak99@sbcglobal.net ;might have to play you in Pokemon
Decoy ;i don't have the connector play with other peeps ,  i wish i did though
detfreak99@sbcglobal.net ;lol
Decoy ;i bet i could get more pokemon that way
detfreak99@sbcglobal.net ;i have a couple extra wireless ones
Decoy ;cool
detfreak99@sbcglobal.net ;i collect games
Decoy ;rely ?  ,  i want another pokemon ,  may be the ruby red or the new pearl
detfreak99@sbcglobal.net ;|which one ,  hope you get it i need someone to battle against|
Decoy ;what do you think is best
detfreak99@sbcglobal.net ;i have all of them hard to say
Decoy ;mines like stuck i can't seem get it open up any more cities ,  probably because i can't go wireless with it
detfreak99@sbcglobal.net ;ok
Decoy ;i wish i could
detfreak99@sbcglobal.net ;may be i can help you
Decoy ;how ?
detfreak99@sbcglobal.net ;send you one
Decoy ;send me what ?
detfreak99@sbcglobal.net ;wireless thing
Decoy ;omg you would rely do that ?
detfreak99@sbcglobal.net ;yea i have like
Decoy ;wow that would be rely rely kewl cept my stepmom would get the mail an get pissed at me given peeps online my address
detfreak99@sbcglobal.net ;ok ,  what's wrong
Decoy ;wish you rely could send me that but shed get pissed if she found out ,  how many pokemon games you got ?  ,  omg an i don't have emerald i keep saying that because it's green but its green leaf version lol
detfreak99@sbcglobal.net ;lol
Decoy ;i can't get past island
detfreak99@sbcglobal.net ;when you beat it ,  yea
Decoy ;i didn't beat it though i don't have all the Pokemon
detfreak99@sbcglobal.net ;good luck
Decoy ;thanks i just don't think i can get all the pokemon until i can trade with wireless
detfreak99@sbcglobal.net ;right ,  sorry to change subject have you every seen a dick
Decoy ;ya lol
detfreak99@sbcglobal.net ;um who's
Decoy ;my xbf
detfreak99@sbcglobal.net ;|might have to show you mine ,  lol|
Decoy ;lolz
detfreak99@sbcglobal.net ;you know you want to
Decoy ;like real ?
detfreak99@sbcglobal.net ;picture for now ,  real later
Decoy ;lolz ,  omg you rely took pictures of it ?
detfreak99@sbcglobal.net ;some old ones ,  was about to erase them
Decoy ;oh
detfreak99@sbcglobal.net ;so you want it before i erase it
Decoy ;up you there your pictures ,  your not embaresed ?
detfreak99@sbcglobal.net ;not really ,  do you want to see it or no
Decoy ;kewl ,  i guess if you don't care
detfreak99@sbcglobal.net ;lol still not yes or no princess
Decoy ;i told you it don't matter me it's your thing jeez ,  wow kewl
detfreak99@sbcglobal.net ;wow what
Decoy ;your pictures ,  it looks kind a big
detfreak99@sbcglobal.net ;i guess you like it huh
Decoy ;i guess lolz not like i seen a lot of them lolz
detfreak99@sbcglobal.net ;big for you
Decoy ;i dunno ,  what do you mean ?
detfreak99@sbcglobal.net ;think you can take it
Decoy ;oh i never rely did that before
detfreak99@sbcglobal.net ;would you
Decoy ;may be ,  i'm kinda curios
detfreak99@sbcglobal.net ;what would you do with it
Decoy ;i dunno ,  what would you want ?
detfreak99@sbcglobal.net ;your choice
Decoy ;i don't rely know a lot about this stuff ,  so i'm not sure what say with out sound in rely dumb
detfreak99@sbcglobal.net ;if i ask you to do something will you do it
Decoy ;may be depend what you ask me do lol
detfreak99@sbcglobal.net ;what are you wearing
Decoy ;like sweat pants an a tshirt
detfreak99@sbcglobal.net ;i want you to go get a carrot or a cucumber ,  and where are you
Decoy ;i'm in my room
detfreak99@sbcglobal.net ;go get a carrot or a cucumber
Decoy ;why ?
detfreak99@sbcglobal.net ;we about to play
Decoy ;huh ?
detfreak99@sbcglobal.net ;i'm about to make you cum
Decoy ;you can't do that on the competition
detfreak99@sbcglobal.net ;long as you do what i say you will
Decoy ;no that's kinda fake an i never did that before i kinda want the st time be with a real boyfriend you know
detfreak99@sbcglobal.net ;ok
Decoy ;now your mad at me
detfreak99@sbcglobal.net ;no i'm not
Decoy ;you sure ?
detfreak99@sbcglobal.net ;yea
Decoy ;you are so kewl
detfreak99@sbcglobal.net ;ty
Decoy ;yw
detfreak99@sbcglobal.net ;what's on your mind
Decoy ;just thinking about how kewl you are
detfreak99@sbcglobal.net ;really
Decoy ;ya
detfreak99@sbcglobal.net ;thank you
Decoy ;yw
detfreak99@sbcglobal.net ;hope i can make you happy
Decoy ;whatcha mean ?
detfreak99@sbcglobal.net ;make you smile
Decoy ;lolz now i just smiled when you said that ha ha
detfreak99@sbcglobal.net ;lol
Decoy ;you closed it ?
detfreak99@sbcglobal.net ;by mistake you want it again
Decoy ;i didn't cls oe mine lol
detfreak99@sbcglobal.net ;you still looking at it huh
Decoy ;may be
detfreak99@sbcglobal.net ;tell me
Decoy ;tell you what ?
detfreak99@sbcglobal.net ;if you are
Decoy ;ya
detfreak99@sbcglobal.net ;um why
Decoy ;sorry i closed it now then
detfreak99@sbcglobal.net ;was about to ask if you liked it ,  take it and like it ,  you like it
Decoy ;ya
detfreak99@sbcglobal.net ;you getting wet
Decoy ;no it's just a picture it's not real you know
detfreak99@sbcglobal.net ;WHAT U THINKING ABOUT IT
Decoy ;i'm getting kinda tired
detfreak99@sbcglobal.net ;go to bed
Decoy ;i think i should
detfreak99@sbcglobal.net ;night
Decoy ;night quz kewl chatting with you again ,  was
detfreak99@sbcglobal.net ;talk to you later
Decoy ;ok ,  night
detfreak99@sbcglobal.net ;hi lady
Decoy ;hi ,  sorry i was doing homework ,  didn't see you type before lol ,  you here ?  ,  hi ,  watch doing ?
detfreak99@sbcglobal.net ;|was playing rock band ,  how are u|
Decoy ;hey was do in homework sorry ,  i'm back now
detfreak99@sbcglobal.net ;hi
Decoy ;hi
detfreak99@sbcglobal.net ;what's up
Decoy ;nothing just bored ,  you ?
detfreak99@sbcglobal.net ;chilling ,  you ain't thinking about my pictures are you
Decoy ;you done playing rock band ?
detfreak99@sbcglobal.net ;lol ,  yes
Decoy ;cool
detfreak99@sbcglobal.net ;you're not thinking about my pictures are you ?  ,  ><
Decoy ;lolz not right this minute
detfreak99@sbcglobal.net ;better not be
Decoy ;you showed me them
detfreak99@sbcglobal.net ;and ,  didn't you want to see them|
Decoy ;lolz ,  well
detfreak99@sbcglobal.net ;well what
Decoy ;"nothing """" >"
detfreak99@sbcglobal.net ;tell me
Decoy ;tell you what ?
detfreak99@sbcglobal.net ;what well was
Decoy ;huh ?
detfreak99@sbcglobal.net ;didn't you want to see them
Decoy ;your pictures ?
detfreak99@sbcglobal.net ;yes
Decoy ;they were kewl
detfreak99@sbcglobal.net ;lol
Decoy ;>
detfreak99@sbcglobal.net ;did you tell anyone ?
Decoy ;no ,  you think i wanna get grounded ?  ,  duh
detfreak99@sbcglobal.net ;lol
Decoy ;i'm not that stupid
detfreak99@sbcglobal.net ;what you do today
Decoy ;school ,  what did you do ?
detfreak99@sbcglobal.net ;i wanna go
Decoy ;school ?
detfreak99@sbcglobal.net ;yes with you
Decoy ;lolz you can't go school with me omg
detfreak99@sbcglobal.net ;lol
Decoy ;what did you do day ?
detfreak99@sbcglobal.net ;work like hell
Decoy ;whatcha do work ?
detfreak99@sbcglobal.net ;in a factory
Decoy ;doing what ?
detfreak99@sbcglobal.net ;checking exhaust system me ,  systems
Decoy ;oh like on cars ?
detfreak99@sbcglobal.net ;yes
Decoy ;cool
detfreak99@sbcglobal.net ;what's on your mind
Decoy ;nothing rely ,  getting kinda sleepy i guess
detfreak99@sbcglobal.net ;go to bed
Decoy ;i will soon ,  i like talking you
detfreak99@sbcglobal.net ;good
Decoy ;thanks
detfreak99@sbcglobal.net ;you better ,  i'm gonna get you
Decoy ;get me ?
detfreak99@sbcglobal.net ;yes
Decoy ;how you gonna get me ?
detfreak99@sbcglobal.net ;you tell me
Decoy ;i dunno you said you were gonna get me so i dunno how your gonna get me
detfreak99@sbcglobal.net ;you want me too
Decoy ;want you what ?
detfreak99@sbcglobal.net ;lol nutting
Decoy ;what ?
detfreak99@sbcglobal.net ;get you
Decoy ;how you gonna get me ?
detfreak99@sbcglobal.net ;don't are know yey t
Decoy ;huh ?  ,  what are you talking about ?
detfreak99@sbcglobal.net ;nutting
Decoy ;ok i'm going sleep ,  night ,  hi
detfreak99@sbcglobal.net ;hi
Decoy ;watch doing ?
detfreak99@sbcglobal.net ;chilling you
Decoy ;finish in my homework ,  i'm just about done finally
detfreak99@sbcglobal.net ;i know your happy
Decoy ;kinda lol ,  i'll be happier when step monster goes visit her mom lolz
detfreak99@sbcglobal.net ;then what are you gonna do
Decoy ;i dunno yet but at least she won tb here boss in me around
detfreak99@sbcglobal.net ;I'll be there ,  lol|
Decoy ;where ?
detfreak99@sbcglobal.net ;with you when she leaves
Decoy ;lol that might be kewl ,  your jk with me though
detfreak99@sbcglobal.net ;what if i'm for real
Decoy ;well are you real or not ?
detfreak99@sbcglobal.net ;i might be ,  |long as you not the police ,  lol|
Decoy ;i'm not a cop that's not even what i wanna be someday ,  i wanna be a teacher
detfreak99@sbcglobal.net ;i hope you become that
Decoy ;thanks ,  me
detfreak99@sbcglobal.net ;if i was to spend time with you what would we do
Decoy ;i dunno what do you like do ?
detfreak99@sbcglobal.net ;anything you wanna try
Decoy ;huh ?
detfreak99@sbcglobal.net ;i'll lick you a couple of times
Decoy ;i heard that's fun ,  my friend marissa told me it's kewl
detfreak99@sbcglobal.net ;what did she tell you
Decoy ;she said it's rely kewl ,  she has a boyfriend
detfreak99@sbcglobal.net ;ok ,  what if you like it a lot
Decoy ;that would be kewl
detfreak99@sbcglobal.net ;what if i pull out my dick
Decoy ;lolz
detfreak99@sbcglobal.net ;lol
Decoy ;i dunno what say because i'm not sure if your just play in me or if you rely like me like that
detfreak99@sbcglobal.net ;how you feel about me
Decoy ;i think your kewl
detfreak99@sbcglobal.net ;ok ,  would you like me to pull out my dick ?
Decoy ;if you wanted i guess
detfreak99@sbcglobal.net ;|lol ,  when you say that it means yes|
Decoy ;it does ?
detfreak99@sbcglobal.net ;i think
Decoy ;would you wanna do that ?  ,  lolz
detfreak99@sbcglobal.net ;|depends ,  what would you do with it if i pulled it out
Decoy ;"i dunno depends what you want me do ,  i kinda feel stupid because i don't know alot about all this stuff """" >"
detfreak99@sbcglobal.net ;you still young it's not that import and
Decoy ;i dunno it seems important we never y1s always talking about it
detfreak99@sbcglobal.net ;|its not ,  do it when your ready|
Decoy ;how do you know when that is ,  lol ,  i'm kinda curios
detfreak99@sbcglobal.net ;i don't know ,  but what if i pulled out my dick ,  and tried to put it in u|
Decoy ;would it hurt ?
detfreak99@sbcglobal.net ;yea it would be your first right
Decoy ;ya
detfreak99@sbcglobal.net ;it will hurt at first
Decoy ;ya that's what marissa told me
detfreak99@sbcglobal.net ;oh
Decoy ;she said it's just a couple minutes though an then it's fun
detfreak99@sbcglobal.net ;lol
Decoy ;omg your laughing at me
detfreak99@sbcglobal.net ;no what she said
Decoy ;oh ,  your laughing at her ?  ,  why is she lying me ?
detfreak99@sbcglobal.net ;how she worded it
Decoy ;oh ,  is she lying ?
detfreak99@sbcglobal.net ;can say i'm not a girl ,  can't
Decoy ;lolz ,  well i guess that's fair ,  ha ha
detfreak99@sbcglobal.net ;so what's on your mind
Decoy ;i dunno ,  jw if she sri ter ,  right
detfreak99@sbcglobal.net ;you really wanna find out
Decoy ;ya someday
detfreak99@sbcglobal.net ;right now
Decoy ;i don't gotta boyfriend right now ,  duh
detfreak99@sbcglobal.net ;yet
Decoy ;ya ,  would be kewl if i did though
detfreak99@sbcglobal.net ;why what would you do
Decoy ;i dunno i don't have
detfreak99@sbcglobal.net ;i'll be your boyfriend
Decoy ;rely ?
detfreak99@sbcglobal.net ;would you like that
Decoy ;ya if your not jk with me
detfreak99@sbcglobal.net ;aren't i to old though
Decoy ;i don't think that matters
detfreak99@sbcglobal.net ;how old am i
Decoy ;do you ?
detfreak99@sbcglobal.net ;no
Decoy ;i dunno you said something ,  it's not like your lol
detfreak99@sbcglobal.net ;send me your pictures again i need to save some ,  lol
Decoy ;ok ,  can i c yours ?
detfreak99@sbcglobal.net ;which ones
Decoy ;the s of your face so i can see how cute you are again
detfreak99@sbcglobal.net ;you have something to take pictures and put them on the competition
Decoy ;no ,  my friends took them an emailed them me ,  sorry ,  my stepmom doesn't know i have pictures on here she would kill me
detfreak99@sbcglobal.net ;i wanna see more or you with less clothes lol
Decoy ;i don't think i have any like that
detfreak99@sbcglobal.net ;yet ,  but you will soon
Decoy ;there's a stupid from a sleepover at a maddys house ,  you here ?  ,  were did you go ?
detfreak99@sbcglobal.net ;sorry competition froze talk to you later
Decoy ;hi
detfreak99@sbcglobal.net ;|hi ,  how are you ?  |
Decoy ;ok you ?  ,  my step mom's be in a bitch
detfreak99@sbcglobal.net ;why what happened ?
Decoy ;mo row is my birthday an she's not gonna let me hang out with my friends ,  i so hate her so much
detfreak99@sbcglobal.net ;|sorry to hear that ,  but let me tell you happy b-day ,  just in case i don't talk to you sun|
Decoy ;aww thanks your sweet
detfreak99@sbcglobal.net ;you want anything ?
Decoy ;my stepmom let me go out ha ha ,  but she probably won't ,  she won't get me anything any way she says i mold birthday partys anymore she probably won't even get me a cake
detfreak99@sbcglobal.net ;i'm really sorry to hear that
Decoy ;it's not your fault
detfreak99@sbcglobal.net ;can i do anything to make you smile ?
Decoy ;make her change her mind ?  ,  lolz
detfreak99@sbcglobal.net ;don't think that will happen
Decoy ;ya probably not ,  wens your birthday ?
detfreak99@sbcglobal.net ;-2
Decoy ;march ?
detfreak99@sbcglobal.net ;yes
Decoy ;cool
detfreak99@sbcglobal.net ;|so what can i do or try to do ,  to make smile|
Decoy ;i dunno
detfreak99@sbcglobal.net ;something possible
Decoy ;i dunno like what ?
detfreak99@sbcglobal.net ;think of something e
Decoy ;hmmm ,  wanna talk on the phone ?
detfreak99@sbcglobal.net ;when ?
Decoy ;now ?
detfreak99@sbcglobal.net ;sure
Decoy ;kewl ,  lemme get my calling card brb
detfreak99@sbcglobal.net ;where are you from again ?
Decoy ;my
detfreak99@sbcglobal.net ;| ,  why a calling card|
Decoy ;so my stepmom don't know i'm calling you duh
detfreak99@sbcglobal.net ;lol
Decoy ;ok what's your number ?
detfreak99@sbcglobal.net ;* edit *
Decoy ;ok she's at her friends house so i dunno how long i can talk before she comes back
detfreak99@sbcglobal.net ;ok ,  sorry about that my brother called ,  but i love your voice
Decoy ;aww thanks sorry i think she's home though ,  so i hung up
detfreak99@sbcglobal.net ;ok
Decoy ;it was kewl talking you
detfreak99@sbcglobal.net ;yes miss shy booty
Decoy ;omg i'm not that shy
detfreak99@sbcglobal.net ;where in my do you stay
Decoy ;i'm in west miles
detfreak99@sbcglobal.net ;westland ?
Decoy ;no ,  west Michigan lolz
detfreak99@sbcglobal.net ;where is that ok
Decoy ;Michigan
detfreak99@sbcglobal.net ;never mind
Decoy ;are you mad at me ?
detfreak99@sbcglobal.net ;no
Decoy ;ok
detfreak99@sbcglobal.net ;should i be
Decoy ;i hope not
detfreak99@sbcglobal.net ;i wanna taste you so bad
Decoy ;lolz
detfreak99@sbcglobal.net ;i can't
Decoy ;you can't what ?
detfreak99@sbcglobal.net ;taste you
Decoy ;oh why ?
detfreak99@sbcglobal.net ;to see how you taste
Decoy ;why can't you ?
detfreak99@sbcglobal.net ;will you let me
Decoy ;you rely wanna ?
detfreak99@sbcglobal.net ;do you really want me to
Decoy ;i heard it's fun now i feel stupid because i dunno what you want
detfreak99@sbcglobal.net ;lol ,  sorry ,  i won't ask you again
Decoy ;you can ask me whatever you want ,  it's kewl
detfreak99@sbcglobal.net ;what you wanna ask me
Decoy ;i dunno lolz
detfreak99@sbcglobal.net ;cum on
Decoy ;well i asked you if you rely wanted do that but you wouldn't answer me so i dunno what ask now
detfreak99@sbcglobal.net ;yes i do
Decoy ;that's kewl
detfreak99@sbcglobal.net ;do you want me to
Decoy ;ya if you wanna i think it would be fun
detfreak99@sbcglobal.net ;what you want me to
Decoy ;you don't think that's gross ?
detfreak99@sbcglobal.net ;i like to do that
Decoy ;cool
detfreak99@sbcglobal.net ;why is that
Decoy ;because i heard it's fun
detfreak99@sbcglobal.net ;when can i
Decoy ;when you wanna ?
detfreak99@sbcglobal.net ;when you are free
Decoy ;may be when my step monster goes her mom's house
detfreak99@sbcglobal.net ;when is that
Decoy ;she's go in soon oct i think she s go in the weekend
detfreak99@sbcglobal.net ;you hope i come don't you
Decoy ;it might be kewl ,  you rely would wanna ?
detfreak99@sbcglobal.net ;if you let me ,  i'll be back i have to do something ok
Decoy ;ok
detfreak99@sbcglobal.net ;still on here
Decoy ;ya ,  were did you go ?
detfreak99@sbcglobal.net ;had to take care of something
Decoy ;oh
detfreak99@sbcglobal.net ;why you want me to come play with you
Decoy ;when ?  ,  like now ?  my stepmom is here
detfreak99@sbcglobal.net ;what you wanna play first
Decoy ;i dunno
detfreak99@sbcglobal.net ;ok
Decoy ;i dunno a lot about that stuff
detfreak99@sbcglobal.net ;i'll let you be a little angel then
Decoy ;whatcha mean ?
detfreak99@sbcglobal.net ;i'm not gonna do anything to you
Decoy ;so you were just lying about doing that stuff then ?
detfreak99@sbcglobal.net ;no ,  |ill to it ,  i just don't wanna rush u|
Decoy ;well i'm kinda curios i just don't know what you wanna do
detfreak99@sbcglobal.net ;i'll only do what you wanna do
Decoy ;well i dunno what i wanna do because i don't know what it's like
detfreak99@sbcglobal.net ;well when you do
Decoy ;huh ?
detfreak99@sbcglobal.net ;tell me what you think you want me to do
Decoy ;your making me feel rely stupid now ,  whatever if your just playing games i think
detfreak99@sbcglobal.net ;I'm not ,  i'm trying to see how you think|
Decoy ;what do you think would be kewl ?
detfreak99@sbcglobal.net ;what do you find to be cool
Decoy ;i dunno that sy i mask in you
detfreak99@sbcglobal.net ;what are you wearing now
Decoy ;pants an a tshirt
detfreak99@sbcglobal.net ;will you try something for me
Decoy ;what ?
detfreak99@sbcglobal.net ;you know what a clitoris is ?
Decoy ;ya
detfreak99@sbcglobal.net ;i want you to rub it till you get wet
Decoy ;not on the competition if i do that its only when i'm alone under my covers ,  so nobody ok nos
detfreak99@sbcglobal.net ;no fun ,  why that face ?
Decoy ;because now your mad at me
detfreak99@sbcglobal.net ;no i'm not
Decoy ;but you don't think i'm fun
detfreak99@sbcglobal.net ;sorry i'm a big freak
Decoy ;you seem nice
detfreak99@sbcglobal.net ;ty
Decoy ;yw
detfreak99@sbcglobal.net ;so what's on your mind
Decoy ;nothing
detfreak99@sbcglobal.net ;i wanna see you naked
Decoy ;ok
detfreak99@sbcglobal.net ;i'm for real
Decoy ;me
detfreak99@sbcglobal.net ;you gonna get me a picture
Decoy ;oh it hawt you meant real z ,  i can't get a picture like that
detfreak99@sbcglobal.net ;ok i really meant both ,  but a picture for now
Decoy ;i can't get a picture like that
detfreak99@sbcglobal.net ;i know now
Decoy ;i don't gotta digi cam my friends take my pictures and email them me so my stepmom don't know i have them
detfreak99@sbcglobal.net ;ok
Decoy ;hi
detfreak99@sbcglobal.net ;hi baby
Decoy ;watch doing ?
detfreak99@sbcglobal.net ;sitting here naked you
Decoy ;lolz you are not
detfreak99@sbcglobal.net ;yes i am
Decoy ;lolz
detfreak99@sbcglobal.net ;so how was y out birthday
Decoy ;rely rely rely bad
detfreak99@sbcglobal.net ;why what happened
Decoy ;she wouldn't let my friends come over ,  no cake no presents ,  i made my own cake ,  me an my bros ate it an tyler even tried make me a homemade birthday card ,  my dad called though so that was kewl
detfreak99@sbcglobal.net ;who do you like ve with
Decoy ;my stepmom ,  my dad is in the navy
detfreak99@sbcglobal.net ;ok ,  so can i do anything to make you feel better
Decoy ;no my be days almost over now
detfreak99@sbcglobal.net ;ok ,  what's on your mind
Decoy ;getting sleepy i have school mo row
detfreak99@sbcglobal.net ;go to bed
Decoy ;ya i'm just in a bad mood ,  talk you tomorrow if your on ok ?
detfreak99@sbcglobal.net ;ok
Decoy ;night
detfreak99@sbcglobal.net ;night
Decoy ;hi
detfreak99@sbcglobal.net ;hi baby
Decoy ;wathca doing ?
detfreak99@sbcglobal.net ;nutting you
Decoy ;nothing
detfreak99@sbcglobal.net ;why
Decoy ;dunno ,  why are you doing nothing ?
detfreak99@sbcglobal.net ;you're not here
Decoy ;lolz
detfreak99@sbcglobal.net ;come on
Decoy ;what ?
detfreak99@sbcglobal.net ;lol
Decoy ;huh ?  ,  your not making any sense night
detfreak99@sbcglobal.net ;what you do today
Decoy ;school ,  homework ,  chores
detfreak99@sbcglobal.net ;sounds fun
Decoy ;not rely
detfreak99@sbcglobal.net ;you know it is
Decoy ;NOT
detfreak99@sbcglobal.net ;what's on your mind
Decoy ;nothing i'm watch in America's got talent
detfreak99@sbcglobal.net ;is it good
Decoy ;ya it just started night the pick the winner ,  are you watching it ?
detfreak99@sbcglobal.net ;no
Decoy ;i want nothing but strings win it ,  the boys that play the violins like rock ,  they are so kewl
detfreak99@sbcglobal.net ;ok
Decoy ;did you see them before ?
detfreak99@sbcglobal.net ;no ,  but you like them
Decoy ;ya there rely kewl ,  there on right now !  !  !  ,  look ,  nbc ,  oh they are not playing yet ,  omg it's not that guy lolz
detfreak99@sbcglobal.net ;lol
Decoy ;are you watching it ?
detfreak99@sbcglobal.net ;not yet
Decoy ;omg you gotta c when they come on they are rely good
detfreak99@sbcglobal.net ;ok
Decoy ;you watching ?
detfreak99@sbcglobal.net ;no
Decoy ;omg they lost !  !  ,  i'm so mad ,  they didn't win
detfreak99@sbcglobal.net ;can i cheer you up
Decoy ;that sucks they were good
detfreak99@sbcglobal.net ;you have a webcam ?
Decoy ;omg the crybaby is gonna win ,  the stupid opera guy
detfreak99@sbcglobal.net ;lol
Decoy ;it's a commercial so i won't know til it comes back on
detfreak99@sbcglobal.net ;do you have a webcam ?
Decoy ;no ,  i know ,  step monsters a bitch about me getting
detfreak99@sbcglobal.net ;get your own
Decoy ;i don't have any money
detfreak99@sbcglobal.net ;why
Decoy ;i don't have a job yet duh i'm young
detfreak99@sbcglobal.net ;allow ence
Decoy ;ya right ,  what's that ?
detfreak99@sbcglobal.net ;damn
Decoy ;he's cryin already an he don't even know if he won yet
detfreak99@sbcglobal.net ;lol
Decoy ;he's cryin so much he's shaking ,  what a L- )  ,  i hope the other guy wins ,  eli ,  i don't rely like him but he's not a crybaby ,  and he's better than opera crap ,  stupid opera guy ,  he will never stop crying now
detfreak99@sbcglobal.net ;lol
Decoy ;well it's over now lolz
detfreak99@sbcglobal.net ;i'm lonely
Decoy ;- } ,  why ?
detfreak99@sbcglobal.net ;just am
Decoy ;you don't seem crazy me
detfreak99@sbcglobal.net ;lol i'm now why ,  not
Decoy ;you said you were luney
detfreak99@sbcglobal.net ;lonely
Decoy ;you mean lonely ?
detfreak99@sbcglobal.net ;yea sorry
Decoy ;lolz
detfreak99@sbcglobal.net ;hush
Decoy ;i'm talking much ?
detfreak99@sbcglobal.net ;no
Decoy ;then why i gotta hush ?
detfreak99@sbcglobal.net ;lol
Decoy ;watch doing ?  ,  you seem busy ?  ,  hello
detfreak99@sbcglobal.net ;hi
Decoy ;you busy ?
detfreak99@sbcglobal.net ;no
Decoy ;you seem busy
detfreak99@sbcglobal.net ;no
Decoy ;ok
detfreak99@sbcglobal.net ;feed me
Decoy ;huh ?
detfreak99@sbcglobal.net ;get naked
Decoy ;omg like no not on the competition ,  lame
detfreak99@sbcglobal.net ;lol
Decoy ;hi
detfreak99@sbcglobal.net ;hi baby
Decoy ;watch doing ?
detfreak99@sbcglobal.net ;sitting here naked you
Decoy ;omg your jk
detfreak99@sbcglobal.net ;no
Decoy ;lolz
detfreak99@sbcglobal.net ;why you laughing ?
Decoy ;i dunno
detfreak99@sbcglobal.net ;ok
Decoy ;you just sit around like that ?
detfreak99@sbcglobal.net ;yea
Decoy ;lolz ,  that's why i was laughing
detfreak99@sbcglobal.net ;screw you
Decoy ;omg don't be mean
detfreak99@sbcglobal.net ;lol sorry
Decoy ;it's ok i'll just call you a meanie from now on
detfreak99@sbcglobal.net ;you better not ,  you i meant
Decoy ;why not ?
detfreak99@sbcglobal.net ;i'll spank you
Decoy ;you will not ,  you can't spank me through the competition
detfreak99@sbcglobal.net ;lol
Decoy ;>
detfreak99@sbcglobal.net ;lol ,  come keep me company
Decoy ;i can't drive
detfreak99@sbcglobal.net ;sure
Decoy ;i'm not old enough drive i wish i was though
detfreak99@sbcglobal.net ;lol
Decoy ;hi ,  watch doing ?
detfreak99@sbcglobal.net ;nutting yet you
Decoy ;nothing ,  not going out night ?
detfreak99@sbcglobal.net ;|soon ,  wanna cum|
Decoy ;i wish i could
detfreak99@sbcglobal.net ;how was your day
Decoy ;ok i guess how was yours ?
detfreak99@sbcglobal.net ;good i'm off for weeks
Decoy ;kewl ,  what are you gonna do ?
detfreak99@sbcglobal.net ;come play with you
Decoy ;lolz you wanna ?
detfreak99@sbcglobal.net ;yea will you let me
Decoy ;watch wanna do ?
detfreak99@sbcglobal.net ;I'm not there yet ,  depends on what you are wearing|
Decoy ;you mean now ?
detfreak99@sbcglobal.net ;yea and when i come to play
Decoy ;oh ,  right now i'm wear in sweats bed ,  its cold out
detfreak99@sbcglobal.net ;|lol ,  are your nipples hard|
Decoy ;a little
detfreak99@sbcglobal.net ;oh rub them
Decoy ;no i don't like do in that stuff myself
detfreak99@sbcglobal.net ;lol
Decoy ;don't laugh at me
detfreak99@sbcglobal.net ;i'm gonna make you start
Decoy ;no your not i don't like fake stuff
detfreak99@sbcglobal.net ;have you had anything real
Decoy ;ya ,  a little
detfreak99@sbcglobal.net ;what
Decoy ;watch wanna know ?
detfreak99@sbcglobal.net ;everything you have done
Decoy ;like ?  ,  i'm not gonna guess at what you mean an look stupid if i'm wrong ,  if you wanna know then just ask
detfreak99@sbcglobal.net ;you can never look stupid to me
Decoy ;well i feel stupid
detfreak99@sbcglobal.net ;why ,  have you don't anything with a girl ?
Decoy ;ewww no i don't like girls like that
detfreak99@sbcglobal.net ;what have you done with a boy
Decoy ;go the movies out pizza
detfreak99@sbcglobal.net ;i mean real ,  like we were talking about
Decoy ;like what ?
detfreak99@sbcglobal.net ;nutting
Decoy ;fine be like that
detfreak99@sbcglobal.net ;what are you talking about princess ,  have you done anything sexual
Decoy ;your confused in
detfreak99@sbcglobal.net ;have you done anything sexual
Decoy ;ya lolz
detfreak99@sbcglobal.net ;what
Decoy ;not all the way though
detfreak99@sbcglobal.net ;just tell me what it was
Decoy ;i did a bj
detfreak99@sbcglobal.net ;did he cum
Decoy ;ya
detfreak99@sbcglobal.net ;did you like doing it
Decoy ;it was ok
detfreak99@sbcglobal.net ;what you do with the cum
Decoy ;he put it on his shirt
detfreak99@sbcglobal.net ;ok ,  anything else you have done
Decoy ;not rely ,  kiss in an stuff
detfreak99@sbcglobal.net ;OK
Decoy ;why ?
detfreak99@sbcglobal.net ;no reason
Decoy ;um ok
detfreak99@sbcglobal.net ;what's on your mind ,  kiss me
Decoy ;you here now ?  ,  i think you got booted ,  hi ,  hey
detfreak99@sbcglobal.net ;hi
Decoy ;watch doing ?
detfreak99@sbcglobal.net ;playing with this web cam
Decoy ;oh
detfreak99@sbcglobal.net ;how are you
Decoy ;kinda bored ,  you seem busy chat though
detfreak99@sbcglobal.net ;no i'm now told you what i was doing
Decoy ;ok
detfreak99@sbcglobal.net ;what you do today
Decoy ;nothing
detfreak99@sbcglobal.net ;i missed you
Decoy ;you did ?
detfreak99@sbcglobal.net ;yes
Decoy ;aww thanks
detfreak99@sbcglobal.net ;did you miss me
Decoy ;ya ,  i like talking you ,  a lot
detfreak99@sbcglobal.net ;you better
Decoy ;i better ?  ,  what if i didn't ?  ,  lol
detfreak99@sbcglobal.net ;id spank you
Decoy ;ya right ,  you can't do that through the competition ha ha ,  i'm real scared ,  lmao
detfreak99@sbcglobal.net ;i'll find you ,  lol what
Decoy ;huh ?
detfreak99@sbcglobal.net ;sorry ,  so what are doing why ,  sorry about the why typing to fast
Decoy ;lol ,  nothing just bored rely ,  what did you do day anything fun ?
detfreak99@sbcglobal.net ;back
Decoy ;i didn't know you left
detfreak99@sbcglobal.net ;so what's on your mind
Decoy ;nothing ,  what's on yours ?
detfreak99@sbcglobal.net ;kiss in you
Decoy ;kiss ins fun
detfreak99@sbcglobal.net ;you know you like it
Decoy ;lolz
detfreak99@sbcglobal.net ;baby i have a cam now
Decoy ;cool
detfreak99@sbcglobal.net ;you need one now
Decoy ;i wish ,  my stepmom won't let me get
detfreak99@sbcglobal.net ;one day
Decoy ;probably never ,  she will never let me get
detfreak99@sbcglobal.net ;may be
Decoy ;she won't
detfreak99@sbcglobal.net ;what you do today
Decoy ;nothing ,  watched my bros wiles he went shopping then helped with the grocery s away got dinner finished my homework an talked my friend jenny ,  lots of fun eh ?  ,  not ,  what did you do ?
detfreak99@sbcglobal.net ;sounds sort of fun
Decoy ;sounds not at all fun cept talking jenny
detfreak99@sbcglobal.net ;aww you like jenny
Decoy ;she's my bff
detfreak99@sbcglobal.net ;ok ,  i want you and her
Decoy ;huh ?
detfreak99@sbcglobal.net ;|u on my dick ,  and her on my face
Decoy ;you like my friend better then me
detfreak99@sbcglobal.net ;no i don't know you are friend
Decoy ;then why you wanna do that her ?
detfreak99@sbcglobal.net ;just picking
Decoy ;oh
detfreak99@sbcglobal.net ;all i want and need is you
Decoy ;awww rely ?
detfreak99@sbcglobal.net ;yes my little princess
Decoy ;>
detfreak99@sbcglobal.net ;aww you smiled
Decoy ;lolz
detfreak99@sbcglobal.net ;sexy ,  |if you wanna see me any time let me know ,  i'll let you see my cam|
Decoy ;kewl if you want
detfreak99@sbcglobal.net ;just try to see it and i'll show you
Decoy ;huh ?
detfreak99@sbcglobal.net ;this is me
Decoy ;cool
detfreak99@sbcglobal.net ;kewl what
Decoy ;your kewl
detfreak99@sbcglobal.net ;|ty ,  but how|
Decoy ;i dunno you just are ,  an you showed me how you looked before on cam ,  remember ?
detfreak99@sbcglobal.net ;|never had a cam ,  that was a pic|
Decoy ;oh sorry i just remember du show in me how you look lol
detfreak99@sbcglobal.net ;so what's on your mind now
Decoy ;nothing
detfreak99@sbcglobal.net ;aww not me
Decoy ;i don't wanna go school mo row lol
detfreak99@sbcglobal.net ;don't
Decoy ;i hafta she would kill me
detfreak99@sbcglobal.net ;lol
Decoy ;i might skip when she goes her mom's though ha ha
detfreak99@sbcglobal.net ;where you gonna go
Decoy ;she's go in i'm stay in here
detfreak99@sbcglobal.net ;when you skip
Decoy ;i'm stay in here she's go in ,  she's going chicago a weekend see her mom
detfreak99@sbcglobal.net ;|ok ,  i'll be under your bed|
Decoy ;lolz ,  why are you afraid of something an need hide ?
detfreak99@sbcglobal.net ;lol no
Decoy ;you have a nice smile ,  how many peeps you chatting with ?
detfreak99@sbcglobal.net ;you and my brother
Decoy ;kewl ,  kewl he older or younger ?
detfreak99@sbcglobal.net ;younger
Decoy ;your the oldest like me then
detfreak99@sbcglobal.net ;yes
Decoy ;that's kewl
detfreak99@sbcglobal.net ;sue
Decoy ;i'm holly
detfreak99@sbcglobal.net ;i meant to type sure
Decoy ;oh ,  i that you were mixing me up with your brother ha ha
detfreak99@sbcglobal.net ;no
Decoy ;sure ,  lol
detfreak99@sbcglobal.net ;don't make me get you
Decoy ;how you gonna get me ?  ,  your way over there on your competition
detfreak99@sbcglobal.net ;lol i can drive
Decoy ;ya ?
detfreak99@sbcglobal.net ;yea
Decoy ;so ,  lol
detfreak99@sbcglobal.net ;what
Decoy ;nothing ,  i'm watch in your cam ,  why you keep standing up ?
detfreak99@sbcglobal.net ;testing something out
Decoy ;what ?
detfreak99@sbcglobal.net ;the lighting
Decoy ;oh ,  looks ok me
detfreak99@sbcglobal.net ;me too ,  |what you want me to pull out my penis ,  lol|
Decoy ;lolz wile your brother is watching you ?
detfreak99@sbcglobal.net ;he is not watching me
Decoy ;oh ,  up you then it's yours lolz
detfreak99@sbcglobal.net ;you want it to be yours
Decoy ;no i like being a girl ,  why would i want of those ,  lol
detfreak99@sbcglobal.net ;i mean mine in you
Decoy ;i dunno would it hurt ?
detfreak99@sbcglobal.net ;may be
Decoy ;i herd it hurts the st time
detfreak99@sbcglobal.net ;it does
Decoy ;my friend marissa told me but she said it's fun after that
detfreak99@sbcglobal.net ;ok ,  my arm is bigger then you
Decoy ;your picking on me !
detfreak99@sbcglobal.net ;no
Decoy ;yes
detfreak99@sbcglobal.net ;no i'm not
Decoy ;yes you are
detfreak99@sbcglobal.net ;want me to stop
Decoy ;lolz ,  your arm is not bigger then me
detfreak99@sbcglobal.net ;lol you wish
Decoy ;i'm not that little
detfreak99@sbcglobal.net ;i know ,  i want you
Decoy ;kewl me ,  who was that ?  ,  just walked by
detfreak99@sbcglobal.net ;my boy
Decoy ;your son ?
detfreak99@sbcglobal.net ;no ,  friend
Decoy ;lol i was gonna say he looked kinda old be your kid ha ha
detfreak99@sbcglobal.net ;lol ,  i'll be back about to take him home
Decoy ;aww ok ,  i'm sleepy an i have school tomorrow ,  ttyl ,  night ,  hi
detfreak99@sbcglobal.net ;hi baby
Decoy ;watch doing ?
detfreak99@sbcglobal.net ;nutting right now
Decoy ;kewl ,  me either just got done with all my stupid homework
detfreak99@sbcglobal.net ;you like it
Decoy ;no lol ,  why would i ?
detfreak99@sbcglobal.net ;don't know you might
Decoy ;not
detfreak99@sbcglobal.net ;sure ,  so besides that how was your day
Decoy ;ok
detfreak99@sbcglobal.net ;that's good
Decoy ;how was yours ?
detfreak99@sbcglobal.net ;ok
Decoy ;cool
detfreak99@sbcglobal.net ;yes ,  feed me
Decoy ;feed you what ?
detfreak99@sbcglobal.net ;food
Decoy ;what kind you like ?
detfreak99@sbcglobal.net ;anything
Decoy ;your not picky ?
detfreak99@sbcglobal.net ;not really
Decoy ;that's kewl
detfreak99@sbcglobal.net ;you sure
Decoy ;ya i'm not rely picky either just a couple things i don't like
detfreak99@sbcglobal.net ;like what
Decoy ;carrots ,  live re www ,  fish
detfreak99@sbcglobal.net ;ok
Decoy ;what do you not like ?
detfreak99@sbcglobal.net ;oatmeal
Decoy ;ya that's not that good either
detfreak99@sbcglobal.net ;lol
Decoy ;oatmeal even looks gross ,  like someone puked or something
detfreak99@sbcglobal.net ;lol ,  you like it
Decoy ;no
detfreak99@sbcglobal.net ;lol ,  i have to put on some clothes
Decoy ;lol
detfreak99@sbcglobal.net ;i do ,  i can't be naked
Decoy ;lolz ok
detfreak99@sbcglobal.net ;that's you
Decoy ;huh ?
detfreak99@sbcglobal.net ;you like being naked
Decoy ;i don't sit around like that like you do lolz
detfreak99@sbcglobal.net ;lol
Decoy ;you busy or something ?
detfreak99@sbcglobal.net ;went to get some food
Decoy ;oh what did you get ?
detfreak99@sbcglobal.net ;chicken
Decoy ;i had chicken soup night
detfreak99@sbcglobal.net ;nice
Decoy ;are you here ?  ,  your rely quiet
detfreak99@sbcglobal.net ;miss you
Decoy ;well you weren't talking
detfreak99@sbcglobal.net ;yahoo messing up
Decoy ;yahoo sucks
detfreak99@sbcglobal.net ;yes
Decoy ;i hate it
detfreak99@sbcglobal.net ;wish you had a cam
Decoy ;me
detfreak99@sbcglobal.net ;why
Decoy ;because there kewl
detfreak99@sbcglobal.net ;sure ,  what are you wearing now
Decoy ;jeans an a shirt but i'm tired an gonna go sleep soon so i gotta get changed
detfreak99@sbcglobal.net ;ok night baby
Decoy ;night ,  talk you tomorrow
detfreak99@sbcglobal.net ;ok ,  |whatsup ,  how are you ?  |
Decoy ;hi ,  nothing rely ,  watch doing ?
detfreak99@sbcglobal.net ;jacking off
Decoy ;lolz your jk
detfreak99@sbcglobal.net ;how was your day
Decoy ;alright
detfreak99@sbcglobal.net ;I might be ,  i might now be|
Decoy ;how was yours ?  ,  you might be ?  you don't know if you are or your not ?  ,  lolz
detfreak99@sbcglobal.net ;lol
Decoy ;that's funny
detfreak99@sbcglobal.net ;what are you wearing now
Decoy ;pants an a tshirt
detfreak99@sbcglobal.net ;to much
Decoy ;huh ?
detfreak99@sbcglobal.net ;nutting ,  you miss me
Decoy ;ya
detfreak99@sbcglobal.net ;you better
Decoy ;what if i don't ?  ,  lol ,  jk
detfreak99@sbcglobal.net ;i'll get you
Decoy ;can't get me through the competition duh ,  i'm not scared of you
detfreak99@sbcglobal.net ;lol ,  how much you miss me
Decoy ;lol a lot i guess i like talking you
detfreak99@sbcglobal.net ;only if i was your man huh
Decoy ;only what if you was my man ?
detfreak99@sbcglobal.net ;if i was
Decoy ;that would be kewl
detfreak99@sbcglobal.net ;really
Decoy ;i think so
detfreak99@sbcglobal.net ;only if you would dance for me
Decoy ;dance ?
detfreak99@sbcglobal.net ;yea you
Decoy ;you like dancing ?
detfreak99@sbcglobal.net ;|no ,  like to watch u|
Decoy ;what fun is that
detfreak99@sbcglobal.net ;turn me on
Decoy ;oh lol
detfreak99@sbcglobal.net ;yea ,  would you
Decoy ;just dance by myself ?
detfreak99@sbcglobal.net ;i'll touch you
Decoy ;but your not gonna dance ?
detfreak99@sbcglobal.net ;i might
Decoy ;cool
detfreak99@sbcglobal.net ;what's on your mind
Decoy ;nothing rely ,  what's on yours ?
detfreak99@sbcglobal.net ;why ,  you
Decoy ;me ?  ,  what are you thinking about me ?
detfreak99@sbcglobal.net ;i wanna hold you
Decoy ;sounds nice
detfreak99@sbcglobal.net ;are you sure
Decoy ;ya ,  are you ?
detfreak99@sbcglobal.net ;yea
Decoy ;cool
detfreak99@sbcglobal.net ;lol ,  i want you now
Decoy ;me
detfreak99@sbcglobal.net ;how bad
Decoy ;i dunno it sounds rely kewl though
detfreak99@sbcglobal.net ;ok
Decoy ;you still here ?
detfreak99@sbcglobal.net ;yea
Decoy ;i'm getting sleepy
detfreak99@sbcglobal.net ;go to bed baby
Decoy ;i will i like talking you though
detfreak99@sbcglobal.net ;why
Decoy ;your kewl
detfreak99@sbcglobal.net ;you just miss my dick ,  lol
Decoy ;lol ,  no i like talking you
detfreak99@sbcglobal.net ;and you miss my dick ,  lol|
Decoy ;your kewl because you don't treat me like i'm a little kid
detfreak99@sbcglobal.net ;why would i
Decoy ;i dunno everyone else does
detfreak99@sbcglobal.net ;sorry to hear that
Decoy ;it's not your fault i'm just glad your not like that
detfreak99@sbcglobal.net ;but if your sleepy go to bed
Decoy ;ok ,  talk you tomorrow if your on
detfreak99@sbcglobal.net ;ok night
Decoy ;night
detfreak99@sbcglobal.net ;how was your day
Decoy ;ok i guess ,  how come your not literature up on my list ?  ,  are you invisible ?
detfreak99@sbcglobal.net ;don't know let me see ,  i'm not
Decoy ;you are me
detfreak99@sbcglobal.net ;i wonder why
Decoy ;probably because yahoo sucks
detfreak99@sbcglobal.net ;lol ,  what you do today
Decoy ;school
detfreak99@sbcglobal.net ;you have fun
Decoy ;not rely ,  lol
detfreak99@sbcglobal.net ;lol
Decoy ;what did you do day ?
detfreak99@sbcglobal.net ;sleep head was hurting all day
Decoy ;omg i have a headake i think i'm getting sick
detfreak99@sbcglobal.net ;i hope not
Decoy ;thanks me
detfreak99@sbcglobal.net ;miss me
Decoy ;ya
detfreak99@sbcglobal.net ;you better ,  lol
Decoy ;did you miss me ?
detfreak99@sbcglobal.net ;yes i did
Decoy ;cool
detfreak99@sbcglobal.net ;i wanna kiss you
Decoy ;kiss ins kewl
detfreak99@sbcglobal.net ;what else is kewl
Decoy ;you
detfreak99@sbcglobal.net ;is that a good thing
Decoy ;ya i think your kewl
detfreak99@sbcglobal.net ;good
Decoy ;ya
detfreak99@sbcglobal.net ;what's on your mind
Decoy ;sleep
detfreak99@sbcglobal.net ;go to sleep then
Decoy ;ok you ,  night
detfreak99@sbcglobal.net ;night baby ,  still here baby
Decoy ;hi
detfreak99@sbcglobal.net ;hi baby
Decoy ;watch doing ?
detfreak99@sbcglobal.net ;|sitting here ,  how was your day
Decoy ;alright it's friday lol ,  how was yours ?
detfreak99@sbcglobal.net ;|ok ,  little slow|
Decoy ;slow ?
detfreak99@sbcglobal.net ;nutting to do
Decoy ;ya same here
detfreak99@sbcglobal.net ;why don't you come keep me company
Decoy ;i can't get there duh
detfreak99@sbcglobal.net ;i'll come get you
Decoy ;rely ?
detfreak99@sbcglobal.net ;would you like me to ?
Decoy ;you can't night the bitch is here ,  would be kewl though
detfreak99@sbcglobal.net ;lol
Decoy ;your not serious anyway
detfreak99@sbcglobal.net ;yes i am
Decoy ;cool
detfreak99@sbcglobal.net ;lol ,  where is west at
Decoy ;huh ?
detfreak99@sbcglobal.net ;where is your city
Decoy ;gr
detfreak99@sbcglobal.net ;grand rapids
Decoy ;ya
detfreak99@sbcglobal.net ;ok
Decoy ;i that i told you that before
detfreak99@sbcglobal.net ;no
Decoy ;oh sorry
detfreak99@sbcglobal.net ;don't worry about it
Decoy ;ok
detfreak99@sbcglobal.net ;kiss you later
Decoy ;your going ?
detfreak99@sbcglobal.net ;had a cabin up there ,  no ,  i mean when i see you
Decoy ;cool
detfreak99@sbcglobal.net ;where you want it at
Decoy ;the kiss ?
detfreak99@sbcglobal.net ;yes
Decoy ;i dunno where you wanna put it ?
detfreak99@sbcglobal.net ;every where
Decoy ;lolz kewl
detfreak99@sbcglobal.net ;lol
Decoy ;sounds fun
detfreak99@sbcglobal.net ;lol your just horny
Decoy ;you are
detfreak99@sbcglobal.net ;you are more
Decoy ;how would you know ?  ,  oh your gone
detfreak99@sbcglobal.net ;sorry don't know what happened ,  but you are ain't you
Decoy ;yahoo sucks
detfreak99@sbcglobal.net ;yea ,  so tell me
Decoy ;tell you what ?
detfreak99@sbcglobal.net ;lol nutting
Decoy ;nothing ?  ,  watch want me tell you ?
detfreak99@sbcglobal.net ;if you horny
Decoy ;sometimes not like right now i'm by myself
detfreak99@sbcglobal.net ;lol
Decoy ;what fun is that ?  lol
detfreak99@sbcglobal.net ;don't make me cum on you
Decoy ;on me ?  ,  your not here
detfreak99@sbcglobal.net ;can i
Decoy ;i don't think you can do that through the competition ha ha
detfreak99@sbcglobal.net ;if i was there
Decoy ;ya if you wanna ,  not like on my face though that would be gross
detfreak99@sbcglobal.net ;lol why not it's sexy
Decoy ;it's messy
detfreak99@sbcglobal.net ;how you know
Decoy ;my xbf did that on his shirt it was messy
detfreak99@sbcglobal.net ;lol
Decoy ;well is was
detfreak99@sbcglobal.net ;you loved it
Decoy ;looked kinda messy lol
detfreak99@sbcglobal.net ;but you know you wanted it
Decoy ;you think so ?
detfreak99@sbcglobal.net ;you tell me
Decoy ;i dunno
detfreak99@sbcglobal.net ;what do you want
Decoy ;i dunno i don't gotta boyfriend anymore
detfreak99@sbcglobal.net ;then what am i
Decoy ;i dunno what do you wanna be ?
detfreak99@sbcglobal.net ;may be
Decoy ;maybe what ?
detfreak99@sbcglobal.net ;a lot
Decoy ;huh ?
detfreak99@sbcglobal.net ;nuttin baby
Decoy ;whatever
detfreak99@sbcglobal.net ;m lost sorry
Decoy ;how are you lost ?
detfreak99@sbcglobal.net ;i want to hold you
Decoy ;aww nice
detfreak99@sbcglobal.net ;i know you are
Decoy ;> your sweet ,  thanks
detfreak99@sbcglobal.net ;you like me
Decoy ;ya
detfreak99@sbcglobal.net ;better
Decoy ;i better like you ?
detfreak99@sbcglobal.net ;lol
Decoy ;what if i don't ?  ,  ha ha
detfreak99@sbcglobal.net ;|lol ,  i'm gonna cry|
Decoy ;omg no you wouldn't
detfreak99@sbcglobal.net ;lol ,  if i did
Decoy ;you would not
detfreak99@sbcglobal.net ;ok ,  what are you doing
Decoy ;nothing your not pay in at tent on me so it hawt you were busy
detfreak99@sbcglobal.net ;yes i am ,  don't make me come get you
Decoy ;no you stopped chatting before ,  lol ,  i wish you could
detfreak99@sbcglobal.net ;|me to ,  but what would you want to do ?  |
Decoy ;i don't care ,  any things better then be in bored ,  cool i cu
detfreak99@sbcglobal.net ;lol what you didn't want to
Decoy ;no i do you gotta nice smile
detfreak99@sbcglobal.net ;lol ty
Decoy ;yw
detfreak99@sbcglobal.net ;thought this might make you happy
Decoy ;it stopped
detfreak99@sbcglobal.net ;yea real quick
Decoy ;oh ok ,  now i can't see if your pay in at tent on any more lol
detfreak99@sbcglobal.net ;lol screw you
Decoy ;lmao ,  now your mad !
detfreak99@sbcglobal.net ;no ,  i'm now mad
Decoy ;why are you mad now ?
detfreak99@sbcglobal.net ;sorry ,  i'm not mad
Decoy ;cool
detfreak99@sbcglobal.net ;should i be
Decoy ;no
detfreak99@sbcglobal.net ;you every have a threesome
Decoy ;no
detfreak99@sbcglobal.net ;want one
Decoy ;like how ?
detfreak99@sbcglobal.net ;|if you was to have one ,  how would you want it|
Decoy ;i dunno i never did that before at all ,  i don't like girls like that
detfreak99@sbcglobal.net ;ok dicks
Decoy ;um that would be kinda bad don't you think ?
detfreak99@sbcglobal.net ;bad how
Decoy ;like girls at school that would do stuff like that would get a bad rep
detfreak99@sbcglobal.net ;who would know
Decoy ;i dunno ,  just say in
detfreak99@sbcglobal.net ;lol
Decoy ;sorry i got booted
detfreak99@sbcglobal.net ;ok
Decoy ;no smile this time ?  ,  lol ,  what you keep looking at ?
detfreak99@sbcglobal.net ;|tv ,  wish it was u|
Decoy ;awww
detfreak99@sbcglobal.net ;i do
Decoy ;watching anything good ?
detfreak99@sbcglobal.net ;no
Decoy ;stupid news is on ,  boring
detfreak99@sbcglobal.net ;you like it
Decoy ;news ?  no ,  you look tired though
detfreak99@sbcglobal.net ;get a cam ,  i might be ,  i wanna see your nips
Decoy ;i wish i had a cam ,  oh ,  lol
detfreak99@sbcglobal.net ;lol
Decoy ;not online omg
detfreak99@sbcglobal.net ;yea ,  till i can get you
Decoy ;lol
detfreak99@sbcglobal.net ;problem
Decoy ;what ?
detfreak99@sbcglobal.net ;what color are your nips
Decoy ;like pinkish tan kinda
detfreak99@sbcglobal.net ;um ,  there mine
Decoy ;what's yours ?
detfreak99@sbcglobal.net ;you
Decoy ;i am ?
detfreak99@sbcglobal.net ;well if you want to be
Decoy ;would be kewl
detfreak99@sbcglobal.net ;you sure about that
Decoy ;ya are you ?
detfreak99@sbcglobal.net ;yea
Decoy ;cool
detfreak99@sbcglobal.net ;hope you taste yummy
Decoy ;lolz
detfreak99@sbcglobal.net ;do you
Decoy ;how would i know ?
detfreak99@sbcglobal.net ;|get yourself wet and taste ,  lol|
Decoy ;ewwww no
detfreak99@sbcglobal.net ;lol \
Decoy ;what's on television ?
detfreak99@sbcglobal.net ;i'm trying to find something
Decoy ;whatcha looking ?  ,  oh you mean on television ?  ,  duh
detfreak99@sbcglobal.net ;lol ,  what you though i was talking about
Decoy ;sorry blond moment lol ,  i that you were surfing something
detfreak99@sbcglobal.net ;may be i'll get you
Decoy ;how you gonna get me ?
detfreak99@sbcglobal.net ;drive
Decoy ;you gotta kewl car ?
detfreak99@sbcglobal.net ;what do you think is cool
Decoy ;like a red vette ?  ,  ha ha
detfreak99@sbcglobal.net ;lol no
Decoy ;what kind you got ?
detfreak99@sbcglobal.net ;a white impala
Decoy ;oh ,  red would be better lol
detfreak99@sbcglobal.net ;lol don't like red
Decoy ;why ?
detfreak99@sbcglobal.net ;not my color
Decoy ;oh
detfreak99@sbcglobal.net ;lol ,  what's on your mind
Decoy ;nothing just watch in you on your cam lol
detfreak99@sbcglobal.net ;you stalking me
Decoy ;omg no i'm not a stalker ,  you want me go ?
detfreak99@sbcglobal.net ;no you ok
Decoy ;kewl ,  your ok
detfreak99@sbcglobal.net ;lol
Decoy ;i'm sleepy already but i don't wanna go bed yet it's friday night
detfreak99@sbcglobal.net ;baby if you sleepy go to bed
Decoy ;i will in a little wile ,  not yet though
detfreak99@sbcglobal.net ;lol why
Decoy ;i like talking you
detfreak99@sbcglobal.net ;you just getting wet
Decoy ;no lol
detfreak99@sbcglobal.net ;don't lie
Decoy ;i'm not ,  lol
detfreak99@sbcglobal.net ;sure your not
Decoy ;ya
detfreak99@sbcglobal.net ;i'm about to go real quick
Decoy ;your tired ?
detfreak99@sbcglobal.net ;have to pick up a friend
Decoy ;oh ok ,  awww your gone ,  night
detfreak99@sbcglobal.net ;|hi ,  are you on|
Decoy ;hi i am now ,  i was getting frozen pizza out of the oven ,  watch doing ?
detfreak99@sbcglobal.net ;nuttin missing you ,  lol why you invisible
Decoy ;awww ,  i miss you ,  because i was making pizza ,  i fixed it lol
detfreak99@sbcglobal.net ;where's mine
Decoy ;lol you want me go make more ?  ,  lol
detfreak99@sbcglobal.net ;i wish i could get some
Decoy ;ya
detfreak99@sbcglobal.net ;in a minutes i'm gonna send you $20 so you can get a webcam ,  lol
Decoy ;ugh i got booted
detfreak99@sbcglobal.net ;lol ,  you just like leaving me
Decoy ;omg not true
detfreak99@sbcglobal.net ;so how was your day \
Decoy ;alright so far ,  what did you do day ?
detfreak99@sbcglobal.net ;sleep ,  lol ,  |like i said anytime you wanna see me ,  just ask to see my webcam| ,  what are you doing
Decoy ;nothing ,  your cam is kewl ,  i dunno when you got it on ,  i like watching it though
detfreak99@sbcglobal.net ;hit actions then hit view webcam ,  and it will let me know you wanna see
Decoy ;what ?
detfreak99@sbcglobal.net ;nutting
Decoy ;i don't know what you mean
detfreak99@sbcglobal.net ;the top of this i'm do you see actions
Decoy ;no
detfreak99@sbcglobal.net ;ok ,  feed me
Decoy ;pizzas all gone now lol
detfreak99@sbcglobal.net ;greedy
Decoy ;i am not ,  i would share but your not here
detfreak99@sbcglobal.net ;what if i wanted you and the pizza
Decoy ;ya so lolz
detfreak99@sbcglobal.net ;can i have both
Decoy ;ya
detfreak99@sbcglobal.net ;so your mine now
Decoy ;ya
detfreak99@sbcglobal.net ;oh really
Decoy ;ya
detfreak99@sbcglobal.net ;you sure
Decoy ;ya
detfreak99@sbcglobal.net ;i'm gonna eat you for hours ,  lol
Decoy ;omg that's long lol
detfreak99@sbcglobal.net ;lol you like it
Decoy ;dunno nobody did that before
detfreak99@sbcglobal.net ;that or sex for hours
Decoy ;hours ?
detfreak99@sbcglobal.net ;is that ok
Decoy ;i dunno that seems long
detfreak99@sbcglobal.net ;lol ,  you like it
Decoy ;dunno never did it
detfreak99@sbcglobal.net ;lol ok ,  you know you want to
Decoy ;may be lol
detfreak99@sbcglobal.net ;t ell me
Decoy ;sounds fun but hours is a long time
detfreak99@sbcglobal.net ;lol then how long
Decoy ;i dunno ,  depends how kewl it is
detfreak99@sbcglobal.net ;lol what do you consider cool
Decoy ;as long as it's fun ha ha
detfreak99@sbcglobal.net ;lol ,  silly
Decoy ;i'm not silly
detfreak99@sbcglobal.net ;what are you then
Decoy ;me lol
detfreak99@sbcglobal.net ;lol cute
Decoy ;what are you ?
detfreak99@sbcglobal.net ;|horny ,  lol|
Decoy ;ha ha
detfreak99@sbcglobal.net ;lol
Decoy ;your always like that
detfreak99@sbcglobal.net ;yes i am ,  i stay that way
Decoy ;not ever lol
detfreak99@sbcglobal.net ;|whats why if you were ever my girl ,  boy oh boy| ,  might be
Decoy ;i that i was your girl
detfreak99@sbcglobal.net ;i meant to say near me ,  sorry came out wrong ,  i have a real high sex drive
Decoy ;oh
detfreak99@sbcglobal.net ;what
Decoy ;nothing
detfreak99@sbcglobal.net ;ok ,  baby i'll be back have to do something
Decoy ;ok
detfreak99@sbcglobal.net ;not gone yet
Decoy ;no why did you want me be ?
detfreak99@sbcglobal.net ;i meant me
Decoy ;oh ,  where were you going ?
detfreak99@sbcglobal.net ;take me grandma home
Decoy ;awww ,  she comes visit you ?
detfreak99@sbcglobal.net ;yea
Decoy ;that's kewl ,  my stepmom won't let my real grandmother come here ,  sometimes i go see her though
detfreak99@sbcglobal.net ;damn
Decoy ;she lives in pa ,  you she says that's part of my dad's old life
detfreak99@sbcglobal.net ;really ,  ok
Decoy ;like wtf it's not like they got divorced ,  she's in heaven so i dunno why she's worry d
detfreak99@sbcglobal.net ;ok
Decoy ;she just always wants bitch about something i think
detfreak99@sbcglobal.net ;may be
Decoy ;ya
detfreak99@sbcglobal.net ;lol
Decoy ;how come your not out or something ?
detfreak99@sbcglobal.net ;will be soon
Decoy ;oh ,  then i'll be bored lol
detfreak99@sbcglobal.net ;hi sexy
Decoy ;hi ,  watch doing ?
detfreak99@sbcglobal.net ;nutting about to head out
Decoy ;cool were you going anywhere fun ?
detfreak99@sbcglobal.net ;hope so
Decoy ;cool
detfreak99@sbcglobal.net ;wish i was coming to you
Decoy ;ya me
detfreak99@sbcglobal.net ;but then i would be taking your little pussy
Decoy ;lol so
detfreak99@sbcglobal.net ;you will it me
Decoy ;if you wanna sounds fun
detfreak99@sbcglobal.net ;did you wanna see my penis on cam ?  ,  lol
Decoy ;you showed me before lol
detfreak99@sbcglobal.net ;in picture not on cam
Decoy ;oh ok ,  your right
detfreak99@sbcglobal.net ;did you want to ?
Decoy ;that's kewl
detfreak99@sbcglobal.net ;you sure
Decoy ;sounds like your not sure ,  whatever it's yours lol ,  wow that looks kind a big
detfreak99@sbcglobal.net ;lol ,  wish i saw your face
Decoy ;you turned your cam off
detfreak99@sbcglobal.net ;yea you liked looking at it
Decoy ;it was kewl
detfreak99@sbcglobal.net ;what was cool about it princess
Decoy ;lol i dunno it just was ,  you gone ?
detfreak99@sbcglobal.net ;no ,  your ex was bigger
Decoy ;no way
detfreak99@sbcglobal.net ;you just saying that ,  you didn't get wet did you ?
Decoy ;in a whole seconds ?  no lmao
detfreak99@sbcglobal.net ;lol ,  but you know your ex was bigger
Decoy ;no he was not
detfreak99@sbcglobal.net ;so when you saw it what went through your mind
Decoy ;that it was big
detfreak99@sbcglobal.net ;lol anything else
Decoy ;not rely ,  just was big ,  do you watch heros ?  ,  i love this show
detfreak99@sbcglobal.net ;yes i do ,  love it to
Decoy ;cool
detfreak99@sbcglobal.net ;glad you like it
Decoy ;who's your favorite ?
detfreak99@sbcglobal.net ;sklar
Decoy ;i think clare is kewl
detfreak99@sbcglobal.net ;cause sees a cheerleader
Decoy ;well you an she's not stuck up like real cheerleaders
detfreak99@sbcglobal.net ;lol ,  |ill show you your friend again later ,  lol|
Decoy ;my friend ?
detfreak99@sbcglobal.net ;it's not yours ?
Decoy ;what ?
detfreak99@sbcglobal.net ;penis
Decoy ;oh lol
detfreak99@sbcglobal.net ;lol ,  what's up with
Decoy ;what ?
detfreak99@sbcglobal.net ;miss me
Decoy ;ya
detfreak99@sbcglobal.net ;what you doing
Decoy ;nothing now ,  i was watch in heros
detfreak99@sbcglobal.net ;why
Decoy ;because i like that show lol
detfreak99@sbcglobal.net ;what else you like
Decoy ;on television ?  ,  my name is earl ,  chuck ,  idol when it starts
detfreak99@sbcglobal.net ;lol
Decoy ;what's so funny ?
detfreak99@sbcglobal.net ;idol
Decoy ;you don't like it ?
detfreak99@sbcglobal.net ;no
Decoy ;omg y ,  it's kewl
detfreak99@sbcglobal.net ;no it's not
Decoy ;i think so ,  david cook that it last year was rely kewl
detfreak99@sbcglobal.net ;was it
Decoy ;ya ,  the other david was a dork
detfreak99@sbcglobal.net ;sure
Decoy ;you have no idea what i'm talking about do you ?  ,  lol
detfreak99@sbcglobal.net ;a little
Decoy ;ya right
detfreak99@sbcglobal.net ;i said almost
Decoy ;lol sure
detfreak99@sbcglobal.net ;lol screw you
Decoy ;lol ,  hi lol
detfreak99@sbcglobal.net ;hi ,  what did you think it was
Decoy ;i dunno
detfreak99@sbcglobal.net ;aww you wanted to see my penis huh
Decoy ;lol i didn't know if it was gonna be you or that
detfreak99@sbcglobal.net ;hope i didn't disap point you
Decoy ;never ,  lol
detfreak99@sbcglobal.net ;did you want to see me or it
Decoy ;don't matter ,  um that is you right ?  lol
detfreak99@sbcglobal.net ;yea
Decoy ;lol
detfreak99@sbcglobal.net ;silly
Decoy ;your silly
detfreak99@sbcglobal.net ;i try
Decoy ;lol
detfreak99@sbcglobal.net ;what's on your mind
Decoy ;nothing ,  school mo row
detfreak99@sbcglobal.net ;poor baby
Decoy ;ya no fun
detfreak99@sbcglobal.net ;i'll be right back
Decoy ;ok
detfreak99@sbcglobal.net ;ok back
Decoy ;that was fast
detfreak99@sbcglobal.net ;yea my yahoo was messing up
Decoy ;yahoo sucks
detfreak99@sbcglobal.net ;sometimes
Decoy ;ya like always
detfreak99@sbcglobal.net ;true ,  what if i told you i'm coming to gr tomorrow
Decoy ;tomorrow ?
detfreak99@sbcglobal.net ;yea
Decoy ;i have school mo row
detfreak99@sbcglobal.net ;and you have school every day
Decoy ;monday friday
detfreak99@sbcglobal.net ;lol right ,  now i have to be back have to restart competition ,  hi
Decoy ;wb
detfreak99@sbcglobal.net ;then give me a kiss
Decoy ;: - * ,  lol
detfreak99@sbcglobal.net ;|kiss my penis ,  lol|
Decoy ;lmao
detfreak99@sbcglobal.net ;lol you know you want to
Decoy ;might be fun
detfreak99@sbcglobal.net ;lol ,  you know you want to so ba ,  d
Decoy ;i do ?
detfreak99@sbcglobal.net ;yea
Decoy ;if you say so lol
detfreak99@sbcglobal.net ;oh whatever i says goes huh
Decoy ;may be ,  depends what you say
detfreak99@sbcglobal.net ;lol
Decoy ;i gotta go sleep school mo row ,  ttyl ,  night
detfreak99@sbcglobal.net ;night
Decoy ;hi ,  watch doing ?
detfreak99@sbcglobal.net ;hi baby ,  talking to some friends ,  u|
Decoy ;just got online rely
detfreak99@sbcglobal.net ;how was your day
Decoy ;alright ,  yours ?
detfreak99@sbcglobal.net ;over
Decoy ;huh ?
detfreak99@sbcglobal.net ;helping someone move
Decoy ;oh day ?
detfreak99@sbcglobal.net ;yea
Decoy ;that sucks
detfreak99@sbcglobal.net ;not really
Decoy ;ok ,  lol
detfreak99@sbcglobal.net ;miss me
Decoy ;ya
detfreak99@sbcglobal.net ;what are you doing now ,  i miss your voice
Decoy ;nothing
detfreak99@sbcglobal.net ;dance for me
Decoy ;you can't see me
detfreak99@sbcglobal.net ;get a cam
Decoy ;i don't gotta cam jeez you know that
detfreak99@sbcglobal.net ;lol i like picking with you
Decoy ;ya i know lol ,  i swear yahoo HATES me
detfreak99@sbcglobal.net ;lol why you say that
Decoy ;it booted me and wouldn't let me sign back in
detfreak99@sbcglobal.net ;lol ,  it loves you
Decoy ;no way
detfreak99@sbcglobal.net ;yes it does ,  |well if it doesn't ,  i do|
Decoy ;you do ?
detfreak99@sbcglobal.net ;you don't want me to
Decoy ;only if you mean it
detfreak99@sbcglobal.net ;ok ,  so what's on your mind ?
Decoy ;nothing was hop in some of my friends were online
detfreak99@sbcglobal.net ;i'm sorry they not
Decoy ;thanks i like talking you though
detfreak99@sbcglobal.net ;do you
Decoy ;ya
detfreak99@sbcglobal.net ;you better
Decoy ;lol i do you know i do
detfreak99@sbcglobal.net ;lol ,  kiss me
Decoy ;: - *
detfreak99@sbcglobal.net ;so where's your man at
Decoy ;i'm talking him
detfreak99@sbcglobal.net ;better be
Decoy ;lol
detfreak99@sbcglobal.net ;you haven't been dreaming about my penis have you
Decoy ;i don't remember my dreams
detfreak99@sbcglobal.net ;lol you haven't told anyone have you
Decoy ;hell no
detfreak99@sbcglobal.net ;lol why you say it like that
Decoy ;because i don't want it getting back my stepmom
detfreak99@sbcglobal.net ;lol
Decoy ;i'm not stupid lol
detfreak99@sbcglobal.net ;didn't say you was
Decoy ;you better not
detfreak99@sbcglobal.net ;ok
Decoy ;hi ,  stupid yahoo wound t let me back on again
detfreak99@sbcglobal.net ;it loves you
Decoy ;no it doesn't ,  it hates me
detfreak99@sbcglobal.net ;lol
Decoy ;i'm glad you think it's funny
detfreak99@sbcglobal.net ;i know
Decoy ;>
detfreak99@sbcglobal.net ;poor baby
Decoy ;omg again !  !  !  ,  effin yahoo
detfreak99@sbcglobal.net ;lol
Decoy ;watch doing ?  ,  you busy ?
detfreak99@sbcglobal.net ;no i'm not sorry
Decoy ;oh ,  sleepy ?
detfreak99@sbcglobal.net ;no
Decoy ;whatcha doing ?
detfreak99@sbcglobal.net ;nuttin looking up something
Decoy ;oh ,  did you miss me ?
detfreak99@sbcglobal.net ;of course i do
Decoy ;i was hop in you were still gonna be online
detfreak99@sbcglobal.net ;why
Decoy ;because i like talking you
detfreak99@sbcglobal.net ;good ,  so what's on your mind
Decoy ;getting sleepy ,  what's on yours ?
detfreak99@sbcglobal.net ;nutting but go to bed if you sleepy
Decoy ;you always tell me that ,  like your trying get rid of me
detfreak99@sbcglobal.net ;no you need your sleep baby
Decoy ;ya but i like talking you
detfreak99@sbcglobal.net ;i do too
Decoy ;even when i'm boring ?
detfreak99@sbcglobal.net ;you're not to me
Decoy ;rely ?
detfreak99@sbcglobal.net ;yea
Decoy ;like never ?
detfreak99@sbcglobal.net ;lol
Decoy ;omg that's a yes
detfreak99@sbcglobal.net ;lol ,  your not boring
Decoy ;you sure ?
detfreak99@sbcglobal.net ;i'm sure
Decoy ;ok if your positive
detfreak99@sbcglobal.net ;yes i am
Decoy ;absolutely ?
detfreak99@sbcglobal.net ;don't make me spank you
Decoy ;you can't spank me through the competition ,  so there >
detfreak99@sbcglobal.net ;i will soon
Decoy ;how ?
detfreak99@sbcglobal.net ;drive
Decoy ;ya ?
detfreak99@sbcglobal.net ;lol
Decoy ;your gonna drive here spank me ?
detfreak99@sbcglobal.net ;lol
Decoy ;what's so funny ?
detfreak99@sbcglobal.net ;think i won't
Decoy ;ya
detfreak99@sbcglobal.net ;lol
Decoy ;your laughing at me AGAIN
detfreak99@sbcglobal.net ;yea
Decoy ;>
detfreak99@sbcglobal.net ;: - *
Decoy ;: - *
detfreak99@sbcglobal.net ;i'll eat you
Decoy ;can't do that through the competition either you know
detfreak99@sbcglobal.net ;lol
Decoy ;ok i'm going sleep because your jk with me anyway ,  night
detfreak99@sbcglobal.net ;lol if you say princess
Decoy ;i didn't say princess you did
detfreak99@sbcglobal.net ;miss you though
Decoy ;aww miss you ,  talk you tomorrow ,  night
detfreak99@sbcglobal.net ;night ,  don't make me touch you
Decoy ;brb phone
detfreak99@sbcglobal.net ;can i play with your sweet spot
Decoy ;hey ,  lol ,  watch doing ?
detfreak99@sbcglobal.net ;driven what about you
Decoy ;nothing ,  where you driving ?  ,  your on your phone ?
detfreak99@sbcglobal.net ;to a friends house and yea i'm on my phone
Decoy ;lol kewl
detfreak99@sbcglobal.net ;wish i could come over there
Decoy ;why can't you ?
detfreak99@sbcglobal.net ;are you alone
Decoy ;ya
detfreak99@sbcglobal.net ;for how long
Decoy ;until sunday
detfreak99@sbcglobal.net ;why didn't you tell me
Decoy ;i told you ,  she went her mom's in chicago
detfreak99@sbcglobal.net ;you just didn't want to see me
Decoy ;that not true
detfreak99@sbcglobal.net ;what would you want me to do
Decoy ;whatever you want
detfreak99@sbcglobal.net ;should come now
Decoy ;you wanna ?
detfreak99@sbcglobal.net ;how far are you from det
Decoy ;i'm in grand rapids
detfreak99@sbcglobal.net ;so about four hours
Decoy ;no it's like an a half i think ,  i'm in north east gr
detfreak99@sbcglobal.net ;what are you doing saturday
Decoy ;nothing so far
detfreak99@sbcglobal.net ;i'll be back
Decoy ;ok
detfreak99@sbcglobal.net ;back
Decoy ;why did you go before ?
detfreak99@sbcglobal.net ;get out the car
Decoy ;oh
detfreak99@sbcglobal.net ;if i was coming over what wm0ld you were to write
Decoy ;what ?
detfreak99@sbcglobal.net ;if i was coming over what wm0ld you were to were to the come door
Decoy ;i dunno yet lol
detfreak99@sbcglobal.net ;be naked
Decoy ;at the door ?  no way
detfreak99@sbcglobal.net ;Why
Decoy ;hi ,  oh i think your on your phone again
detfreak99@sbcglobal.net ;not at home baby
Decoy ;awww ,  what happened last night ?  you just disappeared
detfreak99@sbcglobal.net ;phone was acting up
Decoy ;oh that sucks
detfreak99@sbcglobal.net ;can i suck on you
Decoy ;not through your phone ha ha
detfreak99@sbcglobal.net ;would you let me
Decoy ;ya sounds like it would be fun
detfreak99@sbcglobal.net ;i miss your voice
Decoy ;aww thanks
detfreak99@sbcglobal.net ;what's on your mind
Decoy ;nothing just bored bored and more bored
detfreak99@sbcglobal.net ;what would you like to do
Decoy ;anything
detfreak99@sbcglobal.net ;i'm horny
Decoy ;lol zur like that a lot
detfreak99@sbcglobal.net ;i know
Decoy ;lolz
detfreak99@sbcglobal.net ;you can help
Decoy ;how ?
detfreak99@sbcglobal.net ;U tell me
Decoy ;lol don't matter me
detfreak99@sbcglobal.net ;why is that
Decoy ;because you said i can help so i dunno how i can help that's what i asked you
detfreak99@sbcglobal.net ;kiss you
Decoy ;ya i like that ,  where you at now ?
detfreak99@sbcglobal.net ;where can i
Decoy ;what ?
detfreak99@sbcglobal.net ;aunts
Decoy ;oh ,  sorry am i bugging you ?
detfreak99@sbcglobal.net ;no your not
Decoy ;ok cool ,  it just takes you a long time type in your phone lol
detfreak99@sbcglobal.net ;don't make me molest you
Decoy ;ha ha
detfreak99@sbcglobal.net ;lol ,  how's your day
Decoy ;boring
detfreak99@sbcglobal.net ;can i put my dick in your mouth
Decoy ;lolz if you wanna
detfreak99@sbcglobal.net ;tell me what you want
Decoy ;ya it would be fun
detfreak99@sbcglobal.net ;how you know
Decoy ;i did that before
detfreak99@sbcglobal.net ;how did you like it
Decoy ;was fun
detfreak99@sbcglobal.net ;how many times
Decoy ;i dunno a couple
detfreak99@sbcglobal.net ;did they ever eat your pussy while you did it
Decoy ;no ,  my xbf said it was gross
detfreak99@sbcglobal.net ;would you like me to
Decoy ;i heard it's alotta fun you rely wanna ?
detfreak99@sbcglobal.net ;yea i would
Decoy ;cool
detfreak99@sbcglobal.net ;what is your address
Decoy ;i'm in grand rapids
detfreak99@sbcglobal.net ;ok
Decoy ;you still here or your phone dead ?  ,  still at your aunts ?
detfreak99@sbcglobal.net ;hi
Decoy ;hi
detfreak99@sbcglobal.net ;home
Decoy ;kewl ,  its hard talk you on your cell
detfreak99@sbcglobal.net ;i know
Decoy ;i'm so bored i been online like all day long
detfreak99@sbcglobal.net ;should have told me your address
Decoy ;why ?  ,  you didn't answer me
detfreak99@sbcglobal.net ;no reason ,  what did you ask me
Decoy ;why ,  lol ,  watch doing ?
detfreak99@sbcglobal.net ;nutting
Decoy ;me it sucks
detfreak99@sbcglobal.net ;m might go out
Decoy ;lucky you ,  where you going ?
detfreak99@sbcglobal.net ;movies
Decoy ;some of my friends went the movies but i didn't have a ride ,  they went see the chu wawa movie ,  i wish i could went with them
detfreak99@sbcglobal.net ;ok
Decoy ;this sucks ,  you going with your friends ?
detfreak99@sbcglobal.net ;yea
Decoy ;your so lucky
detfreak99@sbcglobal.net ;why you say that ,  you could of have called me but you didn't
Decoy ;you were at your aunts house
detfreak99@sbcglobal.net ;and
Decoy ;i didn't wanna bug you
detfreak99@sbcglobal.net ;ok
Decoy ;you want me call you now ?
detfreak99@sbcglobal.net ;if you would like to
Decoy ;lemme get my calling card brb
detfreak99@sbcglobal.net ;ok
Decoy ;got it
detfreak99@sbcglobal.net ;ok
Decoy ;hi ,  back ,  sorry i was getting low on minutes
detfreak99@sbcglobal.net ;do you want me to come up there
Decoy ;that would be rely kewl ,  you
detfreak99@sbcglobal.net ;no problem ,  what are you gonna wear for me
Decoy ;dunno yet lol ,  i'll find something
detfreak99@sbcglobal.net ;lol tell me
Decoy ;i have jeans an a hoodie on right now lol ,  not the same s as yesterday though ha ha
detfreak99@sbcglobal.net ;what might you wear then ,  and what's your address
Decoy ;* edit * ,  you know where that is ?
detfreak99@sbcglobal.net ;not really
Decoy ;you rely gonna come ?
detfreak99@sbcglobal.net ;thinking about it ,  wonder if you gonna have me arrested
Decoy ;what ?
detfreak99@sbcglobal.net ;police
Decoy ;i'm not cops ,  jeez
detfreak99@sbcglobal.net ;lol ,  why so quiet
Decoy ;sorry i got booted ,  you here ?
detfreak99@sbcglobal.net ;yea
Decoy ;i got booted
detfreak99@sbcglobal.net ;ok ,  so what's up
Decoy ;nothing ,  what you doing ?
detfreak99@sbcglobal.net ;eat in
Decoy ;awww you don't want me make you a sandwich ?  ,  lol
detfreak99@sbcglobal.net ;lol yes i do it's not a lot
Decoy ;ok i will
detfreak99@sbcglobal.net ;ok ,  yea it's and a half hours
Decoy ;oh that far ?  ,  i'm not even close be in sleepy yet
detfreak99@sbcglobal.net ;lol why
Decoy ;i dunno i didn't know how far you were
detfreak99@sbcglobal.net ;i wish i knew a little earlier ,  why that face
Decoy ;just that would be kewl
detfreak99@sbcglobal.net ;if i cam up there do have to be good
Decoy ;watch mean ?
detfreak99@sbcglobal.net ;i might try to do bad things to you
Decoy ;like what ?
detfreak99@sbcglobal.net ;|eat you ,  and might try to put my penis in u|
Decoy ;and that's bad ?  ,  lol
detfreak99@sbcglobal.net ;it might be
Decoy ;might be fun
detfreak99@sbcglobal.net ;you sure you want to with me
Decoy ;ya if you do sounds kewl
detfreak99@sbcglobal.net ;you making me hard
Decoy ;lol
detfreak99@sbcglobal.net ;what ,  lol|
Decoy ;just talking does that ?
detfreak99@sbcglobal.net ;no
Decoy ;oh
detfreak99@sbcglobal.net ;when is she coming home
Decoy ;tomorrow night
detfreak99@sbcglobal.net ;you know what time
Decoy ;no but she calls an tells me wh any she's on her way probably around or at night she gets here normally
detfreak99@sbcglobal.net ;how often are you alone
Decoy ;only when she goes there and she probably won't go a giant i'll spring because she doesn't like go in the winter if it snows
detfreak99@sbcglobal.net ;you want me to try to come up there tomorrow
Decoy ;ok ,  what time ?
detfreak99@sbcglobal.net ;may be about
Decoy ;that's kewl
detfreak99@sbcglobal.net ;now what are you gonna wear
Decoy ;what do you like ?
detfreak99@sbcglobal.net ;what do you have
Decoy ;jeans ?
detfreak99@sbcglobal.net ;to much
Decoy ;skirt ?
detfreak99@sbcglobal.net ;how short
Decoy ;hmmm hafta look ,  may be my jean skirt
detfreak99@sbcglobal.net ;what else
Decoy ;what's your favorite color ?
detfreak99@sbcglobal.net ;blue or black ,  why
Decoy ;i like blu maybe a blu shirt
detfreak99@sbcglobal.net ;is that it
Decoy ;whatcha mean ?
detfreak99@sbcglobal.net ;else you go on a wear ,  trying to image in the whole outfit
Decoy ;that is a whole outfit
detfreak99@sbcglobal.net ;|u just gonna wear the skirt ,  |
Decoy ;and a shirt lol ,  or i can wear my snowpants lol ,  ha ha
detfreak99@sbcglobal.net ;lol snow pants
Decoy ;i was jk
detfreak99@sbcglobal.net ;|if i come to the door with my dick out my pants ,  what are you gonna do ?  |
Decoy ;your gonna walk the door like that haha
detfreak99@sbcglobal.net ;i might
Decoy ;lol
detfreak99@sbcglobal.net ;lol ,  what
Decoy ;i'll lmao if you get lost and are at the wrong house like that
detfreak99@sbcglobal.net ;how will i
Decoy ;i dunno just say in
detfreak99@sbcglobal.net ;if i come to the right house then what
Decoy ;lol i dunno ,  your not rely gonna do that
detfreak99@sbcglobal.net ;you don't want me to
Decoy ;you can if you want i just don't think you would do that outside real ,  lol
detfreak99@sbcglobal.net ;but what would you do
Decoy ;lol dunno ,  whatcha want me do ?
detfreak99@sbcglobal.net ;you have to come up with something yourself
Decoy ;i'll think of something if you do that
detfreak99@sbcglobal.net ;i want to know
Decoy ;probably look at it ha ha
detfreak99@sbcglobal.net ;lol then what
Decoy ;i'm not do in anything outside ,  what if someone drives by
detfreak99@sbcglobal.net ;don't want you to ,  i mean when i get in the house
Decoy ;oh ,  well then whatever we can try the stuff you talked about if you wanna
detfreak99@sbcglobal.net ;lol why is it always what i want
Decoy ;your the boy !
detfreak99@sbcglobal.net ;and
Decoy ;you know alot more about this stuff then i do
detfreak99@sbcglobal.net ;and
Decoy ;i want you be happy
detfreak99@sbcglobal.net ;i want you to be happy ,  don't you have a house phone ?
Decoy ;ya but she checks the bill
detfreak99@sbcglobal.net ;incomeing call don't come up on phone bills
Decoy ;it does on are bill she gets them that way
detfreak99@sbcglobal.net ;ok ,  ok
Decoy ;ok ,  ok ,  ok ,  lol
detfreak99@sbcglobal.net ;hush
Decoy ;you don't want me talk ?
detfreak99@sbcglobal.net ;yes i do
Decoy ;then why you want me shudder
detfreak99@sbcglobal.net ;lol ,  no
Decoy ;ok
detfreak99@sbcglobal.net ;what's on your mind
Decoy ;wonderin why you didn't go the movies ?
detfreak99@sbcglobal.net ;tomorrow i like talking to you
Decoy ;tomorrow i that you were coming here ?
detfreak99@sbcglobal.net ;i am after i leave
Decoy ;i like talking you btw ,  oh ok
detfreak99@sbcglobal.net ;better
Decoy ;ya much
detfreak99@sbcglobal.net ;lol ,  so what's on your mind
Decoy ;just think in about mo row
detfreak99@sbcglobal.net ;what about it
Decoy ;how kewl it's gonna be
detfreak99@sbcglobal.net ;which part
Decoy ;all of it
detfreak99@sbcglobal.net ;i see
Decoy ;what are you doing ?
detfreak99@sbcglobal.net ;nutting
Decoy ;me either ,  i like talking you on here though instead of your cell
detfreak99@sbcglobal.net ;why
Decoy ;because you answer faster lol
detfreak99@sbcglobal.net ;lol
Decoy ;lol
detfreak99@sbcglobal.net ;i want a hug
Decoy ;>< ,  i like hugs
detfreak99@sbcglobal.net ;what else you like
Decoy ;you ,  lol
detfreak99@sbcglobal.net ;";  ,  |hope i don't cum in you ,  lol|"
Decoy ;omg my stepmom would freak if i got pregnant
detfreak99@sbcglobal.net ;lol ,  ok i'll cum on your face then
Decoy ;knew that would be messy
detfreak99@sbcglobal.net ;and lick it up
Decoy ;you would lick that ?
detfreak99@sbcglobal.net ;your cum yea
Decoy ;oh lol
detfreak99@sbcglobal.net ;problem
Decoy ;what ?
detfreak99@sbcglobal.net ;nutting ,  then were you want it at
Decoy ;oh i that you said there was a problem ?
detfreak99@sbcglobal.net ;i'm asking
Decoy ;i don't have a problem
detfreak99@sbcglobal.net ;then where you want my cum
Decoy ;i dunno lol didn't think about that part
detfreak99@sbcglobal.net ;well think now and tell me
Decoy ;well i don't wanna get pregnant id get killed
detfreak99@sbcglobal.net ;ok
Decoy ;i'm fall in asleep i'll be online in the morning
detfreak99@sbcglobal.net ;ok
Decoy ;night
detfreak99@sbcglobal.net ;night
Decoy ;hi ,  what's up ?  ,  i need to reboot brb
detfreak99@sbcglobal.net ;hi
Decoy ;hi ,  watch doing ?
detfreak99@sbcglobal.net ;just woke up
Decoy ;ya me a few minutes ago ,  i'm still sleepy
detfreak99@sbcglobal.net ;really
Decoy ;a little bit ,  but i'm waking up ,  did you find directons ?  ,  did you fall back sleep ?  ,  are you here ?
detfreak99@sbcglobal.net ;i'm here ,  sorry ,  i'll be back
Decoy ;are you here ?  ,  i went make a english muffin lol and missed you ,  hey ,  you here ?
detfreak99@sbcglobal.net ;hi
Decoy ;hi
detfreak99@sbcglobal.net ;what's up
Decoy ;nothing i didn't know if you were still coming over
detfreak99@sbcglobal.net ;yea i mb out to jump in the shower and i'll let you know when i'm leaving
Decoy ;ok cool ,  that was a fast shower lol
detfreak99@sbcglobal.net ;lol ,  not in there yet
Decoy ;ha ha ,  this is so kewl
detfreak99@sbcglobal.net ;what is
Decoy ;you coming over
detfreak99@sbcglobal.net ;oh
Decoy ;you don't think so ?
detfreak99@sbcglobal.net ;yes it is
Decoy ;kewl ,  you still chattini ?
detfreak99@sbcglobal.net ;done
Decoy ;with your shower ?
detfreak99@sbcglobal.net ;yea
Decoy ;kewl ,  you leaving now ?
detfreak99@sbcglobal.net ;yea
Decoy ;sweet
detfreak99@sbcglobal.net ;bye
Decoy ;bye cya soon ,  what time you gonna be here ?
detfreak99@sbcglobal.net ;may be
Decoy ;ok kewl ,  what happened ?  ,  your not here and your phones not work in ,  i called ,  why didn't come over ,  you lied me
detfreak99@sbcglobal.net ;sorry my car messed up hr into the drive
Decoy ;i tried call you
detfreak99@sbcglobal.net ;did you
