ID;msg
dhaval_bharucha ;hi
janicejstevens ;|hi ,  asl ?  |
dhaval_bharucha ;m usa ,  you
janicejstevens ;f georgia ,  what you doing ?
dhaval_bharucha ;nothing ,  you
janicejstevens ;|same ,  just bored|
dhaval_bharucha ;are you ok that i am
janicejstevens ;|ya ,  lol are you ok i'm ?  | ,  haval_bharucha (  01/12/12 : 40:27 PM )  :  i don't kn ,  |well the times i wanna chat ,  i get bailed on alot| ,  |its no big if you don't want to chat ,  idk what's up|
dhaval_bharucha ;you have facebook
janicejstevens ;|ya ,  you ?  |
dhaval_bharucha ;ya
janicejstevens ;I got pictures to ,  you ?  |
dhaval_bharucha ;yes
janicejstevens ;cool
dhaval_bharucha ;you got cell
janicejstevens ;no sorry
dhaval_bharucha ;what s your id
janicejstevens ;on what ?
dhaval_bharucha ;facebook
janicejstevens ;just a second ,  i'll get it ,  what yours ?  |
dhaval_bharucha ;you tell me yours
janicejstevens ;|k ,  give me sec|
dhaval_bharucha ;ok
janicejstevens ;i don't get on there a lot but here decoy facebook edited ,  you wanna add me on facebook ?
dhaval_bharucha ;yes
janicejstevens ;ok ,  i'm logged in
dhaval_bharucha ;how do i find you
janicejstevens ;you just send friend request i think ,  like on my page
dhaval_bharucha ;you have your id there
janicejstevens ;i don't understand ,  |i gave you my id ,  just click to add friend or whatever right hand side|
dhaval_bharucha ;i can not search you without your email ,  id
janicejstevens ;yes you can
dhaval_bharucha ;i don't have you on my list
janicejstevens ;|k ,  well are you looking at my page ?  |
dhaval_bharucha ;no ,  i need your email address to search you
janicejstevens ;i gave you the link up above ,  * edit *
dhaval_bharucha ;i didn't get it
janicejstevens ;I just sent again ,  you didn't get that either ?  |
dhaval_bharucha ;no
janicejstevens ;|hmm ,  let me add you to my friends list and i'll send the link that way ok ?  |
dhaval_bharucha ;what s your name
janicejstevens ;|my names janice ,  yours ?  |
dhaval_bharucha ;dha val
janicejstevens ;|cool ,  i never saw that before|
dhaval_bharucha ;what s your full name
janicejstevens ;why ?
dhaval_bharucha ;so i can search you on facebook
janicejstevens ;janice stevens like my username ,  i sent a friend request in yahoo
dhaval_bharucha ;i can not add you
janicejstevens ;how come ?
dhaval_bharucha ;my yahoo is full
janicejstevens ;hmm ok
dhaval_bharucha ;this is my id ,  on facebook
janicejstevens ;|k ,  i'll look real quick|
dhaval_bharucha ;dhaval .  bharucha .  com
janicejstevens ;ok i sent a request
dhaval_bharucha ;you have boyfriend ?
janicejstevens ;naw
dhaval_bharucha ;you look cute
janicejstevens ;aww thanks
dhaval_bharucha ;you go to school
janicejstevens ;just a second ,  i logged out of fb| ,  of course lol
dhaval_bharucha ;are you hispanic
janicejstevens ;|idk ,  my mom says i'm white but everyone asks me that ,  |there ,  i got it back again
dhaval_bharucha ;ok ,  are you alone
janicejstevens ;|ya ,  i think my dad might be hsipanic but idk|
dhaval_bharucha ;you alone ?
janicejstevens ;ya
dhaval_bharucha ;you have home phone
janicejstevens ;i don't wanna give that out ok ?  maybe when i know you better ok ?
dhaval_bharucha ;ok ,  i just want to hear your voice ,  just for few minutes ,  i promise i won call you
janicejstevens ;well i can maybe call you in a bit ?  ,  my mom is home but i'm in my room
dhaval_bharucha ;ok ,  call me
janicejstevens ;let me go find the phone ok ?
dhaval_bharucha ;ok
janicejstevens ;my mom's on the phone ,  as soon as she gets off ,  i will try and sneak it ok ?  | ,  |no big ,  we can chat in a bit ok ?  | ,  so you got any kids ?
dhaval_bharucha ;ok ,  well i have to go ,  now
janicejstevens ;aww
dhaval_bharucha ;talk to you later
janicejstevens ;will you add me so we can chat ?
dhaval_bharucha ;what if you get in trouble ,  i don't want to take risk
janicejstevens ;my mom doesn't go onto my lap top ,  but that's cool i guess ,  i added you on facebook so i will ttyl there then
dhaval_bharucha ;ok
janicejstevens ;ok ,  bye
dhaval_bharucha ;bye ,  tc
janicejstevens ;tyu2
dhaval_bharucha ;hey ,  you there
janicejstevens ;hi you here ?
dhaval_bharucha ;hi
janicejstevens ;hi how are you ?  i haven't been on here to much
dhaval_bharucha ;oh ok ,  how ru
janicejstevens ;|hi ,  are you here ?  |
dhaval_bharucha ;ya ,  and you ,  janice ,  hi ,  how ru
janicejstevens ;hi don't you ever get on here ?
dhaval_bharucha ;i am here now ,  you there
janicejstevens ;ya how about you ?  ,  aww did i miss you again ?
dhaval_bharucha ;hi ,  i missed you
janicejstevens ;hi there i thought you were and there
dhaval_bharucha ;i was ,  sorry i was che king something
janicejstevens ;np ,  so what you doing ?
dhaval_bharucha ;nothing much ,  and you
janicejstevens ;same
dhaval_bharucha ;are you free
janicejstevens ;supposed to be going to sleep LOL ,  you i can chat
dhaval_bharucha ;can we talk on phone
janicejstevens ;not tonight LOL it's late ,  my mom would kill me
dhaval_bharucha ;can you call me
janicejstevens ;not tonight but how about tomorrow ?
dhaval_bharucha ;what time
janicejstevens ;idk i have to wait until my mom's not here
dhaval_bharucha ;ok dear
janicejstevens ;you wanna give me your number and i will call as soon as she leaves ?
dhaval_bharucha ;do you have gmail
janicejstevens ;yeah you ?
dhaval_bharucha ;ya ,  you got cam ?
janicejstevens ;no sorry my mom won't let me ,  you ?
dhaval_bharucha ;yes ,  i do
janicejstevens ;cool wish i had one !  !
dhaval_bharucha ;can you add me on gmail
janicejstevens ;* edited *
dhaval_bharucha ;you online there
janicejstevens ;no sorry ,  i'm on yahoo ,  does gmail have chat to ?
dhaval_bharucha ;yes
janicejstevens ;oh i didn't know that
dhaval_bharucha ;i send you request ,  accept m ,  me
janicejstevens ;ok ait a minutes let me log in there ok ?  ,  |wait i mean ,  let me log in|
dhaval_bharucha ;ok ,  dear did you miss me
janicejstevens ;miss you how ?  ,  logging in sorry it's slow for some reason
dhaval_bharucha ;ok ,  you didn't miss me
janicejstevens ;miss you like chatting ?  you i never really got to though remember ?
dhaval_bharucha ;you are so sweet ,  you know that
janicejstevens ;aww thanks
dhaval_bharucha ;tell m ,  me ,  one ting
janicejstevens ;ok
dhaval_bharucha ;what did you see in me that you liked me
janicejstevens ;most people won't chat with me because i'm young like i'm stupid or something ,  |that gmail chat ,  is that an IM or phone ?  |
dhaval_bharucha ;i'm ,  IM
janicejstevens ;well let's talk here then silly ,  were already on here
dhaval_bharucha ;you are slilly ,  silly ,  lol
janicejstevens ;nuh unh ,  so why did you wanna chat with me ?  you asked LOL so i'm asking you back ,  where'd you go ?  ?  ,  ?  ,  ok guess i will ttyl then
dhaval_bharucha ;hold on
janicejstevens ;ok ,  what's taking so long ?
dhaval_bharucha ;sorry ,  you look so cute
janicejstevens ;awww thanks your so sweet !
dhaval_bharucha ;that's why
janicejstevens ;you remember what i look like ?
dhaval_bharucha ;yes
janicejstevens ;cool ,  so you wanna chat ?
dhaval_bharucha ;yes ,  this is my number ,  call me ,  * edited *
janicejstevens ;remember i said tomorrow right ?
dhaval_bharucha ;yes
janicejstevens ;ok
dhaval_bharucha ;i meant tomorrow
janicejstevens ;ok cool
dhaval_bharucha ;can i ask you something
janicejstevens ;sure
dhaval_bharucha ;don't get mad
janicejstevens ;ok
dhaval_bharucha ;its kind a personal
janicejstevens ;ok
dhaval_bharucha ;what are you wearing rightn ow ,  now
janicejstevens ;i'm in jammies ,  why ?
dhaval_bharucha ;just asking
janicejstevens ;ok
dhaval_bharucha ;what color
janicejstevens ;blue
dhaval_bharucha ;blue pant
janicejstevens ;pant ?
dhaval_bharucha ;are you wearing pant and shirt
janicejstevens ;oh no night gown
dhaval_bharucha ;like open from bottom
janicejstevens ;i don't understand
dhaval_bharucha ;gown means
janicejstevens ;kinda like a dress i guess
dhaval_bharucha ;ok ,  and Andy
janicejstevens ;undy ?  ,  sorry
dhaval_bharucha ;didn't understood
janicejstevens ;what's undy ?
dhaval_bharucha ;panty
janicejstevens ;oh you i got those on to
dhaval_bharucha ;what color is it
janicejstevens ;white
dhaval_bharucha ;hmm ,  is it cotton
janicejstevens ;idk
dhaval_bharucha ;can i ask you something
janicejstevens ;sure
dhaval_bharucha ;will you be my g ,  girlfriend
janicejstevens ;for real ?
dhaval_bharucha ;yes
janicejstevens ;can i get to know you better first ?
dhaval_bharucha ;sure
janicejstevens ;ok cool
dhaval_bharucha ;do you like me right
janicejstevens ;ya i like you ,  i wouldn't be chatting if i didn't lol
dhaval_bharucha ;lol ,  true ,  i hope you are ok that i ask you all that question
janicejstevens ;it's ok you
dhaval_bharucha ;do you like sex
janicejstevens ;idk i never did that before
dhaval_bharucha ;do you do master bath
janicejstevens ;what's that ?
dhaval_bharucha ;like rub your pussy
janicejstevens ;oh no ,  am i supposed to ?
dhaval_bharucha ;just saying
janicejstevens ;ok ,  i know some girls that did that but i never did sex like that before
dhaval_bharucha ;you want to do it
janicejstevens ;what ?
dhaval_bharucha ;sex
janicejstevens ;ya but i don't know how yet
dhaval_bharucha ;won't your mom get mad
janicejstevens ;probably that's why i don't tell her stuff ,  she don't know i smoked weed and drank before LOL
dhaval_bharucha ;wow ,  ok ,  do this
janicejstevens ;do what ?
dhaval_bharucha ;put your finger inside
janicejstevens ;naw i'm not going to do that ,  that's like fake ,  i wanna wait until i'm with a guy to do that stuff
dhaval_bharucha ;can you rub it
janicejstevens ;no because i said already that's fake
dhaval_bharucha ;ok
janicejstevens ;plus i don't know you that good yet
dhaval_bharucha ;can you do favor
janicejstevens ;what ?
dhaval_bharucha ;can you call me for few minutes ,  i want to hear you
janicejstevens ;i will tomorrow i said jeez
dhaval_bharucha ;please
janicejstevens ;i can't tonight i already told you
dhaval_bharucha ;i know ,  just few minutes
janicejstevens ;dude wtf ?  ,  i said i would tomorrow
dhaval_bharucha ;ok ,  well i have to go now ,  talk to you tomorrow
janicejstevens ;|k ,  will you answer the phone tomorrow ?  |
dhaval_bharucha ;don't use private number ok
janicejstevens ;private ?
dhaval_bharucha ;your number ,  don't call with private number
janicejstevens ;what's that mean ?
dhaval_bharucha ;otherwise i won't be able to tell
janicejstevens ;like caller ID ?
dhaval_bharucha ;ya
janicejstevens ;ya my number shows on ID
dhaval_bharucha ;can you tell me your number ,  so i can answer t ,  it
janicejstevens ;when i know you better ok ?  ,  i can leave a message so you know it's me if you want and then call back
dhaval_bharucha ;ok ,  where do you live
janicejstevens ;|albany ,  you ?  |
dhaval_bharucha ;Lawrence
janicejstevens ;ok
dhaval_bharucha ;ok sweet ,  bye
janicejstevens ;ok ttyl ,  sweet dreams
dhaval_bharucha ;good night
janicejstevens ;night
dhaval_bharucha ;you too too
janicejstevens ;ty
dhaval_bharucha ;miss you
janicejstevens ;awww ,  ty
dhaval_bharucha ;love you
janicejstevens ;for real ?  ?
dhaval_bharucha ;yes
janicejstevens ;WOW !  !  ,  you don't even know me yet
dhaval_bharucha ;i like you so much
janicejstevens ;i like you to
dhaval_bharucha ;love you
janicejstevens ;can i say that when i know you better please ?
dhaval_bharucha ;ok ,  bye
janicejstevens ;ok ,  bye
dhaval_bharucha ;tc
janicejstevens ;u2
dhaval_bharucha ;bye
janicejstevens ;bye ,  hi you here ?  ,  i tried calling you didn't answer ,  hi you here ?  ,  |k i guess you don't want to talk to me on the phone after all ,  ttyl|
dhaval_bharucha ;yes ,  you there
janicejstevens ;hey you here ?  ,  |i don't got school tomorrow so i was checking for you ,  ttyl| ,  |hey ,  you around ?  | ,  hey you around ?
dhaval_bharucha ;hi
janicejstevens ;hi ,  are you here ?  ?  ,  |so where you at ,  i don't ever see you on here ?  do you ever get on to chat ?  |
dhaval_bharucha ;hi
janicejstevens ;|hi ,  be back in a few ok ?  |
dhaval_bharucha ;ok ,  you back ?
janicejstevens ;yep just logging in
dhaval_bharucha ;are you free
janicejstevens ;yep ,  you ?
dhaval_bharucha ;can you call me
janicejstevens ;not right now no ,  its to late
dhaval_bharucha ;dear
janicejstevens ;so how are you ?  ,  hello ?
dhaval_bharucha ;you there
janicejstevens ;|ya i am ,  you ?  | ,  what are you doing ?
dhaval_bharucha ;please ,  for ew minutes ,  few minutes
janicejstevens ;let me see if i can sneak it by ut i don't wanna get in trouble
dhaval_bharucha ;ok
janicejstevens ;sorry i can't tonight ,  i can't get the phone without her seeing
dhaval_bharucha ;tell her that you are calling your friend
janicejstevens ;i am not allowed to call at night so if i can't sneak it i won't be able to
dhaval_bharucha ;ok
janicejstevens ;so what you doing ?
dhaval_bharucha ;chatting with you
janicejstevens ;|LOL funny ,  me to !  |
dhaval_bharucha ;hmm ,  love you dear
janicejstevens ;why you say that you don't even know me do you ?
dhaval_bharucha ;no ,  but you are so sweet
janicejstevens ;aww thanks
dhaval_bharucha ;i like your voice
janicejstevens ;thanks
dhaval_bharucha ;it's so sweet
janicejstevens ;ty ,  wish you had answered so i could hear yours
dhaval_bharucha ;did you go to school
janicejstevens ;nope because i'm on break ,  spring break you know ?  ,  are you here ?  ?  ,  where did you go ?  !  ?
dhaval_bharucha ;i am here ,  something happy ning with msf ,  message
janicejstevens ;what happened ?
dhaval_bharucha ;you have cam ?
janicejstevens ;|no ,  i told you i dont| ,  you ?
dhaval_bharucha ;i do
janicejstevens ;cool ,  wish i had one but my mom still won't let me
dhaval_bharucha ;you got gmail ?
janicejstevens ;ya i told you that already
dhaval_bharucha ;add me
janicejstevens ;why if were chatting here
dhaval_bharucha ;you can see me there
janicejstevens ;i could see you here to
dhaval_bharucha ;i don't have yahoo on my phone
janicejstevens ;your on your phone or puter ?
dhaval_bharucha ;what are you wearing
janicejstevens ;jammies ,  you ?
dhaval_bharucha ;and what color is your panty
janicejstevens ;blue ,  so what you wearing ?
dhaval_bharucha ;can i kiss it
janicejstevens ;kiss what ?
dhaval_bharucha ;your pussy
janicejstevens ;how you gonna do that over the puter silly ?
dhaval_bharucha ;like this ,  mu what
janicejstevens ;that's kinda silly doing it that way
dhaval_bharucha ;did you liked it
janicejstevens ;|idk ,  i didn't feel it LOL| ,  i don't cyber ok ?  ,  i never had a guy kiss that before ,  do guys like to do that ?
dhaval_bharucha ;i do it
janicejstevens ;you do ?
dhaval_bharucha ;yes
janicejstevens ;cool ,  does it feel good for her ?  ,  hello ?  are you gonna chat ?
dhaval_bharucha ;can you take your panty off
janicejstevens ;why would i do that ?  ,  |cmon ,  you gonna chat or not ?  |
dhaval_bharucha ;ok ok ,  sorry you
janicejstevens ;it's ok
dhaval_bharucha ;i hope you are not mad
janicejstevens ;nope
dhaval_bharucha ;hhm ,  you sweet girl
janicejstevens ;ty
dhaval_bharucha ;i feel like i want to kiss ui
janicejstevens ;well you can't do that over the computer LOL
dhaval_bharucha ;lol ,  can i meet you
janicejstevens ;if you promise not to hurt me
dhaval_bharucha ;i won't
janicejstevens ;what would we do ?
dhaval_bharucha ;just talk
janicejstevens ;that's cool
dhaval_bharucha ;when are you free
janicejstevens ;|k ,  i can let you know when my mom's not gonna be home or something ,  so do girls like being kissed there ?
dhaval_bharucha ;where
janicejstevens ;where you said earlier
dhaval_bharucha ;if they like sex
janicejstevens ;that's cool ,  wonder if i would like it
dhaval_bharucha ;you want to try
janicejstevens ;you sure it feels good ?
dhaval_bharucha ;if you don't like it then i won't do i ,  it
janicejstevens ;i will if it feels good and doesn't hurt ,  i am afraid of pain LOL
dhaval_bharucha ;lol ,  don't worry it won't hurt y ,  hurt
janicejstevens ;you promise ?
dhaval_bharucha ;yes
janicejstevens ;cool
dhaval_bharucha ;it will only hurt when i put my dick inside ,  but i won't do that
janicejstevens ;does it hurt for a long time ?
dhaval_bharucha ;i never done it
janicejstevens ;you never did what ?
dhaval_bharucha ;never put my dick inside
janicejstevens ;in anyone ?
dhaval_bharucha ;ya
janicejstevens ;me either
dhaval_bharucha ;i hope you won't say this to anyone
janicejstevens ;|no ,  i promise|
dhaval_bharucha ;i don't want to get in trouble
janicejstevens ;me either OMG my mom would kill me
dhaval_bharucha ;i will only touch your pussy ,  pussy ,  is it ok with ,  you
janicejstevens ;if it feels good you
dhaval_bharucha ;you will like it ,  rust me ,  trust me
janicejstevens ;|ok ,  i will| ,  what else you wanna do ?
dhaval_bharucha ;are you free tomorrow
janicejstevens ;may be ,  what time ?  ,  where would we meet ?
dhaval_bharucha ;you tell me
janicejstevens ;am i free tomorrow for what ?  meet or to talk on phone ?
dhaval_bharucha ;talk
janicejstevens ;on phone ?
dhaval_bharucha ;ya
janicejstevens ;i can try if you like
dhaval_bharucha ;what time your mom will come back
janicejstevens ;she's here when i get home from school normally so about : 30ish
dhaval_bharucha ;i get off from work at
janicejstevens ;well i'm sure i can sneak the phone tomorrow
dhaval_bharucha ;ok dear
janicejstevens ;so what time you want me to call you ?
dhaval_bharucha ;are you alone in the morning
janicejstevens ;may be idk
dhaval_bharucha ;call me at
janicejstevens ;at night ?
dhaval_bharucha ;morning
janicejstevens ;i will have to see ok ?  i will try ,  what's your number again ?
dhaval_bharucha ;will it be ok
janicejstevens ;i will try ,  what's your number again ?
dhaval_bharucha ;ok dear i have to go ,  to eat ,  i will ttyl ,  tomorrow
janicejstevens ;|wait ,  what's your number again / ?  ?  |
dhaval_bharucha ;* edited *
janicejstevens ;|k ,  got it| ,  ttyl
dhaval_bharucha ;ok sweet ,  bye
janicejstevens ;bye me
dhaval_bharucha ;good night ,  tc
janicejstevens ;sweet dreams
dhaval_bharucha ;you too
janicejstevens ;ty
dhaval_bharucha ;miss you
janicejstevens ;awww ty me to
dhaval_bharucha ;love you
janicejstevens ;i will soon i know it ok ?
dhaval_bharucha ;ok
janicejstevens ;night
dhaval_bharucha ;night ,  hey ,  when we will meet
janicejstevens ;you asking me when ?  ,  are you asking me when ?
dhaval_bharucha ;can you do me favor
janicejstevens ;ya ,  what ?  ?
dhaval_bharucha ;do you think you can send some picture
janicejstevens ;i showed you my pictures already
dhaval_bharucha ;can you take some new
janicejstevens ;I don't know ,  i tried that and my mom found out and i was in so much trouble|
dhaval_bharucha ;ok ,  well ttyl ,  good night ,  sweet dreams ,  miss you ,  love you
janicejstevens ;night to ,  hey sorry about not calling my mom was looking to buy a bus ticket for me to go see my grandma in norcross for the rest of spring break .  she was on the phone forever !  !  ,  hey you here ?  ?
dhaval_bharucha ;ya ,  you
janicejstevens ;ya but my mom can't see me
dhaval_bharucha ;ok
janicejstevens ;so what you doing ?
dhaval_bharucha ;your mom is home
janicejstevens ;ya
dhaval_bharucha ;you didn't call me
janicejstevens ;your lucky you live alone ,  i know i said sorry because my mom was on the phone ,  i get to go see my grandma YAY
dhaval_bharucha ;when
janicejstevens ;my mom is still deciding ,  tomorrow or thursday
dhaval_bharucha ;nice
janicejstevens ;ya
dhaval_bharucha ;how was your day
janicejstevens ;it was ok yours ?
dhaval_bharucha ;ok too
janicejstevens ;cool
dhaval_bharucha ;i missed you
janicejstevens ;aww i missed you to
dhaval_bharucha ;love you dear
janicejstevens ;i love you to
dhaval_bharucha ;mu waah
janicejstevens ;m waaah ,  so i gotta ride that bus forever to see her it's like hours and hours !
dhaval_bharucha ;and you hate that ,  eight
janicejstevens ;ya it's boring ,  then i gotta sit there a few more hours by myself until she can come get me ,  gotta ,  it's gonna suck but what can i do ?  ,  you here ?  ,  hello ?
dhaval_bharucha ;ya
janicejstevens ;where di you go ?
dhaval_bharucha ;i am sorry for you
janicejstevens ;why ?  ,  why you sorry ?
dhaval_bharucha ;that you had to wait
janicejstevens ;when ?
dhaval_bharucha ;when you go to your grandma
janicejstevens ;ya i will have to wait a long time ,  but at least i get to see her
dhaval_bharucha ;ya ,  can you call me now
janicejstevens ;I can try ,  let me see where the phone is ok ?  |
dhaval_bharucha ;ok
janicejstevens ;wait a few ok ?  i will call in a bit ,  is that ok ?
dhaval_bharucha ;you there
janicejstevens ;ya ,  so do you like to travel ?
dhaval_bharucha ;ok ,  i never been anywhere yet
janicejstevens ;aww how come ?
dhaval_bharucha ;i only visited atlanta only
janicejstevens ;wow were you born here then ?  ,  you to busy to chat or something ?  ,  ok if you don't wanna chat then i'll leave ok ?
dhaval_bharucha ;no ,  my message i ,  something is happening ,  with message
janicejstevens ;again ?
dhaval_bharucha ;ya
janicejstevens ;that sucks ,  I can call in a few ,  just gotta wait for my mom to leave the phone ok ?
dhaval_bharucha ;ok ,  i will wait
janicejstevens ;ok cool
dhaval_bharucha ;hmm ,  i miss you baby
janicejstevens ;aww i miss you to
dhaval_bharucha ;love you so much
janicejstevens ;ty ,  i'm kinda nervous about my trip you know ?
dhaval_bharucha ;don't worry baby ,  you will e ok ,  be ok
janicejstevens ;i hope so because i gotta be by myself most of the day
dhaval_bharucha ;just think that i am with you
janicejstevens ;how ?
dhaval_bharucha ;imagine
janicejstevens ;oic
dhaval_bharucha ;hold on ok
janicejstevens ;ya that would make me feel better
dhaval_bharucha ;be right back
janicejstevens ;ok
dhaval_bharucha ;can you call now
janicejstevens ;|let me check if she's left the phone ,  brb|
dhaval_bharucha ;ook
janicejstevens ;she will be taking a bath in a few ok ?  i will call you then ,  i promise
dhaval_bharucha ;ok
janicejstevens ;so i may not get to be online while i'm over there ok ?  ,  at her house i mean
dhaval_bharucha ;ok ,  can you call from there'
janicejstevens ;i don't think so because she will be home / 7
dhaval_bharucha ;ok
janicejstevens ;i wish she didn't have to work so late though so we can so end the rest of the time together ,  spend
dhaval_bharucha ;i know
janicejstevens ;so you really think i'll be okay by myself ?
dhaval_bharucha ;ya you will
janicejstevens ;i wish i could drive but i still gotta wait a few more years you know ?  then i wouldn't have to wait like that
dhaval_bharucha ;then we can meet each other too
janicejstevens ;when ?
dhaval_bharucha ;when you know how to drive
janicejstevens ;ya that would be so cool
dhaval_bharucha ;ya''
janicejstevens ;do you drive ?
dhaval_bharucha ;ya
janicejstevens ;lucky ,  when i get to drive imma drive everywhere i want to
dhaval_bharucha ;ya' ,  is she in the but room
janicejstevens ;not yet ,  i would hear the water
dhaval_bharucha ;ok ,  i am actually playing with my nephew with
janicejstevens ;aww how cool !  !  how old is he ?
dhaval_bharucha ;he just woke up
janicejstevens ;how old is he ?  ,  i wanna a baby brother or sister SO bad
dhaval_bharucha ;he is month
janicejstevens ;awwww www www ,  i love babies !  !  !
dhaval_bharucha ;me too
janicejstevens ;they are so much fun !  !
dhaval_bharucha ;we will have too
janicejstevens ;what do you like about them ?  ,  too what ?
dhaval_bharucha ;baby
janicejstevens ;you and me ?
dhaval_bharucha ;ya'
janicejstevens ;well i'm not having kids till after i graduate and get married
dhaval_bharucha ;ok
janicejstevens ;do you ever wanna get married and have a family with someone ?
dhaval_bharucha ;"yes;'"
janicejstevens ;|cool ,  me to|
dhaval_bharucha ;me and u'
janicejstevens ;for real ?  ?
dhaval_bharucha ;ya
janicejstevens ;wow !  !  ,  you don't mind waiting like more years til then ?
dhaval_bharucha ;ok
janicejstevens ;ok means you mind or don't mind ?
dhaval_bharucha ;don't mind
janicejstevens ;so you want kids ?
dhaval_bharucha ;how old are you now
janicejstevens ;remember ?
dhaval_bharucha ;i want two kids'
janicejstevens ;boys or girls ?
dhaval_bharucha ;boys and girls
janicejstevens ;so one of each
dhaval_bharucha ;ya
janicejstevens ;cool me to ,  do you have names picked out already ?
dhaval_bharucha ;no ,  do you
janicejstevens ;me neither
dhaval_bharucha ;i really want to talk to you
janicejstevens ;you will LOL be patient
dhaval_bharucha ;i am alone now
janicejstevens ;ok but i'm not exactly yet ,  so what happens if we had twins ?  would you want more babies ?
dhaval_bharucha ;no ,  two is enough
janicejstevens ;even if they were girls or boys ?
dhaval_bharucha ;"ya;'"
janicejstevens ;|k ,  what do you want more ,  boys or girls ?  |
dhaval_bharucha ;girls'
janicejstevens ;ya ?  how come ?
dhaval_bharucha ;they are so quite'
janicejstevens ;girls are ?  ?  ,  LOL i think not
dhaval_bharucha ;ya'
janicejstevens ;girls talk all the time ,  i want girls because i can dress them up so pretty
dhaval_bharucha ;i know
janicejstevens ;do there hair and pretty dresses
dhaval_bharucha ;ya'
janicejstevens ;you think you would do her hair to ?
dhaval_bharucha ;i will
janicejstevens ;that would be so cool ,  will you be a good daddy ?
dhaval_bharucha ;yes
janicejstevens ;|like ,  the best ?  |
dhaval_bharucha ;best
janicejstevens ;cool ,  |i never had a dad so i don't know what it's like ,  i want my kids to have there daddies|
dhaval_bharucha ;ok ,  babe
janicejstevens ;lol i like that
dhaval_bharucha ;call me
janicejstevens ;i will as soon as i can ,  want me to ask her when she's getting in ?
dhaval_bharucha ;ok
janicejstevens ;|k ,  brb| ,  ok she said minutes or so is that ok ?
dhaval_bharucha ;ok
janicejstevens ;sorry about that but i don't wanna get busted
dhaval_bharucha ;i know
janicejstevens ;do you got any bros or sister ?  i want lots but i don't know if that's gonna happen
dhaval_bharucha ;one sister
janicejstevens ;is she cool ?
dhaval_bharucha ;she is ok
janicejstevens ;LOL ,  is she older ?
dhaval_bharucha ;ya
janicejstevens ;i think that's cool ,  i don't got any bros or sister but may be in time
dhaval_bharucha ;ok
janicejstevens ;you ever been to norcross ?  my grandma moved over there a few months ago
dhaval_bharucha ;ya
janicejstevens ;cool
dhaval_bharucha ;where in norcross'
janicejstevens ;idk i never been there ,  i will let you know when i do ok ?  ,  that's why i'm so excited because i haven't seen her in forever ,  you still here ?
dhaval_bharucha ;"ya;''"
janicejstevens ;ok cool
dhaval_bharucha ;hold on
janicejstevens ;ok
dhaval_bharucha ;are you free now
janicejstevens ;almost i think
dhaval_bharucha ;ok
janicejstevens ;so you really wanna marry me ?
dhaval_bharucha ;yes
janicejstevens ;where would we live ?
dhaval_bharucha ;far from your home
janicejstevens ;how come ?  ,  you don't like albany ?
dhaval_bharucha ;it's not that
janicejstevens ;well what is it ?
dhaval_bharucha ;you will live with me
janicejstevens ;ya ?
dhaval_bharucha ;ya
janicejstevens ;you got a house or something ?
dhaval_bharucha ;yes
janicejstevens ;cool ,  is it small or big ?
dhaval_bharucha ;big
janicejstevens ;wow cool ,  how many bedrooms it got ?
dhaval_bharucha ;bedroom
janicejstevens ;WOW
dhaval_bharucha ;and three bath ,  one study room
janicejstevens ;why you live in such a big house for ?
dhaval_bharucha ;we all live together
janicejstevens ;who's we ?  ,  who's we ?
dhaval_bharucha ;mom dad sister and her husband
janicejstevens ;and they wouldn't mind me living there to ?
dhaval_bharucha ;no
janicejstevens ;how do you know ?
dhaval_bharucha ;they will ,  i know ,  trust me ,  can you call me ,  now
janicejstevens ;almost ,  does your mom like to cook dinner for everyone ?
dhaval_bharucha ;yes
janicejstevens ;what kinda food do you guys eat ?
dhaval_bharucha ;indian ,  veg
janicejstevens ;is it good ?
dhaval_bharucha ;yes ,  you will like it
janicejstevens ;is it spicy ?
dhaval_bharucha ;little
janicejstevens ;like rice and stuff ?
dhaval_bharucha ;ya ,  can you call me babe
janicejstevens ;ya let me get the phone ok ?
dhaval_bharucha ;ok
janicejstevens ;ok got it ,  |let me call ,  just a sec|
dhaval_bharucha ;ok ,  you got my number
janicejstevens ;ya
dhaval_bharucha ;did you like my voice
janicejstevens ;whew sorry had to sneak the phone back ,  lol you she thinks i still got homework from what they gave us over break ,  |i did like your voice ,  did you like mine ?  | ,  hello ?  ?  ,  |ok i will ttyl then ,  hopefully before i leave| ,  be back in a while then ,  where did you go ?  ,  |k well ,  since your not here imma go to sleep ,  ttyl|
dhaval_bharucha ;you there ,  by ,  baby
janicejstevens ;hi you still here ?  ,  i'm right here silly ,  not in my inbox
dhaval_bharucha ;hi ,  i am here ,  silly
janicejstevens ;|LOL ,  you here still ?  | ,  hi you here ?  ?  ,  i miss you how come your not chatting with me anymore ?  ,  are you here ?  i didn't see you forever !  ,  hi ,  OMG i am SO bored !  !  !  my grandmas been working after all !  !  where are you ?  you don't wanna chat no more ?
dhaval_bharucha ;i am here ,  i was working ,  i do want to talk to you ,  i miss you so much ,  love you
janicejstevens ;aww do you always work so hard ?  you get any days off ?  ?  everyone needs a break
dhaval_bharucha ;no
janicejstevens ;|hi are you here ?  since my grandmas got to work while i'm here she wants me to stay longer !  I am happy and kinda sad because i'm so bored here ,  OMG !  !  | ,  did you have a good easter ?  ,  hi are you here yet ?  i miss chatting with you !  ,  where are you ?  hello ?
dhaval_bharucha ;hi
janicejstevens ;|aww man ,  i missed you again ?  ?  do you ever get online at a normal time or something ?  because i really miss talking to you !  |
dhaval_bharucha ;i am always working at this hour e ,  come at pm ,  after
janicejstevens ;you here ?
dhaval_bharucha ;no ,  lol
janicejstevens ;LOL YAY
dhaval_bharucha ;you happy
janicejstevens ;ya aren't you ?
dhaval_bharucha ;ya ,  what took you so long
janicejstevens ;me ?
dhaval_bharucha ;ya
janicejstevens ;what you mean ?
dhaval_bharucha ;you know how much i missed you
janicejstevens ;nope
dhaval_bharucha ;a lot to
janicejstevens ;a awww www ,  so sweet
dhaval_bharucha ;you are ,  s we ,  t
janicejstevens ;nuh unh
dhaval_bharucha ;yes you
janicejstevens ;lol ok
dhaval_bharucha ;call me
janicejstevens ;i can't silly ,  i can't always call sorry
dhaval_bharucha ;can i call you
janicejstevens ;LOL no
dhaval_bharucha ;aww man m
janicejstevens ;same thing ,  you know i'm not supposed to talk this late
dhaval_bharucha ;so how was your day
janicejstevens ;borrriiinnnggggg ,  you ?  ,  lol how was yours ?
dhaval_bharucha ;same
janicejstevens ;at least you got people to talk to during the day
dhaval_bharucha ;did you miss me ?
janicejstevens ;for real you
dhaval_bharucha ;how much
janicejstevens ;THHHIIISSSSSS MMMUUUCCHHHHHHHHHHHHHHHH ,  is that enough ?
dhaval_bharucha ;awwww ,  that's too sweet
janicejstevens ;just being honest lol
dhaval_bharucha ;haha ,  hug me babe
janicejstevens ;><
dhaval_bharucha ;thanks sweet
janicejstevens ;yw anytime
dhaval_bharucha ;give me kiss
janicejstevens ;: - *
dhaval_bharucha ;mu waah ,  i love you
janicejstevens ;aww me to ,  omg it is SO boring at my grandmas house
dhaval_bharucha ;you at your grandma
janicejstevens ;ya because she's been working
dhaval_bharucha ;please call me ,  please ,  don't say no
janicejstevens ;i can't it for real
dhaval_bharucha ;i really want to hear your voice
janicejstevens ;please don't make me sad because i can't ,  grandmas phone doesn't have unlimited long distance so it shows every number ,  i don't wanna get in trouble
dhaval_bharucha ;ok ,  ok
janicejstevens ;what is there to do around here ?  ?
dhaval_bharucha ;do you ever go to your friends house
janicejstevens ;any ideas ?  ,  at home you ,  but at home everything is walking distance
dhaval_bharucha ;ok ,  do you have friend ,  right
janicejstevens ;here ?
dhaval_bharucha ;no ,  at home
janicejstevens ;ya i got a couple
dhaval_bharucha ;do you go to there house
janicejstevens ;sometimes but not often why ?
dhaval_bharucha ;when you go there ,  will you call me ,  from there
janicejstevens ;I can call from home silly ,  just not grandmas|
dhaval_bharucha ;ok ,  when will you go home
janicejstevens ;did you have a good easter ?  ,  idk pretty soon
dhaval_bharucha ;not really ,  i was working
janicejstevens ;aww that sucks
dhaval_bharucha ;how was your my sweet pumpkin
janicejstevens ;|it was ok ,  i got mass candy |
dhaval_bharucha ;nice
janicejstevens ;uh huh ,  what's your fave ?
dhaval_bharucha ;you didn't save for me
janicejstevens ;save what ?  ,  candy ?  ,  hello save what ?
dhaval_bharucha ;candy ,  my sweet
janicejstevens ;i have lots left but how am i supposed to get it to you ?
dhaval_bharucha ;we can meet
janicejstevens ;ya ?  ,  you really want to ?
dhaval_bharucha ;yes ,  do you
janicejstevens ;omg you ,  how could we ?
dhaval_bharucha ;you tell me
janicejstevens ;idk because i can't drive remember ?
dhaval_bharucha ;ya i know
janicejstevens ;so idk ,  you got any ideas ?
dhaval_bharucha ;no
janicejstevens ;|k ,  guess we can't then sorry| ,  i really want to though don't you ?
dhaval_bharucha ;ya ,  i really do
janicejstevens ;ya me to ,  i feel kinda sad because i dk how to meet you
dhaval_bharucha ;you got so at tech to me now ,  attach
janicejstevens ;ya because you love me
dhaval_bharucha ;don't you
janicejstevens ;don't i what ?
dhaval_bharucha ;over me ,  love me
janicejstevens ;ya for real ,  you make me feel so happy ,  do i make you happy to ?
dhaval_bharucha ;yes sweet
janicejstevens ;YAY
dhaval_bharucha ;what are you wearing
janicejstevens ;|jammies ,  blue |
dhaval_bharucha ;and underwear
janicejstevens ;white today
dhaval_bharucha ;mmm ,  can i kiss it
janicejstevens ;not from there silly
dhaval_bharucha ;please
janicejstevens ;how were on the puter remember ?
dhaval_bharucha ;just imagine
janicejstevens ;idk because i wanna wait for real
dhaval_bharucha ;can you put your finger inside
janicejstevens ;i told you before no because i don't wanna do it myself
dhaval_bharucha ;you want my finger to put it
janicejstevens ;maybe will it hurt ?
dhaval_bharucha ;never done it
janicejstevens ;ok ,  did you want to put your finger in ?
dhaval_bharucha ;yes
janicejstevens ;ok ,  what else ?  ,  hello ?
dhaval_bharucha ;yes
janicejstevens ;ok
dhaval_bharucha ;my dick is so tight
janicejstevens ;what's that mean ?
dhaval_bharucha ;it's standing
janicejstevens ;oh really ?
dhaval_bharucha ;ya
janicejstevens ;cool
dhaval_bharucha ;i want to put it in
janicejstevens ;in where ?
dhaval_bharucha ;your pussy silly
janicejstevens ;oh really ?
dhaval_bharucha ;ya
janicejstevens ;that sounds fun ,  is it fun ?
dhaval_bharucha ;can i put it
janicejstevens ;put what ?
dhaval_bharucha ;my dick ,  in your pussy
janicejstevens ;if you wanted to and if you used condoms ,  i don't wanna get pregnant
dhaval_bharucha ;ok ,  where are you
janicejstevens ;at grandmas
dhaval_bharucha ;where
janicejstevens ;idk the add
dhaval_bharucha ;ok
janicejstevens ;i can find out and let you know tomorrow
dhaval_bharucha ;ok
janicejstevens ;why you wanna know ?
dhaval_bharucha ;i can come there
janicejstevens ;for real ?  ?  ,  what could we do ?
dhaval_bharucha ;talk ,  sex
janicejstevens ;and you'd bring condoms ?
dhaval_bharucha ;ya
janicejstevens ;cool ,  you gotta work tomorrow ?
dhaval_bharucha ;babe ,  can you take your panty off
janicejstevens ;no silly ,  do you work tomorrow ?
dhaval_bharucha ;ya
janicejstevens ;what time ?
dhaval_bharucha ;am to
janicejstevens ;wow ,  how would we meet ?
dhaval_bharucha ;night
janicejstevens ;after work ?
dhaval_bharucha ;ya
janicejstevens ;that's cool ,  when you want me to i'm you the addy ?
dhaval_bharucha ;ok
janicejstevens ;IM
dhaval_bharucha ;what about your grandma
janicejstevens ;she works until like or tomorrow she said ,  at night
dhaval_bharucha ;ok
janicejstevens ;is that good ?
dhaval_bharucha ;ya
janicejstevens ;cool ,  your not messing with me are you ?  you'll really come over ?
dhaval_bharucha ;i don't know
janicejstevens ;don't know what ?
dhaval_bharucha ;i have to see
janicejstevens ;what you mean ?
dhaval_bharucha ;if i am tired i can not come
janicejstevens ;oh ok
dhaval_bharucha ;are you alone right nwpo
janicejstevens ;grandmas in the living room
dhaval_bharucha ;ok
janicejstevens ;so when you know for sure if you'll come over i'll tell you the add ok ?
dhaval_bharucha ;ok ,  is your panty cotton
janicejstevens ;idk ,  just white
dhaval_bharucha ;check and tell me
janicejstevens ;just a second
dhaval_bharucha ;ok
janicejstevens ;% cotton
dhaval_bharucha ;ok ,  me
janicejstevens ;you like cotton ?
dhaval_bharucha ;i like cotton and silk
janicejstevens ;i don't got any silk
dhaval_bharucha ;you don't have any boobs right
janicejstevens ;i got some
dhaval_bharucha ;how small
janicejstevens ;you mean like size ?  idk
dhaval_bharucha ;you wear bra
janicejstevens ;ya
dhaval_bharucha ;what color is it
janicejstevens ;white
dhaval_bharucha ;hmmm ,  i feel like i want to come now
janicejstevens ;you d get busted by my grandma if you came now
dhaval_bharucha ;i know
janicejstevens ;i wish you could to ,  you think you will be to tired tomorrow night ?
dhaval_bharucha ;ya
janicejstevens ;oh ,  well we don't gotta i guess
dhaval_bharucha ;ok ,  dear
janicejstevens ;what ?
dhaval_bharucha ;i have to go now ,  ttyl
janicejstevens ;|k ,  will you let me know ?  |
dhaval_bharucha ;bye
janicejstevens ;bye ,  sweet dreams
dhaval_bharucha ;you too ,  miss you ,  love you
janicejstevens ;you to ,  love you ,  |hi ,  your probably at work but i wanted to say hi anyways !  | ,  are you here ?  ,  hi ,  hi how come your not chatting ?
dhaval_bharucha ;hi ,  o you are ,  how ru
janicejstevens ;i'm good and you ?
dhaval_bharucha ;good ,  you there
janicejstevens ;ya are you ?  ,  hello ?  ?
dhaval_bharucha ;hi ,  i am here
janicejstevens ;hi
dhaval_bharucha ;hi
janicejstevens ;I never see you on no more ,  i hope your okay !  !  |
dhaval_bharucha ;i am ok
