ID;msg
dick_hungwell64 ;|lol your welcome ,  don't be shocked ,  hell i'm sure most men think the same|
Nahtasha ;i dunno most think i'm black so that sbad or whateverNahtasha (  07/18/06 : 41:13 PM )  :  what's you're asl ?
dick_hungwell64 ;i'm / southside of atl in fayetteville/man .  .  .  and if they think that because your black then their just ignorant and weren't raised right ,  ,  ,  ,  ,  ,  ,  i'm '11/170lbs/natural tan/hazel eye's/haiy chest&stomach
Nahtasha ;yeah a lotta people weren't raised right / f/no of Columbus
dick_hungwell64 ;well we won't talk about them lol
Nahtasha ;lol good
dick_hungwell64 ;|i'm maybe an hour from Columbus ,  not far at all|
Nahtasha ;wow that's cool
dick_hungwell64 ;|so can i ask ,  am i to old for you to talk to and all ?  |
Nahtasha ;lol no your not a grandpa
dick_hungwell64 ;i know that's right lol ,  ,  ,  ,  ,  ,  ,  |i'm damn healthy and active ,  keep a young mind and spirit then you'll be fine|
Nahtasha ;lol cool then ,  ,  ,  ,  ,  ,  ,  yeah age is just a number that's what allaiyah sang ,  ,  ,  ,  ,  ,  ,  its just like color ain't mean nothing
dick_hungwell64 ;|your right ,  so were good then|
Nahtasha ;yeah all good to me
dick_hungwell64 ;so what are your interest ?
Nahtasha ;what do you mean ?
dick_hungwell64 ;well as long as it's good to you that's all that matters i'd say
Nahtasha ;yeah ,  ,  ,  ,  ,  ,  ,  what's your name you gotta picture ?
dick_hungwell64 ;|as in what do you like to do for fun ,  it don't matter if it's just going out or even if it's of the adult nature ,  i'm not shy .  .  .  me i don't like clubs much ,  to much noise ,  i kinda like the one on one walks and talks .  you can learn alot that way|
Nahtasha ;i can't go to clubs i ain't old enough to and there's not much to do here i liked going to Jamaica
dick_hungwell64 ;|yeah your in a bad place for fun ,  no doubt .  .  but hey there's fun to be had at the right times .  .  | ,  ,  ,  ,  ,  ,  so i take it you live at home ?
Nahtasha ;yeah i live with my mom
dick_hungwell64 ;it's cool i asked only because if it were to happen and we were gonna hook up i don't want you to get in trouble and well i just say what we say and talk about is our business ,  ,  ,  ,  ,  ,  ,  |i'm not saying we are now ,  but just if lol|
Nahtasha ;yeah i know i wouldn't wanna get in trouble either i know what's what
dick_hungwell64 ;i'm sure though it could be worked out if it happened ,  ,  ,  ,  ,  ,  ,  but i honestly do think your attractive and damn sexy
Nahtasha ;thanks that's nice to hear for a change ,  ,  ,  ,  ,  ,  ,  i like hearing that
dick_hungwell64 ;well it's only true ,  ,  ,  ,  ,  ,  ,  i'd think you'd hear it alot
Nahtasha ;nah it's tough online not many black guys and a lotta racist guys ,  ,  ,  ,  ,  ,  ,  |so i get called all sorts of names (  This was actually not true ,  playing a black girl in Georgia ,  I stereotyped ahead of time thinking I would encounter a lot of racism .  I didn't get one racist comment .  Weird .  )  | ,  ,  ,  ,  ,  so yeah like i said it's nice to hear some nice things
dick_hungwell64 ;|yeah there are alot of racist on ,  and even though i was born and raised here i know this .  .  .  .  people are people regardless and it don't matter the color|
Nahtasha ;yeah that's what i sa ,  ,  ,  ,  ,  ,  ,  say
dick_hungwell64 ;to me black women and white women are sexy but in different way's
Nahtasha ;cool
dick_hungwell64 ;and i've found that people that are thought to be what they call fine and all that are useualy shallow and self absorbed ,  ,  ,  ,  ,  ,  ,  fuck them ,  ,  ,  ,  ,  ,  ,  lol
Nahtasha ;yeah they're not good at all
dick_hungwell64 ;nope ,  ,  ,  ,  ,  ,  ,  |i think i have an advantage to i was raised by females so i learned alot lol hell i heard some things i didn't wanna hear ,  on accident though lol|
Nahtasha ;lol wow that sa lot of them
dick_hungwell64 ;yeah it is ,  ,  ,  ,  ,  ,  ,  it wasn't easy
Nahtasha ;i bet that's a lot of people
dick_hungwell64 ;|well you know ,  a brother has to stick up for his sisters lol what a job| ,  ,  ,  ,  ,  ,  so your single ?
Nahtasha ;yeah i'm single now
dick_hungwell64 ;cool ,  ,  ,  ,  ,  ,  ,  don't take this wrong ok but ,  ,  ,  ,  ,  ,  ,  i wouldn't care lol i'd still say what i think
Nahtasha ;lol that's cool i mean if you like me that'd be the way you should be
dick_hungwell64 ;yep ,  ,  ,  ,  ,  ,  ,  oh it don't matter if i like people or not i always say what i think ,  ,  ,  ,  ,  ,  ,  and yes i do like you and am glad i met you and you talked to me
Nahtasha ;that's cool and i like you too your different
dick_hungwell64 ;that's what i get told lol
Nahtasha ;yeah your not a jerk
dick_hungwell64 ;the first black woman i knew told me when she met me she thought i was just another racist .  .  until she talked to me and we hung out ,  it's was great after that
Nahtasha ;yeah it's good to meet nice white people
dick_hungwell64 ;|thx for thinking i'm not a jerk ,  i think i'm a good man|
Nahtasha ;cool thanks for thinking i'm sexy
dick_hungwell64 ;can i ask a very personal question ?  ,  ,  ,  ,  ,  ,  ,  oh i do think that
Nahtasha ;sure ask anything i ain't scared
dick_hungwell64 ;lol ok ,  ,  ,  ,  ,  ,  ,  well i do think your damn sexy and was wanting to know if your have had sex and if it bother's you i'm being forward .
Nahtasha ;yeah i'm not a virgin i've had it and i don't care that your being forward it makes me feel nice
dick_hungwell64 ;hell hon i saw your picture and thought damn i bet she hot in person ,  ,  ,  ,  ,  ,  ,  cool
Nahtasha ;lol thanks did you just see the one or all of them ?
dick_hungwell64 ;i didn't know there were more
Nahtasha ;yeah on my myspace or in my yahoo pictures folder thingy
dick_hungwell64 ;the one was enough to know your damn sexy
Nahtasha ;lol thanks
dick_hungwell64 ;thanks for your honest answer to my question
Nahtasha ;anytime it's just a question i don't mind makes me feel good
dick_hungwell64 ;i'd like to do that more to .  .  .  .  make you feel good that is ,  ,  ,  ,  ,  ,  ,  i thought when i saw you damn i'd love to taste her lol
Nahtasha ;lol wow that's cool i haven't done that
dick_hungwell64 ;you don't know what your missing
Nahtasha ;here some more pictures see if you still like me
dick_hungwell64 ;ok don't leave
Nahtasha ;lol i won't
dick_hungwell64 ;|hell your sexier then i thought ,  my my|
Nahtasha ;thanks
dick_hungwell64 ;your welcome ,  ,  ,  ,  ,  ,  ,  you have it all in the right place's no doubt .  .  .
Nahtasha ;lol thanks
dick_hungwell64 ;if we were to hook up it'd be our business and no one else's right (  If there's a hell and you go to it for lying .  .  .  )
Nahtasha ;lol yeah i wouldn't wanna get grounded (  .  .  .  then I'm a lock for it !  )
dick_hungwell64 ;lol ,  ,  ,  ,  ,  ,  ,  yeah that'd suck
Nahtasha ;yeah that wouldn't make me happy but i know how to be quiet
dick_hungwell64 ;well we have no problems ,  ,  ,  ,  ,  ,  ,  me to
Nahtasha ;lol cool
dick_hungwell64 ;I would like to hook up ,  but not unless your ok with it and want to .  .  if not we can sure be friends
Nahtasha ;yeah id be fine with that you seem nice and nice guys are rare that like me
dick_hungwell64 ;well hon if guys are mean to you and just because your black then just remember your a better person then that and never ever get to their level
Nahtasha ;thanks
dick_hungwell64 ;they ain't worth it
Nahtasha ;no doubt i just hit iggy
dick_hungwell64 ;|well i say my thoughts when they are ass's on here then they iggy me ,  bu although i'm upfront about my likes i am if nothing else honest and don't play bullshit games and do not put up with morons|
Nahtasha ;yeah honest is good
dick_hungwell64 ;and don't take this the wrong way ,  but when i'm with a female i like to make them feel special and i spoil them while were together for the time we are and i'd spoil you if allowed ,  and well i don't mean for that to sound degrading| ,  ,  ,  ,  ,  honest is best ,  ,  ,  ,  ,  ,  ,  nothing less
Nahtasha ;lol that don't sound bad at all
dick_hungwell64 ;good
Nahtasha ;i don't know why that would sound bad
dick_hungwell64 ;|well some might take it wrong and think i'm trying to treat them like a hooker ,  but that's not at all the case .  .  |
Nahtasha ;lol like the movie pretty woman ?
dick_hungwell64 ;your just sexy and have a nice personality and i'd really like to see you ,  ,  ,  ,  ,  ,  ,  that was a good movie
Nahtasha ;that's cool thank you very much ,  ,  ,  ,  ,  ,  ,  i'm glad you like me that way
dick_hungwell64 ;well were on our way ,  ,  ,  ,  ,  ,  ,  |that movie was good ,  and you know not alot of redheads can look that sexy lol|
Nahtasha ;lol
dick_hungwell64 ;i have dark hair
Nahtasha ;that's cool you gotta picture at all or not ?
dick_hungwell64 ;long but clean and in a ponytail ,  ,  ,  ,  ,  ,  ,  |no hon sorry i have no picture but if i didn't let me describe me .  .  i'm '11/170lbs/tan/healthy/hairy chest&stomach (  After seeing him on Dateline ,  I understood why he wouldn't have a picture )  |
Nahtasha ;that's cool that's much taller than me
dick_hungwell64 ;lol ,  ,  ,  ,  ,  ,  ,  good
Nahtasha ;i like that
dick_hungwell64 ;me to ,  ,  ,  ,  ,  ,  ,  i can lift you then
Nahtasha ;lol yeah probably
dick_hungwell64 ;lol ,  ,  ,  ,  ,  ,  ,  your not fat hon so yeah i could ,  ,  ,  ,  ,  ,  ,  your '2 right ?
Nahtasha ;lol no i'm '0 or '1 ,  ,  ,  ,  ,  ,  ,  depends on the shoes
dick_hungwell64 ;lol cool ,  ,  ,  ,  ,  ,  ,  hell your just right ,  ,  ,  ,  ,  ,  ,  you can wear any shoes you want
Nahtasha ;lol thanks
dick_hungwell64 ;|so ,  those pic's .  do you have other sexy things like that top ?  |
Nahtasha ;lol not really momma don't let me go to good stores just the top mostly
dick_hungwell64 ;I wouldn't think she'd let you lol .  .  can't blame her though ,  you'd look to hot in something that you get in those stores| ,  ,  ,  ,  ,  ,  i'm not saying there bad though lol
Nahtasha ;lol i don't think they're ebad i like it when ppeoplle stare
dick_hungwell64 ;cool ,  ,  ,  ,  ,  ,  ,  hell i'd stare at you all the time actually ,  ,  ,  ,  ,  ,  ,  but i don't care what you ear ,  it you i wanna see lol|
Nahtasha ;lol i like that
dick_hungwell64 ;we can buy things though lol
Nahtasha ;that'd be cool
dick_hungwell64 ;you choose and i buy .  .  .  ok ?
Nahtasha ;wow that sounds good you're really generus !
dick_hungwell64 ;|no ,  i just know when i am attracted to a person and i like to make them see ,  know and feel that i truly am|
Nahtasha ;that's awesome i like the way you think
dick_hungwell64 ;i don't know any other way to think lol
Nahtasha ;that's good don't change
dick_hungwell64 ;no way ,  ,  ,  ,  ,  ,  ,  now we have to figure out how and when we can get together ,  ,  ,  ,  ,  ,  ,  that's your job lol
Nahtasha ;lol that sounds like a big job
dick_hungwell64 ;|not for me ,  but on your end it is ,  but it's possible
Nahtasha ;yeah it's not hard at all really ,  ,  ,  ,  ,  ,  ,  i live with my mom only so it's not like she don't ever leave she has me watch the house and stuff i mean if we talked more and really liked each other we could this weekend i think if you wanted to i guess
dick_hungwell64 ;hell yeah i want to ,  ,  ,  ,  ,  ,  ,  and as soon as you can ,  ,  ,  ,  ,  ,  ,  lol
Nahtasha ;lol well if we talk more like tonight tmoorror thursday you know id be fine with this weekend if you keep being honest and cool
dick_hungwell64 ;|i'm honest about everything ,  even if it's not what you may wanna hear ,  it'll at least be the truth|
Nahtasha ;lol what wouldn't i wanna hear ?
dick_hungwell64 ;lol nothing i can think of lol
Nahtasha ;lol cmon theres gotta be something if you said that
dick_hungwell64 ;i meant if you asked me my opinion i'd tell you what i think even if it's different from your opinion is all
Nahtasha ;oh that's cool
dick_hungwell64 ;i say what i think not what people think
Nahtasha ;that's cool that's the way to be
dick_hungwell64 ;and i'd say the worst thing i've ever done is not complete school ,  but i get a GED as well as an adult high school diploma|
Nahtasha ;that ain't no big deal you type smart and that's what matters
dick_hungwell64 ;lol thanks ,  ,  ,  ,  ,  ,  ,  i think i'm a smart man
Nahtasha ;cool i think so too
dick_hungwell64 ;i think about things and don't just act on impulse ,  ,  ,  ,  ,  ,  ,  gotta have a train of thought
Nahtasha ;lol cool yeah you gotta have a plan
dick_hungwell64 ;yep ,  ,  ,  ,  ,  ,  ,  and i do lol
Nahtasha ;lol oh yeah ?
dick_hungwell64 ;yep
Nahtasha ;what's your plan ?  >
dick_hungwell64 ;to enjoy life % and go for what i like and as far as female's my plan is to show you just how much i am interested in you and how sexy i think you are and above all show you and make you feel beautiful ,  desired and respected| ,  ,  ,  ,  ,  ,  and to be as good a friend as i can
Nahtasha ;lol oh yeah ?  that sounds like a pretty good plan to me it's so nice to hear that you think i'm sexy and beautiful
dick_hungwell64 ;|well i thought that at first look at your picture and can only try and imigine how you look all together ,  but you know your personality is also captivating|
Nahtasha ;thanks i'm glad you like both
dick_hungwell64 ;i do ,  ,  ,  ,  ,  ,  ,  i think you probably have a very nice ass as well as you do che st lol
Nahtasha ;lol thanks you can kinda see my booty in that one picture
dick_hungwell64 ;yeah kinda
Nahtasha ;not all the way lol but kinda yeah ,  ,  ,  ,  ,  ,  ,  i think it's one of my good features
dick_hungwell64 ;good enough to imigine ,  ,  ,  ,  ,  ,  ,  i bet you'd look great in lace to
Nahtasha ;lol id ont got any of that
dick_hungwell64 ;you will lol
Nahtasha ;ooo
dick_hungwell64 ;if you want that is
Nahtasha ;lol why wouldn't i !  !  !  !
dick_hungwell64 ;i didn't think you wouldn't
Nahtasha ;nobody has given me nothing like that before
dick_hungwell64 ;idiots
Nahtasha ;lol yeah ,  ,  ,  ,  ,  ,  ,  you'd really bring me like lacey something ?
dick_hungwell64 ;the thing is ,  you've not actually had a man that really see's your sexieness and eroticness and one that wants to show you how desirable you are| ,  ,  ,  ,  ,  ,  i'd bring you lacy things anytime
Nahtasha ;wow awesome
dick_hungwell64 ;there alot of different types though
Nahtasha ;like what kinda types ?
dick_hungwell64 ;from see through ,  fishnet ,  full lacy panties ,  to crotchless ones|
Nahtasha ;oh wow ,  ,  ,  ,  ,  ,  ,  what do you think id look good in ?
dick_hungwell64 ;I think you'd look best in see through top ,  lacy thomg type pantie's ,  stokings and heels|
Nahtasha ;oh wow ,  ,  ,  ,  ,  ,  ,  that'd be so hot
dick_hungwell64 ;yes it would
Nahtasha ;i like how you think
dick_hungwell64 ;you ever been with a white man ?  ,  ,  ,  ,  ,  ,  ,  thanks
Nahtasha ;no is that bad ?
dick_hungwell64 ;not a all
Nahtasha ;just my ex that's all
dick_hungwell64 ;i haven't with a black girl till the st time
Nahtasha ;it's cool that you like us ,  ,  ,  ,  ,  ,  ,  the media don't seem too
dick_hungwell64 ;the media don't like nobody
Nahtasha ;oh ,  ,  ,  ,  ,  ,  ,  well i'm glad you like me
dick_hungwell64 ;well i do and am glad you talked
Nahtasha ;so you wanna be my first white guy huh ?  lol
dick_hungwell64 ;yes i do ,  ,  ,  ,  ,  ,  ,  and not just one time lol ,  ,  ,  ,  ,  ,  ,  i can't believe that as fine as you are no one has ever pleased you with oral sex .  .  .  damn
Nahtasha ;no my ex was like let's do other stuff
dick_hungwell64 ;your x was gay then
Nahtasha ;lol no he wasn't !  he asjust lazy
dick_hungwell64 ;lol ,  ,  ,  ,  ,  ,  ,  well hon i do find you hot and sexy and want very much to see you and if your comfortable with it see you over and over ,  ,  ,  ,  ,  ,  ,  lazy don't get it
Nahtasha ;i think i would be and definitely would if you're not lazy
dick_hungwell64 ;i'm anti lazy lol ,  ,  ,  ,  ,  ,  ,  don't do lazieness
Nahtasha ;lol you might be good then
dick_hungwell64 ;lol ,  ,  ,  ,  ,  ,  ,  you might like it to
Nahtasha ;like what ?  oral ?
dick_hungwell64 ;that as well as anything we do
Nahtasha ;depends what it is i think
dick_hungwell64 ;you'll love the oral though
Nahtasha ;lol unless your just big talk and secret lazy guy lol
dick_hungwell64 ;lol ,  ,  ,  ,  ,  ,  ,  |not to worry ,  i am as i say| ,  ,  ,  ,  ,  ,  i'll have to show you
Nahtasha ;oh yeah ?  gonna show me good ?  lol
dick_hungwell64 ;|yep ,  i sure am|
Nahtasha ;depends on what there's some stuff i don't think i wanna do
dick_hungwell64 ;we'd not do anything you didn't want to hon
Nahtasha ;i just don't like pain does it hurt ?
dick_hungwell64 ;i want you to do what you like and nothing more ,  ,  ,  ,  ,  ,  ,  i don't do pain
Nahtasha ;yeah but does oral hurt at all like i'm sorry i just dunno
dick_hungwell64 ;no it don't hurt at all ,  ,  ,  ,  ,  ,  ,  not at all
Nahtasha ;oh so you won't hurt me with it ?
dick_hungwell64 ;no way
Nahtasha ;oh awesome lol you must know what your doing then
dick_hungwell64 ;I can say i do ,  i've always been told that i am damn near perfect at oral ,  and that been my favorite thing to do to get you worked up and hot|
Nahtasha ;yeah i bet that would work me up
dick_hungwell64 ;|it would yes .  .  .  it's an art not just a thing to do ,  to do it and make a woman love it you have to do it right|
Nahtasha ;that's awesome see that sound better than just lazy wham and bam lol
dick_hungwell64 ;wham bam is for guy's that only want to please them selve's
Nahtasha ;yeah
dick_hungwell64 ;i want you pleased
Nahtasha ;that sounds like a nice change yeah
dick_hungwell64 ;|like in a room ,  with low light's and candle light ,  a warm soothing bath or shower ,  and then a sensual slow seductive massage to start| ,  ,  ,  ,  i think i could please you like you have not been ,  ,  ,  ,  ,  ,  ,  can i give you my cell number ?
Nahtasha ;yeah you can sure ,  ,  ,  ,  ,  ,  ,  i can't call tonight but i'll definitely call ,  ,  ,  ,  ,  ,  ,  sorry yahoo was all crash
dick_hungwell64 ;call anytime my hours hours are different day to day ,  ,  ,  ,  ,  ,  ,  -656-4140 joe
Nahtasha ;oh awesome
dick_hungwell64 ;|i'll tell you ,  i'm not home alot but do have a laptop .  .  i drive a track for a living|
Nahtasha ;that's cool if you have a lap
dick_hungwell64 ;i do yes
Nahtasha ;are you gonna be online tomorrow ?  ,  ,  ,  ,  ,  ,  ,  oh ,  ,  ,  ,  ,  ,  ,  i'll talk to you tomorrow and maybe i'll call too !  ,  ,  ,  ,  ,  ,  ,  night night
dick_hungwell64 ;I got booted ,  sorry|
Nahtasha ;i went inviso because this guy was bugging me i think i'm going to bed here though ,  ,  ,  ,  ,  ,  ,  you gonna be online tomorrow ?
dick_hungwell64 ;tomorrow evening yes ,  ,  ,  ,  ,  ,  ,  i don't wanna loose you
Nahtasha ;oh coolill be sure to be on for you then ,  ,  ,  ,  ,  ,  ,  lol you won't !
dick_hungwell64 ;cool
Nahtasha ;night night i'll be thinking of you
dick_hungwell64 ;i look forward to seeing you and getting to know you as a person aswell ,  ,  ,  ,  ,  ,  ,  night night till then
Nahtasha ;night
dick_hungwell64 ;|good morning ,  i'm sorry for not being on last week ,  i was in north and soutg dekota ,  minnisota and that area and just couldn't get a reception ,  i do miss talking to you and hope to do so today or tomorrow .  i'm home for a couple day's and was wandering what your doing the next day's ?  you can call me if you want or catch me on here .  .  .  .  if you'd like to go forward and all ,  it's your choice ,  i know i would .  .  .  |
Nahtasha ;oh wow heya are you online that's cool to hear ?  ,  ,  ,  ,  ,  ,  ,  i'm not doing nothing weds and thursday i got all day free both days ,  ,  ,  ,  ,  ,  ,  i'll be online in case you get on tonight
dick_hungwell64 ;hey
Nahtasha ;heya !
dick_hungwell64 ;how are you
Nahtasha ;i'm good how are you !
dick_hungwell64 ;i'm doing well thanks
Nahtasha ;cool
dick_hungwell64 ;i'm glad your on
Nahtasha ;i'm glad you on too missed you
dick_hungwell64 ;i missed you as well ,  i couldn't wait to get home and get online and talk to you
Nahtasha ;that's awesome
dick_hungwell64 ;so are you still in school or not ?  not that it matter's
Nahtasha ;i'm still in high school but it don't start till august
dick_hungwell64 ;cool ,  ,  ,  ,  ,  ,  ,  well i'd sure like to get together while i have time off
Nahtasha ;that's awesome you got time off tomorrow and thursday ?
dick_hungwell64 ;I have today and tomorrow ,  but will be leaving out thursday|
Nahtasha ;that's cool my mom is still here today but she met a guy over the weekend and is gonna go hang with him tomorrow and thursday so i got tomorrow open
dick_hungwell64 ;that's cool then ,  ,  ,  ,  ,  ,  ,  works out fine
Nahtasha ;oh awesome so you wanna come ?
dick_hungwell64 ;i damn sure do
Nahtasha ;wow that's so cool ,  ,  ,  ,  ,  ,  ,  |u gonna bring your big truck lol ?  (  Man ,  I really wanted him to show in that truck ,  and he did !  )  |
dick_hungwell64 ;lol ,  ,  ,  ,  ,  ,  ,  more then likely lol
Nahtasha ;lol awesome that's so cool
dick_hungwell64 ;wanna hang out in it ?  it's big inside
Nahtasha ;sure if you bring it
dick_hungwell64 ;I will ,  as long as we can get together i don't care where it is
Nahtasha ;that sawesome i'm definitely open for you tomorrow we can definitely get together
dick_hungwell64 ;great ,  ,  ,  ,  ,  ,  ,  |i was worried when we started talking to be honest and just because i really think your hot and sexy ,  but i also like that you can carrie on a conversation and on a mature level|
Nahtasha ;thanks that's a nice complement
dick_hungwell64 ;I just hope when we meet you like what you see ,  don't worried though i am not a fat ass or dirty lol ,  it's just your actually more grown then girls older then you it seems| ,  ,  ,  ,  ,  so what time would be good tomorrow ?
Nahtasha ;cool i'm glad you think that way ,  ,  ,  ,  ,  ,  ,  like two pm if that's good for you ?
dick_hungwell64 ;|thats fine ,  and everything i've told you about how i see things and think are just the way i am|
Nahtasha ;i know i believe you definite
dick_hungwell64 ;|well i did think you always got told how beautiful you are and just don't see how guy's can't see that ,  but hell if they don't wanna talk and get to know the person you are as well then they ain't worth the time ,  ,  ,  ,  ,  ,  i'm just glad you are into me is all
Nahtasha ;i'm glad you into me most guys on here are jerks you know ?  you diff and i like that
dick_hungwell64 ;|thx ,  and yeah most guys on here are not in touch with how they are and put on a front and try and make them selve's out to be something else|
Nahtasha ;no doubt they all fakers
dick_hungwell64 ;but hey all we gotta do is enjoy each other and we i think will .  .  .  very much
Nahtasha ;i think so too it's gonna be a lotta fun
dick_hungwell64 ;yeah it is
Nahtasha ;so you gonna come at ?
dick_hungwell64 ;i'll be there a little before .  .  but i need directions to where you wanna meet
Nahtasha ;let me give you an Eddy and you can mapquest and tell me how long it take you cool ?
dick_hungwell64 ;ok
Nahtasha ;* removed *
dick_hungwell64 ;let me grab a pen real quick ,  ,  ,  ,  ,  ,  ,  you still have my number ?
Nahtasha ;did you mapquest it ?  ,  ,  ,  ,  ,  ,  ,  yeah can't call right now though mom is home
dick_hungwell64 ;I will nap quest it when we go offline ,  i wanna talk while we can|
Nahtasha ;oh okay
dick_hungwell64 ;oh i won't call unless you say it's ok to ,  ,  ,  ,  ,  ,  ,  will you give me your number again though i don't know if it's stored in my phone
Nahtasha ;it's prob not i don't want you to call though cause my mom will go wtf you know ?
dick_hungwell64 ;and there is thing that do expect at all times from you .  .  .  that is for you to always be honest about things regardless of if you think it's what i wanna hear
Nahtasha ;i will most definitely that's what i want too you know ?
dick_hungwell64 ;great
Nahtasha ;awesome we so much alike ,  ,  ,  ,  ,  ,  ,  its so awesome that you gonna bring the big truck i like those things i never been in one
dick_hungwell64 ;|well i do not want your mom finding out because it'd mess up a good thing we have going so you call when you can ,  let it ring once and i'll call you back and make the number show up as a private .  number|
Nahtasha ;cool is your phone a cell i can call while you drive i think
dick_hungwell64 ;yep
Nahtasha ;that's neat
dick_hungwell64 ;and your right ,  we are alot alike and that's great and i didn't know we were at first but i do now and if we do it right we can have a great thing goin|
Nahtasha ;no doubt
dick_hungwell64 ;|another thing to is at st i saw you as a sexy and hot girl ,  but now that we've talked i must say i also like your attitude and how we can open up and talk about things
Nahtasha ;that's very cool i'm glad you like my brain too
dick_hungwell64 ;I do ,  and am glad we got to talk and get on that level as well|
Nahtasha ;no doubt most definitely
dick_hungwell64 ;it adds to the relationship we'll try to have
Nahtasha ;lol
dick_hungwell64 ;ya know i thought a few times that if we keep it going and are smart about it and when your if we are good and you want then heck you could travel with me some time .  .  but we'll see how things go (  Dreamy )
Nahtasha ;that's cool that's prob fun
dick_hungwell64 ;i do think we are smart enough to keep us private though
Nahtasha ;yeah i ain't gonna say nothing to nobody cause my business is my business
dick_hungwell64 ;oh you'd love it and seeing the country
Nahtasha ;that sounds cool
dick_hungwell64 ;and my business is mine
Nahtasha ;cool
dick_hungwell64 ;I will tell you this ,  i will and do respect all people and when it comes to women i think they should be treated like they are special as well as equal|
Nahtasha ;thank you very much that's very romantic
dick_hungwell64 ;it's how i was raised and that's the only way i know to be
Nahtasha ;i'm glad you were raised that way your parents do a good job
dick_hungwell64 ;|it was my mom ,  my aunt and grandmother ,  i had no male figure to teach me things .  although i had uncle that did teach me to be strong and stand for what i believe in| ,  ,  ,  ,  ,  you know somthin>>>>
Nahtasha ;what's that ?
dick_hungwell64 ;i'm glad we are getting to know each other by talking because if we'd had just met and were sexual instead of talking like this then i don't think we would actually be as interested as we are
Nahtasha ;true it makes it better
dick_hungwell64 ;don't get me wrong i do want to slowly and sensualy be on that level with you but knowing who you are inside to me makes it deeper and more meaningful
Nahtasha ;i know what you mean and i agree it's much better to be like d and not d you know ?  it's gonna be a fun time
dick_hungwell64 ;|yeah it is ,  and this way we can connect on all level's and it don't always just have to be on the sexual side .  .  not that i'd say no to you because i'd damn sure not do that .  i just like that we can connect all the way around
Nahtasha ;yep
dick_hungwell64 ;i think you'll be happy and you can keep it to your self and i think even though we are different in some ways you'll find i think that regardless you will know it was a good decision
Nahtasha ;yep i think so
dick_hungwell64 ;me to ,  ,  ,  ,  ,  ,  ,  hell we can even just talk and kick back in the track and watch television if you want lol
Nahtasha ;lol well have plenty of time to do everything
dick_hungwell64 ;yeah we will ,  ,  ,  ,  ,  ,  ,  i want you to do as you please when your with me and make your self at home as i do
Nahtasha ;cool i just hope you take charge i like take charge kinda guy
dick_hungwell64 ;that you don't have to worried about hon ,  ,  ,  ,  ,  ,  ,  i will take charge and know how to in a way that you'll like ,  ,  ,  ,  ,  ,  ,  |so let me ask ,  what's the oldest guy you've been with .  |
Nahtasha ;he's the only guy my ex was
dick_hungwell64 ;cool ,  ,  ,  ,  ,  ,  ,  i asked only because i figured you haven't with a guy as young as me (  lol )  but one thing is i know i can make you happy and fell like your more then just a sex toy
Nahtasha ;very cool that'd be nice
dick_hungwell64 ;but i do like taking charge
Nahtasha ;awesome ,  ,  ,  ,  ,  ,  ,  that's what i like i think
dick_hungwell64 ;cool ,  ,  ,  ,  ,  ,  ,  we will find out everything we like and do it together
Nahtasha ;awesome
dick_hungwell64 ;I was with a girl a long time sgo who liked a man in charge ,  but she liked it to the point that she loved being talked to dirty and i mean she loved it .  .  it was the first time i had a girl like that or at least to that point|
Nahtasha ;that's cool i prob like that i think
dick_hungwell64 ;well we'll try and we'll figure out just how you like things and what you and me as well don't like ,  ,  ,  ,  ,  ,  ,  we'll be ok and not have problems because we are able to be open %
Nahtasha ;back i was in the bathroom ,  ,  ,  ,  ,  ,  ,  yeah well do good together
dick_hungwell64 ;and honestly if you were able to i'd take you with me on trips now ,  but hey if were still together when you can i will .  .  and well i'd like to take care of you and make you feel secure and provided for at some point .  .  but we'll cross that bridge when and if we get to it .  .  i just don't want to run you off and only want to have something special .  .  and well .  .  .  .  i don't want to just fuck and go ,  i'd like to be more .  .  .  this though will be what ever you want .  .  i will be your friend regardless and knowing you some and getting to know you more i will be as good to you as i know how to be| ,  ,  ,  ,  ,  lol well we all have bathroom breaks lol
Nahtasha ;that's cool well see how it goes definitely that sounds cool though if we get along like i think we will
dick_hungwell64 ;I think we will to ,  i just wanted you to know that even though we are different in a couple ways don't mean it won't work|
Nahtasha ;cool
dick_hungwell64 ;|so now about tomorrow ,  i'll have my truck and there are some roads i can't drive on ,  but i can get to you regardless and will| ,  ,  ,  ,  ,  and if me using words like fuck and some others bothers you then just say so and i'll not
Nahtasha ;it don't bother me ,  ,  ,  ,  ,  ,  ,  i ain't bothered at all ,  ,  ,  ,  ,  ,  ,  and that's cool i mean if you can get here with it its all good
dick_hungwell64 ;oh i'll get there ,  ,  ,  ,  ,  ,  ,  |i ain't gonna miss out on you for anything (  Romantic ,  isn't he ?  Really knows how to treat a girl !  Oh ,  well ,  except the past charges of battery )  |
Nahtasha ;awesome
dick_hungwell64 ;I look at your picture and you know you do look older and more grown then you are ,  and that's cool .  .  i thought at st you were maybe at the most|
Nahtasha ;that's crazy i hope i don't look all old when i turn like in ten years
dick_hungwell64 ;lol ,  ,  ,  ,  ,  ,  ,  |no you'll be fine ,  i thought that because your body has filled out very nice and better then alot that are is all .  .  your breast and your figure are just right|
Nahtasha ;oh awesome gotcha now i know what you mean
dick_hungwell64 ;and hon you'll be as sexy and beautiful at as you are now
Nahtasha ;thank you very much
dick_hungwell64 ;your welcome .  .  .  i am just damn glad you want to go forward with me ,  ,  ,  ,  ,  ,  ,  that's awesome ,  ,  ,  ,  ,  ,  ,  are you the only child ?
Nahtasha ;yah i am
dick_hungwell64 ;cool ,  ,  ,  ,  ,  ,  ,  i thought so because we'd have talked about it by now
Nahtasha ;yah no doubt
dick_hungwell64 ;and if we are ever asked all we gotta say is we talk and are friends and nothing more .  .  .  but i don't worried because i think your as smart as you say as i am and we know we will be good together and that's what matters
Nahtasha ;it's all good i know how to be cool
dick_hungwell64 ;|so do i call you natasha ,  tasha or what do you like ?  | ,  ,  ,  ,  ,  ,  |i know you know how to be cool ,  it shows in your conversation|
Nahtasha ;nahtasha is what i like i don't like tasha so much
dick_hungwell64 ;ok ,  ,  ,  ,  ,  ,  ,  natasha i liked better to
Nahtasha ;thanks
dick_hungwell64 ;this is going to be awesome ,  fun and something we both will wanna hold on to i think|
Nahtasha ;yah well remember this forever
dick_hungwell64 ;and your shorter then me lol
Nahtasha ;lol yah
dick_hungwell64 ;we'll remember it yes and i hope it goes on for as long as your happy with it
Nahtasha ;thank you i'm sure it'll all go well
dick_hungwell64 ;yeah you'll probably come up to my chest when standing lol
Nahtasha ;lol yah that'll be hot
dick_hungwell64 ;yeah it will ,  ,  ,  ,  ,  ,  ,  i like that your small
Nahtasha ;i like that your big
dick_hungwell64 ;lol ,  ,  ,  ,  ,  ,  ,  well were what each other wants then
Nahtasha ;yep
dick_hungwell64 ;my hair's longer then yours hahahaha
Nahtasha ;lol that's cool you like a wild man then
dick_hungwell64 ;lol in a good way though ,  ,  ,  ,  ,  ,  ,  we'll be wild together
Nahtasha ;awesome
dick_hungwell64 ;can i ask a very personal thing ?  i know i can but want your ok anyway
Nahtasha ;sure
dick_hungwell64 ;|ok .  .  do you shave or self or not ?  it don't matter really ,  it just seems most do|
Nahtasha ;oh i trim but i ain't got enough to shave
dick_hungwell64 ;lol
Nahtasha ;so it think it looks good you'll have to tell me
dick_hungwell64 ;ok i will .  .  .  hell having hair is natural and well i think you'd be fucking hot either way .  .  hair don't bother me at all .  .  in fact i kinda like it
Nahtasha ;awesome i think you will like it
dick_hungwell64 ;oh i've pictured how i think you look naked lol
Nahtasha ;lol well see if you got a good imagine you'll have to tell me if i live up to it
dick_hungwell64 ;ok .  .  i have no doubt you will .  .  but i'll tell you
Nahtasha ;awesome
dick_hungwell64 ;|hell hon i know i like your breast and can only think all of you is just as nice ,  even better|
Nahtasha ;and as i said ,  knowing more about the person you are and learning your attitude has shown me that you are with out a doubt % real on the level you say you are| ,  ,  ,  ,  ,  ,  and that counts for alot
dick_hungwell64 ;thank you very much i try to keep it real
Nahtasha ;that's the way it has to be
dick_hungwell64 ;no doubt
Nahtasha ;that way there are no misconceptions
dick_hungwell64 ;yep we know what's up and that's the best
Nahtasha ;yep ,  ,  ,  ,  ,  ,  ,  |i'm Ur's as long as you want and all the way from talking about things ,  if you just need to talk ,  need to be held ,  or for anyreason|
dick_hungwell64 ;awesome your like a real life teddy bear
Nahtasha ;i can't believe i've found a girl the way i like and feel blessed ,  ,  ,  ,  ,  ,  ,  lol bear
dick_hungwell64 ;yeah i'll be your bear
Nahtasha ;awesome
dick_hungwell64 ;and we bears like tasting honey lol
Nahtasha ;lol i got all the honey there is
dick_hungwell64 ;well that's what i wanted to hear ,  ,  ,  ,  ,  ,  ,  and i'll eat all the honey you have
Nahtasha ;nice
dick_hungwell64 ;so when it comes to sex are there any positions you like best or anything i need to know ?
Nahtasha ;i only did the one so you gotta picture those
dick_hungwell64 ;lol ,  ,  ,  ,  ,  ,  ,  well we'll try others
Nahtasha ;awesome
dick_hungwell64 ;|you'll find alot out about what you like and things guys your age don't even know ,  both sexually and on all level's|
Nahtasha ;yeah and you ain't gonna be lazy which will rule
dick_hungwell64 ;lol no i ain't lazy at all and will not even think about it ,  ,  ,  ,  ,  ,  ,  lazy is boring
Nahtasha ;awesome
dick_hungwell64 ;|damn ,  i'll brb now i gotta hit the bathroom .  .  don't leave if you can help it|
Nahtasha ;i won't
dick_hungwell64 ;ok i'm back
Nahtasha ;wb
dick_hungwell64 ;thanks ,  ,  ,  ,  ,  ,  ,  it had to be done lol
Nahtasha ;lol yah no doubt
dick_hungwell64 ;if it were night i would stepped out my door and used a tree lol ,  ,  ,  ,  ,  ,  ,  you can't do that lol
Nahtasha ;lol nah that ain't so easy for me
dick_hungwell64 ;nope ,  ,  ,  ,  ,  ,  ,  be kinda funny though watching you raise your leg and try
Nahtasha ;lol that'd be gross
dick_hungwell64 ;|yeah i know ,  but it sounds funny| ,  ,  ,  ,  ,  ,  i wouldn't expect you to do it
Nahtasha ;lol good
dick_hungwell64 ;you have a sense of humor to i see .  good girl lol
Nahtasha ;lol yah i ain't all drama or nothing
dick_hungwell64 ;me either .  i like to laugh and have fun in life .  drama ain't fun
Nahtasha ;no doubt
dick_hungwell64 ;i like to think i'm kinda different then guy's you know and i know i'm able to be more into you and the person you are then they can .  .  we will not have a dull or boring time at any point
Nahtasha ;awesome i hope so i can't wait for tomorrow
dick_hungwell64 ;me either hon .  me either .  .  .  it's the start of something great and something we both want ,  ,  ,  ,  ,  ,  ,  it's all up to us
Nahtasha ;i so agree
dick_hungwell64 ;i'm glad ,  ,  ,  ,  ,  ,  ,  |phones ringing ,  i'll brb .  .  .  let me tell who ever it is i'm busy .  .  .  .  .  .  .  |
Nahtasha ;lol cool you don't gotta do that if the call is important
dick_hungwell64 ;|i'm back ,  it was just one of my sister's|
Nahtasha ;cool how many you got ?
dick_hungwell64 ;|one older ,  one younger and a twin|
Nahtasha ;oh cool
dick_hungwell64 ;at least i didn't grow up wanting to wear a dress lol
Nahtasha ;lol no doubt that'd be kinda creepy
dick_hungwell64 ;|but i'll tell you ,  growing up at times with them sucked .  .  lol every time they thought a boy did them wrong they came to me and man that was a bitch lol|
Nahtasha ;lol i bet that's a lotta fighting
dick_hungwell64 ;lol yeah it'd be down right fucked up if i liked wearing girls clothed ,  ,  ,  ,  ,  ,  ,  i ain't that kinky
Nahtasha ;lol yeah i'm glad you ain't
dick_hungwell64 ;|well i did get in fights because of them ,  but i only fought if a guy put his hands on them to hurt them or tried to bully them| ,  ,  ,  ,  ,  ,  lol glad i ain't
Nahtasha ;i'm glad you tried to protect them
dick_hungwell64 ;no hon i'll leave wearing girl things to you
Nahtasha ;lol good i'm good at that
dick_hungwell64 ;|well i tried to look after them ,  but i never got involved in arguments they had or things ,  only if the guy got stupid and stepped over the line|
Nahtasha ;cool
dick_hungwell64 ;i know you'll be good at wearing girl things .  and no doubt wear them great ,  ,  ,  ,  ,  ,  ,  yeah i ain't never liked the idea of hitting or beating females
Nahtasha ;good
dick_hungwell64 ;in my opinion a man that does is a pussy .  .  .  excuse the term
Nahtasha ;i agree that ain't no man
dick_hungwell64 ;|but as for you you'd look good in anything .  .  .  lace ,  thong ,  g-string ,  bluegenes .  .  .  hell anything| ,  ,  ,  ,  no it isn't a man
Nahtasha ;thanks i bet i would look good in any of that
dick_hungwell64 ;you would ,  ,  ,  ,  ,  ,  ,  you have the build for it
Nahtasha ;thanks
dick_hungwell64 ;not fat and not skinny
Nahtasha ;yeah i'm lucky
dick_hungwell64 ;yeah you are .  most females think there either fat or skinny even if they ain't ,  ,  ,  ,  ,  ,  ,  |i to am lucky ,  i can eat like a horse and not get fat|
Nahtasha ;wow that's really lucky
dick_hungwell64 ;|yeah ,  i have been like that all my life ,  good metabolism and active .  .  .  i have very little body fat and am only about give or take a couple and at '11 that's about right|
Nahtasha ;wow you sound really fit
dick_hungwell64 ;every year when i have my annual physical my doctor says i'm in better shape then alot of guys half my age
Nahtasha ;yeah it sounds like it
dick_hungwell64 ;I don't work out now ,  i am just lucky enough to be naturally fit and healthy|
Nahtasha ;that's cool esp with your job
dick_hungwell64 ;yeah it is .  .  .  oh i get out of my track at track stops and walk around just for the exercise and so i don't get where my body gets no energy ,  ,  ,  ,  ,  ,  ,  alot of drivers are just plain lazy fucks and over weight
Nahtasha ;oh awesome yeah that's what people think about them
dick_hungwell64 ;and women seem to think that being a driver means i have girls around the country i see ,  and believe it or not i don't .  .  i ain't a prize stud or nothing special ,  but i like a certain type and don't just go for what ever|
Nahtasha ;that's cool i'm glad
dick_hungwell64 ;well most don't believe it and are surprised when they see i like talking and getting to know about them and not just looking for sex .  .  i was seeing a girl a year or so back in Cincinnati for a while but that stopped
Nahtasha ;why'd that stop ?
dick_hungwell64 ;and when i saw you and now that i know about you i can honestly say i have been wanting to find a girl like you for a long time .  .  it just so hpeens i'm white and your black ,  but hey that's never been an issue for me .  .  .  .  i really am into what we can have| ,  ,  ,  ,  ,  ,  why did it stop ?
Nahtasha ;yeah the girl in cincy
dick_hungwell64 ;|well i hope this don't sound bad and comes out right but it stopped because of a couple things .  .  one she thought i should just up and move to cincy ,  that i was as she would say to upfront and to the point about things ,  that i was different then men she'd known because i was able to be open and direct and if i thought someone was out of line i'd speak up .  .  she said people up there weren't use to a man that stood his ground and didn't give in to others|
Nahtasha ;oh
dick_hungwell64 ;and she said even though we had a great sex life ,  i was always wanting to make sure she was pleased and enjoyed it before i was worried about my enjoyment .  .  but she did like the way i would take charge|
Nahtasha ;well you sound just right ot me then
dick_hungwell64 ;i didn't really know how to take her thinking and told her we should just stay friends
Nahtasha ;gotcha that makes sense
dick_hungwell64 ;I do talk to her now and then ,  she's in a relationship now but calls sometimes and bitch's about him lol| ,  ,  ,  ,  ,  ,  and like a friend i listen ,  ,  ,  ,  ,  ,  ,  hell he even called me once
Nahtasha ;lol that's crazy
dick_hungwell64 ;yeah it was ,  ,  ,  ,  ,  ,  ,  |i think of my self as a gentle and easy going man ,  but i do stand my ground and like to be in charge of how and what i think|
Nahtasha ;that's good that sounds just about right really
dick_hungwell64 ;and i'm glad you think i'm right for you as i also think and feel your right for me and what i've hoped to find
Nahtasha ;: x
dick_hungwell64 ;i think i'm lucky and blessed to have met you and will do what it takes to make it work as long as your happy with it and are wanting me .  .
Nahtasha ;i'm lucky too this is going to be so awesome
dick_hungwell64 ;|altho i did at first think that you were to beautiful to be interested ,  but i learned your not that shallow of a girl ,  ,  ,  ,  ,  ,  this is gonna be very awesome indeed ,  ,  ,  ,  ,  ,  ,  indeed to
Nahtasha ;i'm glad you like all of me
dick_hungwell64 ;i don't think of you as though i see you as a young woman and mature ,  ,  ,  ,  ,  ,  ,  i do like all of you
Nahtasha ;awesome that makes me so so happy
dick_hungwell64 ;|i'll not hit you ,  but i may give you a little slap on the ass lmao|
Nahtasha ;lol that'd be fine i might do that back
dick_hungwell64 ;lol ,  ,  ,  ,  ,  ,  ,  ok that works ,  ,  ,  ,  ,  ,  ,  but i think your ass is nicer then mine hehehehe
Nahtasha ;lol probably it's one of my best features
dick_hungwell64 ;lol ,  ,  ,  ,  ,  ,  ,  naa i say your attitude and personality are .  .  .  but your body is % awesome
Nahtasha ;i think i'm gonna go offline for a bit to eat some food you mind ?
dick_hungwell64 ;no hon not at all
Nahtasha ;awesome
dick_hungwell64 ;i'll check later to see if your on
Nahtasha ;cool hopefully we talk later but if we don't then i'll talk to you on the phone while you drive and see you tomorrow
dick_hungwell64 ;ok cool ,  ,  ,  ,  ,  ,  ,  now go eat lol
Nahtasha ;just letting you know i'm gonna go to the grocery store with my mom for a couple hours she's buying food for when she leaves ,  ,  ,  ,  ,  ,  ,  just wanted to let you know so you didn't wonder
dick_hungwell64 ;|ok i'll check back .  .  i stay'd thinking you may come back after you ate ,  but i'll leave this on and check for u|
Nahtasha ;cool yeah i had to let you know cause id didn't want you all sad or something like i lied cause i wouldn't do that
dick_hungwell64 ;i'd be sad only if i didn't talk to you anymore ,  ,  ,  ,  ,  ,  ,  your what i want Natasha
Nahtasha ;your what i want too ,  ,  ,  ,  ,  ,  ,  that swhy i came online to tell you ,  ,  ,  ,  ,  ,  ,  anyways gotta run back later
dick_hungwell64 ;thanks for your caring enough ,  ,  ,  ,  ,  ,  ,  ok see you soon ,  ,  ,  ,  ,  ,  ,  are you ok to talk or not ?
Nahtasha ;sure
dick_hungwell64 ;cool ,  ,  ,  ,  ,  ,  ,  came to check and saw you were on
Nahtasha ;cool yeah i got back
dick_hungwell64 ;so your fixed for when your mom's gone
Nahtasha ;yep it sall good
dick_hungwell64 ;good ,  ,  ,  ,  ,  ,  ,  |i'm glad we're not gonna be pressed on time ,  that was a concern .  |
Nahtasha ;oh yeah no way well have lots of time
dick_hungwell64 ;|that's great ,  i wanna spend as much time with you as i can .  .  |
Nahtasha ;awesome
dick_hungwell64 ;|look i'll be back in a minute ,  my little sister came by ,  i won't be long though ok|
Nahtasha ;cool take your time well have lots of time tomorrow after all
dick_hungwell64 ;|ok she's gone ,  and we have all the time we want is right .  .  |
Nahtasha ;yep
dick_hungwell64 ;your not busy are you ?  if so let me know ok
Nahtasha ;i'm not too busy no
dick_hungwell64 ;|cool ,  i just wanted to make sure i wasn't interrupting you or anything .  .  |
Nahtasha ;nah it's all good ,  ,  ,  ,  ,  ,  ,  i think my mom wants to watch a movie later but that's not for a bit
dick_hungwell64 ;I am sure looking forward to us ,  i wish it were tomorrow lol|
Nahtasha ;lol me too
dick_hungwell64 ;|ok ,  yeah if mom wants to watch a movie then you gotta keep her happy|
Nahtasha ;yeah but that's not for a bit
dick_hungwell64 ;cool ,  ,  ,  ,  ,  ,  ,  i'll be on later as well to see if your on .  .  hahahaha
Nahtasha ;cool i might be i might not it all depends
dick_hungwell64 ;|sorry ,  now it seems my whole family wants to call .  .  i won't be long .  .  .  |
Nahtasha ;lol don't worry about it
dick_hungwell64 ;|damn ,  i'm sorry hon .  .  .  i hate you had to go .  .  |
Nahtasha ;i'm sorry ,  ,  ,  ,  ,  ,  ,  i'm gonna go offline and watch television for a couple before i got to bed i'll see you tomorrow i can't wait !  : x
dick_hungwell64 ;|damn ,  i missed you when you were here| ,  ,  ,  ,  ,  ,  |good morning hon .  .  .  i nap quest that add you gave me but now i can't find the direction ,  i hope you come on this morning so i can get the addy again .  .  .  i will be happy once we meet and are in the track talking and having time just for us .  .  .  | ,  ,  ,  ,  ,  ,  |hey there ,  i'm glad you came on .  .  did you get my off line message ?  |
Nahtasha ;i did what's going on ?  ,  ,  ,  ,  ,  ,  ,  you lost my email ?  that makes no sense
dick_hungwell64 ;I did nap quest and got directions ,  but now i can't find them .  i just need the addy again so i can nap quest again is all|
Nahtasha ;oh okay ,  ,  ,  ,  ,  ,  ,  * removed *
dick_hungwell64 ;I didn't put it in my wallet hon ,  i didn't think |
Nahtasha ;lol that's okay you got it now
dick_hungwell64 ;yes i do ,  ,  ,  ,  ,  ,  ,  so how are you today
Nahtasha ;tell me what time you gonna come now ?  ,  ,  ,  ,  ,  ,  ,  i'm okay just a little sleepy right now
dick_hungwell64 ;you gonna nap before i get there
Nahtasha ;lol i just gotta wake up
dick_hungwell64 ;lol ,  ,  ,  ,  ,  ,  ,  |i'll be leaving here around ,  i have my clothes drying .  .  but i am coming sweety|
Nahtasha ;cool how long it take to drive here does it say ?
dick_hungwell64 ;i haven't redone it yet but your down toward Columbus right ?
Nahtasha ;it's minutes north of it
dick_hungwell64 ;ok well it takes an hour to maybe an hour and minutes to get to Columbus .
Nahtasha ;cool so it's not that long that's awesome
dick_hungwell64 ;so if i leave at i should be there around or give or take .  .  and allow for traffic which should be bad at all
Nahtasha ;sweet that's when you told me yesterday
dick_hungwell64 ;|yep ,  i had planned to leave sooner but got a late start on things this morning and am just a little behind| ,  ,  ,  ,  ,  ,  but i would miss being with you at all
Nahtasha ;lol well you said so i plannedon it so you haven't broke a promise yet
dick_hungwell64 ;lol ,  ,  ,  ,  ,  ,  ,  and i'll try not to at anytime
Nahtasha ;i believe you
dick_hungwell64 ;so will you just come out and get in the truck when i get there or do you wanna meet up the road a little ?
Nahtasha ;nah just come to my house i ain't wanna be standing around outside
dick_hungwell64 ;ok
Nahtasha ;we gotta big driveway it should fit
dick_hungwell64 ;ok i'll do that ,  ,  ,  ,  ,  ,  ,  i'm sure it'll fit fine
Nahtasha ;cool ,  ,  ,  ,  ,  ,  ,  lol i hope so
dick_hungwell64 ;lol you got what i was saying .  .  i knew you were smart lol
Nahtasha ;lol i'm not dumb
dick_hungwell64 ;i knew that already lol
Nahtasha ;good good
dick_hungwell64 ;|yeah it will be good ,  every part of it lol .  .  .  .  i do like your quick wits and thought process .  .  .  .  |
Nahtasha ;thanks
dick_hungwell64 ;your welcome ,  ,  ,  ,  ,  ,  ,  |i hope your not nervous and or disappointed with me ,  i don't think you will be i have told you the truth about me .  .  .  but i am kinda nervous ,  only because i want this to be as good as it can be and you be glad we went for it|
Nahtasha ;lol don't be silly it'll be fine and fun you don't need to worry about that i'll like you no matter what cause i like you already
dick_hungwell64 ;|cool ,  well i won't worried at all then|
Nahtasha ;cool
dick_hungwell64 ;we'll have a ball and a pleasurable time together
Nahtasha ;yep did it mapquest okay ?  don't lose this one lol
dick_hungwell64 ;lol i won't ,  ,  ,  ,  ,  ,  ,  |brb ,  gonna check on my clothes
Nahtasha ;cool
dick_hungwell64 ;well there getting there ,  ,  ,  ,  ,  ,  ,  should be long
Nahtasha ;cool
dick_hungwell64 ;didn't you say your mom's going off to her friend's today ?  or is it tomorrow ?
Nahtasha ;she left already ,  ,  ,  ,  ,  ,  ,  she gone tomorrow too today and tomorrow
dick_hungwell64 ;here's the directions from mapquest .  .  i-85 south/ga411 .  exit toward Columbus .  then take exit onto highway it becomes fortson .  .  estimated time say's hr minutes
Nahtasha ;cool
dick_hungwell64 ;does highway sound right
Nahtasha ;yep ,  ,  ,  ,  ,  ,  ,  that's all right
dick_hungwell64 ;cool
Nahtasha ;just make sure to go right where goes left it forks
dick_hungwell64 ;ok and turns into fortson right to you
Nahtasha ;yep ,  ,  ,  ,  ,  ,  ,  were the house with he cement bunny next to the mailbox lol
dick_hungwell64 ;you have my cell number so you can call if you like to make sure i don't go wrong lol ,  ,  ,  ,  ,  ,  ,  cement bunny huh
Nahtasha ;lol i will if i see a big semi go blowing past lol
dick_hungwell64 ;can't miss that
Nahtasha ;yeah my mom likes bunnies ,  ,  ,  ,  ,  ,  ,  yep
dick_hungwell64 ;that's cool
Nahtasha ;it's all good
dick_hungwell64 ;yep ,  ,  ,  ,  ,  ,  ,  are you fully awake now hhahaha
Nahtasha ;lol yah i'm not sleepy now
dick_hungwell64 ;good then
Nahtasha ;your clothes done ?
dick_hungwell64 ;|let me go check on clothes and get a couple things out of the way so i can get on down to you .  .  .  i can't wait to get there and be with you ,  just because after our talk's i think actually being with each other will be so much fun .  .  .  |
Nahtasha ;very good
dick_hungwell64 ;i'll be back in a few minutes to let you know i'm leaving
Nahtasha ;okay
dick_hungwell64 ;|alright hon ,  i'm walking out the door in about minutes .  .  .  i'll see you a s a p .  .  .  .  let's just let thing's go as they have this far and everything will fall into place and we'll have a very very good time and no regrets|
Nahtasha ;very good see you soon
dick_hungwell64 ;yes you will
Nahtasha ;awesome
dick_hungwell64 ;ok i'm signing off to come down .  .  .  let's just look forward to today .  .  .  see you soon
Nahtasha ;
dick_hungwell64 ;
