ID;msg
donni1957_male ;how ru
snakesonagirl ;i'm good
donni1957_male ;|m donnie from feet myers (  At this point ,  I remember clearly thinking that he reminded me of Quiz Kid Donnie from the movie Magnolia .  He would end up looking like that character about fifteen years down the line .  )  |
snakesonagirl ;hey donnie i'm Sarah ,  what's your asl ?  ,  |cool i'm / f/fl (  For anyone who hasn't gotten a clue yet ,  this is where you bail because isn't a real woman .  )  |
donni1957_male ;any picture
snakesonagirl ;yeah on prof and on myspace
donni1957_male ;mine too ,  you habe any brother or sister
snakesonagirl ;cool one second ,  wow your a cowboy and no i do not (  He's got a ridiculously small looking picture of him wearing a cowboy hat on his profile )
donni1957_male ;i love horses
snakesonagirl ;that's awesome so do i ,  do you got horses ?
donni1957_male ;you're cute ,  no i don't i did when in texas
snakesonagirl ;|oh that's too bad i love horses and thanks most guys think i'm a geek (  Which is true ,  since I was playing a really geeky character in general .  Snakes on a plane FTW !  )  |
donni1957_male ;wish you were
snakesonagirl ;oh don't start that junk
donni1957_male ;sorry
snakesonagirl ;yeah that slam
donni1957_male ;h had a girlfriend that was once (  turned out to be true )
snakesonagirl ;oh that's cool
donni1957_male ;where in florida ru
snakesonagirl ;lol i'm pretty close
donni1957_male ;to feet Myers
snakesonagirl ;|yeah (  Fort Myers for anyone who doesn't know is not a huge town ,  so I was surprised to get hit on someone from that area ,  especially someone as creepy as our pal Donnie here .  )  |
donni1957_male ;ok ,  you have horses
snakesonagirl ;lol no
donni1957_male ;ok ,  id go riding with you if you did
snakesonagirl ;cool
donni1957_male ;the nearest mal to you
snakesonagirl ;Edison
donni1957_male ;you are allowed out tonight (  Senor speedy !  )
snakesonagirl ;out what do you mean ?
donni1957_male ;wanna have a burger later
snakesonagirl ;i already had dinner
donni1957_male ;ok
snakesonagirl ;thanks for the offer though i'm just not hungry
donni1957_male ;ok ,  would meet you cause you're nice
snakesonagirl ;that's sweet i guess
donni1957_male ;|forget what others say about you u are really cute (  Groom my insecurities ,  Donnie !  )  |
snakesonagirl ;thanks i hate it when guys call me dork or geek
donni1957_male ;i was one of those back tr hen
snakesonagirl ;cool
donni1957_male ;so you don't think i'm weired talking to a yo
snakesonagirl ;no ,  do you think i'm weird ?
donni1957_male ;no ,  you are alone
snakesonagirl ;well then were even ,  yeah
donni1957_male ;when will parents be back
snakesonagirl ;monday
donni1957_male ;do you want to meet me
snakesonagirl ;i dunno what do you want to do ?  ,  are you a nice guy or are you a jerk ?
donni1957_male ;just talk
snakesonagirl ;lol were talking now
donni1957_male ;i mean in person
snakesonagirl ;why ?
donni1957_male ;you have nice legs ?  (  Legs don't talk
snakesonagirl ;i think so didn't you se them kinda on myspace ?
donni1957_male ;didn't go there yet ,  i won't do anything to you
snakesonagirl ;my pictures are on myspace
donni1957_male ;what's the id there ,  or link
snakesonagirl ;it's on my prof
donni1957_male ;checking now
snakesonagirl ;cool
donni1957_male ;you ever meet any one form net
snakesonagirl ;no not yet
donni1957_male ;i can be you're first if you want
snakesonagirl ;i dunno maybe what do you wanna do ?
donni1957_male ;whatever you want may be find a late movie
snakesonagirl ;i dunno i'm kinda already dr esd for staying in
donni1957_male ;i can come there you have dvds
snakesonagirl ;we got some dvds yeah i've seen them all already though
donni1957_male ;any naughty ones lol
snakesonagirl ;lol no we don't got those
donni1957_male ;you have any comedie movies
snakesonagirl ;yeah i've seen them all already
donni1957_male ;ok ,  what would you like to do
snakesonagirl ;i dunno weekend really ,  what do you want to do ?
donni1957_male ;you are looking for sex (  And Mr .  Greasy Shirt brings it up )
snakesonagirl ;lol i'm not scared of it
donni1957_male ;I want to meet you and fool around (  Truth and honesty ,  finally )  |
snakesonagirl ;it's just that if we're going to do stuff id like to know what know ?
donni1957_male ;i won't have intercourse with you may be kissing
snakesonagirl ;lol like that don't lead to stuff ,  did you leave ?  ,  oh hey ,  weird it looked like you were online and stuff
donni1957_male ;i got booted
snakesonagirl ;wow that sucks
donni1957_male ;you are up to meet tonight hun
snakesonagirl ;yeah it looked like you were online but then it said you came back online ,  may be i gotta trust you though ,  how do i know you're not a serial killer ?
donni1957_male ;well i have to trust you that you aren't a cop
snakesonagirl ;lol yeah i'm a girl cop with girl cuffs ,  so how do i know you're not a serial killer ?  ,  lol ig guess you are then ,  wb
donni1957_male ;i got booted ag in
snakesonagirl ;wow you got bad luck with that
donni1957_male ;you live in an apartment hun
snakesonagirl ;nah house
donni1957_male ;i can be there around if you want
snakesonagirl ;are you gonna stay over or what do you wanna do ?
donni1957_male ;i'll stay for a few hours ,  i won't do anything you don't want ok
snakesonagirl ;lol well i don't want you to be mean to me or a jerk or cause me pain but if you don't be mean or cause me pain i'm down for weekend
donni1957_male ;ok ,  you have a teddy
snakesonagirl ;i don't have any le ingerie
donni1957_male ;a robe
snakesonagirl ;lol i got my bathrobe
donni1957_male ;|ok what's you're address i'll get shower and come down (  Shows up in a grease stained shirt .  .  .  so he showered and then put that on ?  On no level ,  not even in creepy pedophile land ,  is that romance .  )  |
snakesonagirl ;you're not gonna hurt me right ?
donni1957_male ;no i don't want to go to jail
snakesonagirl ;i'm not go in a send you to jail ,  your sweet i like you
donni1957_male ;ty
snakesonagirl ;and you don't think i look like a geek
donni1957_male ;told you i think you're cute
snakesonagirl ;lol just cute ?
donni1957_male ;even hot
snakesonagirl ;oh even hot ?
donni1957_male ;yes
snakesonagirl ;i dunno most guys think i'm not hot ,  they're like oh breasts are too small blah blah
donni1957_male ;the year nuts
snakesonagirl ;i dunno i hear it all the time
donni1957_male ;would you let me suck them
snakesonagirl ;lol yeah of o curse ,  that d feel good i bet
donni1957_male ;well where can i come
snakesonagirl ;come ?  i don't wanna get pregs so you gotta have a condom
donni1957_male ;i have m but i am going slow
snakesonagirl ;i just like to know what to be ready for you know ?
donni1957_male ;if you are ready for sex i'll give it to you but i avenue erectile dysfunction won't get real hard (  Erectile dysfunction never sounded so just )
snakesonagirl ;that's okay
donni1957_male ;i want you to be real clean and i'll take care of you
snakesonagirl ;i will be clean for you
donni1957_male ;so what's hate address i'll get shower red
snakesonagirl ;lemme go make sure my neighbor a into being a snoop one second
donni1957_male ;ok
snakesonagirl ;yeah she's gone yay
donni1957_male ;cool
snakesonagirl ;* Removed Address * you know where that is or you need to mapquest ?  ,  what time you coming and what kinda car so i know what to look for ?
donni1957_male ;no how do i get there from mall ,  i have a red pick up around
snakesonagirl ;cool lemme write it out one second
donni1957_male ;ok
snakesonagirl ;i got it off the maps thing
donni1957_male ;ok
snakesonagirl ;* Removed directions * ,  * Removed directions * ,  did get that ?
donni1957_male ;i'll try to be the are around hun
snakesonagirl ;awesome don't stand me up see you then ,  if you want you can shower here lol
donni1957_male ;I want t o shower here and you meet me in you're robe with bra and panties (  Try as we might ,  we can't get Hansen to don a bra and panties .  )  |
snakesonagirl ;okay just go through the arches and then go to the back it's less open there
donni1957_male ;aRCHES ?
snakesonagirl ;lol not like mickey ds ,  there's a walkway that goes into an arch
donni1957_male ;LOL
snakesonagirl ;then you just turn right and there's my back door
donni1957_male ;ok ,  let me go see you then sara
