ID;msg
e_rectedmale ;hi
allieizhere ;hi ,  are you a bot ?
e_rectedmale ;how's thing .  no i not a bot
allieizhere ;good ,  things are boring
e_rectedmale ;yea i hate bots
allieizhere ;me to !
e_rectedmale ;yea i know what you mean about boring .  .  .  what you look like
allieizhere ;normal i guess ,  dark blond hair
e_rectedmale ;cool you tall ?
allieizhere ;not really
e_rectedmale ;|ok ,  you thin ?  |
allieizhere ;sort of
e_rectedmale ;cool you have a picture ?
allieizhere ;somewhere ,  i don't show many people
e_rectedmale ;hehe oh ok
allieizhere ;where you from ?
e_rectedmale ;new Mexico
allieizhere ;me too ,  album
e_rectedmale ;cool i in alb ,  north east
allieizhere ;i moved here from neb
e_rectedmale ;wow i bet it a change ,  how long you been here
allieizhere ;yes i don't like it ,  weeks
e_rectedmale ;wow not long at all \
allieizhere ;i'm not dissing your state or anything
e_rectedmale ;lol don't worry i would have soon lol
allieizhere ;lol
e_rectedmale ;it can be boring a and stuff ,  you have a boyfriend
allieizhere ;no ,  i did in neb
e_rectedmale ;that must have sucked to have to leave ,  you move out here with parents
allieizhere ;yeah ,  my mom
e_rectedmale ;i see
allieizhere ;what school you go to ?
e_rectedmale ;you won't be upset if i say i don't go to school
allieizhere ;no ,  how old are you ?
e_rectedmale ;cool i hope you don't say too old .  .  .  .  36
allieizhere ;oh !  ,  i thought you were my age
e_rectedmale ;is that ok .  .  .  the age
allieizhere ;lol
e_rectedmale ;how old are you
allieizhere ;yeah i guess
e_rectedmale ;cool ,  what kind of music you like
allieizhere ;different stuff
e_rectedmale ;yeah me too
allieizhere ;i like christina a gull ara ,  i don't know how to spell her name .  ,  lol ,  she's pretty
e_rectedmale ;that cool i listen to more rock like alter an tive and heavy but some pop ,  i bet your pretty too
allieizhere ;lol
e_rectedmale ;i bet you are i would like to see your picture still
allieizhere ;i might show you
e_rectedmale ;i hope so
allieizhere ;what do you look like ?
e_rectedmale ;i have kinda long curly brn hair ,  blue eyes ,  about '10''' ,  thin
allieizhere ;do you have a picture ?  ,  any kids ?
e_rectedmale ;no kids and i have an older picture other then ones like on side ,  you see a picture on the side
allieizhere ;yahoo booted me
e_rectedmale ;did you sign out or just in visa able ,  oh ok
allieizhere ;i see you !
e_rectedmale ;you see my face on the side ,  you see the picture there before
allieizhere ;no ,  what's that ?
e_rectedmale ;oh well you might not want to see it another picture of me
allieizhere ;lol ,  i'll look
e_rectedmale ;did you like it
allieizhere ;"um i guess ,  i member ras education ,  """" >"
e_rectedmale ;sorry are you in a little bit of shock lol
allieizhere ;lol
e_rectedmale ;you see pictures like that a lot
allieizhere ;no ,  your funny
e_rectedmale ;you ever see any in person
allieizhere ;"no ,  """" > ,  can you put your other picture back ?  ,  lol"
e_rectedmale ;oh i guess so
allieizhere ;haha
e_rectedmale ;you don't want to look at that other part of me
allieizhere ;i dunno
e_rectedmale ;what you think you did if you walked in and saw me like that
allieizhere ;i don't no !  ,  haha
e_rectedmale ;ok
allieizhere ;your teasing me
e_rectedmale ;no just wondering if you d like
allieizhere ;i might ,  i dunno
e_rectedmale ;i think you find i a nice with guy
allieizhere ;yeah your pretty nice
e_rectedmale ;hehe now you teasing me ?
allieizhere ;"no ,  i just don't no what to say ,  """" >"
e_rectedmale ;i hope you let me see your picture
allieizhere ;you won't laff ?
e_rectedmale ;no ,  i not that way at all ,  you have little breasts ?  or how big ?
allieizhere ;not very big
e_rectedmale ;not sure if a picture you send i could tell ,  i think smaller one are real nice
allieizhere ;yea sure
e_rectedmale ;you probably real a attractive ,  i do like small ones
allieizhere ;i dunno
e_rectedmale ;i don't hate big ,  but small are better
allieizhere ;you gonna let me see your face ?  lol
e_rectedmale ;i look awful right now
allieizhere ;nah
e_rectedmale ;id let you see and touch ,  i do look bad i so tired ,  i look dead lol
allieizhere ;no !  ,  haha
e_rectedmale ;let me see your picture
allieizhere ;i'll put my picture in my prof if you move your cam up
e_rectedmale ;put the picture in
allieizhere ;a deals a deal ,  haha
e_rectedmale ;i don't sere you picture
allieizhere ;i'm a snot
e_rectedmale ;i show you my picture it you turn .  .  .  please
allieizhere ;you promise ?
e_rectedmale ;ye let me see you
allieizhere ;oo okay ,  let me find it
e_rectedmale ;<ding> ,  oops ok
allieizhere ;i'm getting it
e_rectedmale ;cool ,  you don't think i ugly do you
allieizhere ;no ,  why you say that ?
e_rectedmale ;your pretty
allieizhere ;you see me ?
e_rectedmale ;i just wonder in what you think
allieizhere ;aww ty
e_rectedmale ;yes such a pretty face
allieizhere ;ok
e_rectedmale ;hold on i guess i move it too quick
allieizhere ;lol
e_rectedmale ;it a wire
allieizhere ;you cheeter !
e_rectedmale ;no i back
allieizhere ;do you have a girlfriend ?
e_rectedmale ;no i need ,  hehe a pretty girl like you
allieizhere ;>
e_rectedmale ;you are pretty
allieizhere ;not really
e_rectedmale ;sorry if i look awful
allieizhere ;you look nice
e_rectedmale ;thank i know i look tired
allieizhere ;i can't really see you
e_rectedmale ;id like you g here seeing up close if you wanted
allieizhere ;?
e_rectedmale ;i would like you you next to me seeing sll me
allieizhere ;oh ,  really ?
e_rectedmale ;maybe you let me rub and kiss your breasts
allieizhere ;haha
e_rectedmale ;yea really
allieizhere ;i've never done that be fore
e_rectedmale ;i understand we can go slow ,  i not ever have you do some thu in you don't want too
allieizhere ;you mean for real ?
e_rectedmale ;if you wanted and we could ,  maybe you rub my cock for me
allieizhere ;you like me that way ?
e_rectedmale ;do you like me that way ?
allieizhere ;"i don no ,  may be ,  """" >"
e_rectedmale ;you are cute id be happy to show you it and stuff
allieizhere ;i'm kinda shy i guess
e_rectedmale ;is your pussy hairy
allieizhere ;what ?  ?  ,  lol
e_rectedmale ;i understand you be shy too we go slow and comfortable at least id try hehe ,  you have a little hair down there ?
allieizhere ;yeah a little
e_rectedmale ;nice
allieizhere ;umm okay ,  hey !  what's your name ?
e_rectedmale ;id hope you let me kiss and hug you and may be slip your clothes off ,  ron
allieizhere ;i'm allie fairchild ,  may be
e_rectedmale ;hi allie
allieizhere ;haha ,  hi ron
e_rectedmale ;|youd look anyway at me if you were here huh ,  i would like seeing you naked| ,  you like my body ok too ,  ?
allieizhere ;i would i think ,  i do
e_rectedmale ;are you happy seeing me
allieizhere ;haha
e_rectedmale ;cool ,  i would like you here now
allieizhere ;i gtg soon ,  your sweet
e_rectedmale ;ok but you talk to me again right are
allieizhere ;yeah ,  i look for you okay ?
e_rectedmale ;it got bigger as you looked huh it cause you pretty ,  i don't mind you seeing if you enjoy
allieizhere ;i'm glad you think i'm pretty
e_rectedmale ;what part of town you in NE SE SW NW
allieizhere ;i'm sorta by my school ,  Cleveland
e_rectedmale ;i am glad you like me enough to look ,  ok
allieizhere ;your nice
e_rectedmale ;thanks ,  you seem real nice and sweet
allieizhere ;ima brat
e_rectedmale ;sorry you though i went away
allieizhere ;lol ,  i thought you did
e_rectedmale ;i did not get to say brb
allieizhere ;it's okay
e_rectedmale ;i would have not done that but you couldn't know
allieizhere ;i know now !
e_rectedmale ;yes
allieizhere ;do you work ?
e_rectedmale ;i been looking
allieizhere ;i see
e_rectedmale ;i need another but now no
allieizhere ;my mom works at albertsons and she hates it
e_rectedmale ;yes i hate many jobs i had ,  lol
allieizhere ;but i would like a job and money
e_rectedmale ;yea it good for money some thing just no fun fgor work ,  i am kinda smart so i can get a job ,  is that your only picture ?
allieizhere ;yeah your smart so you ll find something
e_rectedmale ;i done tech support
allieizhere ;i think on this puter it is
e_rectedmale ;it is what ?
allieizhere ;?  ,  oh ,  my picture
e_rectedmale ;oh ok sorry ,  i want to see more w of you
allieizhere ;i don't have a cam
e_rectedmale ;it cool ,  if you have any others picture id love it
allieizhere ;i don't even no any body here
e_rectedmale ;i love to just see you here and feel you
allieizhere ;my friend in neb took that one
e_rectedmale ;now you know me kinda hehe
allieizhere ;i do !  ,  yay !
e_rectedmale ;i hope you like that you know me better then some do
allieizhere ;i do like you ,  your nice to me
e_rectedmale ;thanks cool ,  i bet some guy can be asses
allieizhere ;you sure do think about sex alot though
e_rectedmale ;|mmm ,  |
allieizhere ;lol ,  you got that right !
e_rectedmale ;i would like you feel my cock and maybe some day letting it in you
allieizhere ;my be
e_rectedmale ;but i under sdts ndi of you wanted to wait
allieizhere ;i never done that though
e_rectedmale ;i be think of it though
allieizhere ;i'll think about it
e_rectedmale ;well there be other stuff till then ,  and a good friend too id hope
allieizhere ;i don't get it
e_rectedmale ;you could rub my cock before you decided to put it in you things like that
allieizhere ;i see
e_rectedmale ;we kiss hug talk too may be i like talking hehe
allieizhere ;"i like kissing ,  """" >"
e_rectedmale ;you could let me rub your pussy and make you feel good
allieizhere ;will you be on later ?
e_rectedmale ;i kiss you all up / dn your body ,  yes ,  i want to talk to you !
allieizhere ;me too !
e_rectedmale ;cool
allieizhere ;i'm glad i met you
e_rectedmale ;cool i am glad too ,  i look forward to know you more and for a while ?  ?  ?  ?  ,  i will be a friend and well i talk about how some people can be another time lol
allieizhere ;ok ,  ttyl
e_rectedmale ;ok bye for now
allieizhere ;: - * ,  bye !
e_rectedmale ;still thinking about talking to you and if you do come back on and i don't respond just keep iming me i wake up from the sound lol ,  i don't want to miss you if by chance you sign on ,  i am wanting to talk to you zlot !  !  !  !  !  ,  i still think and missing you ,  i will talk to you soon just wanted you to know i was thinking a lot of you ,  |i hope i do get to talk to you again ,  i know i want to| ,  hello
allieizhere ;hi !
e_rectedmale ;i was wanting you to sign on
allieizhere ;sorry i could not get on earlier
e_rectedmale ;i understand ,  but i was thinking a lot ,  i get excited thinking of you
allieizhere ;you did ?
e_rectedmale ;|yes and do ,  i hope we always friends to but i been thinking sexual hehe|
allieizhere ;>
e_rectedmale ;i could see me kissing your pretty lips
allieizhere ;awww ,  what you doing today ?
e_rectedmale ;|well i don't know ,  | ,  i am glad you didn't ignore me cause you thought i was a both e he
allieizhere ;lol ,  i hate bots
e_rectedmale ;what are you doing today
allieizhere ;i dunno ,  later i'm going to a girls house i think
e_rectedmale ;i would like to take a walk around your neighborhood see if i see you hehe
allieizhere ;gotta ask mom first and she not here
e_rectedmale ;i see ,  you want to my cam
allieizhere ;are you doing the same thing as yesterday ?
e_rectedmale ;that ok i was gonna do that for you .  .  .  cause you
allieizhere ;i see you are .  ,  lol ,  did i make you mad ?
e_rectedmale ;not sure why it went black
allieizhere ;oh
e_rectedmale ;i try to adjust it ,  mom cock was getting hard a lot thinking of you ,  my cock was
allieizhere ;for real ?
e_rectedmale ;yes
allieizhere ;i don no what to say
e_rectedmale ;i glad you talk to me
allieizhere ;me too !  ,  i like you ,  your nice
e_rectedmale ;and you are here close i like
allieizhere ;yeah
e_rectedmale ;other girls not talk if in albq if i find anyone lol
allieizhere ;how come ?
e_rectedmale ;id like to met you .  .  .  ,  i don't know
allieizhere ;my by
e_rectedmale ;they think i just a sick old man may be never get to know me
allieizhere ;that's not fare
e_rectedmale ;i want us to be friends even if no sexual thing went on ,  but i would like the sex stuff
allieizhere ;we are friends i thought
e_rectedmale ;we are
allieizhere ;but i never had sex
e_rectedmale ;i mean you know i really a friend
allieizhere ;yeah i know
e_rectedmale ;you could play with my cock though ?  ,  i would lick your pussy
allieizhere ;i might
e_rectedmale ;but we will have to work slow
allieizhere ;ik ,  ok
e_rectedmale ;but i thinking of it still
allieizhere ;that's ok
e_rectedmale ;i like you see my dick now ,  it the first one you see .  .  .  at least hard ?
allieizhere ;yeah
e_rectedmale ;i think i am a little bigger then most guys
allieizhere ;i like to see your face too ,  you know how big other guys are ?
e_rectedmale ;just some from picture movie what been told ,  girl like it
allieizhere ;i see
e_rectedmale ;you have other picture of you
allieizhere ;i guess i'll take your word for it ,  no i don't ,  i don't have a cam
e_rectedmale ;i should accident end tly drop one in the park lol
allieizhere ;yay !
e_rectedmale ;id love seeing you ,  is your mom pretty
allieizhere ;yeah she is ,  why ?
e_rectedmale ;just curious
allieizhere ;guys like her a lot
e_rectedmale ;i like you i guess that where you get it
allieizhere ;good !  i was getting jealous
e_rectedmale ;I would like taking care of you teaching ,  being with|
allieizhere ;your sweet ,  why don't you have a girlfriend ?
e_rectedmale ;but even if you didn't want to se my dick i still be friend ,  just timing of stuff not met any lately ,  id like if i had a girlfriend like one named Allie
allieizhere ;lol !
e_rectedmale ;she be my only girlfriend too
allieizhere ;your playing with me now ,  i'm very loyal
e_rectedmale ;if we were caring a lot for each other i would keep with you
allieizhere ;i don't like che eters
e_rectedmale ;i don't cheat or lie nut after a while i think you'll know that
allieizhere ;because your agent l men ,  i know
e_rectedmale ;well still it hard to tell ,  right off people would act that way to make you think it
allieizhere ;yeah
e_rectedmale ;but i like a girl like you
allieizhere ;yay !
e_rectedmale ;and when you then we could be together get and tell anyone hehe ,  it might take that long till you want me in you ?  ?  ?  who knows
allieizhere ;i'm shy but i like you ,  ok ?
e_rectedmale ;thanks i like you a lot
allieizhere ;you treat me like a per sn ,  person
e_rectedmale ;i wait for you so i could play with it you ,  you are a very cute person hehe
allieizhere ;i think you find a girlfriend though
e_rectedmale ;i wish i could see your body ,  i think you be my girlfriend
allieizhere ;sirius ?
e_rectedmale ;unless i too old or something
allieizhere ;i don't think so ,  so i'm your girlfriend ?
e_rectedmale ;i try to make e you happy ,  it almost seeming like it could be hehe you have to want to be my girlfriend
allieizhere ;i do !
e_rectedmale ;but i like you would like really knowing you
allieizhere ;you can buy me a cam !  ,  haha
e_rectedmale ;we should still talk a little more before you trust me too much hehe
allieizhere ;ok
e_rectedmale ;i probably have a have ass on still hehe ,  but yes ,  |id like if you were showing me ,  or you face looking at me ,  i wait as long as ico would then i rubbed my hard penis thing of you
allieizhere ;would you take me places ?
e_rectedmale ;see that's where we need to think up a plan or something to make it look good ,  hehe \
allieizhere ;?
e_rectedmale ;so if people see us then it don't look weird
allieizhere ;yeah
e_rectedmale ;because they not like us seeing each other
allieizhere ;i see what you mean
e_rectedmale ;that why i ask about you mom
allieizhere ;that's dum ,  oh
e_rectedmale ;if they think we doing sex they be upset
allieizhere ;i'm not gonna tell my mom !  are you nuts ?
e_rectedmale ;but i knew a girl and her mom was cool ,  i met her mom first ,  her daughter like me alot she knew| ,  and she was gonna let me watch here and another girl
allieizhere ;my mom is not that cool .  no way am i gonna tell her ,  sorry i'm just not
e_rectedmale ;but if i was a friend or someone happen to meet and then i can to fix computer ,  something like that
allieizhere ;oh i see what you mean
e_rectedmale ;then it look like i there for computer when i really there for you
allieizhere ;lol
e_rectedmale ;i don't want us in trouble and i would want to be with with you all i could
allieizhere ;my puter in stn broke though ,  isn't
e_rectedmale ;that just give us more time lol ,  we will work out something ,  right now i gonna really rub it for you hehe
allieizhere ;you'll think of something
e_rectedmale ;how big are your boobs like bra size ?
allieizhere ;i don't wanna say ,  i'm not big at all
e_rectedmale ;it ok i don't mind i know you shy ,  i like to see them and get to see them grow too
allieizhere ;i don't think there ever gonna
e_rectedmale ;but i know id be turned on by you with no boobs or hair
allieizhere ;really ?
e_rectedmale ;yes ,  i like little hair or none
allieizhere ;ty
e_rectedmale ;id like you not not make you feel to oem barres sed ,  i would take care of you
allieizhere ;i'm not to oem barres sed
e_rectedmale ;i was pretending i was see you naked and look at you picture ,  i like looking ,  i would like ,  i would hold you close
allieizhere ;brb phone ,  back !
e_rectedmale ;cool ,  hi
allieizhere ;hi
e_rectedmale ;i am happy i met you
allieizhere ;me too !  ,  i'm glad you like me
e_rectedmale ;i glad you like me and like my penis ?  hehe ,  you do like it ?
allieizhere ;yes ,  so tell me more about yourself ,  do you have a car ?
e_rectedmale ;i kind a good computers
allieizhere ;cool
e_rectedmale ;well i been using a truck lately
allieizhere ;trucks are ok
e_rectedmale ;riding a bike a lot lately
allieizhere ;i don't even have a bike
e_rectedmale ;i built this one from others
allieizhere ;you built a bike ?
e_rectedmale ;i get along with many people ,  well a frame her part here and there ,  i would try to teach you all types of things
allieizhere ;cool !
e_rectedmale ;so you know and be able to do anything you wanted ,  id talk to you about anything ,  you can ask anything
allieizhere ;id like that
e_rectedmale ;i dkk episode clothed if i had to hehe
allieizhere ;i don't think i've ever seen you clothed ,  lol ,  you like sex alot ?
e_rectedmale ;I like females and sex ,  yes my penis gets hard alot too i think more then most too lol| ,  id play with it if you just wanted to watch like now especially if i seeing you naked
allieizhere ;you have sex with lots of girls ?
e_rectedmale ;no ,  not with any girls either not since i was closer to that age ,  some girls seen my penis though
allieizhere ;i mean do you have sex alot ,  just asking
e_rectedmale ;hold on phone ,  i wasn't gonna lie
allieizhere ;?
e_rectedmale ;i let some girls see it but never wanted them to feel like they had to touch but they liked one wanted to touch but mom real cl oise asleep ,  i want you to see it up close
allieizhere ;stupid yahoo
e_rectedmale ;i know that reason why i love you seeing up close ,  id want you to enjoy being with me
allieizhere ;i think i would like that
e_rectedmale ;me too ,  baby i want you
allieizhere ;i don't know to take you serous or not lol
e_rectedmale ;i serious ,  i know it too soon but you'll know
allieizhere ;guys say stuff you know
e_rectedmale ;but i so hard thinking of you and it all ,  yea they say a lot
allieizhere ;yea
e_rectedmale ;i think of you watch me here all happy ,  and seeing you little brea a stand kissing gently your nipples ,  i want you to rub my cock and make feel good too ,  we be care so you no baby till you wanted
allieizhere ;you have condoms ?  ,  i don't
e_rectedmale ;we would ,  i do have a coupled now but that a ways away i think
allieizhere ;oh
e_rectedmale ;id love if you open your l legs and let me in ,  brb ,  damn phone
allieizhere ;yeah
e_rectedmale ;i guess you have to watch it grow now for you ,  i guessing what your body looks like
allieizhere ;i don't want to cybre okay ?  ,  don't be mad
e_rectedmale ;ok ,  i not ,  you still watch me ,  cause i want to play you
allieizhere ;i rather talk
e_rectedmale ;ok let m squirt it first ,  i do it quick
allieizhere ;you mean what you say about be in with me because i don't wanna be just a game
e_rectedmale ;i mean it we just take it little by lit le ,  but i had to do that .  .  .  well i want to hehe
allieizhere ;lol ,  ok
e_rectedmale ;what kind of thing you like to do
allieizhere ;i like shopping and movies ,  i rode horses sometime in neb ,  you ?
e_rectedmale ;cool ,  |i like hiking outdoor stuff ,  electronics|
allieizhere ;you look like you got muss les
e_rectedmale ;you your sweet i am pretty thing but i think kind a strong too ,  i know many guys have bigger muss les
allieizhere ;i like yours
e_rectedmale ;thanks .  i think i do too cause if i was all musscle and didn't stay in shape it be fat lol
allieizhere ;yuk !
e_rectedmale ;i been riding my bike a lot ,  i probably rode close to you house the other day lol
allieizhere ;wow !  ,  i didn't see you
e_rectedmale ;if you did you didn't know me anyway yet lol
allieizhere ;tats true
e_rectedmale ;yeah i don't want you to think i want information to be some we ri door something so i careful i not try to ask too much ,  there are so many assholes out there
allieizhere ;it's ok
e_rectedmale ;that be one think id help you be aware of so you can keep clear
allieizhere ;someday my be i give you my number ,  okay i'll be careful l
e_rectedmale ;yeah i sure some time we talk on tele ,  and then even guys you own age can be jerks ,  just try to get you naked hehe
allieizhere ;they are the biggest jerks of all
e_rectedmale ;i love you they say .  .  you have sex and he all sudden a jerk
allieizhere ;yeah ,  that happy need to my friend
e_rectedmale ;if i had sex with you i would try to make you enjoy it and want it some more hehe ,  you can ask me anything anytime ,  don't think it silly or be shy ,  if i can answer i tell you
allieizhere ;i won't ,  i just don't know what to ask
e_rectedmale ;|well anytime ,  you might have something and not know who to ask| ,  you already mentioned that you like i treat you like a person ,  you are and deserve to be treated good|
allieizhere ;ty
e_rectedmale ;plus sex feels so good when you love the person heheh
allieizhere ;yeah
e_rectedmale ;the girls i showed my thing to before wasn't something i planned it just evolved
allieizhere ;so it's not just me ?  ,  that's okay i guess
e_rectedmale ;i always like looking at females .  .  .  wish i would have seen more hehe ,  |noone else ,  just that was before|
allieizhere ;ok ,  i've just kissed a guy nothing else
e_rectedmale ;they never touch d or anything ,  id like to kiss you
allieizhere ;me to
e_rectedmale ;i think you'd like me with out thinking about kissing me and maybe that too would change into something
allieizhere ;i like kissing ,  i like you !
e_rectedmale ;i'll always be eager and want to but no reason to rush ,  you d find that i probably help you learn stuff with out it seem like work or boring ,  kids and adults often say stuff to me like that
allieizhere ;i wanna learn how to drive
e_rectedmale ;cause i teach them computer stuff the always think it beyond them to learn ,  |well i have to get another car sometime ,  my last one die when my old girlfriend was driving|
allieizhere ;aww
e_rectedmale ;never figured out how to fix it either took to a friend mech ,  then other stuff happened and i kinda just left it ,  i really not in a hurry to get one
allieizhere ;oh well
e_rectedmale ;i do and don't ,  that why i put together that bike ,  so i would ride it ,  bike don't have windows kids always break lol
allieizhere ;where do you ride it ?  ,  haha
e_rectedmale ;any where around town ,  id die trying to go up to the mountains
allieizhere ;yeah
e_rectedmale ;my friend does it cause he live up there
allieizhere ;brb
e_rectedmale ;but he been riding a lot for a few years ,  ok
allieizhere ;gah
e_rectedmale ;you ok
allieizhere ;phone again ,  yeah
e_rectedmale ;|ok ,  there a park by you house huh and one side has alot of office and montgomery|
allieizhere ;yeah
e_rectedmale ;I always take the back roads ,  i think i gonna go by the park when i can hehe| ,  just maybe by chance .  .  but i thought if i mention the chance could be better
allieizhere ;well see because my mom gonna be home soon ,  when are you going to be there ?
e_rectedmale ;i don't know ,  when you usually online
allieizhere ;after school sometimes and when my mom isn't here because she's always nosy
e_rectedmale ;i be too with a pretty daughter
allieizhere ;awww ty
e_rectedmale ;and horny older guys well not like me but kinda like me ,  but it like -12 noon the last days ,  i want to know when i get to talk to you
allieizhere ;i dunno really ,  my mom's off tomorrow
e_rectedmale ;but if you never log on in the mornings i wouldn't look ,  so most likely if your on you still got to be careful
allieizhere ;i will ,  gah
e_rectedmale ;you ever signon before school
allieizhere ;no ,  i never have time lol
e_rectedmale ;that's cool i understand ,  but if you did id try to make time hge he ,  can't say id be there always i just was trying to figure the better times to talk ,  if i hook up a mike i might try hitting that call button in yahoo ,  i won't say nothing weird or anything but if works you know it me
allieizhere ;would my mom know ?
e_rectedmale ;i even thought about if you believe in stuff like meeting in dreams ands stuff ,  i was thinking about that
allieizhere ;like when you sleep ?  yeah !
e_rectedmale ;i don't know what it do on your end that why i telling you and if anything it be easy to pass off as nothing
allieizhere ;i dunno ,  my mom is weird
e_rectedmale ;yeah i playing with my self thinking of you before sleep ,  i think it be ok but i thought i tell you ,  so you don't freak out
allieizhere ;i think it's nice
e_rectedmale ;i still have to hook up a mike ,  but id love it if you could leave me messages ,  or we talk ,  see you invisible to me too so i don't know if or ever you on
allieizhere ;oh i didn't no ,  there !
e_rectedmale ;it ok but never think i mad or something cause i don't say hi
allieizhere ;ok ,  i gtg soon
e_rectedmale ;you can always say hi ,  or ask ,  yeah i got stuff to do
allieizhere ;ok ,  ttyl ,  : - *
e_rectedmale ;maybe monday sometime you be online ?  ,  or tomorrow
allieizhere ;after school ,  if my mom isn't here
e_rectedmale ;i will be look for you
allieizhere ;i told you she don't like me being on here and doesn't know about it
e_rectedmale ;and you don't have to look at my cock if you don't want to hehe
allieizhere ;lol
e_rectedmale ;i understand
allieizhere ;i don't mind
e_rectedmale ;she really not like you seeing my dick
allieizhere ;oh hell no !
e_rectedmale ;she might like it though
allieizhere ;gah
e_rectedmale ;if you want to see it you can ask that to
allieizhere ;ok ,  my be someday i'll see it
e_rectedmale ;be care and stuff well talk again ,  you see it why
allieizhere ;bye
e_rectedmale ;if you want to ,  bye
allieizhere ;hi ,  you mad at me ?  i couldn't get on sooner ,  sorry ,  hi
e_rectedmale ;hi ,  how are you
allieizhere ;ok ,  i ditched
e_rectedmale ;did you why
allieizhere ;just didn't fell like going to school ,  feel
e_rectedmale ;i understand i used to do that too much ,  what grade are you in
allieizhere ;what you doing ?  ,  sorry i missed you
e_rectedmale ;|nothing much really ,  i understand that you couldn't be on|
allieizhere ;ty
e_rectedmale ;do you skip school often
allieizhere ;no
e_rectedmale ;so i guessing mom at work else you not be there lol
allieizhere ;lol ,  yeah ,  you busy ?
e_rectedmale ;no .  .  you want me to play with myself ?
allieizhere ;it up to you ,  we can talk
e_rectedmale ;i don't mind playing for you
allieizhere ;you don wanna talk ?
e_rectedmale ;|we can do that too ,  if you don't want to see me it ok|
allieizhere ;what you gonna do today ?
e_rectedmale ;just try to get rig sort stuff
allieizhere ;o
e_rectedmale ;wish you here my cock is nice stiff you
allieizhere ;yeah you say that
e_rectedmale ;you see it sdont you ,  it wasn't hard till i talked you
allieizhere ;i dunno yet ,  for real ?
e_rectedmale ;yes ,  i think of you naked ,  you don't mind seeing me rub it do you
allieizhere ;i don't mind
e_rectedmale ;i would love you rubbing it ,  i would love see in gunn naked
allieizhere ;you like to cyber i think ,  haha
e_rectedmale ;i like real life better ,  i like being with you ,  id would like \\
allieizhere ;tatto would be nice
e_rectedmale ;id like to make you feel good ,  make you feel like a woman
allieizhere ;you think of me like that ?
e_rectedmale ;is that ok ,  id kiss you all over
allieizhere ;i like that you think of me not as a little kid ,  because i'm not
e_rectedmale ;i looking at you pretty face thinking about all id love doing with you ,  your a young woman i think
allieizhere ;i know
e_rectedmale ;you not a baby hehe
allieizhere ;nope
e_rectedmale ;i know your young but i like that i like to do stuff with you
allieizhere ;my be
e_rectedmale ;i know you probably be nervous or not ready
allieizhere ;nervous a little
e_rectedmale ;my dick is so stiff for you though hehe ,  i thinking of your pussy i wish i could see it
allieizhere ;"may be ,  """" >"
e_rectedmale ;mmmm id really love it ,  i so hard wish you feeling it ,  i am gonna shoot it soon ,  real soon .  .  .  for you
allieizhere ;i'm gonna get my pizza rolls ,  brb ,  back
e_rectedmale ;cool
allieizhere ;i'm kinda hungry
e_rectedmale ;i about to squirt ,  well i did
allieizhere ;ok ,  these pizza rolls such
e_rectedmale ;|sorry ,  well that feels better hehe|
allieizhere ;not any thing else to eat ece ptc erial
e_rectedmale ;yeah i like to eat lol
allieizhere ;who don't ?
e_rectedmale ;lol well they are either gone or weigh just pounds
allieizhere ;i knew someone in neb that threw up after she ate ,  she thought she was fat
e_rectedmale ;yea that not good
allieizhere ;she was not ,  yeah it was sad
e_rectedmale ;no but that something they think and so the purge
allieizhere ;her mom was such a bitch
e_rectedmale ;really was her mom fat
allieizhere ;i think that z why she did that ,  no
e_rectedmale ;you ever smoke pot or drink or anything
allieizhere ;her mom was always bitching about her cloths and shit ,  i never smoked ,  i have drunk
e_rectedmale ;that cool .  .  .  and that sucks that girls mom bitched too much
allieizhere ;yeah ,  parents mess there kids up all the time
e_rectedmale ;yeah sometimes not .  .  .  but alot of times they don't know they are or they have some payback they think from what there parents did
allieizhere ;i dunno ,  i'm never going to be mean to my kids
e_rectedmale ;|good ,  but don't let them get away with everything|
allieizhere ;if you say so
e_rectedmale ;well i think spoiling can turn out just as bad ,  i know some brats lol
allieizhere ;no not spoil just not be mean ,  haha like me !
e_rectedmale ;no .  .  i don't think so anyway
allieizhere ;i'm not really a brat
e_rectedmale ;good ,  i been a little sad past few days don't know why
allieizhere ;i'm sorry ,  me too
e_rectedmale ;|thanks it ok ,  i just have alot to think about and do i think is why| ,  i sorry you been too
allieizhere ;why you sad ?  ,  ><
e_rectedmale ;i saw a friend i haven't seen in like or more years ,  |he said some nice things ,  it made me feel good| ,  |like i was a good friend ,  nice ,  caring about everyone|
allieizhere ;you are
e_rectedmale ;yea i am a nice person
allieizhere ;that good
e_rectedmale ;not out to hurt anyone or anything
allieizhere ;why did that make you sad ?
e_rectedmale ;well i think i just started thinking and thought too much lol
allieizhere ;i don't get it
e_rectedmale ;well i just think and remember or evaluate or what ever
allieizhere ;i see ,  you have pets ?
e_rectedmale ;yes ,  and that another thing i been thinking about cause my dog is old ,  and i will be so sad
allieizhere ;i know
e_rectedmale ;he has been a good friend and he is so caring and smart
allieizhere ;i love animls
e_rectedmale ;now i almost crying
allieizhere ;we left tiger in neb
e_rectedmale ;i like animals too
allieizhere ;my mom said we couldn't bring him and that z wrong
e_rectedmale ;yeah it is
allieizhere ;i miss him so much
e_rectedmale ;was he old
allieizhere ;now i'm crying
e_rectedmale ;sorry
allieizhere ;no he was not ,  there's no reason for that ,  maybe it's wrong but i hate her for that
e_rectedmale ;well i not sure her reason for it but it might have made sense .  .  .  don't know how but
allieizhere ;whatever
e_rectedmale ;I mean if there was a reason ,  but i remember help a girlfriend get her cats to go with her to fl| ,  had to rush to the vet for cert .  to fly and money ect
allieizhere ;if she wanted but she didn't like him anyways ,  so that's why
e_rectedmale ;i would have understood if he was old ,  because that one thing we were worried about ,  but it all worked out ,  she loved animals .  .  .  still does i imagine
allieizhere ;i do too ,  i want to be a vet
e_rectedmale ;|vet is good ,  i get kinda stuffy artound cats ,  but that hasn't kept them out of my life
allieizhere ;i'm glad you like animals ,  your a nice guy
e_rectedmale ;cats that usually don't approach people always come up to me ,  i will bird sit for my sister i had birds ,  but i gave them away and sold the others ,  i can't recall the ones i sold but there a breeding pair ,  and with my dog they couldn't get it on i guess
allieizhere ;birds are cool
e_rectedmale ;|thats why too i gave the other bird away ,  i wanted him to be happier|
allieizhere ;that a good reason ,  you have a sister ?
e_rectedmale ;and he was noisy lol .  real loud !  yea of them brother
allieizhere ;wow !  ,  i bet tats fun
e_rectedmale ;|they nice ,  and it has it fun and sometimes not| ,  but i lucky too that my family is pretty nice
allieizhere ;yeah
e_rectedmale ;and all difference or when we pissed off we don't let it be like never talking to you again
allieizhere ;that good
e_rectedmale ;and we do what we can for each other if needed ,  and i know that a lot of people don't have that ,  like having a sister that did mean things or to hgurt you or cost money or whatever ,  things you'd never think a brother or sister would do to their family ,  or a mom or dad ,  or you know
allieizhere ;yeah ,  i'm gonna go get something to eat
e_rectedmale ;ok
allieizhere ;ttyl ?
e_rectedmale ;bye
allieizhere ;is it ok if i talk to you again ?
e_rectedmale ;of course
allieizhere ;ok ,  i thought you mad
e_rectedmale ;no
allieizhere ;ok
e_rectedmale ;i don't get mad
allieizhere ;ever ?  ?
e_rectedmale ;and if something get me mad or hurt i'd tell you ,  no i get mad but it takes alot
allieizhere ;kk ,  bfn ,  hi
e_rectedmale ;hey
allieizhere ;hey ,  what you doing ?
e_rectedmale ;|well nothing now cept thinking of running too the gas station ,  i was fix my bike tire befor|
allieizhere ;o
e_rectedmale ;i ate something to lol
allieizhere ;haha ,  i went to
e_rectedmale ;cool
allieizhere ;just thought i say hi ,  i'm gonna find something to do so i'll see you later
e_rectedmale ;ok bye ,  hello
allieizhere ;hi !
e_rectedmale ;was just thinking of you
allieizhere ;awww
e_rectedmale ;well that not the only time but i mean just now before you signed on ,  how was your day
allieizhere ;your sweet ,  blah ,  urz ?
e_rectedmale ;|it wasn't bad ,  | ,  nothing exciting
allieizhere ;cool
e_rectedmale ;do you get a lot of homework
allieizhere ;yeah
e_rectedmale ;yeah that sucks what kind you get the most of
allieizhere ;i gotta res re arch what the pilgrims took with them on the mayflower ,  lame
e_rectedmale ;i should help you try to find something taboo or obscure or something lol
allieizhere ;an were doing graphs and plotting in a lg ,  haha
e_rectedmale ;I didn't like math homework ,  even though i ain't the worst in math|
allieizhere ;boo morning
e_rectedmale ;my english .  ain't nuttin be bad with it ,  i liked science
allieizhere ;its ok
e_rectedmale ;i still do lol
allieizhere ;i don like school
e_rectedmale ;I like to learn but i didn't like school alot ,  but i liked the girls there
allieizhere ;some of them are nice
e_rectedmale ;|girls were nice to me ,  i like to talk to i get in trouble for talking to them duriong movies and stuff .  .  | ,  rd i was a little more careful hehe ,  i always liked females
allieizhere ;i guess edt at ,  lol
e_rectedmale ;I still do ,  your very likable hehe|
allieizhere ;ty
e_rectedmale ;you welcome ,  i do like you
allieizhere ;i'm glad ,  i like you to
e_rectedmale ;and oneday id like to meet you ,  i won't pretend and tell you things unless i really meant them|
allieizhere ;i know you don't
e_rectedmale ;because a lot will tell you what you want to hear and not really care
allieizhere ;yeah ,  some people suck
e_rectedmale ;and i could see that temptation to get to know you ,  a lot of them do ,  and we all have or things others don't like or we did ,  but them .  .  .  that's all they ever have lol
allieizhere ;yeah
e_rectedmale ;I think if i met you id want to kiss you ,  and kiss you
allieizhere ;"id like that ,  """" >"
e_rectedmale ;i could rub my hand up and down your sides ,  and down over your hips ,  and back up to right under your breast
allieizhere ;see you cybring again ,  lol
e_rectedmale ;hehe ,  just what i think
allieizhere ;its ok ,  i like that you think of me that way
e_rectedmale ;it was starting to get me excited thinking when i type that he he
allieizhere ;you always excited ,  lol ,  can i ask you something ?
e_rectedmale ;|hehe yea ,  you don't think i weird| ,  ask me anything
allieizhere ;you really like me or you talk to girls like this alot ?  ,  just asking i won get mad
e_rectedmale ;I like you ,  i have talked alot ,  i just not talking ,  talked to many people all over but there never really a thought of meeting|
allieizhere ;i ask because i like you lots
e_rectedmale ;|if i knew you in person never talked to you ,  id probably be looking at you thinking what i was typing .  .  .  .  but you'd get scared if i was saying all that lol|
allieizhere ;if you don like me tatto way it ok but glad you do
e_rectedmale ;|cool ,  i hope you do like me for a long time ,  | ,  no i like you that way
allieizhere ;i like you ever ,  : - *
e_rectedmale ;but i just want to like you for sex .  .  .  i like when it mean more .  .  .  but if you just wanted to fuck me ,  ,  ,  ,  i'd not stop it hehe| ,  i not want to just like for ,  i like to have friends wnds ,  friends
allieizhere ;yeah
e_rectedmale ;|even girls i knew ,  we were friends still if broke up| ,  though i don't talk to any
allieizhere ;that z cool
e_rectedmale ;i wish i could see you in a bathing suit
allieizhere ;i got ,  i got ,  haha
e_rectedmale ;i want to see you put on both
allieizhere ;how i ware ?  ,  your funny
e_rectedmale ;|now i feeling stiff ,  i meant me watch you try one on then the other ,  maybe st one again|
allieizhere ;oh ,  i'm a dork
e_rectedmale ;no your not ,  it sounded like i wanted both on ,  id been clearer but i was think of you naked hehe
allieizhere ;i know !  lol ,  ha
e_rectedmale ;that the only picture you have ?  i wish i could see even if i could talk to you right then hehe
allieizhere ;i get some other soon
e_rectedmale ;i hope that we could look into each other eyes
allieizhere ;i already seen you naked so i beat you !
e_rectedmale ;someday
allieizhere ;haha
e_rectedmale ;beat me my baby i love you to do that to me lol
allieizhere ;your the only guy is een e kid an i'm not scared
e_rectedmale ;i think you be relaxed with me and you not think of being scared at all ,  well some yea ok
allieizhere ;my friend said it z scary an it not
e_rectedmale ;|it can cause it not known yet ,  and it also alot to do to with who and how they are|
allieizhere ;yeah
e_rectedmale ;some guys are mean and they don't care about your feelibngs .  .  .  that i think would make less ,  but to really make love then you d wonder why you can't always lol
allieizhere ;that z true
e_rectedmale ;i know i be nervous
allieizhere ;you would ?
e_rectedmale ;yes
allieizhere ;?
e_rectedmale ;well i be afraid that i do / say something and you not like
allieizhere ;i think that to !  ,  lol ,  may be you think i'm dum or something like that ,  i be nervus like that
e_rectedmale ;i bet if i see you in a store or something .  .  .  i don't know .  .  .  hehe
allieizhere ;?
e_rectedmale ;it depend on where if i ran into somewhere
allieizhere ;hey what if we did see each other ?
e_rectedmale ;id like it
allieizhere ;don talk to me if i with my mom !  ,  ok ?
e_rectedmale ;i know i wouldn't
allieizhere ;ok
e_rectedmale ;anything i said would be to both or her if there was ,  i be cautious cause i would not know for sure if you were around someone .  .  .
allieizhere ;yeah
e_rectedmale ;you d see me smiling and looking at you but i not just say hey you the girl online huh lol
allieizhere ;no oo
e_rectedmale ;is it just you and your mom .  .  .  that's ok you don't have to answer that that's nothing any needs to know ,  but she have a boyfriend either
allieizhere ;just us
e_rectedmale ;you haven't been here long have you was she here before
allieizhere ;she division or se my stepdad
e_rectedmale ;just recently
allieizhere ;yeah
e_rectedmale ;i just curious trying to think of .  .  well i know you can guess
allieizhere ;you wanna meet my mom ?
e_rectedmale ;|no just thinking ,  if i met her and somehow became a friend ,  | ,  she'd be inviting me over for dinner
allieizhere ;i don want you to meet my mom ,  you like her better
e_rectedmale ;then later i tell he to go out and party and i stay there with you hehe ,  nah ,  i wouldn't like your mom
allieizhere ;good
e_rectedmale ;and i don't think she really be fun to talk to ,  still pissed off at her x lol|
allieizhere ;yeah ,  she trying to get back with her boyfriend from before
e_rectedmale ;even if i liked her it not be more then you
allieizhere ;ok
e_rectedmale ;I wouldn't do that ,  you are the one i started talking to you and getting to know
allieizhere ;i don't want you to meet her i don't like tattoo
e_rectedmale ;i don't want to meet her either
allieizhere ;ok
e_rectedmale ;but if i had to id like her to think i was nice ,  like if we stayed together a long time ,  id have too meet her day ,  lol
allieizhere ;in a long time ,  then it don matter ,  i told you she can't no i'm chatting here
e_rectedmale ;yeah i know
allieizhere ;don't get me in trouble
e_rectedmale ;i not want her to know
allieizhere ;ok ?
e_rectedmale ;me too
allieizhere ;please
e_rectedmale ;i won't get you in trouble ,  i just thought of some girls who's daughters were nice .  .  .  \
allieizhere ;if you ever see her don't say nothing
e_rectedmale ;i don't want either of us in trouble ,  i don't know who she is what she look ,  i know how mothers are especially with their daughter .  .  .  lol
allieizhere ;yeah
e_rectedmale ;it wasn't even anything not normal and they act bitchy lol ,  not everyone like the at
allieizhere ;she za hip ocr it ana bitch
e_rectedmale ;that sucks
allieizhere ;i know
e_rectedmale ;we will have to wait till a good time that we can meet ,  and worry about if we meet again after that ,  hehe
allieizhere ;yeah ,  my be i ditch school some time
e_rectedmale ;if you really did want to meet ,  but if you didn't i figure you scared nervous or maybe something else|
allieizhere ;you can't ever come over though ,  ok ?
e_rectedmale ;well id be nervous to ,  but i be good we talk before cause even though id love to meet you know it be better after holidays or something
allieizhere ;yeah
e_rectedmale ;i was thinking of moving before ,  i not really sure what i do ,  i might move but late ,  later ,  i can plan nothing it always falls apart ,  can't
allieizhere ;where you going ?
e_rectedmale ;i thought of moving to settle ,  or something
allieizhere ;o
e_rectedmale ;id be happy on a remote island with you hehe
allieizhere ;me to !
e_rectedmale ;i might go somewhere
allieizhere ;i wanna leave so bad
e_rectedmale ;i liked Seattle
allieizhere ;don't go
e_rectedmale ;i won't not real quick ,  i thought about it and i do have friends and stuff here ,  i just not want to leave ,  but i will leave some time ,  but i want to stay and know you ,  i thought slot about that too ,  or if you met me and decided you not really like me ,  id still l liked to have met you pu
allieizhere ;why you say that ?
e_rectedmale ;because sometimes it that way
allieizhere ;i like you so much
e_rectedmale ;|your sweet ,  you might like someone you met tomorrow and not think of me ,  i like you like me ,  id like it if you got to love me
allieizhere ;really ?  ,  your leaving though
e_rectedmale ;and i wouldn't manipulate you to stay with me ,  id want you to cause you wanted| ,  |i don't have anything planned ,  just ideas|
allieizhere ;i want to stary with you ,  stay
e_rectedmale ;|thats a nice thought ,  i like that ,  and you saying that makes me excited for you ,  i got stiff ,  you got me stiff
allieizhere ;lol
e_rectedmale ;before it was just getting hard now it standing up
allieizhere ;you want meet for real or you just playing ?  ,  i ask because i really like you though you don't think so ,  where you go ?  ,  i guess i'm just dumb
e_rectedmale ;no your not dumb .  .  .  why you say that ,  my computer froze up ,  i didn't hear anything you may have saturday d after i said it was hard ,  i guess your gone now ,  sorry i will always say bye .  if i don't it cause i couldn't ,  i feel so bad cause you left and didn't say bye don't be mad at me please ,  hope to talk to you soon
allieizhere ;hi ,  i'm not mad i thought you blew me off ,  sa www y ,  your here !
e_rectedmale ;i am ,  how are you
allieizhere ;ok ,  you ?
e_rectedmale ;i ok i guess
allieizhere ;you guess ?  ,  what up ?
e_rectedmale ;|yea ,  i not the happieszt| ,  but i ok ,  bored lonely stressed i guess ,  maybe i will get an apartment near you that way you'd be able to come visit me .  .  .  (  evil grin )
allieizhere ;i would you no
e_rectedmale ;id like that ,  id want it to be close enough so you don't have a problem getting there ,  the thought of you visiting me is exciting
allieizhere ;for me too ,  i can't wait to meet you
e_rectedmale ;i want to meet you too ,  id like to make love to you if you let me
allieizhere ;id like that
e_rectedmale ;i all stiff now thinking of it
allieizhere ;i just wanna talk ,  ok ?
e_rectedmale ;ok ,  but i got to play with it hehe
allieizhere ;tats ok
e_rectedmale ;thinking of you
allieizhere ;awww ,  i thought you dump me the other night
e_rectedmale ;no i want you to be with me ,  id like you to feel me in you
allieizhere ;i want to be with you too
e_rectedmale ;i am sorry you thought i just left
allieizhere ;you make me happy ,  it's ok ,  i thought you just playing on here an left ,  sorry i thought that
e_rectedmale ;it nothing to worry about it ok
allieizhere ;ok
e_rectedmale ;i am little depressed today i don't know why
allieizhere ;what can i do to cheer you up ?
e_rectedmale ;your sweet .  .  .  i know a few things i'd like lol
allieizhere ;lol
e_rectedmale ;but i will be ok
allieizhere ;good
e_rectedmale ;i not a person who has a lot of money or anything
allieizhere ;were real poor ,  that z what mom says when i want to by something
e_rectedmale ;well i wouldn't be able to shower you with expensive things .  .  .  and it probably better that you don't all sudden have expensive stuff lol
allieizhere ;i don care about that stuff ,  is tatto why you worry ?
e_rectedmale ;that's cool ,  no but thought of it
allieizhere ;you think i a spoiled brat ,  haha
e_rectedmale ;no just want to tell you that i a into no one special
allieizhere ;you are to me
e_rectedmale ;that sweet
allieizhere ;an i not special at all
e_rectedmale ;you are sweet ,  you are special to me
allieizhere ;that make me fell good
e_rectedmale ;id like to make you feel real good
allieizhere ;you do
e_rectedmale ;i wonder if i really do ,  i think you will forget about me if you meet someone
allieizhere ;i think you forget me an meet someone
e_rectedmale ;no
allieizhere ;i guess no way to no sure
e_rectedmale ;well i not forget about you at all ,  i wish i had my shit better together ,  i woke up in the middle of the night upset
allieizhere ;what you mean ?
e_rectedmale ;everything .  .  .  long story ,  and i still have so much debt ,  oh well it only money .  .  their money lol
allieizhere ;yeah ,  i don't understand how that keep you from liking me though
e_rectedmale ;no it don't keep me from liking you .  .  .  just if things were different id be better off to meet you now
allieizhere ;i don't understand
e_rectedmale ;don't worry ,  i will explain more later \
allieizhere ;now i will worry
e_rectedmale ;lol ,  |no ,  just not the best time for me ,  things have been better| ,  |they ok ,  not great|
allieizhere ;for me ether
e_rectedmale ;i wish i could go somewhere and forget almost everything for a few
allieizhere ;me too
e_rectedmale ;i wish i was in bed with you ,  i smoke and drink too if you didn't know
allieizhere ;that's ok
e_rectedmale ;ok cool
allieizhere ;i don smoke
e_rectedmale ;good ,  i don't go to church lol
allieizhere ;we don't ether
e_rectedmale ;i have a lot of clutter .  .  .  now that's part of what getting me down ,  a lot of electronic clutter ,  bits and pieces ,  computer parts too
allieizhere ;why that get you down ?
e_rectedmale ;|too much to deal with ,  don't know what to do with it all| ,  trying to figure out what to keep what to ditch ,  i don't like too much to move around
allieizhere ;i see ,  that don't seem to bad
e_rectedmale ;it overwhelms me
allieizhere ;it z just stuff
e_rectedmale ;yeah
allieizhere ;sell it on ebay
e_rectedmale ;i was thinking of that \ ,  i have a friend too that said he d talk stuff or at least try to keep it if something i want to keep ,  take not talk
allieizhere ;you need a girlfriend to help you
e_rectedmale ;yeah i need a girlfriend for many reasons ,  i don't like being alone
allieizhere ;sorry
e_rectedmale ;|dont be ,  i like the company of a female ,  to talk to ect|
allieizhere ;i alone a lot too ,  it sucks
e_rectedmale ;when i alone that's when i start getting depressed more
allieizhere ;yeah
e_rectedmale ;|that why i like to have a girlfriend ,  not just know girls and sleep with them or something ,  i like a friend|
allieizhere ;right
e_rectedmale ;i don't just sleep with women
allieizhere ;i like to have fun with people
e_rectedmale ;i like to have fun too ,  i like people
allieizhere ;what you like to do ?
e_rectedmale ;I like to be out doors ,  talk ,  oilpaint ,  electronics| ,  sex drugs and rock lol
allieizhere ;lol ,  gtg ,  mom be home soon
e_rectedmale ;ok bye talk to you later
allieizhere ;bye ,  i always miss you
e_rectedmale ;hello
allieizhere ;your here !
e_rectedmale ;yes you here too
allieizhere ;for a little bit
e_rectedmale ;i hoping you sign on
allieizhere ;i miss you !
e_rectedmale ;i missed you too ,  hope it ok that i play for you ,  i think of you
allieizhere ;ok
e_rectedmale ;i get stiff you ,  i wish you rubbing my cock
allieizhere ;i don't believe you ,  lol
e_rectedmale ;it true ,  does it look big or not lol
allieizhere ;i guess i donno
e_rectedmale ;it got stiff when i got to talk you ,  i wanted to play with it for you ,  i said i wished you here earlier too
allieizhere ;yeah ,  what you do yesterday ?
e_rectedmale ;eat with family
allieizhere ;lots of turkey ?
e_rectedmale ;yes ,  i wish i could feel your pussy
allieizhere ;mom and me got in a fight
e_rectedmale ;sorry about what
allieizhere ;someday my be ,  usa ual stuff
e_rectedmale ;i get stiff when i lay here and start thinking of you
allieizhere ;>
e_rectedmale ;I hope you like seeing me rub it for you ,  you pretty girl
allieizhere ;i'm not pretty
e_rectedmale ;hush .  .  .  you are
allieizhere ;ok if you say so
e_rectedmale ;would you rub my cock if you here ,  you make me feel so good
allieizhere ;yeah ,  you make me feel good !
e_rectedmale ;id like you here right now
allieizhere ;me
e_rectedmale ;do you feel good when you see my hard dick
allieizhere ;yeah
e_rectedmale ;cool it all stiff i think of what you body looks like ,  and i get excited ,  you could get my cock hard all you want and play with it
allieizhere ;i would try
e_rectedmale ;i want you to have it all you want ,  i bet you nice hands on me would drive me crazy
allieizhere ;my be i donno
e_rectedmale ;i want you to try to rub it
allieizhere ;never done it ,  i can't i not there !  ,  lol
e_rectedmale ;i want you do feel my cock ,  i want it one day inside you
allieizhere ;i think i like that
e_rectedmale ;me
allieizhere ;how's your dog ?
e_rectedmale ;i am getting close to squirt for you babe ,  he ok ,  i the one that needs your attention now though hehe
allieizhere ;i go to go soon ,  mom be home
e_rectedmale ;ok i will squirt now you ,  it gonna shoot
allieizhere ;i think your using me
e_rectedmale ;that felt good ,  no ,  sorry you think that \
allieizhere ;ok
e_rectedmale ;i will try to be have better for now on
allieizhere ;nah it's ok
e_rectedmale ;ok ,  when your mom coming home
allieizhere ;i donno she went shopping early so soon i think
e_rectedmale ;oh i see
allieizhere ;no way was i gonna go
e_rectedmale ;|too early ,  or just mad|
allieizhere ;both
e_rectedmale ;i understand
allieizhere ;i want to run away yester dy
e_rectedmale ;|glad you didn't ,  i know there are time that you really want to .  ,  .  .  i mean it normal|
allieizhere ;yeah
e_rectedmale ;i guess mom's a daughter get into it pretty intensely ,  i could only i maine what all is argue education
allieizhere ;she don't think i do anything and i do everything !
e_rectedmale ;well i know how that goes
allieizhere ;nm
e_rectedmale ;i guessing your mom is a little stressed and stuff and that what causes more tension
allieizhere ;it zb or in you ,  why you always stick up her ?
e_rectedmale ;|no it not boring ,  just it hard to say the right thing ,  since i really don't know all that goes on| ,  because i don't think she could be that mean without something else helping ,  and i just try to show you the other side id stick up for you talking to her ,  it not really sticking up for either
allieizhere ;you don't no her ,  ok
e_rectedmale ;i was just saying if i was talking to her ,  but if i give you an idea of what or why she acts like some way maybe it will help you two to find a common ground
allieizhere ;yeah
e_rectedmale ;then again it might not do anything if she doesn't look at the whole thing .  .  .  .  it tough but i just don't want things to get real bad for no real good reason ,  and a lot of little things can make it get worse ,  if that makes any sense
allieizhere ;someday i tell you all about her an you not believe what a bitch she is
e_rectedmale ;i am afraid .  .  .  and i know there are some out there like that
allieizhere ;yeah
e_rectedmale ;and there are sometimes ways to deal with the bitchy ones ,  they still be a bitch but they might be easier to deal with| ,  i known some bitches
allieizhere ;me
e_rectedmale ;and it easy for me to turn into a jerk but it like that's what they want ,  so they can bitch more|
allieizhere ;i'm not a bit cj
e_rectedmale ;i not say you were
allieizhere ;don think that please
e_rectedmale ;i don't think it
allieizhere ;i not talk about my mom
e_rectedmale ;I don't think anything bad like you just talking or anything ,  i am just babbling lol|
allieizhere ;lol ,  i like you ,  : - *
e_rectedmale ;|thanks i like you ,  and thanks for putting up with me when i am up lol|
allieizhere ;lol
e_rectedmale ;i do think of you
allieizhere ;i think of you lots
e_rectedmale ;cool thanks ,  i better be careful you'll get me stiff again !  ,  hehe
allieizhere ;i wish i was old are ,  lol
e_rectedmale ;why ,  or me younger ?  ?  ?  lol
allieizhere ;so we could date silly !  ,  no i want be older
e_rectedmale ;i wish that we could at the ages we were
allieizhere ;yeah
e_rectedmale ;i wish you could see and feel my penis and then some ,  i wish i could see you somewhere so i could at least look
allieizhere ;maybe you will
e_rectedmale ;i like to hold you in my arms ,  i would really like to see you naked ,  you'll have to tell me what window you be undressing in front of so i can walk by lol
allieizhere ;haha
e_rectedmale ;it exciting thinking of seeing you if i did see you i be really excited
allieizhere ;yeah ,  g to go
e_rectedmale ;okay ,  talk to you later
allieizhere ;hi !
e_rectedmale ;good morning
allieizhere ;gm !
e_rectedmale ;have any cool dreams or dreams anyway
allieizhere ;i don't remember
e_rectedmale ;ok just thought id ask in case you did remember
allieizhere ;lol ,  what you doing today ?
e_rectedmale ;just what it seems like i been doing ,  fixing walls ect| ,  though my friend said he need my help but didn't tell me why ,  i had played earlier cause i was thinking about you
allieizhere ;i got a friend coming over later
e_rectedmale ;cool
allieizhere ;her brother take us shopping ,  yeah
e_rectedmale ;how much later is that gonna be
allieizhere ;after lunch
e_rectedmale ;oh cool ,  well you know if you wanted to see me you can always ask
allieizhere ;?
e_rectedmale ;if you wanted me to turn my cam on ,  i would like to see you !
allieizhere ;maybe i get a ccam xmas
e_rectedmale ;maybe you'd want try something and make me happy .  .  .  that be cool if you showed me if you got one
allieizhere ;haha ,  you like cyber
e_rectedmale ;well i like real life ,  but i am horny a lot lol
allieizhere ;i see
e_rectedmale ;and it harder to get a girl pregnant lol ,  i would show you cause you excite me !
allieizhere ;you cyber alot ?
e_rectedmale ;not a lot ,  but I have talked online for a long time ,  so if you looked at it that way then yea lol
allieizhere ;you talk to other girls or just me ?
e_rectedmale ;I just been talking to you lately ,  might bullshit with others| ,  but they are attractive like you
allieizhere ;it z not my buzz ness
e_rectedmale ;and some boring ,  others mean or snotty|
allieizhere ;i'm nosy
e_rectedmale ;and some i doubt they who they claim to be ,  it ok i think you not being nosey
allieizhere ;ok ,  you go Xmas shopping yet ?
e_rectedmale ;i had a girlfriend before and then one day a girl asked to see me when she on my computer ,  |no i haven't shopped ,  i don't like shopping| ,  but i thought my girlfriend would be mad ,  she was like poor girl she wants to see and girlfriend said she wanted to watch me play ,  |i thought that was cool .  .  .  strange ,  but cool|
allieizhere ;i no about that stuff
e_rectedmale ;I think many times girls like me ,  not just online .  .  .  |
allieizhere ;why wouldn't they ?
e_rectedmale ;that's sweet thanks
allieizhere ;i can't figure out why you like me ,  unless you just use me for cyber
e_rectedmale ;sometimes though it like they young or they really like me ,  no i not just use you
allieizhere ;yeah your cute
e_rectedmale ;I like if you like seeing me !  and i get excited ,  thanks for thinking i am cute to ,  |it just not my cock that makes you say i cute ,  or was that what you talking about HAHA|
allieizhere ;HAHA
e_rectedmale ;i was thinking this morning if you would like making me happy
allieizhere ;real or you mean cybre ?
e_rectedmale ;in real life i was thinking
allieizhere ;i think about it
e_rectedmale ;i already get happy online with you
allieizhere ;><
e_rectedmale ;i was thinking that you here .  .  .  i am starting to get excited again ,  i thinking if you lived in apartment with pool .  .  i move into one so you could go swim hehe
allieizhere ;hehe
e_rectedmale ;and then you could get out of your wet bathing suit and wait for it to dry with me hehe
allieizhere ;yeah
e_rectedmale ;i try to imagine what you look like total naked
allieizhere ;i look skinny
e_rectedmale ;that's good ,  better than fat ,  i am skinny
allieizhere ;i not gona lie and say i'm cute ,  your not !
e_rectedmale ;i think you d look good ,  i getting hard for you thinking of you
allieizhere ;that make me fell happy
e_rectedmale ;i want to make you feel real happy
allieizhere ;ok i let you ,  lol
e_rectedmale ;i be the type that really cares ,  not just expect sex or something and not worry about your needs on pleasures .  .
allieizhere ;i know
e_rectedmale ;i could kiss you all over your body !
allieizhere ;>
e_rectedmale ;do you ever play with yourself
allieizhere ;i not gona answer that !
e_rectedmale ;ok
allieizhere ;lol
e_rectedmale ;you just said yes lol
allieizhere ;you make me shy
e_rectedmale ;i sure you d be shy with me at first anyway ,  but i want you to like and trust me ,  and i wouldn't want you to do anything you didn't want to|
allieizhere ;i know
e_rectedmale ;i might ask repeat ly hehe
allieizhere ;i'm not scared
e_rectedmale ;but if you said no i'd wait till another time to ask
allieizhere ;ok
e_rectedmale ;do you want to feel my penis in you
allieizhere ;i think about that a lot
e_rectedmale ;would you suck on it ?
allieizhere ;yeah
e_rectedmale ;mmmm m
allieizhere ;i know about oral
e_rectedmale ;i was thinking about you sucking on me ,  you gonna have to soon hehe
allieizhere ;?
e_rectedmale ;i want to make you happy with my cock ,  i want you to be happy with it too ,  i want to make love to you
allieizhere ;really ?
e_rectedmale ;id like you to suck me and i like licking your pussy
allieizhere ;i'm so happy !
e_rectedmale ;i wish you could suck me now ,  and or in your pussy
allieizhere ;don't be mad ok ?
e_rectedmale ;ok
allieizhere ;it weird i never see your face ,  just say in
e_rectedmale ;better ,  ?  ,  is that why i be mad ,  you like seeing all of me
allieizhere ;yeah i do
e_rectedmale ;well i want you to see me ich away from you and closer
allieizhere ;me
e_rectedmale ;do you get wet when you think see me
allieizhere ;i'm not gonna answer that !  ,  lol
e_rectedmale ;my dick gets hard for you ,  i love to slide it in you hot wet pussy ,  i bet you have nice pink little nipples ,  i am bad huh making you bad ?  ?
allieizhere ;now you cybering again !  ,  lol
e_rectedmale ;well i like thinking of you ,  that why i playing
allieizhere ;i see
e_rectedmale ;i want you
allieizhere ;real or just cyber ?
e_rectedmale ;no i do ,  i want you to see me and touch me in person
allieizhere ;i want that ,  real i do
e_rectedmale ;mmmm m ,  suck and fuck my dick please ,  it big and throbbing for you
allieizhere ;brb phone ,  gah
e_rectedmale ;what
allieizhere ;it z my mom
e_rectedmale ;oh what she said or saying
allieizhere ;she thought she lost her phone so she call z it
e_rectedmale ;oh i see
allieizhere ;she just for got it ,  lame
e_rectedmale ;lol
allieizhere ;|8-|||
e_rectedmale ;so you really think of me sometimes
allieizhere ;i think of you all the time
e_rectedmale ;mmm sweet ,  it nice things like that that make me feel good .  .  .  and get hard for you ,  if a girl acted like she not care or like me then i don't get excited
allieizhere ;me neither
e_rectedmale ;i wish you could take a naked picture for me or close to naked hehe ,  id love if i could lick around your hard nipples
allieizhere ;i don't have a cam ,  i ask for a picture phone xmas
e_rectedmale ;i know but if you friend too a picture or something
allieizhere ;my friend take a picture of me naked ?  ?
e_rectedmale ;hehe just thinking of it ,  you don't know how much i want to see you
allieizhere ;me
e_rectedmale ;feel your warm boy dy next to mine
allieizhere ;maybe if you want
e_rectedmale ;yes baby girl please
allieizhere ;ok
e_rectedmale ;it nice and hard for just you
allieizhere ;when ?
e_rectedmale ;and you can have any time you want ,  id like you to suck it
allieizhere ;you keep say into at
e_rectedmale ;i gonna cum for you ,  might no be a lot since not long ago i did think of you ,  it feel good with anything you did
allieizhere ;your gonna be mad
e_rectedmale ;why
allieizhere ;you told me your name an i don't remember i try to remember all day yesterday an i afraid to ask because you might get mad
e_rectedmale ;|that ok ,  i not mad it happens to me and names .  .  .  Ron|
allieizhere ;oh yeah !  ,  ><
e_rectedmale ;i always have trouble remember name and i feel bad cause i will talk to them face to face ,  and just have to wait till someone calls or talks about them lol
allieizhere ;lol ,  my name is allie
e_rectedmale ;i remember faces ,  i know ,  cause it in you screenname ,  else i may have forgot
allieizhere ;haha ,  that my real name though
e_rectedmale ;but i would have try ied to write it down
allieizhere ;it z not a nice name
e_rectedmale ;so i wouldn't have to ask ,  but if i needed to i would ask
allieizhere ;ever one always ask what my real name is ,  like they think it z alison or something
e_rectedmale ;i was thinking about that this morning really i was wondering it allie was short for something
allieizhere ;haha ,  no that's my name
e_rectedmale ;i knew a girl her name was jenny people thought her name would be Jennifer
allieizhere ;yeah
e_rectedmale ;but just jenny and only a middle in tail no name ,  i had a boss his name was H .  Even ,  evan ,  we tried to figure what the h meant
allieizhere ;lol
e_rectedmale ;finally he told me and a friend the story ,  his parent thought he was heaven sent .  .  .  but they didn't want to burden him with a name like heaven ,  so they named him h even ,  ron is short for Ronald
allieizhere ;i wonder d
e_rectedmale ;it funny most females call me Ronnie
allieizhere ;aww that cute !
e_rectedmale ;like family and friends and people that i hardly know ,  just I say ron they say ronnie ,  of course I don't mind but a guy i might not like it as much lol
allieizhere ;lol ,  i go to go clean the house and get ready ,  but i rather talk you
e_rectedmale ;you are sweet ,  but i understand if you need to go ,  i wrote on walls with marker ,  and i tried paint over and it bleeds through lol ,  so don't write on wall with markers lol
allieizhere ;what you write ?  ,  lol
e_rectedmale ;phone numbers mostly ,  i haven't lost too many walls with numbers on them lol
allieizhere ;that's funny !  ,  maybe i talk you after school on monday
e_rectedmale ;ok cool
allieizhere ;bye
e_rectedmale ;bye
allieizhere ;hi !
e_rectedmale ;hi ,  how are you
allieizhere ;ok ,  you ?
e_rectedmale ;i am ok ,  |lonely ,  horney but ok lol|
allieizhere ;lol ,  i miss you
e_rectedmale ;you sweet sorry i haven't been on a lot last week
allieizhere ;me neither
e_rectedmale ;oh ok .  .  .
allieizhere ;i was her eyes tera dy ,  an didn't see you
e_rectedmale ;yesterday i was just tried and little grumpy lol
allieizhere ;grumpy ?
e_rectedmale ;yeah just in a bad mood
allieizhere ;aww aww
e_rectedmale ;but not for any real reason ,  i think bored mostly|
allieizhere ;haha that z like i was the last time we chatted ,  i'm in a good mood today
e_rectedmale ;|so what you do the past week ,  i am in a good mood too|
allieizhere ;i went xmas shopping ,  went to school
e_rectedmale ;cool
allieizhere ;spent friday with a friend
e_rectedmale ;so tell me again how big are your breasts
allieizhere ;lol
e_rectedmale ;oh a female friend ?  your age ?
allieizhere ;yeah
e_rectedmale ;i do want to know how small or big they are
allieizhere ;there small i told you that
e_rectedmale ;yeah i don't mind small at all ,  i just wanted to know how small
allieizhere ;stupid yahoo
e_rectedmale ;so when i thinking about you and i see a picture i can imagine that what you look like
allieizhere ;i got booted what did you say
e_rectedmale ;well before that last part i said i like small ,  i waited to say anything more to see if you sign back on
allieizhere ;ok ,  glad you like small because that z what i am
e_rectedmale ;are they real small .  .  .
allieizhere ;i got something but not much
e_rectedmale ;nice
allieizhere ;i thought guys like big boobs
e_rectedmale ;some guys do ,  i think small one are nice
allieizhere ;are you just saying that ?
e_rectedmale ;you have very little hair on your pussy ?  ,  no i not saying that ,  i think it nice when a girl starts growing and big boobs just sag
allieizhere ;yeah
e_rectedmale ;girls with big boobs either are or act dumb
allieizhere ;lol
e_rectedmale ;and complain about their backs
allieizhere ;i never thought of that
e_rectedmale ;smaller ones can get by sometimes with no bra ,  i don't hate big ones ,  i bet your pussy has not a lot of hair ,  i was looking at pictures earlier and was thinking what you look like
allieizhere ;no not a lot i guess ,  i dunno
e_rectedmale ;not a lot of hair is nice too
allieizhere ;what pictures ?
e_rectedmale ;pictures i have of girls
allieizhere ;oh
e_rectedmale ;thinking of you as i looked at them
allieizhere ;lol sure you were
e_rectedmale ;i was ,  really !  !  !
allieizhere ;haha
e_rectedmale ;i bet you look like her somewhat ,  you see it
allieizhere ;yeah
e_rectedmale ;i was thinking of you naked here with me
allieizhere ;i guess a little me be
e_rectedmale ;what different you boobs about the same size ?  smaller ?
allieizhere ;about like that
e_rectedmale ;nice
allieizhere ;you take that picture ?  ,  just be in nosy
e_rectedmale ;I would love it if you sucked my cock ,  and let me put it in your pussy ,  no i didn't take that of the girl
allieizhere ;is it weird i'm jealous ?
e_rectedmale ;|sorry don't be jealous ,  guys like to look at pictures ,  i wish i had a picture of your ,  naked ,  or you here too
allieizhere ;i don have naked pictures ,  there would be nice
e_rectedmale ;i want one though
allieizhere ;>
e_rectedmale ;i want to see and feel my hard dick ,  want you ,  to see
allieizhere ;you know i like you
e_rectedmale ;yea that gets me excited too ,  i would think you really liked if if you tried sucking on it for me ,  i unplug education my cam but i can look for it for you if you want
allieizhere ;id on wanna cyb re
e_rectedmale ;ok
allieizhere ;just talking is nice
e_rectedmale ;ok cool ,  my cock gets hard talking to you ,  i am bad huh ,  you think i weird cause i like a younger girl
allieizhere ;nah ,  no it makes me feel spec all
e_rectedmale ;cool ,  i ber you like me just because you seen my penis lol
allieizhere ;lol ,  i like you because your funny and nice
e_rectedmale ;|thanks ,  and you like the other part too huh lol|
allieizhere ;>
e_rectedmale ;i think your nice and sweet .  .  .  especially for dealing with me and stuff haha
allieizhere ;your silly
e_rectedmale ;i think sexual things with about you but i would be a good friend and a gentleman if you had me to
allieizhere ;i know ,  that z wy i like you
e_rectedmale ;|cool ,  i am hard now you know hehe| ,  thinking if you here ,  i rubbed it not long ago thinking of you but have to rub it again from talking to you now ,  i rub it right in front of you if you just wanted to watch
allieizhere ;like in person ?
e_rectedmale ;yes ,  i would like you to touch it but you wouldn't have to right away
allieizhere ;i would !
e_rectedmale ;id love you to ,  you could show me your nice little breasts too and id be real excited .  .  .  i would be excited anyway ,  but i love seeing you
allieizhere ;if you want you can ,  id like to see you too
e_rectedmale ;yes i want to ,  my cock so stiff you now
allieizhere ;can i call you sometime ?
e_rectedmale ;yeah but not this week cause there be painters
allieizhere ;ok
e_rectedmale ;things just a bit hectic ,  but i will have you call me soon
allieizhere ;ok ,  i'm going shopping later
e_rectedmale ;cool ,  where
allieizhere ;maybe i get you a present !
e_rectedmale ;hehe know you shouldn't worry about it
allieizhere ;ok but if i did what you want ?
e_rectedmale ;|anything ,  it be sweet that you did i wouldn't care what it was
allieizhere ;><
e_rectedmale ;what would you want
allieizhere ;a cam !  ,  a picture phone
e_rectedmale ;i see
allieizhere ;i'm not asking you to by me that
e_rectedmale ;i understand ,  it be one thing to have the ph another with service hehe
allieizhere ;but if you wanted to lol
e_rectedmale ;i think mom would question
allieizhere ;yeah ,  i ask her for that ,  she said well see
e_rectedmale ;you think she will get you it
allieizhere ;i dunno ,  id on think a cam but my be a phone
e_rectedmale ;that cool ,  many of them these days have a cam though
allieizhere ;you never no with her she's a flake ,  g to go
e_rectedmale ;oh talk to you some time
allieizhere ;hi ,  hi ,  home with nothing do and was hoping you were on ,  your an asshole ans a cheeter ,  hi ,  i'm sorry i thought you didn't like me anymore ,  don't be mad ,  hi
e_rectedmale ;I am really sorry i missed you ,  i probably wasn't gone more then minutes when i missed you ,  i had been waiting for you and waiting .  .  .  wanting to talk to you so much| ,  i am sad i missed you ,  |i hope you don't get upset with me again and call me names ,  i been thinking of you alot .  .  .  and i still will be thinking of you ALOT ,  i apologize if my offline messages are so long|
allieizhere ;i'm not mad i'm sorry i got mad .  i'm gay sometimes .  don't be mad .
e_rectedmale ;hope you sign on ,  well hope to talk to you soon ,  well i guess you didn't get a chance to sign on today .  .  i hope we talk soon .  .  i think right now i will have to pretend i am talking to you .  ,  hi
allieizhere ;hi
e_rectedmale ;i was thinking of you
allieizhere ;i can't stay on long because my mom just step education out for a little bit
e_rectedmale ;ok
allieizhere ;i think of you a lot !
e_rectedmale ;you so sweet
allieizhere ;your sweet
e_rectedmale ;your cute
allieizhere ;your cute ,  haha
e_rectedmale ;merry Xmas
allieizhere ;you ,  what you do for Xmas ?
e_rectedmale ;not much ,  thought of you
allieizhere ;awww ,  me
e_rectedmale ;your so sweet and pretty and i think i am really really getting to like you and not heard your voice yet ,  will you look at my cam ?
allieizhere ;i can't ,  no time i don think
e_rectedmale ;why not ,  quickly
allieizhere ;ok
e_rectedmale ;thanks ,  thanks baby
allieizhere ;why thanks ?
e_rectedmale ;i wanted you to get me feeling good ,  i get excited for you ,  i like to think of you while i play ,  i play for you
allieizhere ;ic
e_rectedmale ;is that ok
allieizhere ;yeah
e_rectedmale ;i was looking at your picture and messaged you ,  and you got on
allieizhere ;aww ,  i miss talking you
e_rectedmale ;and i hear the name Allie and always think of you
allieizhere ;: - *
e_rectedmale ;i want to hear your voice some time
allieizhere ;me
e_rectedmale ;you can call me some time
allieizhere ;ok
e_rectedmale ;but don't leave a message be best ,  i will answer if i here
allieizhere ;ok
e_rectedmale ;i don't get excited a lot without you
allieizhere ;really ?
e_rectedmale ;sometimes i do but still think of you ,  yea i think i am falling for you ,  i want you to be mine
allieizhere ;if you want i will be
e_rectedmale ;i wasn't getting excited till i saw you sign on
allieizhere ;i thought you mad at me
e_rectedmale ;no i sorry baby ,  you don't mind watching me do you
allieizhere ;don b ,  i was be in gay
e_rectedmale ;no you were not i understand ,  thanks for acting as if you care
allieizhere ;your so cute
e_rectedmale ;sorry i should have let you know i was still here not mad ,  cute as in good looking or cute like baby ?  ,  lol
allieizhere ;good looking ,  haha
e_rectedmale ;thanks i so happy that you get to make me feel good now
allieizhere ;gtg
e_rectedmale ;ok ,  thanks ,  love you ,  oh it * 82
allieizhere ;i try
e_rectedmale ;ok
allieizhere ;you gave me the wrong ,  it don work
e_rectedmale ;is what i gave you right ?
allieizhere ;it won let me call you ,  my mom gonna be home soon
e_rectedmale ;that weird you dial * 82 then -6372
allieizhere ;yeah
e_rectedmale ;what does it say
allieizhere ;user don take block calls !  ,  i toldx you that ,  what i do ?
e_rectedmale ;ok second
allieizhere ;why you tell me to call you ?  ,  you don wanna talk me ?
e_rectedmale ;i will turn off the blocking but i have to remember to enable it again ,  hold on though be back in a few
allieizhere ;i try more time
e_rectedmale ;now i disabled ,  but i hope you didn't try too quick i need you to wait a minutes
allieizhere ;you hung up on me !  ,  i not gonna call you back ,  you mean
e_rectedmale ;i didn't hang up ,  i thought you did i said hold on the ni finished my senet once to you and i heard it click
allieizhere ;i herd a click an you was gone
e_rectedmale ;i would have you call just to hang up on you ,  wouldn't ,  i may have just sounded like it hung up unless you heard a dial tone
allieizhere ;who were you talking ?
e_rectedmale ;the cord is messed up .  .  sometimes i won't say hello right away either
allieizhere ;then you hung up
e_rectedmale ;i didn't hang up .  .  .  but if i did it wasn't my intentions
allieizhere ;ok
e_rectedmale ;i was stretching the ph cord ,  you do have a pretty voice
allieizhere ;awwww ty ,  you nice
e_rectedmale ;thanks ,  i am stuffing my face with food .  .  .  i was hungry
allieizhere ;gtg mom home
e_rectedmale ;oh ok
allieizhere ;hi ,  i was hoping talk you since i'm outta school
e_rectedmale ;|hi ,  i am here now .  .  I tried instaling a program and it messed up my internet so i scanned for virus and restored settings to get here now ,  you should try to call me about am if you want to on wednesday (  tomorrow )  ,  i been having trouble still with online/yahoo and I just missed you online today ,  bye now
allieizhere ;sorry i missed you i went shopping
e_rectedmale ;it cool it really wasn't the best time for me anyway so you didn't really miss me
allieizhere ;i keep missing you !  ,  hi !
e_rectedmale ;hello
allieizhere ;><
e_rectedmale ;how are you
allieizhere ;ok ,  i go back school next week
e_rectedmale ;sounds fun ,  lol
allieizhere ;haha
e_rectedmale ;what you doing today
allieizhere ;nothing much ,  you ?
e_rectedmale ;i don't know probably nothing
allieizhere ;|8-|||
e_rectedmale ;just play with my self lol
allieizhere ;lol ,  your funny
e_rectedmale ;later i have to call a friend for my gas can back
allieizhere ;your gas can ?
e_rectedmale ;yea he borrowed it but i need it to start a truck
allieizhere ;i see
e_rectedmale ;either that ori will make him take this o the were friend home lol
allieizhere ;oh
e_rectedmale ;and i relax ,  thought you why left
allieizhere ;yahoo is act in stupid ,  i didn't go
e_rectedmale ;my yahoo is real bad
allieizhere ;they suck
e_rectedmale ;if i try to log on with a different name it will crash
allieizhere ;oh
e_rectedmale ;your mom at work ?
allieizhere ;yeah ,  so who is your friend ?  ,  <--- nosey
e_rectedmale ;just friend from forever
allieizhere ;oh
e_rectedmale ;i wish i had more pictures of you or something
allieizhere ;i wished i had a cam ,  : -< ,  really you should by me a cam ,  lol
e_rectedmale ;yea i should
allieizhere ;jk ,  you by me ?  ,  ok the ewwww l
e_rectedmale ;may be
allieizhere ;brb
e_rectedmale ;ok
allieizhere ;sorry had pee
e_rectedmale ;that ok ,  do you like my hard stiff dick
allieizhere ;yeah ,  i told you so before
e_rectedmale ;i know it just nice and hard for you
allieizhere ;um i'm not there ,  lol
e_rectedmale ;you should we need to get together
allieizhere ;yeah id like that
e_rectedmale ;would you undress me
allieizhere ;haha ,  if you want e
e_rectedmale ;if you wanted my cock i want you too
allieizhere ;real i do
e_rectedmale ;you can suck it or rub it ,  what time your mom work till
allieizhere ;i think
e_rectedmale ;i came felt goo
allieizhere ;so you gonna take your friend home ?
e_rectedmale ;that will this after noon ,  i do need a shower
allieizhere ;ok ,  ima take a bubble bath
e_rectedmale ;can i join you
allieizhere ;lol ,  i wished ,  you be on later ?
e_rectedmale ;yea
allieizhere ;are you mad ?  ,  ok ,  cu some time ,  hi
e_rectedmale ;|hello sorry i haven't been around or online ,  it was a few different reasons which none were pleasent| ,  |i thought you might have forgot about me or something ,  i am glad you didn't forget me| ,  |i been thinking of you alot i would like to hear from you ,  maybe you'd want to call me i don't mind when .  .  just want to make sure i am here and you can get thru| ,  hope to talk to you soon baby ,  i hope you sign on .  .  or call me cause i might fall asleep .  I wouldn't mind a call on anything from you at midnight or anytime ,  |i love you !  i really think i do I need to know more of you ,  I want so bad to speak with you
allieizhere ;i miss you
e_rectedmale ;I was in the shower or out side with my dog ,  sorry|
allieizhere ;hi !
e_rectedmale ;hello
allieizhere ;><
e_rectedmale ;how are you
allieizhere ;ok ,  you ?
e_rectedmale ;|not bad ,  could be better ,  like if you were with me !  |
allieizhere ;yeah ,  my mom went coffee so i can't stay long
e_rectedmale ;ok i understand ,  is there school tomorrow
allieizhere ;no
e_rectedmale ;just curious
allieizhere ;so what you been doing ?
e_rectedmale ;well different stuff and i was feeling good a few days too ,  wasn't ,  not was
allieizhere ;you sick ?
e_rectedmale ;friday i was bummed out and i went to the park and darnk a beer ,  i not sick now
allieizhere ;why bummed ?
e_rectedmale ;just upset about stuff so i went to the park close to your place hehe ,  where ever you live hehe
allieizhere ;you did ?
e_rectedmale ;yes i did ,  that stardust something park right
allieizhere ;i wished i would a known
e_rectedmale ;I wish too ,  |
allieizhere ;so what's wrong ?
e_rectedmale ;i was hoping by chance i would have seen you
allieizhere ;: - * ,  why are you sad ?
e_rectedmale ;i was just sad i am not so much now ,  do you live in an apartment
allieizhere ;no
e_rectedmale ;ok i just wondering because i wanted to run into hehe
allieizhere ;i see
e_rectedmale ;I would like to see you in person ,  even if we just talk a little
allieizhere ;yeah
e_rectedmale ;does your mom work tomorrow
allieizhere ;yeah
e_rectedmale ;I was worried that you stopped thinking of me ,  my computer was disconnected for a few days too|
allieizhere ;no ,  i think of you lots
e_rectedmale ;i think of you
allieizhere ;i thought you forgot me
e_rectedmale ;|no just either not home ,  sick ,  or disconnected|
allieizhere ;saw www y ,  howz your dog ?
e_rectedmale ;may be i can go to and have a beer in the park tomorrow
allieizhere ;hey my be
e_rectedmale ;he is ok i think he might have be getting a cold too his nose was dry
allieizhere ;i got a kitty !
e_rectedmale ;cool
allieizhere ;he's so cute !
e_rectedmale ;i bet you have a pretty kitty ,  oh i thinking about something else lol|
allieizhere ;i name him chester
e_rectedmale ;kitty's are cute
allieizhere ;haha ,  gray long hair ,  so sweet
e_rectedmale ;nice
allieizhere ;so when you be at the park ?  ,  j usa skin
e_rectedmale ;when should i be ,  noon ?
allieizhere ;like ?
e_rectedmale ;ok
allieizhere ;yay !
e_rectedmale ;i'll be hanging out by tennis courts i guess
allieizhere ;so what are we gonna do just talk in the park ?
e_rectedmale ;i so happy (  and excited )  that i got to talk to you today
allieizhere ;me to !
e_rectedmale ;well we will see what happen
allieizhere ;i'm excited ,  and happy !  ,  ok
e_rectedmale ;i think i ride my bike because the truck it bright orange and it attracts to much attention lol
allieizhere ;what if you don like me though ?
e_rectedmale ;what if you don't like me ,  i think i already like you a lot
allieizhere ;lol ,  i like you a lot ,  kinda nerve us but excited
e_rectedmale ;me too
allieizhere ;really ?
e_rectedmale ;yes
allieizhere ;that make me fell better
e_rectedmale ;but i want to met you so ooo much
allieizhere ;i'm so glad ,  g to go
e_rectedmale ;ok bye ,  |it will probably be cold tomorrow but i will still be there ,  but if you want to wait until tuesday that ok ,  hope you sign on i want to talk to you ,  not about anything in particular hehe|
allieizhere ;hi
e_rectedmale ;hi baby
allieizhere ;mom in the shower
e_rectedmale ;i was waiting to take a shower hoping you sign on
allieizhere ;she switch education with someone so she z not work in she want california movie
e_rectedmale ;ok ,  i am so much wanting to see you though ,  but today is cold too
allieizhere ;i can't go tomorrow but my be wed after lunch
e_rectedmale ;anytime baby ,  after lunch meaning you will leave school early ?
allieizhere ;i'm sad because i was so excited ,  yeah i can do that
e_rectedmale ;i was excited too but wed be good
allieizhere ;ok ,  g to go i try be on later ,  love you !
