ID;msg
edgesoccer22 ;what's up
Decoy ;bored you ?
edgesoccer22 ;same ,  you got pictures ?
Decoy ;ya asl please ?  \
edgesoccer22 ;/ m/mi
Decoy ;f miles
edgesoccer22 ;oh cool
Decoy ;i'm Decoy
edgesoccer22 ;you got pictures ?
Decoy ;ya do you ?
edgesoccer22 ;yah ,  your cute Decoy ,  wow
Decoy ;thanks
edgesoccer22 ;your only ?
Decoy ;ya ,  kewl your cute
edgesoccer22 ;i'm ,  do you mind
Decoy ;no do you mind i'm ?
edgesoccer22 ;no ,  would you have sex ?
Decoy ;i never did that before lol
edgesoccer22 ;do you wanna
Decoy ;maybe if i find someone i really like
edgesoccer22 ;what about giving head ?
Decoy ;lol i did that with my xbf
edgesoccer22 ;like it ?
Decoy ;ya it was ok
edgesoccer22 ;wanna do it again lol
Decoy ;lol i don't gotta boyfriend
edgesoccer22 ;i can be yours ,  how big was he
Decoy ;normal i guess ,  lol
edgesoccer22 ;guess the inches ,  like or ?
Decoy ;may be i didn't measure it lol
edgesoccer22 ;i want you to give me head
Decoy ;real ?
edgesoccer22 ;because your gorgeous Decoy ,  yeah ,  what city you in
Decoy ;i'm near Detroit where you at ?
edgesoccer22 ;GR
Decoy ;grand rapids ?
edgesoccer22 ;yeah ,  if i drove down there this week would you give me head ?
Decoy ;your gonna drive all the way here for that ?
edgesoccer22 ;yes ,  because you look worth it
Decoy ;lol ,  lol may be ,  you don't even know me though
edgesoccer22 ;do you have naked pictures sweetie
Decoy ;no sorry
edgesoccer22 ;oh
Decoy ;can i add you ?
edgesoccer22 ;hell yeah please do
Decoy ;kewl thanks
edgesoccer22 ;so seriously ,  can i finger you too
Decoy ;lol may be
edgesoccer22 ;would you mind sucking a year old dick
Decoy ;no age don't matter ,  your name josh ?
edgesoccer22 ;yeah
Decoy ;i'm Decoy i think i told you that though
edgesoccer22 ;Decoy ,  all i think about is sex ,  so you know
Decoy ;um ok i don't know a lot about that though
edgesoccer22 ;oh that's fine do you wanna learn ?
Decoy ;i'm curious
edgesoccer22 ;i can't teach you by example
Decoy ;lolz ,  does it hurt ?
edgesoccer22 ;first time yeah ,  after that its ecstasy
Decoy ;ya my friend jess told me it hurts the st time and then it's fun
edgesoccer22 ;my my dick is small enough that it won't hurt too bad
Decoy ;oh
edgesoccer22 ;that's the only time you want a small dick ,  when your new at it
Decoy ;ys that ?
edgesoccer22 ;because your too tight to take a big one ,  my friends cock is inches ,  so twice as big as mine
Decoy ;wow
edgesoccer22 ;yeah ,  i touched it once
Decoy ;your friends ?  ,  you like boys ?
edgesoccer22 ;yeah ,  kinda ,  is that ok ?
Decoy ;i guess
edgesoccer22 ;haha i'm jk
Decoy ;kewl ,  lol
edgesoccer22 ;i didn't touch it ,  but i saw it
Decoy ;lol
edgesoccer22 ;it's impressive ,  idk how a girl handles it ,  but i will do you soft and easy for now
Decoy ;ok
edgesoccer22 ;any more pictures abby ,  baby
Decoy ;ya brb though ok phone
edgesoccer22 ;ok ,  brb
Decoy ;ok back ,  you here> ?
edgesoccer22 ;here ,  you there / ,  .  .  .  ,  <ding>
Decoy ;hey sorry i'm here now you still here ?
edgesoccer22 ;yeah
Decoy ;kewl ,  lol
edgesoccer22 ;send the rest of your pictures ,  oh baby ,  your face would look so good sucking me ,  o omg ,  i need to jrk off
Decoy ;do you have any more pictures
edgesoccer22 ;only a nude
Decoy ;lol
edgesoccer22 ;here i will add it
Decoy ;lol ,  wow
edgesoccer22 ;wow what
Decoy ;looks kind a big me
edgesoccer22 ;it's not trust me
Decoy ;lol if you say so
edgesoccer22 ;would you let me fuck your ass
Decoy ;i heard that hurts a lot
edgesoccer22 ;depends on the guy ,  i want you Decoy
Decoy ;your serious ?
edgesoccer22 ;yah ,  dead serious ,  your fucking hot
Decoy ;wow thanks
edgesoccer22 ;and your pussy is tight because your a virgin
Decoy ;is that bad ?
edgesoccer22 ;no ,  not at all
Decoy ;ok
edgesoccer22 ;are you in high school
Decoy ;i go private school ,  have wear stupid uniforms
edgesoccer22 ;hahaha ,  wear that when we have sex
Decoy ;my uniform ?
edgesoccer22 ;yeah
Decoy ;why i hate it ?
edgesoccer22 ;it's sexy
Decoy ;eww no ,  it's ugly
edgesoccer22 ;hahaha ,  i wanna taste your pussy
Decoy ;i heard that's a lot of fun
edgesoccer22 ;for you yeah ,  i will make you cum all over the place ,  so how was it when you blew your boyfriend ?
Decoy ;was ok i guess
edgesoccer22 ;just once ?
Decoy ;i did that x for him
edgesoccer22 ;did he cum
Decoy ;ya
edgesoccer22 ;where
Decoy ;in my mouth
edgesoccer22 ;did it taste good
Decoy ;was ok kinda tasted a little funny
edgesoccer22 ;i wanna taste it
Decoy ;you wanna taste what ?
edgesoccer22 ;cum ,  i know it's weird ,  but like my own ,  just curious ,  you there
Decoy ;ya
edgesoccer22 ;ok
Decoy ;i'm just bored outta my mind
edgesoccer22 ;finger yourself
Decoy ;lame by yourself
edgesoccer22 ;haha
Decoy ;i been stuck here all weekend with nothing do
edgesoccer22 ;alone ?
Decoy ;ya
edgesoccer22 ;no parents ?  ,  where are they
Decoy ;my dad's in heaven mom's at my grams house til mo row
edgesoccer22 ;oh sorry to hear that sweetie ,  he would be proud of how gorgeous you are
Decoy ;thanks ,  he died when i was ,  it was a long time ago ,  my friend jess was on the phone wanted me over but i have no rides with mom gone
edgesoccer22 ;does she wanna give me head too ?
Decoy ;lol no she don't know about you ,  just wish i had something do night i'm bored outta my mind
edgesoccer22 ;if i lived in Detroit ,  i would take your virginity
Decoy ;lolz
edgesoccer22 ;take naked pictures baby
Decoy ;I'm not right in Detroit ,  how far is grand rapids ,  sorry i don't gotta digi
edgesoccer22 ;hours
Decoy ;your not that far
edgesoccer22 ;i know ,  your pussy is worth the drive
Decoy ;really ?
edgesoccer22 ;oh god yes
Decoy ;wow that would be kewl
edgesoccer22 ;you really want me to ?
Decoy ;why not
edgesoccer22 ;and i can fuck you the first time i see you
Decoy ;if you want and promise you won't hurt me bad
edgesoccer22 ;i won't hurt you
Decoy ;ok
edgesoccer22 ;can i take pictures ?
Decoy ;you won't show them anyone
edgesoccer22 ;help no
Decoy ;promise ?
edgesoccer22 ;ah ,  yeah
Decoy ;ok
edgesoccer22 ;you staying up late tonight ?
Decoy ;ya probably
edgesoccer22 ;how late
Decoy ;i dunno why ?
edgesoccer22 ;I have something to do until ,  but could i come over around am and fuck| ,  while mom is gone
Decoy ;that's way late
edgesoccer22 ;oh ,  does she leave a lot
Decoy ;sometimes
edgesoccer22 ;how often
Decoy ;depends ,  don't matter i'm allowed go out silly
edgesoccer22 ;no with a year old
Decoy ;lol like i would tell her that part
edgesoccer22 ;but how would it work ,  could you just walk out to my car without her seeing me ,  or what
Decoy ;ya or when she works ,  she works weird schedule all the time lol
edgesoccer22 ;i gotta go fuck ,  i will be back on later ,  shit shit hs it
Decoy ;what ?
edgesoccer22 ;hey ,  hey ,  hey ?  ,  when are you ever gonna be online ,  hey ,  Decoy
Decoy ;hi
edgesoccer22 ;how are you
Decoy ;watch doing ?
edgesoccer22 ;thinking of you
Decoy ;thinking what ?
edgesoccer22 ;sex ,  can you send your pictures again
Decoy ;lol ,  you hold on
edgesoccer22 ;your great ,  all of them ,  the more body the better ,  any in like a bra or bathing suit
Decoy ;no sorry don't have any like that
edgesoccer22 ;oh ok ,  so
Decoy ;do you have any more pictures ?
edgesoccer22 ;i got only sorry
Decoy ;oh
edgesoccer22 ;sorry sweetie
Decoy ;that sucks ,  you should get more ,  lol
edgesoccer22 ;you can take more me
Decoy ;i don't have a digital ,  my friend jess took my pictures
edgesoccer22 ;she's hot too ,  any of your friend been fucked ?
Decoy ;jess ,  she has a boyfriend
edgesoccer22 ;how much does she fuck him
Decoy ;lol i dunno
edgesoccer22 ;he got a big dick
Decoy ;um how would i know ?  ,  jeez
edgesoccer22 ;girls talk about that
Decoy ;well jess didn't
edgesoccer22 ;oh ok ,  what size is your bra
Decoy ;be
edgesoccer22 ;NICE ,  omg ,  Decoy
Decoy ;what ?
edgesoccer22 ;that's awesome ,  you got a myspace ?
Decoy ;ya ,  links on my prof ,  you got ?
edgesoccer22 ;yeah ,  hotel on i will send it
Decoy ;ok
edgesoccer22 ;inches
Decoy ;huh ?
edgesoccer22 ;my dick lol
Decoy ;oh lol
edgesoccer22 ;yeah ,  not too big
Decoy ;lol i dunno
edgesoccer22 ;what you wearing
Decoy ;pj bottoms and a long sleeve shirt it's cold
edgesoccer22 ;panties ?
Decoy ;ya ,  kewl
edgesoccer22 ;i wanna meet you for sex soon
Decoy ;sounds kewl
edgesoccer22 ;yeah ?  ,  will you be loud ?
Decoy ;i dunno i never did that i told you that lol
edgesoccer22 ;i know you haven't ,  i bet you will
Decoy ;lol
edgesoccer22 ;want it rough or soft ?
Decoy ;i dunno i don't want it hurt
edgesoccer22 ;soft then ,  my dick is too small to hurt you
Decoy ;oh
edgesoccer22 ;i wish it was bigger lol ,  but your lucky it's not
Decoy ;oh ok
edgesoccer22 ;so ask me stuff you wanna know
Decoy ;i dunno i feel dumb because i don't know much
edgesoccer22 ;it fine ,  might as well just ask ,  baby i will like you anyways
Decoy ;aww thanks i like you
edgesoccer22 ;so ask away
Decoy ;i dunno if i think of something i will though
edgesoccer22 ;i want you to try it up your ass too
Decoy ;i heard that hurts
edgesoccer22 ;not with my size
Decoy ;oh really ?
edgesoccer22 ;really ,  you have to relax your ass ,  and not tighten it
Decoy ;oh ,  you know way more about this stuff then i do
edgesoccer22 ;of course i do ,  the best feeling in the world for you ,  is to have your pussy eaten out
Decoy ;i heard that's fun
edgesoccer22 ;i love to do it ,  and i will to you ,  what else have you heard
Decoy ;that's probably all ,  jess told me all that stuff
edgesoccer22 ;does she like it ?  ,  sex
Decoy ;ya
edgesoccer22 ;good ,  would she wanna have sex with me too
Decoy ;doubt it she has a boyfriend
edgesoccer22 ;o ok ,  so can i call us o on sweetie
Decoy ;you can't call my house mom will flip
edgesoccer22 ;i know ,  you can call me though
Decoy ;ya ,  i have a calling card
edgesoccer22 ;do you wanna now ?
Decoy ;ya hold on lemme go find my card .  ,  brb
edgesoccer22 ;ok cool ,  find it
Decoy ;ya i got it what's your digits ?
edgesoccer22 ;-726-04XX ,  Decoy wait ,  did you start calling ?
Decoy ;how come you didn't answer ?
edgesoccer22 ;you didn't call me ,  you sure you did the right number
Decoy ;yes i did i got voice mail
edgesoccer22 ;hmmm ,  idk ,  hold on a second ,  idk what happened ,  it didn't ring
Decoy ;want me try again ?
edgesoccer22 ;yeah ,  -726-04XX
Decoy ;vm again
edgesoccer22 ;didn't even ring ?
Decoy ;no it went are it eur voicemail
edgesoccer22 ;hmm ,  i have it in my hand and it's not ringing
Decoy ;says you have reached and then your number
edgesoccer22 ;but i see your voicemail
Decoy ;i didn't leave a mess g ,  i just hung up
edgesoccer22 ;oh ,  maybe it's because of the card ,  idk why
Decoy ;oh
edgesoccer22 ;this sucks ,  when is mom gone again
Decoy ;ya ,  i dunno yet
edgesoccer22 ;make sure you tell me
Decoy ;i will ,  hey my mom's just getting home from work i gotta go look like i'm doing homework ,  you gonna be on later or tomorrow ?
edgesoccer22 ;morrow
Decoy ;ok ,  cya then
edgesoccer22 ;cyan
Decoy ;hi josh
edgesoccer22 ;hey
Decoy ;hey josh
edgesoccer22 ;hey ,  hey
Decoy ;hey josh you online ?
edgesoccer22 ;damn i always miss you
Decoy ;i know i keep missing you lol
edgesoccer22 ;suck ks ,  you there ,  !  !  !  !  !  !  !  !  !  !  !  !  !  !  !  !  !  !  ,  get on late soon
Decoy ;lol i'll try what time are you online ?
edgesoccer22 ;I am usually on around or ,  and then again around |
Decoy ;hey josh
edgesoccer22 ;finally lol
Decoy ;lol ,  watch doing ?
edgesoccer22 ;watching television
Decoy ;anything good ?
edgesoccer22 ;john way be movie ,  Wayne
Decoy ;oh
edgesoccer22 ;yeah it's old
Decoy ;sounds kinda boring really lol
edgesoccer22 ;your boring
Decoy ;i'm boring ?  ,  wtf
edgesoccer22 ;lol jk ,  so i can't stop thinking about you
Decoy ;really ?
edgesoccer22 ;yeah
Decoy ;cool
edgesoccer22 ;you gona be on all day ?
Decoy ;no i'm going over Jessica's house in a little while
edgesoccer22 ;when
Decoy ;hour
edgesoccer22 ;fuck ,  i'm leaving right now
Decoy ;awww ,  thought you were watching a movie
edgesoccer22 ;i am sorry ,  hey can you call me from her house ?
Decoy ;i can call you from my calling card but not from Jessica's
edgesoccer22 ;oh
Decoy ;you don't answer your phone when i call you
edgesoccer22 ;i told you it won't work ,  it honestly doesn't go threw ,  through lol
Decoy ;that's dumb ,  that really sucks
edgesoccer22 ;i know ,  i wanna fuck you
Decoy ;lolz
edgesoccer22 ;|well bye baby i will be back on later ,  if you can try to call from her house| ,  you got the number still ?
Decoy ;tell me again
edgesoccer22 ;-726-04XX
Decoy ;ok writing it down ,  hey josh ,  happy easter
edgesoccer22 ;hey
Decoy ;hey josh your never online lol ,  hey josh
edgesoccer22 ;hey
Decoy ;hey !
edgesoccer22 ;hey
Decoy ;whatcha doing ?
edgesoccer22 ;watching television ,  i miss you
Decoy ;aww i miss you
edgesoccer22 ;you been wanting dick ?
Decoy ;lolz ,  i kinda miss having a boyfriend
edgesoccer22 ;i wanna be yours but it would be hard with you there
Decoy ;what do you mean ?
edgesoccer22 ;and your ,  you live in Detroit
Decoy ;so ,  that's not far ,  oh i mean from me i'm not right in Detroit
edgesoccer22 ;where are you
Decoy ;belleville
edgesoccer22 ;where is that
Decoy ;like van buren area
edgesoccer22 ;i'm looking it up
Decoy ;ok
edgesoccer22 ;what you wearing
Decoy ;pj's lol
edgesoccer22 ;panties ?
Decoy ;ya
edgesoccer22 ;what kind and color
Decoy ;lite blue shorts
edgesoccer22 ;nice ,  finger yourself
Decoy ;no my mom might walk in jeez
edgesoccer22 ;damn ,  ok
Decoy ;did you find belleville ?
edgesoccer22 ;yeah it's far lol
Decoy ;oh
edgesoccer22 ;but will you fuck me alot ?
Decoy ;i guess if you still want
edgesoccer22 ;help yeah i do
Decoy ;cool
edgesoccer22 ;get new pictures for me
Decoy ;i dunno i get what s i showed you lol
edgesoccer22 ;a lot of them
Decoy ;those are my newest s don't know if you saw them yet or not
edgesoccer22 ;i have
Decoy ;ya i thought so
edgesoccer22 ;your gorgeous ,  so innocent lol
Decoy ;um thanks i think
edgesoccer22 ;i wanna fuck you hard
Decoy ;will it hurt ?
edgesoccer22 ;not really ,  i'm small
Decoy ;oh ok
edgesoccer22 ;can i do your ass too
Decoy ;ewww i heard that hurts a lot
edgesoccer22 ;ok nevermind then
Decoy ;ok
edgesoccer22 ;i want to see you naked
Decoy ;lolz
edgesoccer22 ;could i soon ?
Decoy ;ya i guess thought you said i was far
edgesoccer22 ;i would love to come there and take your virginity lol
Decoy ;sounds kewl
edgesoccer22 ;do you finger yourself a lot
Decoy ;not really it's kind a lame by yourself i think
edgesoccer22 ;oh ok ,  do you have a big or small ass
Decoy ;i'm not fat
edgesoccer22 ;no your ass ,  is it big ?
Decoy ;normal i guess ,  not big lol ,  i'm not fat
edgesoccer22 ;hha ok baby ,  yeah i can tell ,  send another full body picture
Decoy ;i don't think i have like that
edgesoccer22 ;not your ass ,  just where i can see your body
Decoy ;i don't think i have like that i'll show you the s i have ok ?
edgesoccer22 ;ok ,  so hot
Decoy ;aww thanks
edgesoccer22 ;yeah i wanna be your st
Decoy ;that sounds kewl
edgesoccer22 ;i know it does ,  hey i'm gonna go to bed ,  but try calling me again soon ok baby ?
Decoy ;ya ok ,  night josh
edgesoccer22 ;night baby
