ID;msg
ekoplaya20 ;where in nj hun ,  ?
13 year old girl ;i'm in nnj ,  you ?
ekoplaya20 ;like what town
13 year old girl ;well i never say til i know sume one better ,  what is your asl ?
ekoplaya20 ;m redbank nj
13 year old girl ;oh
ekoplaya20 ;uekoplaya20 (  03/01/07 : 21:29 PM )  :  ?
13 year old girl ;your prof says you are
ekoplaya20 ;hmm does it
13 year old girl ;b> i would rather you said the truth and i don't mind if you are older
ekoplaya20 ;oo yah
13 year old girl ;yah just don't like to be lied to
ekoplaya20 ;ok sorry
13 year old girl ;it's ok
ekoplaya20 ;so you got any more pictures of your cute self
13 year old girl ;did you look on myspace ?
ekoplaya20 ;no
13 year old girl ;theres some more there
ekoplaya20 ;look in sexy as the little devil
13 year old girl ;lol ty
ekoplaya20 ;you have a webcam ,  ?
13 year old girl ;no sorry i don't
ekoplaya20 ;so your parents know your on here
13 year old girl ;well my dad knows i chat
ekoplaya20 ;where are they now
13 year old girl ;my dad is in the living room and i don't have a mom
ekoplaya20 ;so what's the oldest guy you chatted with
13 year old girl ;well just talk to anyone that chats with with me
ekoplaya20 ;what you talk about
13 year old girl ;umm p rtty much anything
ekoplaya20 ;sexual things ?
13 year old girl ;well sometimes guys ask me about stuff
ekoplaya20 ;like what
13 year old girl ;sexual things
ekoplaya20 ;"like \"""" ?  ?"
13 year old girl ;i a into say in
ekoplaya20 ;why not
13 year old girl ;so are you ?
ekoplaya20 ;so why won't you say
13 year old girl ;cause i don't kiss and tell
ekoplaya20 ;are you a virgin
13 year old girl ;b> are you ?  or ?
ekoplaya20 ;does it matter
13 year old girl ;umm yah
ekoplaya20 ;why
13 year old girl ;|dang i hate guys that play stupid games ,  cya|
ekoplaya20 ;ok i'm
13 year old girl ;why do you have to play all those games ?  ,  i'm
ekoplaya20 ;what are you doing
13 year old girl ;just chatting
ekoplaya20 ;so you a virgin
13 year old girl ;yah ,  you ?
ekoplaya20 ;no ,  so have you done anything like that
13 year old girl ;like what ?
ekoplaya20 ;b> what sexual things have you done
13 year old girl ;well me and my old boyfriend did some oral stuff
ekoplaya20 ;like what
13 year old girl ;bj
ekoplaya20 ;you gacve hin a bj ?
13 year old girl ;yep
ekoplaya20 ;did you like it
13 year old girl ;yah it was cool
ekoplaya20 ;did he cum
13 year old girl ;yep
ekoplaya20 ;where
13 year old girl ;mouth
ekoplaya20 ;you like that
13 year old girl ;yah it was ok
ekoplaya20 ;how it taste
13 year old girl ;slimy
ekoplaya20 ;you masturbate ?
13 year old girl ;nah it's not my thing
ekoplaya20 ;you know what it is
13 year old girl ;yeah lol
ekoplaya20 ;what is it
13 year old girl ;yep there you go again ,  i am not stupid
ekoplaya20 ;you have any really sexy pictures of yourself ?
13 year old girl ;all i got is the ones on myspace prof
ekoplaya20 ;you wanna talk on the phone
13 year old girl ;lets chat here for now california uz my dad's home
ekoplaya20 ;so what about q hen she's not
13 year old girl ;that would be cool
ekoplaya20 ;b> you have a cell ?
13 year old girl ;no
ekoplaya20 ;so you can't call me now ?
13 year old girl ;no sorry
ekoplaya20 ;you like to talk dirty ?
13 year old girl ;no i don't like phone sex i don't like cyber either ,  it's stupid and fake ,  geez guess you showed what you were o after
ekoplaya20 ;huh
13 year old girl ;you quit talking as soon as is aid i didn't like c byer or phone sex
ekoplaya20 ;i left the room i'm back now
13 year old girl ;ahh
ekoplaya20 ;so what else have you done
13 year old girl ;just the oral stuff
ekoplaya20 ;so you never trued masturbating ?
13 year old girl ;i tried it
ekoplaya20 ;when
13 year old girl ;a few months ago
ekoplaya20 ;what did you do
13 year old girl ;um touch myself
ekoplaya20 ;why didn't you like it
13 year old girl ;it felt weird doing it myself
ekoplaya20 ;you just gotta a keep rubbing it till it feels good
13 year old girl ;yah it felt icky to be do in it to myself my old boyfriend used to do it
ekoplaya20 ;well if you kept doing it it would start to feel good
13 year old girl ;maybe but i would rather just wait
ekoplaya20 ;so you home alone yet ,  who's on ?  ,  hi
13 year old girl ;hiya ,  how's it going ?
ekoplaya20 ;you home a lone ?  ?
13 year old girl ;my dad is home
ekoplaya20 ;what uwe asr in ,  wearing
13 year old girl ;i got on jeans and a long sleeve shirt
ekoplaya20 ;so have you played with yourself yet
13 year old girl ;no
ekoplaya20 ;why
13 year old girl ;why do i need to do that ?
ekoplaya20 ;I'll like it
13 year old girl ;nah i tried it and id didn't like it
ekoplaya20 ;when did you try
13 year old girl ;a few months ago
ekoplaya20 ;well try it again
13 year old girl ;i don't like it ,  y play with yourself ?  i would rather wait til i had a boyfriend
ekoplaya20 ;yes i do it all the time
13 year old girl ;well guys do that stuff more then girls
ekoplaya20 ;i dunno ,  can i be your boyfriend
13 year old girl ;well how would we do that ?
ekoplaya20 ;online and phone boyfriend
13 year old girl ;nah that's fake
ekoplaya20 ;where you live again
13 year old girl ;i want a boyfriend that is real ,  i'm down the shore
ekoplaya20 ;where ?
13 year old girl ;i'm not that far from Newark like an hr away
ekoplaya20 ;what town you in
13 year old girl ;i don't say til i know someone
ekoplaya20 ;you close to brick ?
13 year old girl ;umm i guess
ekoplaya20 ;you guess ?
13 year old girl ;yah lol
ekoplaya20 ;what town
13 year old girl ;i told you i ain't saying ,  when i get to know you more i will tell you
ekoplaya20 ;well we might actually live close
13 year old girl ;oh yeah ?  ,  where do you live ?
ekoplaya20 ;Lakewood
13 year old girl ;ok let me look it up brb ,  omg we are close
ekoplaya20 ;where are you
13 year old girl ;i'm about minutes for you ,  from you
ekoplaya20 ;nice
13 year old girl ;wow
ekoplaya20 ;where are you
13 year old girl ;i told you i'm afraid to say til i know someone more ,  i'm dood
ekoplaya20 ;oo cmon i told you
13 year old girl ;i get left alone lots ,  i don't know you at all you might be a killer or something ,  just know you ain't far from me at all
ekoplaya20 ;if i know what town you live in doesn't mean i know where you live
13 year old girl ;well still
ekoplaya20 ;so wanna be my girlfriend
13 year old girl ;i just wanna get to know you some more ,  but i think it would be cool if you quit asking my town !  !  lol
ekoplaya20 ;what you wan an know
13 year old girl ;well think it would just be cool to chat for a while ,  is that ok ?
ekoplaya20 ;ok
13 year old girl ;cool
ekoplaya20 ;ask questions
13 year old girl ;let do questions ok ?  ,  i will go first ,  do you got bros or sister ?
ekoplaya20 ;nope
13 year old girl ;me either ,  your turn ,  hello ?
ekoplaya20 ;you ask your then i'll ask
13 year old girl ;you ain't no fun
ekoplaya20 ;ok what you like to do
13 year old girl ;i like movies music ha ing with my friends softball shopping ,  do you have a cool car ?
ekoplaya20 ;it's ok
13 year old girl ;do you have a cool car ?  ?  ,  what kind ?
ekoplaya20 ;a gallant
13 year old girl ;sorry didn't mean to repeat myself lol ,  hmm haven't seen that ,  your turn
ekoplaya20 ;so what sur sex ties t outfit
13 year old girl ;well i got a really cute skirt and i wear a belly shirt with it ,  have you had lots of girlfriends ?
ekoplaya20 ;like
13 year old girl ;your turn
ekoplaya20 ;you have a cell
13 year old girl ;no i broke mine and my dad won't get me a new one until the contract is up in april
ekoplaya20 ;when are you home alone
13 year old girl ;well my dad works days but he sometimes goes out to show houses at night and sometimes stays all night with his girlfriend
ekoplaya20 ;he home now ?
13 year old girl ;yep
ekoplaya20 ;so you can't call me
13 year old girl ;not right now ,  why do you wanna talk on the phone ?
ekoplaya20 ;yah
13 year old girl ;how come ?
ekoplaya20 ;so ic an hear you
13 year old girl ;ok
ekoplaya20 ;you can't be on the phone when he's home ?
13 year old girl ;yah i can but he will know by hearing me ,  i am talking to a guy ,  then he will ask questions
ekoplaya20 ;tell him i'm a friend from school
13 year old girl ;well maybe ,  what is your number ?
ekoplaya20 ;you gunan call me ?
13 year old girl ;how long will you be home ?
ekoplaya20 ;you gunan call me now ?
13 year old girl ;i'm gonna see what he is doing
ekoplaya20 ;ok go check
13 year old girl ;ok he's on it
ekoplaya20 ;he's on the phone ?
13 year old girl ;yup ,  do you live by yourself ?
ekoplaya20 ;no
13 year old girl ;is it your cell i will be calling ?
ekoplaya20 ;yah
13 year old girl ;ok
ekoplaya20 ;you gunna be home alone tonight ?
13 year old girl ;idk ,  he may or may not be here
ekoplaya20 ;you don't have a webcam do you
13 year old girl ;no ,  do you ?
ekoplaya20 ;yah
13 year old girl ;cool
ekoplaya20 ;b> jerkin off right now
13 year old girl ;how come ?
ekoplaya20 ;looking at that devil picture of you
13 year old girl ;lol ,  cool
ekoplaya20 ;you take any new pictures ?
13 year old girl ;no ,  ?  ?  ?  ?  ?  ?
ekoplaya20 ;you wanna see it ?  (  talking about his wink )
13 year old girl ;sure ,  |wow (  i hate this part ,  you always have to comment on it )  |
ekoplaya20 ;wow ?
13 year old girl ;big
ekoplaya20 ;you like
13 year old girl ;yah !
ekoplaya20 ;what would you do
13 year old girl ;what do you wanna do ?
ekoplaya20 ;you tell them
13 year old girl ;imia int got that much experience e ience ,  lol
ekoplaya20 ;well what do you think
13 year old girl ;what ever you wanted me to
ekoplaya20 ;what you doing over there
13 year old girl ;watch in you
ekoplaya20 ;that's all ?
13 year old girl ;yah
ekoplaya20 ;what you wearing
13 year old girl ;i got on jeans and a shirt
ekoplaya20 ;not getting horny ?
13 year old girl ;i don't get worked up on the puter ,  but it's cool to see you
ekoplaya20 ;talk dirty
13 year old girl ;i gtg i told you i don't cyber ,  cya
ekoplaya20 ;your gon ,  go in ,  hey
13 year old girl ;hi yta
ekoplaya20 ;why you leave me before
13 year old girl ;cause you was trying to get me to say stuff i didn't wanna and i just got tried of saying no
ekoplaya20 ;oo i'm sorry
13 year old girl ;it's ok ,  i just didn't know what to do so i left
ekoplaya20 ;you home alone ?
13 year old girl ;no my dad is here
ekoplaya20 ;he sleeping ?
13 year old girl ;not y het ,  do you work ?
ekoplaya20 ;yah i just got home
13 year old girl ;so what time are you usually on during the day ?
ekoplaya20 ;well morrow i'll be on for a little before
13 year old girl ;crap ,  i got school ,  you usually get home at this time ?
ekoplaya20 ;morrow i'll be homwe at but i'll only be home for like minutes
13 year old girl ;ok ,  well maybe i can call one day this week ,  you gone ?
ekoplaya20 ;no i'm here ,  can't call now ?  ?
13 year old girl ;nah ,  sorry
ekoplaya20 ;what about when he s sleep in
13 year old girl ;i'm getting off here in like minutes i got school tomorrow
ekoplaya20 ;ok goodnight
13 year old girl ;tty tomorrow i hope
ekoplaya20 ;biored before work ,  i'm bored ,  hi ,  helo
13 year old girl ;what are you up to ?  ,  you didn't get my reply ?
ekoplaya20 ;nope
13 year old girl ;sorry i said hi back
ekoplaya20 ;oo ,  what's up
13 year old girl ;nm how about you ?
ekoplaya20 ;nad qa just got home
13 year old girl ;just got home from work ?
ekoplaya20 ;yah
13 year old girl ;cool ,  glad it wasn't me hehe ,  |i mean from working ,  i'm only kidding you !  !  |
ekoplaya20 ;so you home alone tonight ?
13 year old girl ;no my dad is here
ekoplaya20 ;oo damn so you can't call me again
13 year old girl ;sorry ,  you there ?
ekoplaya20 ;yah
13 year old girl ;i will sneak the phone but i can't stay on for a long time ok ?
ekoplaya20 ;ok
13 year old girl ;so what is your number ?
ekoplaya20 ;-448-4564
13 year old girl ;ok give me a few ok ?
ekoplaya20 ;ok
13 year old girl ;hey what is your first name ?
ekoplaya20 ;you there
13 year old girl ;yah what's your first name
ekoplaya20 ;i'll answer ,  you thee
13 year old girl ;getting ready ,  i gotta phone card so it will be a minutes
ekoplaya20 ;what do you need a phone card for ?
13 year old girl ;cause i have an aunt that i talk to the lives in ohio ,  ok hiding into hate br brb
ekoplaya20 ;?  ?
13 year old girl ;hey your number don't work
ekoplaya20 ;what number you dial in
13 year old girl ;-448-4564
ekoplaya20 ;what mean it's not work in
13 year old girl ;i tried call in twice ,  it keeps saying invalid number ,  trying one more time
ekoplaya20 ;try -270-5768 ,  hello ,  you there ,  hello
13 year old girl ;it keeps saying it's invalid
ekoplaya20 ;why do you have a phone card ?
13 year old girl ;i told you cause my aunt lives in ohio and i talk to her sometimes ,  she sent me a card so i could call her when i need to talk to some one
ekoplaya20 ;well you don't need a phone card to call me
13 year old girl ;well i don't want it to show up on my the bill
ekoplaya20 ;it will just show up as a local cal
13 year old girl ;are you sure ?
ekoplaya20 ;yes ,  hello
13 year old girl ;ok lemme see where dad is and i will call again ,  calling
ekoplaya20 ;what number ?
13 year old girl ;the one
ekoplaya20 ;ok
13 year old girl ;ok going to hide in br
ekoplaya20 ;?  ?  /  ,  ?  /
13 year old girl ;i'm back
ekoplaya20 ;was he coming
13 year old girl ;yah
ekoplaya20 ;well sound cute
13 year old girl ;aww ty ,  you sounded way cool ,  thought you left
ekoplaya20 ;so what town you in
13 year old girl ;told you ai ant saying til i know you ,  you still here ?
ekoplaya20 ;ya
13 year old girl ;sorry it was such a hassle to try to get you called ,  i always worry my dad will catch me
ekoplaya20 ;hi
13 year old girl ;hi
ekoplaya20 ;so when you gunna be home alone
13 year old girl ;its hard to tell but my dad is going to a conference thing at the end of the month and his girlfriend is going too
ekoplaya20 ;ok and where will you be
13 year old girl ;i will be here
ekoplaya20 ;what would you wanna do
13 year old girl ;idk
ekoplaya20 ;think
13 year old girl ;what do you wanna do ?
ekoplaya20 ;you tell me
13 year old girl ;wtf ?  i'm ,  you are the guy
ekoplaya20 ;well what have you done
13 year old girl ;well i have done some stuff ,  i thought we talked about it
ekoplaya20 ;i dunno
13 year old girl ;well idk either ,  lol i have done some stuff
ekoplaya20 ;like what
13 year old girl ;kissing and stuff
ekoplaya20 ;stuff
13 year old girl ;touching and stuff ,  what all have you done ?
ekoplaya20 ;everything
13 year old girl ;cool
ekoplaya20 ;you give head ?
13 year old girl ;yah
ekoplaya20 ;have you been fn gered
13 year old girl ;yeah
ekoplaya20 ;did you like it
13 year old girl ;yeah it was cool
ekoplaya20 ;did you moan
13 year old girl ;well i wasn't too noisy lol i was a little bit embarassed
ekoplaya20 ;why
13 year old girl ;well i didn't know how to act and didn't want him to laugh at me
ekoplaya20 ;so you gave him head
13 year old girl ;yep
ekoplaya20 ;so maybe we could do that
13 year old girl ;yah ,  that would probably be ok
ekoplaya20 ;you take any new pictures ?
13 year old girl ;no sorry
ekoplaya20 ;you should get a webcam
13 year old girl ;i would if my dad would lemme
ekoplaya20 ;do you have bucks
13 year old girl ;ya
ekoplaya20 ;so go out and get it
13 year old girl ;lol ,  i don't wanna get caught
ekoplaya20 ;hey if he goes to bed early call the -448-4564 nuymber
13 year old girl ;ok ,  ok ?
ekoplaya20 ;ok
13 year old girl ;is that your cell ?
ekoplaya20 ;so what would you do if you had a webcam
13 year old girl ;idk ,  would be hard to know for sure
ekoplaya20 ;what do you think
13 year old girl ;probably just talk on it
ekoplaya20 ;you wouldn't do anything
13 year old girl ;well probably not ,  some one could put it on the net then i would be in deep crap
ekoplaya20 ;well i wouldn't
13 year old girl ;well idk i don't even know you very much yet
ekoplaya20 ;i go to go call that number later
13 year old girl ;ok ,  bye
ekoplaya20 ;bored ,  bored and horny ,  hi ,  hi
13 year old girl ;how's it going ?
ekoplaya20 ;what's up
13 year old girl ;same old stuff ,  how about you ?
ekoplaya20 ;home alone ?
13 year old girl ;no lol
ekoplaya20 ;who's on ,  hi
13 year old girl ;how are you ?
ekoplaya20 ;ok where you been
13 year old girl ;just been busy
ekoplaya20 ;with ?
13 year old girl ;friends and school and stuff
ekoplaya20 ;when you gun an be home alone
13 year old girl ;idk why ?
ekoplaya20 ;soon ?
13 year old girl ;well my dad is going at the end of the month
ekoplaya20 ;so we gun an be able to hang out
13 year old girl ;yah if you wanna i would like that
ekoplaya20 ;you home alonen ow ?
13 year old girl ;no my dad is here
ekoplaya20 ;he sleeping ?  /
13 year old girl ;not yet
ekoplaya20 ;you take any new pictures ?
13 year old girl ;umm no
ekoplaya20 ;oo ,  what uw earring
13 year old girl ;my jammer z
ekoplaya20 ;which are
13 year old girl ;sleep pants and a it
ekoplaya20 ;do anything with any gus y lately
13 year old girl ;no ,  what have you been doing ?
ekoplaya20 ;not much
13 year old girl ;brb
ekoplaya20 ;i'm bored d
13 year old girl ;ok back
ekoplaya20 ;where you go
13 year old girl ;i'm starving ,  so i got something to eat
ekoplaya20 ;can you call me ?  /
13 year old girl ;i can't tonight ,  its hard for me to call and stuff ,  my dad is usually around and i got school alld ay ,  it will be easier in the summer
ekoplaya20 ;whs why that
13 year old girl ;california uz my dad is usually here and in summer he will be work in ,  and i will e home
ekoplaya20 ;so what you wanna do with me
13 year old girl ;well we talked about a lot of stuff
ekoplaya20 ;ok ?  ?
13 year old girl ;well we can do that stuff if you wanna
ekoplaya20 ;what stuff
13 year old girl ;jeez you don't remember ?
ekoplaya20 ;of pr gtp
13 year old girl ;what ?
ekoplaya20 ;i forgot
13 year old girl ;well then i guess it a into worth talking about then
ekoplaya20 ;was it play with me
13 year old girl ;forget it ,  ttyl
ekoplaya20 ;where you going
13 year old girl ;god
ekoplaya20 ;bored ,  hey ,  any1on ?  ?  ?  ,  hey baby
13 year old girl ;hi
ekoplaya20 ;what's up
13 year old girl ;nm ,  how about you ?
ekoplaya20 ;nothing i'm horny
13 year old girl ;hmm
ekoplaya20 ;hmmm ,  you there
13 year old girl ;yup
ekoplaya20 ;what you doing
13 year old girl ;just chatting
ekoplaya20 ;home alone ?
13 year old girl ;no dad is here
ekoplaya20 ;so you said he is gunna be gone at the end of the month
13 year old girl ;yep
ekoplaya20 ;what day you know ?
13 year old girl ;he is leaving on the thy
ekoplaya20 ;ok till when
13 year old girl ;well is on a thursday and he is gone until sunday
ekoplaya20 ;so i'm gunan come over ?
13 year old girl ;well if you still want to
ekoplaya20 ;yah i don't know what town you even live in yet
13 year old girl ;i will tell you ,  when it gets closer
ekoplaya20 ;you live in brick ?
13 year old girl ;i'm not say in yet but i'm close
ekoplaya20 ;can you sneak in some where and call me
13 year old girl ;it's a pain trying to talk on the phone when he s home
ekoplaya20 ;please will you
13 year old girl ;i can't
ekoplaya20 ;what you wear in
13 year old girl ;i have on jeans and a sweatshirt
ekoplaya20 ;what you gun an wear when i cum over
13 year old girl ;what kinda clothes do you like ?
ekoplaya20 ;something sexy
13 year old girl ;do you like jeans or skirts ?
ekoplaya20 ;skirts
13 year old girl ;ok ,  i will wear a skirt then
ekoplaya20 ;b> and you want my dick in you
13 year old girl ;well yah if you are easy first time
ekoplaya20 ;huh ?
13 year old girl ;first time we do it
ekoplaya20 ;what you mean
13 year old girl ;i'm a virgin i just don't want it to hurt first time
ekoplaya20 ;it's going to i'm thick
13 year old girl ;well can you just be easy first time ?
ekoplaya20 ;easy when i put it in ?
13 year old girl ;yep ,  and can you bring condoms ?
ekoplaya20 ;ok
13 year old girl ;ok ,  do you wanna drink and stuff ?  ,  where did you go ?
ekoplaya20 ;hey ,  i'm fucking bored
13 year old girl ;so go out
ekoplaya20 ;oo your online ?  ?
13 year old girl ;yep
ekoplaya20 ;on invisible ?
13 year old girl ;yah
ekoplaya20 ;why
13 year old girl ;idk
ekoplaya20 ;dad home
13 year old girl ;i didn't even are lly realize it
ekoplaya20 ;you home alone ?
13 year old girl ;no
ekoplaya20 ;damn don't he go out
13 year old girl ;yah ,  but he does live here
ekoplaya20 ;so can't call me ?
13 year old girl ;no ,  so you ain't gonna talk to me now ?
ekoplaya20 ;i am ,  what you wanna taal ok about it
13 year old girl ;we can talk online ,  i hope you can make it at the end of the month
ekoplaya20 ;you said uw anted to drink ?
13 year old girl ;yah if you do
ekoplaya20 ;you sure your
13 year old girl ;why would you ask that ?
ekoplaya20 ;your drinking and having sex
13 year old girl ;so ?  ,  you never did anything when you was my age ?
ekoplaya20 ;i dunno p ,  i forget
13 year old girl ;i mean i can't buy it myself or anything ,  and heck if it bugs you we don't have to
ekoplaya20 ;so where you live
13 year old girl ;told you i woujld tell you when it gets closer
ekoplaya20 ;wish you would tell me now
13 year old girl ;why ?
ekoplaya20 ;cause i do tennessee wanna wait till then and then find out you live all far
13 year old girl ;i don't
ekoplaya20 ;ok where
13 year old girl ;told you i will tell you ,  i'm like m ions from you
ekoplaya20 ;so ou get any new pc is
13 year old girl ;just the one on my prof ,  you get any ?
ekoplaya20 ;you seen mine right
13 year old girl ;i saw one
ekoplaya20 ;you saw me on cam tro
13 year old girl ;just your stuff
ekoplaya20 ;what school you go to
13 year old girl ;jeez ,  if i tell you u will know where i live
ekoplaya20 ;well maybe i could pick you up from school
13 year old girl ;not until my dad is out of town
ekoplaya20 ;isn't the sleep in
13 year old girl ;yah
ekoplaya20 ;well call me while he sleep in
13 year old girl ;i'm not call in again
ekoplaya20 ;why
13 year old girl ;"cause it's a pain in ; the ass"
ekoplaya20 ;well he's sleeping he won't know
13 year old girl ;ya and if he wakes up
ekoplaya20 ;hang up
13 year old girl ;i'm not call in ,  what can we say on phone we can't say here ?
ekoplaya20 ;i just wanna hear you
13 year old girl ;you did already
ekoplaya20 ;hey ,  bed time soon ,  who's bored ,  hi ,  so you ron ,  <ding> ,  iom np redd ,  bored dd ,  ?  ?  ,  ?
13 year old girl ;what ?
ekoplaya20 ;what you doing
13 year old girl ;just watching in the room
ekoplaya20 ;it's the end of the month
13 year old girl ;it's boring too
ekoplaya20 ;when is your dad leaving
13 year old girl ;th
ekoplaya20 ;b> so we got days
13 year old girl ;yah ,  i keep check in the calend dar
ekoplaya20 ;than i ge to fuck you
13 year old girl ;yah
ekoplaya20 ;it's gun an hurt you know that right
13 year old girl ;yah that's why i asked you to be easy first time
ekoplaya20 ;so you never done it before right
13 year old girl ;no i haven't
ekoplaya20 ;just sucked a dick right
13 year old girl ;yep ,  does htat b ug you ?
ekoplaya20 ;no ,  so where can i cum
13 year old girl ;you got condoms ?
ekoplaya20 ;yah
13 year old girl ;then you can do it where ve you want
ekoplaya20 ;b> i would like to do it bare and pull out
13 year old girl ;but can't i get pregnant that way ?
ekoplaya20 ;not if i don't cum in you
13 year old girl ;you are totally sure ?
ekoplaya20 ;yh
13 year old girl ;ok
ekoplaya20 ;i wanna cum on you
13 year old girl ;ok
ekoplaya20 ;ut here
13 year old girl ;yep
ekoplaya20 ;so what's the oldest guy you been with ,  what you do with him
13 year old girl ;the stuff we talked about ,  oral stuff
ekoplaya20 ;where's your dad now
13 year old girl ;in the living room
ekoplaya20 ;so am i gunan get in trouble for fucking ui
13 year old girl ;why would you get in trouble ?
ekoplaya20 ;cause i'm older then you
13 year old girl ;and who's gonna know ?
ekoplaya20 ;ok your not gunan tell anyone
13 year old girl ;no i'm not gonna tell anyone ,  i'm not stupid
ekoplaya20 ;ok good ,  i wish we could talk on the phone or e ,  more
13 year old girl ;it would be cool ,  i'm sorry but it's a pain
ekoplaya20 ;i don't get why you can't use the phone with him there
13 year old girl ;i don't want to get caught talking to you ,  i will lose my puter and everything
ekoplaya20 ;justs ay your talking to a friend .  .  .  you do talk to friends on the phone when he's there right
13 year old girl ;yah ,  but he can't tell when i'm talking to a boy ,  if you are afraid to come then don't come ,  just say so so i know
ekoplaya20 ;i'm not
13 year old girl ;ok ,  well you got all these questions and stuff
ekoplaya20 ;why should i be afraid
13 year old girl ;well you are asking if you are gonna get in trouble and stuff ,  i don't v feel like i should have to like beg someone
ekoplaya20 ;nah you don't ,  i was just skin
13 year old girl ;ok just check in
ekoplaya20 ;bbooorrreddd ,  who's up ,  mourning ,  who son invis ble ,  hi ,  hi
13 year old girl ;hi ,  why didn't you speak earlier ?
ekoplaya20 ;when
13 year old girl ;you said hi and i said hi back and you wouldn't answer
ekoplaya20 ;never got a hi back
13 year old girl ;oh well i said hi but you musta not got it
ekoplaya20 ;home alone ?
13 year old girl ;lol no
ekoplaya20 ;mourn ign ,  bored d
13 year old girl ;hey
ekoplaya20 ;hey
13 year old girl ;how are you
ekoplaya20 ;ok you
13 year old girl ;i'm do in ok ,  what you been up to ?
ekoplaya20 ;not much ,  just woke up
13 year old girl ;lol ,  i got up like an hr or so ago
ekoplaya20 ;home alone ?
13 year old girl ;no
ekoplaya20 ;days ?  ?
13 year old girl ;you are coming ?
ekoplaya20 ;ya
13 year old girl ;omg !  !  that is so cool
ekoplaya20 ;what you gunna wear for me
13 year old girl ;i was thinking about a skirt
ekoplaya20 ;ok what else
13 year old girl ;well i got some real cute shirts
ekoplaya20 ;panties ,  ?
13 year old girl ;yah lol
ekoplaya20 ;why
13 year old girl ;well i would feel weird without them ,  are you coming on thursday ?
ekoplaya20 ;yah what time
13 year old girl ;well do you wanna come like or so california uz he is leaving around
ekoplaya20 ;well i might have work till so how about then
13 year old girl ;ok that would be better ,  that way if gram want anything i can do it before you come
ekoplaya20 ;you have stocking or anything
13 year old girl ;yah i got some tits
ekoplaya20 ;ok ,  i like them
13 year old girl ;where do you live again ?
ekoplaya20 ;Jackson ,  where do you live ?
13 year old girl ;man to look in ,  Mantoloking
ekoplaya20 ;man to look in road
13 year old girl ;no the town
ekoplaya20 ;is it off the parkway
13 year old girl ;i guess
ekoplaya20 ;what's your address i'll do a mapquest
13 year old girl ;i a into say in exact yet ,  i a into that far from brick
ekoplaya20 ;is man to look in road by eu
13 year old girl ;no
ekoplaya20 ;be so when i get there we just gunna tsr at making out
13 year old girl ;well what do you wanna do ?  do you wanna talk a while ?  walk on the beach ?  or what ?
ekoplaya20 ;we can start making out
13 year old girl ;cool
ekoplaya20 ;get any new pictures ?
13 year old girl ;no ,  do you ?
ekoplaya20 ;so can't call me ?
13 year old girl ;not right now
ekoplaya20 ;hello o ,  mourning ,  hey there ,  hi ,  hello ?  ?  ,  hello o
13 year old girl ;i was hop in you would come online
ekoplaya20 ;what's up
13 year old girl ;nm how about you ?
ekoplaya20 ;nada
13 year old girl ;same here
ekoplaya20 ;morrow ?
13 year old girl ;you still coming ?  ,  hello ?
ekoplaya20 ;ya
13 year old girl ;yay !  !  ,  o'clock still ?
ekoplaya20 ;well cakll me at
13 year old girl ;why ?  ,  why can't you just come ?
ekoplaya20 ;well i don't know where you live .  .  .  2 i don't wanna just show up without talking to you first
13 year old girl ;ok ,  you here ?
ekoplaya20 ;ya ,  he home now ?  ?
13 year old girl ;yah he is packing and boy is he being a bitch
ekoplaya20 ;why
13 year old girl ;he waited til hate last minute and now he's in a big hurry and trying to find stuff
ekoplaya20 ;hey all l
13 year old girl ;he will be gone tomorrow
ekoplaya20 ;what time he leaving
13 year old girl ;noon
ekoplaya20 ;i have no idea where you live
13 year old girl ;i live in mantoloking
ekoplaya20 ;i don't know where that is
13 year old girl ;it's not that far from brick
ekoplaya20 ;what's your address i'll do a mapquest
13 year old girl ;i ain't giving it unless you are sure you are coming
ekoplaya20 ;yes i am
13 year old girl ;ok ,  what time ?
ekoplaya20 ;like
13 year old girl ;ok ,  Mantoloking
ekoplaya20 ;you live near adams tons road
13 year old girl ;yah
ekoplaya20 ;which is by man to king road ,  .  .  .
13 year old girl ;ok
ekoplaya20 ;?
13 year old girl ;booted ,  did you find it ?
ekoplaya20 ;ya ,  minutes
13 year old girl ;cool ,  so will you be here by : 30 ?
ekoplaya20 ;call me at
13 year old girl ;ok
ekoplaya20 ;-448-4564
13 year old girl ;um but do you think you can make it by : 30 ?
ekoplaya20 ;i can try ,  why
13 year old girl ;cause i would like to be ready and stuff when you come
ekoplaya20 ;well you got all day to get ready
13 year old girl ;i mean a time would be nice so i can have my shower ,  but i wanna s hower just before you come
ekoplaya20 ;ya -6 as long you call me
13 year old girl ;i will call i promise
ekoplaya20 ;cant call me now ?  ?
13 year old girl ;not while my dad is here ,  you gotta work tomorrow ?
ekoplaya20 ;ya
13 year old girl ;ok ,  i am really excited about you coming
ekoplaya20 ;whys that
13 year old girl ;cause we are gonna have fun
ekoplaya20 ;oo you
13 year old girl ;you want me to get pizza for you tomorrow ?
ekoplaya20 ;ok
13 year old girl ;what do you want on it ?
ekoplaya20 ;plain
13 year old girl ;no pepperoni ?
ekoplaya20 ;don't matter
13 year old girl ;ok
ekoplaya20 ;so what if you don't like me
13 year old girl ;i will
ekoplaya20 ;how do you know
13 year old girl ;i like you so far
ekoplaya20 ;call me when leaves morrow also
13 year old girl ;you gonna get off work early ?
ekoplaya20 ;no I just wanna talk to be 4h and
13 year old girl ;how come ?  ,  i don't get it
ekoplaya20 ;cause i do
13 year old girl ;ok
ekoplaya20 ;so you got your outfit ?
13 year old girl ;yah ,  skirt ,  right ?
ekoplaya20 ;what else
13 year old girl ;i got a belly shirt i'm gonna wear with it
ekoplaya20 ;ok ,  you got any new pictures
13 year old girl ;lol that one is dumb
ekoplaya20 ;when did you take the ese
13 year old girl ;they were ones i found and got scanned ,  the one in blue i took like weeks ago
ekoplaya20 ;any more ,  oops e
13 year old girl ;n o
ekoplaya20 ;lemme see a against ,  b> so you gunna let me finger you
13 year old girl ;yah
ekoplaya20 ;you gunna moan for me
13 year old girl ;"lol yah ,  """" >"
ekoplaya20 ;wish you had some more body pictures
13 year old girl ;sigh
ekoplaya20 ;you have them
13 year old girl ;no i don't
ekoplaya20 ;I'm on
13 year old girl ;can you wait until tomorrow ?
ekoplaya20 ;well i'll be horny morrow ]
13 year old girl ;lol
ekoplaya20 ;so where can i cum
13 year old girl ;well i just don't wanna get pregnant
ekoplaya20 ;ok ,  so where can i
13 year old girl ;you got condoms ?
ekoplaya20 ;no
13 year old girl ;can you bring some ?
ekoplaya20 ;i can try ,  so what you gunna do when i walk in
13 year old girl ;i wanna hug you
ekoplaya20 ;ok then
13 year old girl ;well what you gonna do ?
ekoplaya20 ;what you want
13 year old girl ;well i would like a hug
ekoplaya20 ;ok ,  then
13 year old girl ;hey i gtg ,  i got school tomorrow ,  hey i won't be able to call until i get outta school
ekoplaya20 ;what time is that
13 year old girl ;: 25
ekoplaya20 ;ok
13 year old girl ;ok ,  i will tty later ,  bye !
ekoplaya20 ;can't sleep who's up ,  well you didn't call me back so i guess you don't want me to come
13 year old girl ;hey ,  i do want you to come ,  where are you ?
ekoplaya20 ;i'm home ,  -844-2843 that's your number ?
13 year old girl ;yah
ekoplaya20 ;oo
13 year old girl ;don't call it though
ekoplaya20 ;i called it twice you didn't answer
13 year old girl ;it goes to an answering thingy first ,  now my dad will ask me about hate number
ekoplaya20 ;just say it was a wrong number
13 year old girl ;no it's an answering thing ,  damn
ekoplaya20 ;huh
13 year old girl ;i just don't want him to know ,  and ask me questions about the number
ekoplaya20 ;just say you didn't know the number so you didn't answer it
13 year old girl ;ok ,  are you coming ?
ekoplaya20 ;so i'm not gunna get in trouble am i
13 year old girl ;how you gonna get in trouble ?  only person gonna get in trouble is me now
ekoplaya20 ;why you
13 year old girl ;if he sees that nub mer
ekoplaya20 ;so you live in a neighbor hood ?
13 year old girl ;yah i live on the beach ,  do you wanna meet me on the beach ?
ekoplaya20 ;nah that would be harder ,  be outside your house though
13 year old girl ;ok ,  you coming now ?  ,  ?
ekoplaya20 ;why didn't you call me in minutes like i said
13 year old girl ;idk i was getting ready to call again
ekoplaya20 ;well call me in minutes
13 year old girl ;why can't you just come ?
ekoplaya20 ;i want to talk to you on the phone till i get there
13 year old girl ;ok
ekoplaya20 ;so call me in minutes
13 year old girl ;you are really coming ?
ekoplaya20 ;yah
13 year old girl ;yay !  !  !
ekoplaya20 ;call me in minutes
