ID;msg
elchiva8395020 ;hi ,  what part of california are uin
kieragirlrulz ;asl
elchiva8395020 ;m ,  san jose california ,  or
kieragirlrulz ;cool f
elchiva8395020 ;your
kieragirlrulz ;yea so
elchiva8395020 ;it's all good ,  and pictures
kieragirlrulz ;what about them
elchiva8395020 ;is the only picture you have
kieragirlrulz ;no i got more on myspace ,  link is in my pro
elchiva8395020 ;where's
kieragirlrulz ;north san Fran
elchiva8395020 ;i see ,  so what you like to do ,  ?  ,  you like having fun
kieragirlrulz ;hang out shop swim dance ,  yea everyone likes fun
elchiva8395020 ;are you a virgin ?  (  Aren't we a quick one ?  )
kieragirlrulz ;yea i'm a virgin but i done stuff before
elchiva8395020 ;like what
kieragirlrulz ;kissing and touching and stuff like that
elchiva8395020 ;kissing what
kieragirlrulz ;all over
elchiva8395020 ;have you ever suck some cock (  Charm truly is a lost art )
kieragirlrulz ;yea one time
elchiva8395020 ;your boyfriend
kieragirlrulz ;yea he was my boyfriend
elchiva8395020 ;he was
kieragirlrulz ;yea so
elchiva8395020 ;so how come you never had a dick in your pussy ?
kieragirlrulz ;i dunno
elchiva8395020 ;would you like to
kieragirlrulz ;maybe if i had a good boyfriend
elchiva8395020 ;like how good
kieragirlrulz ;like a nice guy who liked me
elchiva8395020 ;i see ,  would you do any think for him
kieragirlrulz ;i dunno depends on the guy
elchiva8395020 ;are you looking
kieragirlrulz ;may be
elchiva8395020 ;look at my picture and tell me if i could be your boyfriend
kieragirlrulz ;your cute
elchiva8395020 ;so do i have a chance
kieragirlrulz ;yea if your nice to
elchiva8395020 ;so are you at home
kieragirlrulz ;yea
elchiva8395020 ;are you alone
kieragirlrulz ;i'm in my room
elchiva8395020 ;can i come over
kieragirlrulz ;no i don't even know you that good ,  may be when i get to know you really good but not right now i just met you
elchiva8395020 ;how can i meet you
kieragirlrulz ;i gotta get to know you first ,  then we can meet up ,  may be in a couple weeks
elchiva8395020 ;hi can i have your phone
kieragirlrulz ;no my parents would kill me but if you wanna talk on the phone i call call you
elchiva8395020 ;you wanna go out for a movie ,  but it's ok with you that i love having sex ,  is the ok with you
kieragirlrulz ;yea it's ok lol i don't care ,  that's cool with me ,  do you like me like that
elchiva8395020 ;so it's ok that i won't to fuck you hard
kieragirlrulz ;hi i iii i ,  um hello you been leaving me off lines
elchiva8395020 ;i have ,  i'm sorry
kieragirlrulz ;it's ok you just didn't answer me lol
elchiva8395020 ;can you send me pictures of ,  before i go out with you
kieragirlrulz ;ok
elchiva8395020 ;before i go over there for you ,  nice
kieragirlrulz ;thanks
elchiva8395020 ;your pictures got me hard (  That's sad .  The girl looks painfully young )
kieragirlrulz ;do you really wanna have sex with me or you are just play in with ime
elchiva8395020 ;i do ,  do you
kieragirlrulz ;yea but i don't wanna get pregnant ,  so can you bring something
elchiva8395020 ;like what
kieragirlrulz ;condoms duh lol
elchiva8395020 ;yes
kieragirlrulz ;ok
elchiva8395020 ;where are we going to meet ,  who takes your pictures
kieragirlrulz ;you can come over next weekend when my parents are working ,  i take my pictures
elchiva8395020 ;so in your house
kieragirlrulz ;yea if you want ,  be better that way
elchiva8395020 ;it's safe in your house
kieragirlrulz ;yea it's safe i won't ask you to come if it wasn't
elchiva8395020 ;your parents are going to be working ,  working
kieragirlrulz ;dad is gonna be working mom goes to visit grandmother on weekends
elchiva8395020 ;so you are ready for ,  me
kieragirlrulz ;yea so you don't work on the weekend right ,  do you have any more pictures
elchiva8395020 ;i have some pictures of my cock (  Boy did he ever .  Twelve of them .  Twelve .  Gross .  )  ,  hi do you have your cam ,  with you
kieragirlrulz ;i don't have a digital cam ,  you really have pictures of that
elchiva8395020 ;can you send me some pictures of your body ,  ?  ,  please baby
kieragirlrulz ;i can't i don't have any
elchiva8395020 ;take some for me baby
kieragirlrulz ;i don't have a digital cam
elchiva8395020 ;i wanna see how you look before i go
kieragirlrulz ;you already seen my pictures damn
elchiva8395020 ;you wanna see my cock ,  baby ,  you wanna see how it looks
kieragirlrulz ;ok
elchiva8395020 ;hold on ,  ok baby ,  let me get my pictures ,  hold
kieragirlrulz ;ok
elchiva8395020 ;on
kieragirlrulz ;what happen ,  you are there
elchiva8395020 ;hi ,  are you in here
kieragirlrulz ;yea what happen ,  did you get dc'd
elchiva8395020 ;ready
kieragirlrulz ;yea
elchiva8395020 ;hold on baby ,  i'm at work
kieragirlrulz ;oh ok ,  where you work at
elchiva8395020 ;ok ,  ready ,  hi ,  are you in here ,  baby' ,  baby are you in here ,  let me know when you are ready to see my pictures ,  i'm all yours
kieragirlrulz ;i'm ready ,  are you off work now
elchiva8395020 ;yes ,  you sure you wanna see my pictures
kieragirlrulz ;yes
elchiva8395020 ;i hope you still wanna see me ,  after you see my pictures ,  are you alone
kieragirlrulz ;yea
elchiva8395020 ;before i show you ,  do you like
kieragirlrulz ;yea wow it looks big
elchiva8395020 ;you stille want to see me
kieragirlrulz ;yea
elchiva8395020 ;would you suck my cock ,  hi ,  are you in here ,  baby
kieragirlrulz ;yep i'm here
elchiva8395020 ;so would you like to suck my cock
kieragirlrulz ;yea if you want me to
elchiva8395020 ;yes ,  what can i do to you when i see you
kieragirlrulz ;what do you wanna do lol
elchiva8395020 ;fuck you hard ,  for you to suck my cock ,  for me to lick your pussy ,  have you ever had your pussy lick (  Thanks for the further clarification )  ,  ?
kieragirlrulz ;yea one time
elchiva8395020 ;by who
kieragirlrulz ;my ex boyfriend
elchiva8395020 ;so you got the far but did not get fuck
kieragirlrulz ;yea
elchiva8395020 ;why not
kieragirlrulz ;i dunno
elchiva8395020 ;you must to be very wet ,  and ready to get fuck
kieragirlrulz ;i dunno why we didn't do it
elchiva8395020 ;and you want me to fuck
kieragirlrulz ;yea if you wanna
elchiva8395020 ;sure ,  so why are you ready for me but not for your ex
kieragirlrulz ;i dunno just am
elchiva8395020 ;are you horny ,  ?
kieragirlrulz ;not right now
elchiva8395020 ;do you get wet easy ,  ?
kieragirlrulz ;i guess lol ,  i dunno
elchiva8395020 ;are you alone
kieragirlrulz ;i'm in my room but my parents are home
elchiva8395020 ;i see ,  so you can't call me
kieragirlrulz ;yea i can but in a little bit
elchiva8395020 ;ok ,  so did you like my cock ?
kieragirlrulz ;yea it looks big
elchiva8395020 ;you like big cock
kieragirlrulz ;so what's your number so i can call you
elchiva8395020 ;but i'm going to get wet ,  do you have a cell phone ,  ?
kieragirlrulz ;no we have a family cell
elchiva8395020 ;cool ,  so next weekend ,  not this weekend
kieragirlrulz ;yea next weekend ,  what's your name ,  i'm Korea
elchiva8395020 ;call me jc
kieragirlrulz ;ok
elchiva8395020 ;on a friday ,  on a saturday ,  or on sunday
kieragirlrulz ;don't matter to me any is ok
elchiva8395020 ;like what time
kieragirlrulz ;do you work friday
elchiva8395020 ;yes ,  why
kieragirlrulz ;well if you wanna come on a friday you have to wait for after work
elchiva8395020 ;from what time are you alone ,  on friday
kieragirlrulz ;probes like at night
elchiva8395020 ;why so late ,  your dad works the late
kieragirlrulz ;he works the ER
elchiva8395020 ;what time ,  to what time
kieragirlrulz ;like at night to in the morning
elchiva8395020 ;and you are all alone
kieragirlrulz ;yea ,  hey i'm gonna go get the phone and call ok
elchiva8395020 ;ok
kieragirlrulz ;hey i gotta go but i'm so happy i got to call and talk to you ,  i'll be online tomorrow
elchiva8395020 ;i'm very happy too ,  hi
kieragirlrulz ;hey ,  you never came back
elchiva8395020 ;how are you doing baby
kieragirlrulz ;i'm ok
elchiva8395020 ;i'm sorry ,  now i'm here
kieragirlrulz ;you are working
elchiva8395020 ;yes ,  why ,  i can come over \
kieragirlrulz ;not today lol
elchiva8395020 ;to bad ,  |i wanna see you now (  Patience ,  asshole )  |
kieragirlrulz ;sorry ,  but you can next weekend ,  you never told me what you do for work
elchiva8395020 ;car dealer
kieragirlrulz ;oh ok that's cool ,  why did you go
elchiva8395020 ;hi baby ,  are you in here
kieragirlrulz ;yea what happen
elchiva8395020 ;my computer ,  sucks
kieragirlrulz ;i'm sorry ,  when do you get off work
elchiva8395020 ;pm ,  why
kieragirlrulz ;was just a skin
elchiva8395020 ;so was your day ,  ?
kieragirlrulz ;boring
elchiva8395020 ;why ,  is the
kieragirlrulz ;nothing to do
elchiva8395020 ;where
kieragirlrulz ;here
elchiva8395020 ;at home
kieragirlrulz ;yea
elchiva8395020 ;you been home all day
kieragirlrulz ;yea
elchiva8395020 ;alone
kieragirlrulz ;no ,  mom was here
elchiva8395020 ;ok ,  well if she was not there ,  i come over so and me can have fun ,  you and me
kieragirlrulz ;yea that would be great
elchiva8395020 ;why you say the
kieragirlrulz ;why not it will be fun
elchiva8395020 ;what would you do to make it fun
kieragirlrulz ;i thought we were gonna mess around
elchiva8395020 ;?  ,  yes i know ,  but tell me what would you do
kieragirlrulz ;kiss you and hug you all that stuff
elchiva8395020 ;and what more ,  just kiss and hug
kieragirlrulz ;no i thought we were gonna do it
elchiva8395020 ;yea so tell me ,  what would you like me to do ,  ?
kieragirlrulz ;i dunno i never did it before so you have to show me what to do
elchiva8395020 ;first ,  you start sucking my cock ,  ok
kieragirlrulz ;ok
elchiva8395020 ;is the cool with you
kieragirlrulz ;yea
elchiva8395020 ;get my cock nice and wet ,  i play with your pussy ,  get you wet
kieragirlrulz ;ok
elchiva8395020 ;lick your pussy (  Getting intent out of him was like selling ice water in hell )  ,  you like the
kieragirlrulz ;like what
elchiva8395020 ;did you like when you got your pussy lick
kieragirlrulz ;yea
elchiva8395020 ;why ,  ?
kieragirlrulz ;it felt good
elchiva8395020 ;ok ,  so would you like me to lick your pussy
kieragirlrulz ;yea if you want to it would feel good
elchiva8395020 ;i well ,  i wanna do something with you
kieragirlrulz ;what
elchiva8395020 ;ass fuck ,  would you let me do the to you
kieragirlrulz ;will it hurt
elchiva8395020 ;it's the same
kieragirlrulz ;i dunno i heard it hurt really bad
elchiva8395020 ;let's try it ,  please baby ,  for me ,  first i fuck you in your pussy
kieragirlrulz ;ok just don't hurt me
elchiva8395020 ;so well let me put my cock in your ass ,  so you well
kieragirlrulz ;yea if you don't hurt me
elchiva8395020 ;ok ,  i wanna cum all over your face
kieragirlrulz ;ewww no way
elchiva8395020 ;ok ,  in your boobs
kieragirlrulz ;ok
elchiva8395020 ;ok so i can cum all over you boobs ,  baby how big are your boobs
kieragirlrulz ;be
elchiva8395020 ;send a picture
kieragirlrulz ;i don't have pictures of my boobs your crazy
elchiva8395020 ;take one for me
kieragirlrulz ;no way
elchiva8395020 ;hi baby call me
kieragirlrulz ;i can't my parent are here
elchiva8395020 ;so you live in a house
kieragirlrulz ;yea
elchiva8395020 ;and where are ,  you ,  what part
kieragirlrulz ;my town is petaluma ,  north of san Fran
elchiva8395020 ;ok ,  so i can see ,  how far it is
kieragirlrulz ;like minutes ,  not far
elchiva8395020 ;do you have any friends that are not virgin s
kieragirlrulz ;i don't think so i never really ask them
elchiva8395020 ;who is your best friend
kieragirlrulz ;i don't really have a best friend i like all my friends the same
elchiva8395020 ;you don't wanna be a virgin anymore
kieragirlrulz ;not really
elchiva8395020 ;not really ,  why would you like to have sex with me ?
kieragirlrulz ;your a nice guy and you like me
elchiva8395020 ;i do ,  so that's why
kieragirlrulz ;yea
elchiva8395020 ;you wanna feel
kieragirlrulz ;feel what
elchiva8395020 ;my cock in your pussy
kieragirlrulz ;yea
elchiva8395020 ;baby so next week if i go we are really going to fuck
kieragirlrulz ;yea
elchiva8395020 ;I don't wanna go all the way over there for nothing .  i want you to be sure ,  because i wanna be with so bad |
kieragirlrulz ;i'm sure
elchiva8395020 ;so in your bed
kieragirlrulz ;yea if you want
elchiva8395020 ;in your mom's room
kieragirlrulz ;lol you serious ?
elchiva8395020 ;in your room and your mom's room
kieragirlrulz ;why my mom's room
elchiva8395020 ;where would you like it
kieragirlrulz ;my room is ok i'm just a skin why you wanna do it in my mom's room
elchiva8395020 ;i wanna do it all over you house
kieragirlrulz ;oh ok
elchiva8395020 ;i'm not going to fuck one time ,  i'm going to fuck you lots of times
kieragirlrulz ;ok
elchiva8395020 ;how many time would you like to
kieragirlrulz ;i dunno really ,  i dunno how many times
elchiva8395020 ;as many we can do ,  baby ,  i be right back
kieragirlrulz ;ok
elchiva8395020 ;hi baby i'm back
kieragirlrulz ;hi ,  where you go to
elchiva8395020 ;i'm at home
kieragirlrulz ;oh ok
elchiva8395020 ;so who is talking to you ,  who are you chatting with you
kieragirlrulz ;some guy
elchiva8395020 ;a guy
kieragirlrulz ;yea hi just im'd me a minute ago
elchiva8395020 ;how old is he
kieragirlrulz ;something
elchiva8395020 ;wow ,  what is he talking you
kieragirlrulz ;nothing he just said he's old .  he's not talking anymore
elchiva8395020 ;did he show you a picture
kieragirlrulz ;no
elchiva8395020 ;ok ,  good ,  because your my girl ,  would you like to be my girl ?
kieragirlrulz ;yea if you want to
elchiva8395020 ;yes i do ,  but only ,  my girl
kieragirlrulz ;ok
elchiva8395020 ;do you like me
kieragirlrulz ;yea
elchiva8395020 ;you do baby
kieragirlrulz ;yea
elchiva8395020 ;so did you like my pictures
kieragirlrulz ;yep
elchiva8395020 ;you wanna see the pictures one more time
kieragirlrulz ;ok
elchiva8395020 ;look at the
kieragirlrulz ;i am
elchiva8395020 ;are you ready for the ,  you wanna see more
kieragirlrulz ;yea i am
elchiva8395020 ;nice or what
kieragirlrulz ;yea it looks big
elchiva8395020 ;was your ex like my cock
kieragirlrulz ;he didn't shave
elchiva8395020 ;do you like shave
kieragirlrulz ;i dunno never seen a guy that did in real life
elchiva8395020 ;look at me ,  i shave ,  was his big like my cock
kieragirlrulz ;kinda
elchiva8395020 ;how old was he ,  so is your pussy getting wet baby ,  by looking at my cock
kieragirlrulz ;not really it's just a picture
elchiva8395020 ;ok ,  i wanna see your pictures
kieragirlrulz ;you seen my pictures ,  you wanna see them again
elchiva8395020 ;but i wanna see your body
kieragirlrulz ;i don't have pictures like that ,  you can just see it when you get here
elchiva8395020 ;how you look ,  from your body
kieragirlrulz ;like what
elchiva8395020 ;is the your room
kieragirlrulz ;yea
elchiva8395020 ;is the where i'm going to see your body
kieragirlrulz ;yea
elchiva8395020 ;baby ,  call me
kieragirlrulz ;i can't ,  i have to go anyway ,  talk to you tomorrow
elchiva8395020 ;bye baby
kieragirlrulz ;bye : - *
elchiva8395020 ;have fun ,  hi baby
kieragirlrulz ;hi i
elchiva8395020 ;how was your day
kieragirlrulz ;good ,  are you off work
elchiva8395020 ;no
kieragirlrulz ;oh
elchiva8395020 ;what are you doing baby
kieragirlrulz ;checking email
elchiva8395020 ;cool
kieragirlrulz ;i gotta go cause dinner is ready but i'll be back in a little bit ,  watch doing ,  my dad wants me to help him so lemme give you my email and nap a little later ok
elchiva8395020 ;hi baby ,  are you in here ,  hi baby
kieragirlrulz ;hey !
elchiva8395020 ;did you miss me
kieragirlrulz ;yes !  i never see you online anymore ,  and i still want you to come ,  your coming at right ?
elchiva8395020 ;i from here at pm ,  baby are you alone
kieragirlrulz ;oh how long will it take you
elchiva8395020 ;hr
kieragirlrulz ;oh ok
elchiva8395020 ;so maybe i be there at to : 30
kieragirlrulz ;ok
elchiva8395020 ;so baby are you alone right now
kieragirlrulz ;my mom is here but not in my room ,  do you want my email now
elchiva8395020 ;yes
kieragirlrulz ;edit ,  do you want me to like nap you directions
elchiva8395020 ;it's ok
kieragirlrulz ;ok cool i won't
elchiva8395020 ;so you sure you are going to be alone
kieragirlrulz ;yea i'm sure i won't ask you over if i'm not
elchiva8395020 ;so you ready for me
kieragirlrulz ;yea you are ready lol
elchiva8395020 ;i hope ,  so you ready for what baby
kieragirlrulz ;i thought we were gonna do it
elchiva8395020 ;do what baby
kieragirlrulz ;sex
elchiva8395020 ;ok ,  you do wanna have sex
kieragirlrulz ;yea do you
elchiva8395020 ;i wanna see how you look from your bady ,  body ,  do you have any new pictures
kieragirlrulz ;no ,  so you don't wanna with me
elchiva8395020 ;yes i do
kieragirlrulz ;ok good i was thinking you didn't because you didn't answer
elchiva8395020 ;baby can you call me
kieragirlrulz ;not right now i just called so i could give you my email i don't want to get in trouble then have to go stay at grandmother this weekend
elchiva8395020 ;so you are going to be alone all this week
kieragirlrulz ;no just friday night and saturday ,  why
elchiva8395020 ;so what's your number so when i'm over there i can call you
kieragirlrulz ;you can't call cause dad will find out .  i can call you when your driving and stuff and you can tell me when your close and i'll stay on the phone and help if you get lost
elchiva8395020 ;ok baby hold on
kieragirlrulz ;okay ,  you are there what happen
elchiva8395020 ;hi ,  i'm here ,  baby
kieragirlrulz ;i'm here to
elchiva8395020 ;what are you doing
kieragirlrulz ;you are still working
elchiva8395020 ;yes bay
kieragirlrulz ;i'm just wait in for you to come back lol
elchiva8395020 ;i'm still working
kieragirlrulz ;oh ok
elchiva8395020 ;so tell me what are you going to do for me tomorrow
kieragirlrulz ;what do you want first
elchiva8395020 ;you tell me ,  what would you like to do to me first
kieragirlrulz ;i dunno we got a hot tub in the backyard do you wanna go there first ,  we can hang out in there
elchiva8395020 ;your room
kieragirlrulz ;ok
elchiva8395020 ;so tell me ,  what would you like to do to me first
kieragirlrulz ;give you a kiss and hug you tight
elchiva8395020 ;ok ,  and
kieragirlrulz ;i dunno i don't really know what you want first ,  tell me what you want me to do first and i'll do it
elchiva8395020 ;get nude
kieragirlrulz ;ok you want me to take your clothes off for you
elchiva8395020 ;yes
kieragirlrulz ;ok cool i can do that
elchiva8395020 ;your turn ,  you tell me what next after i'm nude
kieragirlrulz ;then you can take mine off
elchiva8395020 ;ok ,  and i can kiss you ,  your next
kieragirlrulz ;then we can get on the bed
elchiva8395020 ;ok ,  then
kieragirlrulz ;it's your turn
elchiva8395020 ;lick your pussy
kieragirlrulz ;i can give you a bj if you want
elchiva8395020 ;not if i want ,  if you want ,  do you wanna suck my cock ?
kieragirlrulz ;yea but i don't know if you like that ,  do you
elchiva8395020 ;i would love for you to suck my cock
kieragirlrulz ;ok i can do that
elchiva8395020 ;do you like sucking cock
kieragirlrulz ;yea it's kind a fun
elchiva8395020 ;cool ,  so are you going to let me fuck your ass
kieragirlrulz ;if you promise it won't hurt me really bad
elchiva8395020 ;not really bad
kieragirlrulz ;ok
elchiva8395020 ;but would you like to try it
kieragirlrulz ;i dunno .  do you know if it feels good ,  i don't know how it ll feel
elchiva8395020 ;ok baby i have to go what time are you going to be in here
kieragirlrulz ;tonight ?
elchiva8395020 ;ok baby ,  i see you tomorrow ,  bye I love you
kieragirlrulz ;ok cool i love you to ,  hii ,  you are still coming today
elchiva8395020 ;yes
kieragirlrulz ;ok mom left this morning and dad just left for work a little bit ago
elchiva8395020 ;ok
kieragirlrulz ;i'm excited
elchiva8395020 ;why
kieragirlrulz ;to see you and be with you ,  you are not excited ?
