ID;msg
enjoy97601 ;hi Livy what's new
diva_brat1994 ;not a lot
enjoy97601 ;|Not much here either ,  any fun lately ?  |
diva_brat1994 ;nope
enjoy97601 ;| sorry ,  | ,  looking for any ?
diva_brat1994 ;idk ,  asl
enjoy97601 ;|23/m/Klamath Falls ,  I do travel allover Oregon and you
diva_brat1994 ;f bend
enjoy97601 ;|cool ,  I used live in Bend ,  are you up for any fun ?  |
diva_brat1994 ;like what
enjoy97601 ;whatever you like
diva_brat1994 ;why you travel all over or
enjoy97601 ;|yes ,  in summer
diva_brat1994 ;cool
enjoy97601 ;what do you do for fun
diva_brat1994 ;hang out with my friends swimming shopping
enjoy97601 ;|cool ,  |
diva_brat1994 ;you ?
enjoy97601 ;I go to the coast ,  look for a party and generally have fun|
diva_brat1994 ;cool
enjoy97601 ;i have a camper so I can sleep anywhere I go
diva_brat1994 ;kewl ,  must be fun
enjoy97601 ;|oh yes ,  some freedom ,  | ,  are you active ?
diva_brat1994 ;active ?
enjoy97601 ;sexually
diva_brat1994 ;o ,  well with my ex boyfriend yeah
enjoy97601 ;|oh ok ,  do you want try it again ?  |
diva_brat1994 ;probably when i meet the right guy
enjoy97601 ;|cool ,  | ,  what do you do when you get horny now
diva_brat1994 ;idk don't really think about it
enjoy97601 ;|cool ,  I do that too ,  but sometimes I have what they call a wet dream ,  and I cum in the night and wet the bed|
diva_brat1994 ;o
enjoy97601 ;what turns you on mostly ?
diva_brat1994 ;idk
enjoy97601 ;do you like to suck (  Ugh .  )
diva_brat1994 ;huh
enjoy97601 ;what turns you on sexually why
diva_brat1994 ;o um i like kissing
enjoy97601 ;|me too ,  I love that too| ,  I love kissing all over
diva_brat1994 ;i see
enjoy97601 ;would you like to meet sometimes
diva_brat1994 ;who
enjoy97601 ;you and me
diva_brat1994 ;o ,  jeez i don't know you very well yet
enjoy97601 ;|we can keep in touch and chat ,  I really like you ,  just from the picture you look sexy|
diva_brat1994 ;ty ,  what's your name
enjoy97601 ;Nathan and you
diva_brat1994 ;Olivia
enjoy97601 ;|nice to meet you Olivia ,  hopefully we become good friends
diva_brat1994 ;nice meet you Nathan
enjoy97601 ;are you going anywhere this summer
diva_brat1994 ;i don't think so
enjoy97601 ;|cool ,  I may come upthere visit Bend ,  Sisters ,  Redmond and Prineville|
diva_brat1994 ;cool
enjoy97601 ;do you get some freedom at home ?
diva_brat1994 ;yeah
enjoy97601 ;|cool ,  any curfew ?  |
diva_brat1994 ;yeah but my mom works at night when she's not out with her boyfriend so she mostly don't really know when i get back hehe
enjoy97601 ;| cool ,  you got it made |
diva_brat1994 ;i know lol
enjoy97601 ;may be we can play around
diva_brat1994 ;play around ?
enjoy97601 ;|lol ,  having some discreet fun|
diva_brat1994 ;discreet what's that mean
enjoy97601 ;|get together ,  kissing ,  licking ,  hugging etc .  .  .  |
diva_brat1994 ;o ,  wow
enjoy97601 ;you know ,  don't you like to touch
diva_brat1994 ;touch ?
enjoy97601 ;|yup ,  I caress your breast and touch mine too ,  may be even jerking me a little
diva_brat1994 ;o
enjoy97601 ;what do you think
diva_brat1994 ;"idk""""> ,  you wanna do that stuff with me we just met on here"
enjoy97601 ;after we get to know each other
diva_brat1994 ;ok ,  ok
enjoy97601 ;your e cute
diva_brat1994 ;thanks ,  you got a picture ?
enjoy97601 ;yes I have few ,  have you had climax before ?
diva_brat1994 ;umm i don't think so
enjoy97601 ;|it's great ,  I would love to keep you as a girlfriend|
diva_brat1994 ;really ?
enjoy97601 ;|yes ,  I do
diva_brat1994 ;cool
enjoy97601 ;are you still a virgin
diva_brat1994 ;"no"""">"
enjoy97601 ;|that's better ,  |
diva_brat1994 ;really
enjoy97601 ;are you ready for the and guy ?  ,  yup
diva_brat1994 ;i'm ready new boyfriend because i'm so totally over my exbf
enjoy97601 ;that's what I wanted to know
diva_brat1994 ;so do i get see a picture of you
enjoy97601 ;I have been single for about a year now ,  I really like your picture ,  hope you're cool| ,  i need to look to see if there s my picture on this pc
diva_brat1994 ;ok
enjoy97601 ;"|none of my pictures are here ,  my dad has remove them probably ,  I am '11 \"""" ,  lb ,  I play soccer and run cross country ,  I also love to fish and skate|"
diva_brat1994 ;cool
enjoy97601 ;so you wouldn't mind getting intimate ?
diva_brat1994 ;intimate means ?
enjoy97601 ;|hugging ,  kissing ,  may be I lick you ,  may be you ride you know
diva_brat1994 ;ok that's what i thought ,  ride ?
enjoy97601 ;ride is you on the top
diva_brat1994 ;"o ,  you mean like """" >"
enjoy97601 ;> ,  well use a can dom of course
diva_brat1994 ;o real
enjoy97601 ;yes
diva_brat1994 ;so what you like do job
enjoy97601 ;I am going to OIT (  College )  then hopefully graduating in IT (  Information Technology ,  PCs )  |
diva_brat1994 ;kewl ,  i wanna be a fashion designer or maybe model i'm not she
enjoy97601 ;do you have a sexy body ?
diva_brat1994 ;i think so
enjoy97601 ;you are sexy
diva_brat1994 ;ty
enjoy97601 ;which side of Bend do you live in ?
diva_brat1994 ;umm i live not far from cascade middle school ,  that's where i go
enjoy97601 ;|is that on the east side ,  like close Costco ?  |
diva_brat1994 ;no
enjoy97601 ;where's the cascade high school again ?
diva_brat1994 ;not high school ,  middle school
enjoy97601 ;middle ok sorry
diva_brat1994 ;lol
enjoy97601 ;I used to live on Century Drive past Dairy Queen
diva_brat1994 ;you lived in bend ?
enjoy97601 ;|yes ,  on Colorado Ave in a small house on the wqest side|
diva_brat1994 ;thought you said century dr
enjoy97601 ;Colorado Ave is Off Century Drive
diva_brat1994 ;ok
enjoy97601 ;when we first moved to Bend in (  was not born yet (  my parents rented an apartment on Century Dr .  next to Circle K and Black Forest restaurant
diva_brat1994 ;cool
enjoy97601 ;is your mom there tonight ?
diva_brat1994 ;|yeah with her bf8-|||
enjoy97601 ;|ok ,  how old is he| ,  do they make noise when they screw ?
diva_brat1994 ;what ?  you think they like do that stuff ewww
enjoy97601 ;of course every couple screw almost every night
diva_brat1994 ;idk because most time he don't stay here or anything
enjoy97601 ;I bet if you look in your mom's dresser you'll at least a dildo or some type like that ,  |oh he lives outside ,  I thjought he lives they're
diva_brat1994 ;no thank god lol
enjoy97601 ;that's better you don't need someone else to tell you what to do
diva_brat1994 ;o he tries sometimes
enjoy97601 ;keep him out
diva_brat1994 ;lol yep
enjoy97601 ;what are you doing tomorrow
diva_brat1994 ;idk
enjoy97601 ;it's nice to be on vacation
diva_brat1994 ;i know
enjoy97601 ;how tall are you Olivia ,  |cool ,  nice size| ,  Hmmmm nice hot picture
diva_brat1994 ;thanks
enjoy97601 ;you are hot ,  anything revealing ?  |
diva_brat1994 ;ty ,  i don't think
enjoy97601 ;|ok ,  | ,  would love to see you in bikini
diva_brat1994 ;hmm don't got a picture of me in
enjoy97601 ;|ok ,  | ,  but you don't mind if we get intimate the first time we met ?
diva_brat1994 ;oh wow ,  you want ?
enjoy97601 ;life is short we should have fun ,  sure
diva_brat1994 ;ok
enjoy97601 ;cool ,  what turns you on the most ?  whatever you like we do
diva_brat1994 ;idk i really like kissing
enjoy97601 ;|that's cool with me ,  but if it gets hot and you get a little wet can we do something like may be doggy style or any kind of penetration|
diva_brat1994 ;doggy style or any kind of penetration ?  what's this
enjoy97601 ;I am sorry I forgot I was talking to you (  I bet you did .
diva_brat1994 ;huh ,  : - /
enjoy97601 ;";  ,  kissing is ok with me"
diva_brat1994 ;you talking someone else ?
enjoy97601 ;|no ,  but rarely do I ever chat with someone years old| ,  |wow ,  that's still young though|
diva_brat1994 ;i'll be in nov ,  i mean lol ,  yeah
enjoy97601 ;lol ,  now it's too risky to chat with anyone under
diva_brat1994 ;huh
enjoy97601 ;may be chatting but meeting someone underage
diva_brat1994 ;why
enjoy97601 ;it's against the law to meet someone under for sex
diva_brat1994 ;against the law lol
enjoy97601 ;even if it was not for sex it's still against the law
diva_brat1994 ;think your lying
enjoy97601 ;|no ,  it's really true|
diva_brat1994 ;so image on a get introduced ble
enjoy97601 ;|not you ,  it's me that will get in trouble if you turn me in|
diva_brat1994 ;who ig on a turn you into
enjoy97601 ;call the cops and they will put me in jail for at least years
diva_brat1994 ;oh wow ,  yeah ok then my mom grounds me life ,  yeah right
enjoy97601 ;|lol ,  hopefully we'll keep it between us|
diva_brat1994 ;: -$ ,  shur
enjoy97601 ;so you don't know what penetration is ?  ,  ><
diva_brat1994 ;not shur what you meant sorry ,  ><
enjoy97601 ;when a penis enters a vagina
diva_brat1994 ;o ,  why you call it that
enjoy97601 ;can you do that ?  ,  it's the right language lol
diva_brat1994 ;o
enjoy97601 ;what do you call it ?  fuck ?
diva_brat1994 ;sex ?  ,  lol
enjoy97601 ;yup ,  lol
diva_brat1994 ;easier spell than that big word
enjoy97601 ;ok
diva_brat1994 ;lol
enjoy97601 ;you haven't had any sex for a while
diva_brat1994 ;no me and jack broke up at the end of february
enjoy97601 ;was that last time you had sex
diva_brat1994 ;yeah ,  but we only did it like times anyways
enjoy97601 ;|ok ,  what positions did you use|
diva_brat1994 ;there's more ?  ,  huh
enjoy97601 ;nah
diva_brat1994 ;huh
enjoy97601 ;what more is there Olivia ?
diva_brat1994 ;i'm lost
enjoy97601 ;no there's no more
diva_brat1994 ;i'm really lost what are you talking about
enjoy97601 ;|was just wondering if you are willing to have some sex ,  that's fun anyway|
diva_brat1994 ;used what pos is tions you use and i was wanting know if there was more than
enjoy97601 ;|oh ,  there is more than | ,  what position did you use ?
diva_brat1994 ;only i know about
enjoy97601 ;which is
diva_brat1994 ;umm he was on top of me
enjoy97601 ;you were on your back ?
diva_brat1994 ;yeah
enjoy97601 ;that missionary
diva_brat1994 ;ok ,  you got funny words stuff
enjoy97601 ;|lol ,  | ,  |missionary is the old fashion way ,  |
diva_brat1994 ;really ?
enjoy97601 ;you don't know what doggy style is ?  ,  yup
diva_brat1994 ;no ,  what the heck is that
enjoy97601 ;you really don't know what dpggy style is ?  ,  doggy *
diva_brat1994 ;no ,  your making stuff up
enjoy97601 ;it's when you get on four and he gets behind you and do you in the pussy ,  no I am not
diva_brat1994 ;o
enjoy97601 ;have you tried it yet ?
diva_brat1994 ;no
enjoy97601 ;|ok ,  |
diva_brat1994 ;"you probably think i'm pretty dumb ,  """" >"
enjoy97601 ;|no not at all ,  | ,  i am actually afraid I may get in trouble talking to you
diva_brat1994 ;people get in trouble talking ?  ,  lol ok
enjoy97601 ;sometimes
diva_brat1994 ;well i don't want not are ble
enjoy97601 ;but you are attractive ,  I would love to be your boyfriend|
diva_brat1994 ;cool
enjoy97601 ;can you be discreet if we start going out together
diva_brat1994 ;discreet that means umm not telling anyone right ?
enjoy97601 ;yup
diva_brat1994 ;yeah
enjoy97601 ;just for my piece of mind lol
diva_brat1994 ;yeah i told you i don't want get in trouble
enjoy97601 ;|cool ,  | ,  but you don't mind if I am ,  ><
diva_brat1994 ;thought you said you was
enjoy97601 ;in September ,  in months
diva_brat1994 ;cool
enjoy97601 ;you are really sexy ,  | ,  may be we can try doggy style
diva_brat1994 ;ok
enjoy97601 ;|well sweetie ,  I will leave you for tonight and talk to you soon ,  I need to log off and do some yard work quickly|
diva_brat1994 ;ok
enjoy97601 ;picking up some hoses and some sticks ,  |bye now olivia ,  love ya|
diva_brat1994 ;ok ,  night
enjoy97601 ;night night ,  ><
diva_brat1994 ;><
enjoy97601 ;your e so sweet
diva_brat1994 ;thanks
enjoy97601 ;: x
diva_brat1994 ;": x"""">"
enjoy97601 ;: - *
diva_brat1994 ;: - * ,  hey how come you ain't been talking me ,  well just thought id say hi
enjoy97601 ;|Hi Olivia ,  what's new|
diva_brat1994 ;not much ,  wuts new with you
enjoy97601 ;|not much ,  just work and home ,  are you having any fun this vacations
diva_brat1994 ;yeah i'm at my grandmas this week hanging out with my grandparents'
enjoy97601 ;|cool ,  where do they live
diva_brat1994 ;in bend not far from me
enjoy97601 ;|that's nice ,  they probably would like to spoil you |
diva_brat1994 ;yeah they do hehe
enjoy97601 ;|lucky you ,  |
diva_brat1994 ;i know
enjoy97601 ;do you hang out a lot
diva_brat1994 ;at grandma and grandpas ?
enjoy97601 ;yes
diva_brat1994 ;yeah ,  my mom and her boyfriend were fighting alot so i wanted get away a couple days till they made up or something
enjoy97601 ;that's a pain in the neck when mom fighting with her bouy friend
diva_brat1994 ;yeah
enjoy97601 ;do you have a curfew with grand parents
diva_brat1994 ;yeah
enjoy97601 ;what time
diva_brat1994 ;sucks ,  lol
enjoy97601 ;that's not bad pm
diva_brat1994 ;yeah but their always here so kind a hard not be able stay out like at home
enjoy97601 ;how late to stay out at home
diva_brat1994 ;suppose be back by but i can stay out late because she's gone most of the time on weekends and at work at night ,  hehe
enjoy97601 ;so you stay home alone watching TV ?
diva_brat1994 ;don't really watch much television mostly on puter or go hang out with my friends
enjoy97601 ;|ok ,  | ,  that would be nice if one day we can hook up for a little harmless fun
diva_brat1994 ;yeah that would be kewl ,  harmless fun ?  what's that
enjoy97601 ;|lol ,  just like teenage fun ,  |
diva_brat1994 ;cool
enjoy97601 ;which part of Bend you live in
diva_brat1994 ;remember i told you ,  over by cascade middle school
enjoy97601 ;I forgot ,  sorry hon|
diva_brat1994 ;so you ain't been doing nothing fun ?
enjoy97601 ;|oh yes ,  which area of Bend ,  on that street that goes to Costco and Hospital St Charles )  | ,  |not at all ,  just working|
diva_brat1994 ;st charles hosp not by there
enjoy97601 ;i don't remember where Cascade Middle School is
diva_brat1994 ;it's on mountain er way
enjoy97601 ;which side is it to rd street (  Highway )  ?
diva_brat1994 ;what the school ?
enjoy97601 ;Cascade ,  yes
diva_brat1994 ;let's see it's over by the skyline sports complex
enjoy97601 ;|oh ok ,  | ,  |Olivia ,  what type of fun would like to have if we get together|
diva_brat1994 ;idk what you like do
enjoy97601 ;|may be some caressing ,  kissing and hopefully some oral but no more than that ,  or may be just drive to Tumalo creek and take a walk
diva_brat1994 ;cool
enjoy97601 ;|we can just talk and hold hands ,  if you don't want to do anything more|
diva_brat1994 ;sorry grandma was telling me something
enjoy97601 ;|ok ,  hon .  I let talk to her .  I am going to warm up something to eat|
diva_brat1994 ;o she's done lol but if you wanna go eat that's ok
enjoy97601 ;I don't want to interrupt
diva_brat1994 ;it's ok
enjoy97601 ;so what do you like to do together
diva_brat1994 ;with who
enjoy97601 ;me
diva_brat1994 ;o thought you was talking about my grandmother lol
enjoy97601 ;|lol ,  she's too old for me (  Yeah ,  she's not a year old .  |
diva_brat1994 ;lol ,  yeah and she's got grandpa
enjoy97601 ;lol
diva_brat1994 ;so yeah i like kiss sing
enjoy97601 ;|that's cool ,  | ,  may be you can practice on me few other things
diva_brat1994 ;like what
enjoy97601 ;whatever you like ,  |hugging ,  may be I can touch your breast and you can touch my penis ,  you know
diva_brat1994 ;>yeah i know
enjoy97601 ;so don't be shy
diva_brat1994 ;ok
enjoy97601 ;don't you get a little horny sometimes
diva_brat1994 ;oh idk
enjoy97601 ;|oh ok ,  I chat with girls that started masturbating at and some as young as |
diva_brat1994 ;really ?
enjoy97601 ;oh yes ,  there was a girl in Bend actually / 2 she said she likes to seduce middle aged men because they know what they're doing and they treat well
diva_brat1994 ;i never done that
enjoy97601 ;just try it ,  rub your clitoris when you go to bed tonight and see how it feels|
diva_brat1994 ;idk i don't think i wanna do that
enjoy97601 ;it's just natural ,  just rub gently
diva_brat1994 ;i would feel weird
enjoy97601 ;|no way ,  you can ask your girlfriends in school ,  they probably do it|
diva_brat1994 ;e wwi a into asking them taht
enjoy97601 ;|lol ,  | ,  don't you talk about boys ?
diva_brat1994 ;yeah shur we do
enjoy97601 ;but never sex ?
diva_brat1994 ;umm well yeah
enjoy97601 ;|that's it ,  just some girls feel embarrassed to talk about masturbation but some of them do it believe even at ,  |
diva_brat1994 ;wow i didn't know that ,  none of my friends ever said nothing about do in that
enjoy97601 ;if you mention it they will ,  | ,  you can just say that you met a chick at the mall that told you that does it
diva_brat1994 ;idk i'm kinda scared
enjoy97601 ;and see what they say ,  scared of what ?
diva_brat1994 ;say anything ,  they might think i'm weird
enjoy97601 ;oh ,  experiment with it yourself and tell me later how it feels
diva_brat1994 ;idk ,  i don't think i feel comfortable doing that
enjoy97601 ;|ok ,  may be when you turn |
diva_brat1994 ;may be
enjoy97601 ;|cool ,  | ,  you can tell me all about it then
diva_brat1994 ;ok
enjoy97601 ;are you gonna be online tomorrow ?
diva_brat1994 ;yeah
enjoy97601 ;|ok ,  we can just chat again ,  Olivia|
diva_brat1994 ;cool
enjoy97601 ;you have a good evening hon
diva_brat1994 ;ok thanks
enjoy97601 ;><
diva_brat1994 ;><
enjoy97601 ;bye now
diva_brat1994 ;bye ,  : - *
